time_stats.emb.min,time_stats.emb.max,time_stats.emb.mean,time_stats.emb.median,time_stats.emb.std,time_stats.emb.count,time_stats.input_layernorm.min,time_stats.input_layernorm.max,time_stats.input_layernorm.mean,time_stats.input_layernorm.median,time_stats.input_layernorm.std,time_stats.input_layernorm.count,time_stats.attn_pre_proj.min,time_stats.attn_pre_proj.max,time_stats.attn_pre_proj.mean,time_stats.attn_pre_proj.median,time_stats.attn_pre_proj.std,time_stats.attn_pre_proj.count,time_stats.attn_rope.min,time_stats.attn_rope.max,time_stats.attn_rope.mean,time_stats.attn_rope.median,time_stats.attn_rope.std,time_stats.attn_rope.count,time_stats.attn_post_proj.min,time_stats.attn_post_proj.max,time_stats.attn_post_proj.mean,time_stats.attn_post_proj.median,time_stats.attn_post_proj.std,time_stats.attn_post_proj.count,time_stats.post_attention_layernorm.min,time_stats.post_attention_layernorm.max,time_stats.post_attention_layernorm.mean,time_stats.post_attention_layernorm.median,time_stats.post_attention_layernorm.std,time_stats.post_attention_layernorm.count,time_stats.mlp_up_proj.min,time_stats.mlp_up_proj.max,time_stats.mlp_up_proj.mean,time_stats.mlp_up_proj.median,time_stats.mlp_up_proj.std,time_stats.mlp_up_proj.count,time_stats.mlp_act.min,time_stats.mlp_act.max,time_stats.mlp_act.mean,time_stats.mlp_act.median,time_stats.mlp_act.std,time_stats.mlp_act.count,time_stats.mlp_down_proj.min,time_stats.mlp_down_proj.max,time_stats.mlp_down_proj.mean,time_stats.mlp_down_proj.median,time_stats.mlp_down_proj.std,time_stats.mlp_down_proj.count,time_stats.share_expert_up_proj.min,time_stats.share_expert_up_proj.max,time_stats.share_expert_up_proj.mean,time_stats.share_expert_up_proj.median,time_stats.share_expert_up_proj.std,time_stats.share_expert_up_proj.count,time_stats.share_expert_act.min,time_stats.share_expert_act.max,time_stats.share_expert_act.mean,time_stats.share_expert_act.median,time_stats.share_expert_act.std,time_stats.share_expert_act.count,time_stats.share_expert_down_proj.min,time_stats.share_expert_down_proj.max,time_stats.share_expert_down_proj.mean,time_stats.share_expert_down_proj.median,time_stats.share_expert_down_proj.std,time_stats.share_expert_down_proj.count,n_head,n_kv_head,n_embd,n_expanded_embd,vocab_size,use_gated_mlp,use_qk_norm,attn_output_gate,num_tokens,num_tensor_parallel_workers,padded_n_embd,padded_n_expanded_embd,model_arch,model_architecture_profile,share_expert_dim,share_q_dim,measurement_type,profiling_precision,quant_signature
0.014431999996304512,0.04278400167822838,0.01672320005018264,0.0161920003592968,0.00456807051727332,40.0,0.22012799978256226,0.26316800713539124,0.22408960089087487,0.2220960035920143,0.009030538707329304,20.0,0.02070399932563305,0.07295999675989151,0.04675360023975372,0.0467039979994297,0.0257418579693196,40,0.09004800021648407,0.21561600267887115,0.0971791997551918,0.09091199934482574,0.027176798818048308,20,0.04831999912858009,0.06924799829721451,0.04971359986811876,0.04867200180888176,0.004488465626390224,20,0.22297599911689758,0.2545599937438965,0.22590879946947098,0.22388800233602524,0.0066779033893936066,20.0,0.47360000014305115,0.47577598690986633,0.47486079931259156,0.4749919921159744,0.0006488480458656603,20,0.09337600320577621,0.09520000219345093,0.09461760073900223,0.09484799951314926,0.0005561555029039113,20,0.22355200350284576,0.2252800017595291,0.2243504010140896,0.22432000190019608,0.0004057150192896216,20,0.12755200266838074,0.12902399897575378,0.12826719880104065,0.12827199697494507,0.0004255247328231159,20,0.024768000468611717,0.02611199952661991,0.025368000008165838,0.025280000641942024,0.00039979192259597063,20,0.0634239986538887,0.06435199826955795,0.06386400125920773,0.06388800218701363,0.0002253393285944778,20,16,16,2048,10944,102400,True,False,False,4096,1,2048,10944,generic,generic,2816,,CUDA_EVENT,BF16,none
0.014783999882638454,0.03779200091958046,0.016724000172689556,0.01635199971497059,0.0036976114557396027,40.0,0.21750399470329285,0.2537280023097992,0.22085600048303605,0.2187040001153946,0.007678012485370971,20.0,0.02022399939596653,0.07238399982452393,0.04585039997473359,0.04580800049006939,0.025236959710932212,40,0.08787199854850769,0.21558399498462677,0.09541439972817897,0.08924800157546997,0.027577919551184688,20,0.04742399975657463,0.07017599791288376,0.048983999714255336,0.047887999564409256,0.0048654191197603615,20,0.21961599588394165,0.24908800423145294,0.22304000034928323,0.22175999730825424,0.006167414772257223,20.0,0.4544000029563904,0.458079993724823,0.45599679797887804,0.455935999751091,0.0008955377643305746,20,0.09196799993515015,0.09417600184679031,0.09353279955685138,0.09374399855732918,0.0006012167919038156,20,0.21910400688648224,0.22303999960422516,0.22075360044836997,0.22064000368118286,0.0007957288600275634,20,0.12732799351215363,0.12860800325870514,0.1279679998755455,0.12803200632333755,0.0003756436567358359,20,0.0244159996509552,0.026048000901937485,0.025092799961566926,0.02489599958062172,0.0004801362216075931,20,0.0623680017888546,0.06377600133419037,0.06310400050133466,0.06307200342416763,0.0003654163301861252,20,16,16,2048,10944,102400,True,False,False,4064,1,2048,10944,generic,generic,2816,,CUDA_EVENT,BF16,none
0.0144640002399683,0.03702399879693985,0.016474399948492646,0.016032000072300434,0.0036305749888618792,40.0,0.2157759964466095,0.24991999566555023,0.21925279945135118,0.21798399835824966,0.007114810968095789,20.0,0.020096000283956528,0.07212799787521362,0.04607279989868403,0.04598400183022022,0.02538801677914111,40,0.0872960016131401,0.19200000166893005,0.09407680071890354,0.08907200023531914,0.022477081079514842,20,0.04745600000023842,0.07123199850320816,0.04913759995251894,0.0480320006608963,0.005073230817136427,20,0.21779200434684753,0.24592000246047974,0.2214096002280712,0.21992000192403793,0.005801790705815018,20.0,0.462911993265152,0.46585598587989807,0.4644943982362747,0.4647359997034073,0.0007564121232007772,20,0.09136000275611877,0.09273599833250046,0.09210400022566319,0.09217600151896477,0.0004560267187648415,20,0.22041599452495575,0.2234880030155182,0.2218191996216774,0.22191999852657318,0.0008390017623087133,20,0.12217599898576736,0.12383999675512314,0.12316160015761853,0.12319999933242798,0.0003843464469832193,20,0.023840000852942467,0.024831999093294144,0.024332799762487412,0.024351999163627625,0.00025866599874669,20,0.06255999952554703,0.06355199962854385,0.06303360015153885,0.06304000318050385,0.0002818172568846677,20,16,16,2048,10944,102400,True,False,False,4032,1,2048,10944,generic,generic,2816,,CUDA_EVENT,BF16,none
0.013887999579310417,0.03824000060558319,0.016256799921393394,0.015824000351130962,0.0038998305738315578,40.0,0.2152000069618225,0.2502079904079437,0.21913280040025712,0.21720000356435776,0.0072968740012076564,20.0,0.02038400061428547,0.07315199822187424,0.046794399991631506,0.04675199929624796,0.025896503236321942,40,0.0880960002541542,0.21107199788093567,0.09561919942498207,0.08963199704885483,0.026496588829962874,20,0.04819199815392494,0.06943999975919724,0.04971359986811876,0.048656001687049866,0.004533446582044867,20,0.21724799275398254,0.2524160146713257,0.22105279937386513,0.21956799924373627,0.007308007076715228,20.0,0.4647679924964905,0.4673919975757599,0.46617440432310103,0.4662560075521469,0.0006561547851560082,20,0.08988799899816513,0.09148799628019333,0.09078879989683628,0.09087999910116196,0.00046606740478321695,20,0.2226880043745041,0.2247679978609085,0.22371039986610414,0.22379200160503387,0.0005582561194903945,20,0.11993599683046341,0.12105599790811539,0.12059679962694644,0.12062400206923485,0.00031341606901079345,20,0.024671999737620354,0.02611199952661991,0.02523360000923276,0.02518399991095066,0.0003684136840604762,20,0.06326399743556976,0.06428799778223038,0.0638080008327961,0.06380800157785416,0.00024787147496313267,20,16,16,2048,10944,102400,True,False,False,4000,1,2048,10944,generic,generic,2816,,CUDA_EVENT,BF16,none
0.013952000066637993,0.0352960005402565,0.016084800101816656,0.015968000516295433,0.0035024841656525847,40.0,0.21376000344753265,0.24739199876785278,0.21700160056352616,0.21512000262737274,0.007072622882300677,20.0,0.020479999482631683,0.07321599870920181,0.04677199968136847,0.0466399984434247,0.025883951875995164,40,0.0883840024471283,0.20684799551963806,0.09566720016300678,0.08983999863266945,0.025514581217761238,20,0.048128001391887665,0.06831999868154526,0.04956000000238418,0.048576001077890396,0.004309555960004298,20,0.21558399498462677,0.24118399620056152,0.21876960173249244,0.21716800332069397,0.005350456524141873,20.0,0.4636479914188385,0.46643200516700745,0.4651407986879349,0.46507199108600616,0.0006332660953191038,20,0.09014400094747543,0.0920960009098053,0.09119520001113415,0.09121600165963173,0.0004981406156041541,20,0.22252799570560455,0.22540800273418427,0.22368320152163507,0.22366400063037872,0.000622718425933748,20,0.12415999919176102,0.1263040006160736,0.1253167986869812,0.12537599354982376,0.0004670541105716179,20,0.02364799939095974,0.025087999179959297,0.024089599959552288,0.024032000452280045,0.00035785665779783366,20,0.06319999694824219,0.06444799900054932,0.06366560012102127,0.06366400048136711,0.0002852277967031462,20,16,16,2048,10944,102400,True,False,False,3968,1,2048,10944,generic,generic,2816,,CUDA_EVENT,BF16,none
0.013344000093638897,0.03711999952793121,0.01586319992784411,0.01564800040796399,0.0038499403397788813,40.0,0.21193599700927734,0.24531200528144836,0.21557600125670434,0.21376000344753265,0.006946941375084233,20.0,0.020447999238967896,0.07353600114583969,0.04691759995184839,0.0467199981212616,0.025844150767565348,40,0.08752000331878662,0.194815993309021,0.09502559974789619,0.0899519994854927,0.022914575995167174,20,0.04841599985957146,0.06755200028419495,0.04965440016239882,0.04870399832725525,0.004110101999099034,20,0.21318399906158447,0.23334400355815887,0.2170032002031803,0.21660800278186798,0.00411524686320359,20.0,0.4645119905471802,0.4679040014743805,0.4656399995088577,0.4655520021915436,0.0008028032588009903,20,0.08828800171613693,0.08991999924182892,0.08921600058674813,0.08926400169730186,0.0004350108984209652,20,0.22220799326896667,0.22473600506782532,0.223574398458004,0.22366400063037872,0.0005521394400629223,20,0.11984000355005264,0.12249600142240524,0.12065760008990764,0.12052800133824348,0.0006466435994554507,20,0.024351999163627625,0.025760000571608543,0.024921599961817264,0.02473600022494793,0.0004632381344399937,20,0.06332799792289734,0.06403200328350067,0.06371200084686279,0.06366400048136711,0.00017730560835019595,20,16,16,2048,10944,102400,True,False,False,3936,1,2048,10944,generic,generic,2816,,CUDA_EVENT,BF16,none
0.013376000337302685,0.037248000502586365,0.015861600008793175,0.01568000018596649,0.0038887860915091375,40.0,0.21030400693416595,0.24633599817752838,0.21350880041718484,0.21134399622678757,0.007640184766995695,20.0,0.020320000126957893,0.0759039968252182,0.04756640018895268,0.04694400168955326,0.026836905820559545,40,0.0873280018568039,0.20678399503231049,0.09513600058853626,0.08934400230646133,0.02562611739393184,20,0.0480320006608963,0.06896000355482101,0.04966080002486706,0.04870399832725525,0.004437847041742234,20,0.21187199652194977,0.23510399460792542,0.21492959782481194,0.21372799575328827,0.004790149319729908,20.0,0.46239998936653137,0.46534401178359985,0.4636767998337746,0.46371200680732727,0.0007258375256850801,20,0.08873599767684937,0.09100800007581711,0.08983680009841918,0.08993599936366081,0.0005805512533604888,20,0.22217600047588348,0.2242880016565323,0.22324159890413284,0.22329599410295486,0.0006152070573425679,20,0.1247360035777092,0.12703999876976013,0.12572639882564546,0.12556800246238708,0.0006528683428278407,20,0.02332800067961216,0.02489599958062172,0.023894399963319303,0.02372800000011921,0.0004491525718747667,20,0.06310400366783142,0.06409599632024765,0.06367840021848678,0.06363200023770332,0.0002792403574910353,20,16,16,2048,10944,102400,True,False,False,3904,1,2048,10944,generic,generic,2816,,CUDA_EVENT,BF16,none
0.013824000023305416,0.0360959991812706,0.015924800047650935,0.015536000020802021,0.0036446477863968977,40.0,0.20707200467586517,0.2423039972782135,0.21133600026369095,0.2094080001115799,0.007250241055497928,20.0,0.020447999238967896,0.07657600194215775,0.04789279978722334,0.04724799934774637,0.027002661333154904,40,0.08595199882984161,0.2075520008802414,0.09401599988341332,0.08844800293445587,0.026062942401450635,20,0.04825599864125252,0.06921599805355072,0.04977119956165552,0.04873599857091904,0.004466680143473094,20,0.21014399826526642,0.2351360023021698,0.21351520121097564,0.21248000115156174,0.00514966757961414,20.0,0.4644800126552582,0.4673599898815155,0.4658928006887436,0.46569599211215973,0.0008785314790321976,20,0.08681599795818329,0.08816000074148178,0.08758239969611167,0.08766399696469307,0.0004279483086783921,20,0.22188800573349,0.22537599503993988,0.22340959906578065,0.22350399941205978,0.0008815662909694155,20,0.11993599683046341,0.12265600264072418,0.12069759964942932,0.12056000158190727,0.0006636900466251382,20,0.02412799932062626,0.025760000571608543,0.02464799992740154,0.024560000747442245,0.00037123806656522097,20,0.06319999694824219,0.06419199705123901,0.06374560035765171,0.06376000121235847,0.0002740590127596408,20,16,16,2048,10944,102400,True,False,False,3872,1,2048,10944,generic,generic,2816,,CUDA_EVENT,BF16,none
0.013088000006973743,0.03574400022625923,0.01539040005300194,0.015263999812304974,0.003689941042901478,40.0,0.2062399983406067,0.24742400646209717,0.21014080196619034,0.20798400044441223,0.008662146922331878,20.0,0.020287999883294106,0.07321599870920181,0.04674720009788871,0.04660799913108349,0.02607915547686805,40,0.08553600311279297,0.2096319943666458,0.09365119934082031,0.08777599781751633,0.026626059158094115,20,0.047968000173568726,0.07004799693822861,0.04959999956190586,0.04846400022506714,0.0046994802208745225,20,0.20796799659729004,0.23260800540447235,0.21144639998674392,0.21000000089406967,0.005129283404833128,20.0,0.44275200366973877,0.4453440010547638,0.44416960030794145,0.4442239999771118,0.00059239689049474,20,0.08752000331878662,0.08959999680519104,0.08874399922788143,0.08879999816417694,0.0005272594223402115,20,0.21875199675559998,0.22198399901390076,0.22011999934911727,0.22012799978256226,0.0007671923395088689,20,0.11535999923944473,0.11648000031709671,0.11591679938137531,0.115983996540308,0.0003218180366030467,20,0.02287999913096428,0.024064000695943832,0.023312000185251237,0.023360000923275948,0.00026358772075009597,20,0.06268800050020218,0.06377600133419037,0.06326240003108978,0.06321599707007408,0.000317667041607108,20,16,16,2048,10944,102400,True,False,False,3840,1,2048,10944,generic,generic,2816,,CUDA_EVENT,BF16,none
0.013279999606311321,0.03580800071358681,0.015472800005227327,0.015263999812304974,0.0036945520941362438,40.0,0.20454399287700653,0.23747199773788452,0.2079183988273144,0.2064640000462532,0.006872207553364588,20.0,0.020735999569296837,0.06905599683523178,0.044915200443938375,0.044783998280763626,0.023753030386726437,40,0.08588799834251404,0.20748800039291382,0.09343199990689754,0.08734400197863579,0.02617286227079694,20,0.04623999819159508,0.07011199742555618,0.0477567994967103,0.04657600075006485,0.005133455856367111,20,0.20742399990558624,0.238304004073143,0.2113424003124237,0.20951999723911285,0.006367256903261159,20.0,0.4334079921245575,0.43487998843193054,0.4341344028711319,0.4342400133609772,0.00044869662254833857,20,0.08742400258779526,0.08912000060081482,0.08843039982020855,0.08856000006198883,0.0004678425621415234,20,0.213919997215271,0.2168319970369339,0.21518079936504364,0.21518400311470032,0.0006865043456099969,20,0.11523199826478958,0.11683200299739838,0.11579520031809806,0.1157120019197464,0.00035074679847425035,20,0.022752000018954277,0.023744000121951103,0.02305600019171834,0.022975999861955643,0.0003016328495374836,20,0.060736000537872314,0.06169600039720535,0.06123519968241453,0.061184000223875046,0.00025647931928888173,20,16,16,2048,10944,102400,True,False,False,3808,1,2048,10944,generic,generic,2816,,CUDA_EVENT,BF16,none
0.013151999562978745,0.038176000118255615,0.015556800039485097,0.015136000234633684,0.003982666824884692,40.0,0.2024639993906021,0.2385919988155365,0.20624799877405167,0.20454400032758713,0.007539731639458962,20.0,0.020096000283956528,0.07340800017118454,0.04674959988333285,0.0465759988874197,0.026154445080954207,40,0.08489599823951721,0.2059839963912964,0.0928143996745348,0.08713600039482117,0.025978848934934278,20,0.047775998711586,0.06723199784755707,0.049318400025367734,0.04841599985957146,0.004114166730928918,20,0.20416000485420227,0.2301120012998581,0.20811840072274207,0.20679999887943268,0.00524354075951193,20.0,0.4418880045413971,0.44444799423217773,0.4431616008281708,0.4432799965143204,0.0006841261751714903,20,0.08633600175380707,0.08777599781751633,0.08710560128092766,0.08718400076031685,0.0004084828641102828,20,0.21907199919223785,0.2205439954996109,0.2197040006518364,0.21979200094938278,0.0004099092023326125,20,0.11462400108575821,0.1159679964184761,0.1154448002576828,0.11550400033593178,0.0003356612896106142,20,0.0226879995316267,0.02412799932062626,0.02326879994943738,0.023231999948620796,0.00039455818481938667,20,0.0626240000128746,0.06380800157785416,0.06320160031318664,0.0631679967045784,0.00032937801802218657,20,16,16,2048,10944,102400,True,False,False,3776,1,2048,10944,generic,generic,2816,,CUDA_EVENT,BF16,none
0.012736000120639801,0.036288000643253326,0.015222400031052529,0.015168000012636185,0.0037504437977284406,40.0,0.19977599382400513,0.23510399460792542,0.20410559922456742,0.20239999890327454,0.007261743967231894,20.0,0.02054399996995926,0.06915199756622314,0.04482480031438172,0.044608001597225666,0.023738532719818947,40,0.08550400286912918,0.2072640061378479,0.09310240037739277,0.08723200112581253,0.02620182029885421,20,0.04608000069856644,0.06656000018119812,0.047408000007271765,0.04641599953174591,0.004397264662096998,20,0.20412799715995789,0.23094399273395538,0.20755839943885804,0.20662399381399155,0.0055851090318871635,20.0,0.4212160110473633,0.423552006483078,0.42213760167360304,0.42204800248146057,0.0006264612195951777,20,0.0854720026254654,0.08723200112581253,0.08627039976418019,0.08630400151014328,0.0005026630204908442,20,0.21359999477863312,0.21568000316619873,0.21470879912376403,0.2147199958562851,0.000456858856701918,20,0.11462400108575821,0.11615999788045883,0.1155264001339674,0.11556800082325935,0.000385543383343365,20,0.02223999984562397,0.023455999791622162,0.022700800001621245,0.022671999409794807,0.0002819633335070766,20,0.060447998344898224,0.061792001128196716,0.06108160000294447,0.061039999127388,0.0003479918833846054,20,16,16,2048,10944,102400,True,False,False,3744,1,2048,10944,generic,generic,2816,,CUDA_EVENT,BF16,none
0.012959999963641167,0.0382080003619194,0.015306399972178041,0.015263999812304974,0.004050038352194445,40.0,0.19888000190258026,0.23449599742889404,0.20255360007286072,0.20079999417066574,0.007434761196514204,20.0,0.0197759997099638,0.07676800340414047,0.047128800116479394,0.04607999883592129,0.026597702002870073,40,0.08556800335645676,0.20745599269866943,0.09296799935400486,0.08702399954199791,0.026282054304489006,20,0.04790399968624115,0.06800000369548798,0.04931680019944906,0.048367999494075775,0.0042922408029442,20,0.20070399343967438,0.22041599452495575,0.20348799973726273,0.20259200036525726,0.004055902746095316,20.0,0.42656001448631287,0.4418239891529083,0.43449279963970183,0.4344319999217987,0.004279381543523979,20,0.08508799970149994,0.08662399649620056,0.0858863990753889,0.08585599809885025,0.0003642206852739406,20,0.21881599724292755,0.22022399306297302,0.2195167988538742,0.21953599900007248,0.0003550262297733305,20,0.11878400295972824,0.12332800030708313,0.12084960080683231,0.12092800065875053,0.001396955664273185,20,0.0226879995316267,0.024064000695943832,0.023156800027936696,0.02304000034928322,0.0003437990235803001,20,0.0623680017888546,0.06428799778223038,0.06303200069814921,0.06302400305867195,0.00039346581889964966,20,16,16,2048,10944,102400,True,False,False,3712,1,2048,10944,generic,generic,2816,,CUDA_EVENT,BF16,none
0.01283199992030859,0.03551999852061272,0.01506639989092946,0.01473599998280406,0.0037034235580075763,40.0,0.19670400023460388,0.22864000499248505,0.2005952000617981,0.19916800409555435,0.006557443918342355,20.0,0.020447999238967896,0.06943999975919724,0.04462000033818185,0.04454400110989809,0.02370459250562477,40,0.08448000252246857,0.20899200439453125,0.09236479997634887,0.08636800199747086,0.026766988977319498,20,0.04614400118589401,0.07196799665689468,0.04903999995440245,0.04800000041723251,0.005398746386476341,20,0.1998399943113327,0.22303999960422516,0.20338079780340196,0.2019519954919815,0.004666718517467571,20.0,0.4153279960155487,0.41814398765563965,0.4168687969446182,0.41683200001716614,0.0007705488744528657,20,0.08473599702119827,0.08640000224113464,0.08576159924268723,0.08593599870800972,0.0004821798761013251,20,0.2128320038318634,0.21609599888324738,0.21396160051226615,0.2139360010623932,0.0007782713840159862,20,0.11401599645614624,0.11529599875211716,0.11468159966170788,0.114656001329422,0.00039808889698229405,20,0.02191999927163124,0.02300800010561943,0.022311999928206205,0.022288000211119652,0.00026999267526995214,20,0.0605119988322258,0.06374400109052658,0.06114720031619072,0.06088000163435936,0.0007319036636581008,20,16,16,2048,10944,102400,True,False,False,3680,1,2048,10944,generic,generic,2816,,CUDA_EVENT,BF16,none
0.012799999676644802,0.036639999598264694,0.015127999940887094,0.014944000169634819,0.003836943774813056,40.0,0.19462400674819946,0.2325119972229004,0.1997311994433403,0.1979839950799942,0.007736223202257781,20.0,0.020320000126957893,0.07635200023651123,0.04706320031546056,0.04595200065523386,0.02628062251843567,40,0.0851840004324913,0.201664000749588,0.09231839999556542,0.08686399832367897,0.025099853455481644,20,0.04819199815392494,0.0687360018491745,0.05006400030106306,0.0490880012512207,0.004300346779272693,20,0.19603200256824493,0.21980799734592438,0.20015039891004563,0.199072003364563,0.004780023119673788,20.0,0.4204480051994324,0.4235840141773224,0.421848002076149,0.42187198996543884,0.0007697267560967731,20,0.08416000008583069,0.08707199990749359,0.08504000045359135,0.08507199957966805,0.0006349806158632202,20,0.21849599480628967,0.22182400524616241,0.22054560035467147,0.2205440029501915,0.0008676351941319483,20,0.11926399916410446,0.12236800044775009,0.12054399996995926,0.12038400024175644,0.0008354392149263477,20,0.022143999114632607,0.02364799939095974,0.022737599909305573,0.022640000097453594,0.00038433001649575317,20,0.06294400244951248,0.06480000168085098,0.06388960033655167,0.06390400230884552,0.0005389394567575178,20,16,16,2048,10944,102400,True,False,False,3648,1,2048,10944,generic,generic,2816,,CUDA_EVENT,BF16,none
0.012319999746978283,0.03731200098991394,0.014885600027628242,0.01484800036996603,0.0040455638859476254,40.0,0.19286400079727173,0.22844800353050232,0.1967663995921612,0.1947999969124794,0.007383493404596312,20.0,0.020447999238967896,0.06889600306749344,0.044611199758946896,0.04441600013524294,0.023737732533465252,40,0.08374399691820145,0.21273599565029144,0.0923967994749546,0.08640000224113464,0.027629032274068065,20,0.04614400118589401,0.06764800101518631,0.04876320008188486,0.04782399907708168,0.004482996755296213,20,0.19648000597953796,0.2178879976272583,0.19925280138850213,0.197952002286911,0.004479533267625291,20.0,0.4152640104293823,0.41814398765563965,0.41651680171489713,0.41654400527477264,0.0006987634366759562,20,0.08313599973917007,0.084927998483181,0.08431199975311757,0.08444800227880478,0.0005150775860514321,20,0.21296000480651855,0.21939200162887573,0.21460160091519356,0.21411199867725372,0.0016941606563235186,20,0.11369600147008896,0.11558400094509125,0.11463679969310761,0.11457600072026253,0.0004953696178153198,20,0.02147199958562851,0.023104000836610794,0.0220575999468565,0.02195199951529503,0.00036961065751085423,20,0.06083200126886368,0.06774400174617767,0.06331040002405644,0.062351999804377556,0.0020472618728389863,20,16,16,2048,10944,102400,True,False,False,3616,1,2048,10944,generic,generic,2816,,CUDA_EVENT,BF16,none
0.012512000277638435,0.03574400022625923,0.014732800028286874,0.014592000283300877,0.0037766698034729434,40.0,0.19046400487422943,0.2255679965019226,0.19462879970669747,0.19303999841213226,0.007244351564268633,20.0,0.019967999309301376,0.07337599992752075,0.046573599940165876,0.0462400009855628,0.026221982011911053,40,0.08355200290679932,0.21382400393486023,0.09200159981846809,0.08577599748969078,0.027962805897563555,20,0.04831999912858009,0.06931199878454208,0.049779200181365016,0.0487040001899004,0.004488065545528454,20,0.19232000410556793,0.21967999637126923,0.1965167999267578,0.1956000030040741,0.005512775551162556,20.0,0.4204480051994324,0.4227519929409027,0.4215055972337723,0.4215040057897568,0.0007177160836603347,20,0.08294399827718735,0.08460800349712372,0.08400480039417743,0.08404799923300743,0.0004453964390360332,20,0.21884800493717194,0.2234240025281906,0.221043199300766,0.22092799842357635,0.001178903421431968,20,0.11641599982976913,0.11804799735546112,0.11712640002369881,0.11716799810528755,0.00046024403411046126,20,0.02175999991595745,0.02304000034928322,0.02233279999345541,0.022304000332951546,0.00034715205595688256,20,0.0634239986538887,0.06521599739789963,0.06410560049116612,0.06401600316166878,0.00041687229270499467,20,16,16,2048,10944,102400,True,False,False,3584,1,2048,10944,generic,generic,2816,,CUDA_EVENT,BF16,none
0.011872000060975552,0.03750399872660637,0.014603999932296574,0.014575999695807695,0.004126627183904263,40.0,0.18768000602722168,0.22495999932289124,0.19206079915165902,0.19017599523067474,0.007677078612474826,20.0,0.020959999412298203,0.06598400324583054,0.04258640026673675,0.0425279987975955,0.02121916395956018,40,0.08268799632787704,0.20774400234222412,0.09092639982700348,0.0849439986050129,0.026818197112907668,20,0.04287999868392944,0.062431998550891876,0.044393600150942805,0.043487999588251114,0.0041445506365300425,20,0.1913599967956543,0.21795199811458588,0.1953519992530346,0.19388800114393234,0.0054024099960523625,20.0,0.4136959910392761,0.4172160029411316,0.41520479768514634,0.41519999504089355,0.0008025105149932082,20,0.08144000172615051,0.0825280025601387,0.08189120031893253,0.08180799707770348,0.0003032239994204686,20,0.19884799420833588,0.20179200172424316,0.2002304010093212,0.20024000108242035,0.0006599762820988657,20,0.11337599903345108,0.11430399864912033,0.11378400027751923,0.11376000195741653,0.0002739455747746828,20,0.02127999998629093,0.02208000048995018,0.021662400104105473,0.021647999994456768,0.00019529841144461015,20,0.05628800019621849,0.057023998349905014,0.05667839981615543,0.056671999394893646,0.00022230218317866404,20,16,16,2048,10944,102400,True,False,False,3552,1,2048,10944,generic,generic,2816,,CUDA_EVENT,BF16,none
0.012000000104308128,0.03625600039958954,0.014463200094178319,0.014527999795973301,0.003916658156391507,40.0,0.18768000602722168,0.22438399493694305,0.19163839966058732,0.190031997859478,0.007623921456454555,20.0,0.02143999934196472,0.0708480030298233,0.04156879987567663,0.04324799869209528,0.019386909576449868,40,0.08291199803352356,0.20924800634384155,0.0916752003133297,0.08588799834251404,0.026992579497682863,20,0.048576001077890396,0.07123199850320816,0.05037120021879673,0.04927999898791313,0.004800787798528635,20,0.1897599995136261,0.21241599321365356,0.19310079887509346,0.19195199757814407,0.004640510612989817,20.0,0.4187839925289154,0.42316800355911255,0.4207231968641281,0.42052799463272095,0.0009235993017914314,20,0.08160000294446945,0.08303999900817871,0.08252959959208965,0.08263999968767166,0.00040584056847489837,20,0.2192319929599762,0.22623999416828156,0.22241919860243797,0.2220960035920143,0.001626229588542036,20,0.11638399958610535,0.1189119964838028,0.11755839958786965,0.11734399944543839,0.000637604606469153,20,0.021568000316619873,0.022592000663280487,0.02195200016722083,0.021967999637126923,0.00023989333492801227,20,0.06390400230884552,0.06547199934720993,0.0645647995173931,0.064495999366045,0.0004273258043765446,20,16,16,2048,10944,102400,True,False,False,3520,1,2048,10944,generic,generic,2816,,CUDA_EVENT,BF16,none
0.011839999817311764,0.038176000118255615,0.014498399943113327,0.0144960000179708,0.004244081899462352,40.0,0.18438400328159332,0.2197120040655136,0.18886559903621675,0.18793600052595139,0.007270189968644264,20.0,0.01881599985063076,0.0652799978852272,0.03982639978639781,0.04092799872159958,0.02041194528373341,40,0.08191999793052673,0.2088640034198761,0.09056960009038448,0.08454400300979614,0.027156021895829493,20,0.043136000633239746,0.06371200084686279,0.044636799953877926,0.043696001172065735,0.004383730413722018,20,0.18780800700187683,0.21673600375652313,0.19215999990701677,0.19118399918079376,0.005792469143337754,20.0,0.3948799967765808,0.3978559970855713,0.3962352007627487,0.3962240070104599,0.0008509970843247747,20,0.08079999685287476,0.08230400085449219,0.0816479992121458,0.081727996468544,0.00041581568598507044,20,0.1992959976196289,0.20070399343967438,0.1999744012951851,0.20000000298023224,0.00041533528301829805,20,0.10896000266075134,0.11238399893045425,0.1096527997404337,0.10958399996161461,0.0006689666317062893,20,0.02127999998629093,0.022816000506281853,0.021782400086522102,0.021743999794125557,0.0003465912909651652,20,0.05596800148487091,0.05718399956822395,0.05667359959334135,0.05665599927306175,0.0003523593688620743,20,16,16,2048,10944,102400,True,False,False,3488,1,2048,10944,generic,generic,2816,,CUDA_EVENT,BF16,none
0.011711999773979187,0.03590400144457817,0.014293600106611848,0.014160000253468752,0.0040013528430536205,40.0,0.1820479929447174,0.22233599424362183,0.1870703987777233,0.1854720041155815,0.008238917882103838,20.0,0.020959999412298203,0.0806720033288002,0.042629600130021574,0.0435999995097518,0.02102272522920672,40,0.08249600231647491,0.2083519995212555,0.0903120007365942,0.08422400057315826,0.02709328660893348,20,0.04831999912858009,0.0695360004901886,0.04979520048946142,0.04875199869275093,0.004535382267896219,20,0.18534399569034576,0.20921599864959717,0.18880479857325555,0.1876639947295189,0.004981920362126244,20.0,0.39635199308395386,0.3991039991378784,0.3979136019945145,0.398144006729126,0.0007965758724233875,20,0.07859200239181519,0.08028800040483475,0.07960960008203984,0.07966400310397148,0.0004133572649532565,20,0.2194560021162033,0.2218559980392456,0.22076159864664077,0.22102399915456772,0.0007025874045761779,20,0.10684800148010254,0.10819199681282043,0.1074351992458105,0.10743999853730202,0.0003037933885515944,20,0.021888000890612602,0.02316799946129322,0.022328000236302614,0.02232000045478344,0.00029238870766473327,20,0.06294400244951248,0.06374400109052658,0.06346080005168915,0.06351999938488007,0.00022014327634779166,20,16,16,2048,10944,102400,True,False,False,3456,1,2048,10944,generic,generic,2816,,CUDA_EVENT,BF16,none
0.011455999687314034,0.03577600046992302,0.014119199989363552,0.01422400027513504,0.00392506777984416,40.0,0.18131199479103088,0.2173759937286377,0.1850319981575012,0.1831360012292862,0.007505256701959377,20.0,0.018783999606966972,0.061983998864889145,0.039537600008770823,0.0394719997420907,0.02025590877620505,40,0.08214399963617325,0.20528000593185425,0.08983200006186962,0.08368000015616417,0.026495496739710987,20,0.04307200014591217,0.06220800057053566,0.04444800037890673,0.043487999588251114,0.00408806738105883,20,0.18377600610256195,0.21014399826526642,0.18794560059905052,0.1865440011024475,0.005362717334914588,20.0,0.3952319920063019,0.39817601442337036,0.3971791982650757,0.3972799926996231,0.0007392143721820009,20,0.07782399654388428,0.07948800176382065,0.07878719978034496,0.07891199737787247,0.0004974848104308938,20,0.1982080042362213,0.2011519968509674,0.19921919927001,0.19919999688863754,0.0006968637285217284,20,0.10425599664449692,0.10550399869680405,0.1047968003898859,0.1048320010304451,0.0002925695415474984,20,0.020800000056624413,0.022431999444961548,0.021336000133305787,0.021215999498963356,0.00040915911578893685,20,0.05580800026655197,0.05676800012588501,0.05635679997503758,0.056384000927209854,0.00024207660920993242,20,16,16,2048,10944,102400,True,False,False,3424,1,2048,10944,generic,generic,2816,,CUDA_EVENT,BF16,none
0.011744000017642975,0.03561599925160408,0.014297599997371435,0.014303999952971935,0.0038761577035258264,40.0,0.17875200510025024,0.21372799575328827,0.1828015998005867,0.18091199547052383,0.0072720829753160614,20.0,0.02099199965596199,0.08646400272846222,0.04257360035553574,0.04320000018924475,0.021219673050637763,40,0.0806720033288002,0.20659199357032776,0.08949119970202446,0.08363199979066849,0.026890069835624707,20,0.0480320006608963,0.06806399673223495,0.04955039955675602,0.048576001077890396,0.004253128897477732,20,0.18160000443458557,0.20451200008392334,0.1848240002989769,0.1841759979724884,0.004748209970750215,20.0,0.3965440094470978,0.40003201365470886,0.3980783998966217,0.3978880047798157,0.0010553457281012354,20,0.07715199887752533,0.07887999713420868,0.07805919982492923,0.07812799885869026,0.0004541605881911532,20,0.21830399334430695,0.22176000475883484,0.21979359909892082,0.21963199973106384,0.0009362104613924123,20,0.10633599758148193,0.10764800012111664,0.10711040012538434,0.10712000355124474,0.0003100198939392508,20,0.02163200080394745,0.02304000034928322,0.022092799842357635,0.02199999988079071,0.0003877681964636392,20,0.062431998550891876,0.06355199962854385,0.06312159970402717,0.0631839968264103,0.00026455123761045184,20,16,16,2048,10944,102400,True,False,False,3392,1,2048,10944,generic,generic,2816,,CUDA_EVENT,BF16,none
0.011615999974310398,0.03702399879693985,0.014168799971230328,0.014144000131636858,0.004070901007904148,40.0,0.17679999768733978,0.2120639979839325,0.1809999994933605,0.17963200062513351,0.007241309660356706,20.0,0.018719999119639397,0.06921599805355072,0.039669599989429115,0.04003200028091669,0.02044479399162481,40,0.0809599980711937,0.20524799823760986,0.08928959965705871,0.08326400071382523,0.02662011498297892,20,0.04262400045990944,0.06224000081419945,0.04390719961374998,0.04289599880576134,0.004210316280861704,20,0.1791680008172989,0.207519993185997,0.18279359936714173,0.18147199600934982,0.005818370452791653,20.0,0.3862079977989197,0.38892799615859985,0.38759040236473086,0.3876959979534149,0.0006162478377909341,20,0.07705599814653397,0.07875200361013412,0.0778975997120142,0.07790399715304375,0.00046856857656666663,20,0.19305600225925446,0.19696000218391418,0.1943664014339447,0.1942880004644394,0.0008407220042005577,20,0.10089600086212158,0.10236799716949463,0.10165759995579719,0.10164799913764,0.00036395711744128937,20,0.02131200022995472,0.02287999913096428,0.02176000000908971,0.021695999428629875,0.0003986535031088981,20,0.055135998874902725,0.057312000542879105,0.05573919974267483,0.05558399856090546,0.00045931742831053937,20,16,16,2048,10944,102400,True,False,False,3360,1,2048,10944,generic,generic,2816,,CUDA_EVENT,BF16,none
0.01119999960064888,0.03577600046992302,0.01373760001733899,0.01387199992313981,0.004015140714780524,40.0,0.1737920045852661,0.20953600108623505,0.17825119867920874,0.17705599963665009,0.007332311993447504,20.0,0.019711999222636223,0.06966400146484375,0.040464800177142025,0.040207999758422375,0.020417882188941302,40,0.08048000186681747,0.20255999267101288,0.08874559998512269,0.08270399644970894,0.026123172602401993,20,0.0451200008392334,0.06755200028419495,0.048676800169050696,0.047728000208735466,0.004452628150650458,20,0.17987200617790222,0.2025279998779297,0.1827839992940426,0.18147199600934982,0.004833207039200788,20.0,0.37324801087379456,0.3769280016422272,0.3750384017825127,0.3750559985637665,0.0008193787191957433,20,0.07699199765920639,0.07887999713420868,0.07810400053858757,0.07825599983334541,0.0005525801242023721,20,0.20800000429153442,0.22915199398994446,0.2183056004345417,0.21859200298786163,0.005863143771177436,20,0.09839999675750732,0.1003199964761734,0.09958879947662354,0.09966399893164635,0.0004138129685208083,20,0.021344000473618507,0.022911999374628067,0.021769599802792073,0.02167999930679798,0.0003668293322529577,20,0.05936000123620033,0.0623680017888546,0.06111040040850639,0.06120000034570694,0.0008339731645942958,20,16,16,2048,10944,102400,True,False,False,3328,1,2048,10944,generic,generic,2816,,CUDA_EVENT,BF16,none
0.011327999643981457,0.034143999218940735,0.013995999936014414,0.014175999909639359,0.0037355026746797655,40.0,0.17187200486660004,0.20656000077724457,0.17631200030446054,0.17471999675035477,0.007105714028904246,20.0,0.018880000337958336,0.06233600154519081,0.039424800174310805,0.0394080001860857,0.02016745084514125,40,0.08092799782752991,0.20015999674797058,0.08830239921808243,0.08267199993133545,0.02567841429544694,20,0.0424639992415905,0.06294400244951248,0.04392159972339869,0.04295999929308891,0.004367836239236836,20,0.17657600343227386,0.20553599298000336,0.17998880073428153,0.1786240041255951,0.006052654649380332,20.0,0.3856959939002991,0.3903680145740509,0.38773599863052366,0.38732799887657166,0.0013126984148086357,20,0.07513599842786789,0.0769599974155426,0.07584320046007634,0.0756480023264885,0.0005326716087354184,20,0.19251200556755066,0.1944960057735443,0.19367520064115523,0.19361600279808044,0.0005843201171806921,20,0.10115200281143188,0.10339199751615524,0.101987199857831,0.1019040010869503,0.0005288138307218607,20,0.020640000700950623,0.022304000332951546,0.021300800051540135,0.021215999498963356,0.0003963705931845426,20,0.05500800162553787,0.056063998490571976,0.05544640049338341,0.055424001067876816,0.00020839302433840948,20,16,16,2048,10944,102400,True,False,False,3296,1,2048,10944,generic,generic,2816,,CUDA_EVENT,BF16,none
0.01071999967098236,0.036639999598264694,0.01344079994596541,0.013344000093638897,0.0041668526569393054,40.0,0.17049600183963776,0.20694400370121002,0.17405760064721107,0.17235200107097626,0.0076557630844866125,20.0,0.01942400075495243,0.08582399785518646,0.04079199996776879,0.042543998919427395,0.0209532076811648,40,0.07999999821186066,0.20745599269866943,0.0879007987678051,0.08177599683403969,0.027445503181447135,20,0.04604800045490265,0.0727040022611618,0.049636800214648245,0.04875200055539608,0.005490833837659359,20,0.1759680062532425,0.19996799528598785,0.17960160002112388,0.17852800339460373,0.0049088185262653895,20.0,0.3752959966659546,0.3883199989795685,0.3776335969567299,0.37697599828243256,0.002586829647055675,20,0.07433599978685379,0.07587199658155441,0.07530080117285251,0.0753760002553463,0.00044505050136112254,20,0.21036800742149353,0.22684800624847412,0.2184704028069973,0.21718400716781616,0.004738091507413794,20,0.10435199737548828,0.106175996363163,0.10531680025160313,0.10524799674749374,0.00052457352095818,20,0.019967999309301376,0.02115200087428093,0.020417600125074386,0.020400000736117363,0.00030701260995857536,20,0.05974400043487549,0.06729599833488464,0.06380640007555485,0.06382400169968605,0.0019407279371305628,20,16,16,2048,10944,102400,True,False,False,3264,1,2048,10944,generic,generic,2816,,CUDA_EVENT,BF16,none
0.010623999871313572,0.03657599911093712,0.013395999977365135,0.01342400023713708,0.004286087136489997,40.0,0.16793599724769592,0.20313599705696106,0.17192479893565177,0.1698400005698204,0.0073096380903875215,20.0,0.01865600049495697,0.06995200365781784,0.039578400226309894,0.039568000473082066,0.02050854027683385,40,0.0790719985961914,0.20112000405788422,0.08741920068860054,0.08158400282263756,0.026107881392222722,20,0.04243199899792671,0.0623680017888546,0.04367360007017851,0.04265600070357323,0.004292447042698927,20,0.17254400253295898,0.20188799500465393,0.17608959898352622,0.17484799772500992,0.006102539233315521,20.0,0.37622401118278503,0.39526399970054626,0.37811039984226225,0.37729600071907043,0.0039859395439274,20,0.07347200065851212,0.07529599964618683,0.07423040010035038,0.07399999722838402,0.0005398524034777367,20,0.19200000166893005,0.19430400431156158,0.19307039752602578,0.19303999841213226,0.0006291466748268147,20,0.10291200131177902,0.10444799810647964,0.10370719991624355,0.10366399958729744,0.0004463131218160185,20,0.019551999866962433,0.022272000089287758,0.02025759983807802,0.020175999961793423,0.000564732000623,20,0.05452800169587135,0.05603199824690819,0.05513920020312071,0.05511999875307083,0.000350819491979663,20,16,16,2048,10944,102400,True,False,False,3232,1,2048,10944,generic,generic,2816,,CUDA_EVENT,BF16,none
0.010623999871313572,0.03702399879693985,0.013194399955682456,0.013199999928474426,0.004394541204791452,40.0,0.16624000668525696,0.20281599462032318,0.17067679837346078,0.16900799423456192,0.00751434080480133,20.0,0.01942400075495243,0.07744000107049942,0.040396799938753246,0.04009599983692169,0.020596074477776945,40,0.07942400127649307,0.20022399723529816,0.08715999983251095,0.08160000294446945,0.025961053055020025,20,0.047231998294591904,0.07039999961853027,0.05004319958388805,0.04918400011956692,0.004741081377488767,20,0.1727360039949417,0.194815993309021,0.17592160031199455,0.1748960018157959,0.00457942647054019,20.0,0.3757439851760864,0.37836799025535583,0.3768495962023735,0.3766559958457947,0.0007499516297406621,20,0.07257600128650665,0.07452800124883652,0.07354879975318909,0.07358400151133537,0.0005314693628792133,20,0.21107199788093567,0.24828800559043884,0.2273455999791622,0.22553599625825882,0.010059365794700428,20,0.10451199859380722,0.10688000172376633,0.10571359992027282,0.10556799918413162,0.0006080406398643857,20,0.019680000841617584,0.020640000700950623,0.020011200103908777,0.01998399943113327,0.00022520252411356904,20,0.05984000116586685,0.06809599697589874,0.06480480004101992,0.06486400216817856,0.0022042923350198713,20,16,16,2048,10944,102400,True,False,False,3200,1,2048,10944,generic,generic,2816,,CUDA_EVENT,BF16,none
0.010367999784648418,0.036768000572919846,0.01323039997369051,0.013280000071972609,0.0043075730207749775,40.0,0.16473600268363953,0.19888000190258026,0.16839520186185836,0.16705600172281265,0.007152234761800063,20.0,0.018432000651955605,0.07638400048017502,0.0373728001024574,0.04054399952292442,0.018325362142662074,40,0.07875200361013412,0.21119999885559082,0.08760000057518483,0.08139200136065483,0.028371264370225312,20,0.0387520007789135,0.06195199862122536,0.04037599992007017,0.039184000343084335,0.004957850859570947,20,0.16892799735069275,0.20399999618530273,0.17271519899368287,0.17075199633836746,0.007287947891926485,20.0,0.37539198994636536,0.3903999924659729,0.37760320007801057,0.3768319934606552,0.00305432901344932,20,0.07158400118350983,0.07321599870920181,0.0725087996572256,0.07257600128650665,0.00044787490229159497,20,0.17628799378871918,0.2210880070924759,0.18843040019273757,0.17976000159978867,0.01457369773419096,20,0.10412800312042236,0.10646399855613708,0.10518079996109009,0.10516799986362457,0.0005593042170650552,20,0.019392000511288643,0.020735999569296837,0.01990400003269315,0.019840000197291374,0.00029188481364364395,20,0.0504320003092289,0.05180799961090088,0.05109279956668615,0.051183998584747314,0.00031763533833330633,20,16,16,2048,10944,102400,True,False,False,3168,1,2048,10944,generic,generic,2816,,CUDA_EVENT,BF16,none
0.010400000028312206,0.036159999668598175,0.013239199970848858,0.013375999871641397,0.004272784832896395,40.0,0.16284799575805664,0.19711999595165253,0.16661279872059823,0.16519999504089355,0.007169322738772532,20.0,0.01926399953663349,0.08819200098514557,0.04141279989853501,0.042671999894082546,0.02191889913420694,40,0.07865600287914276,0.20601600408554077,0.08713920041918755,0.08107199892401695,0.027295051524804985,20,0.03862399980425835,0.06003199890255928,0.04048639982938766,0.038975998759269714,0.004597004427347132,20,0.16624000668525696,0.20032000541687012,0.1702096000313759,0.16875199973583221,0.007064297020851732,20.0,0.37724798917770386,0.39209601283073425,0.3800992012023926,0.379488006234169,0.002937681445321396,20,0.0708480030298233,0.07222399860620499,0.07160479985177517,0.07163200154900551,0.00042323192190813256,20,0.1756799966096878,0.21849599480628967,0.18641439825296402,0.18051199615001678,0.012956733541101356,20,0.10438399761915207,0.10569600015878677,0.10505919940769673,0.10505600273609161,0.00041426090910243445,20,0.019328000023961067,0.02006400004029274,0.019689599983394146,0.01966400071978569,0.00018771200931567606,20,0.04992000013589859,0.052000001072883606,0.050739199854433537,0.05057600140571594,0.0005378853570229343,20,16,16,2048,10944,102400,True,False,False,3136,1,2048,10944,generic,generic,2816,,CUDA_EVENT,BF16,none
0.010367999784648418,0.03702399879693985,0.013183199963532389,0.013391999993473291,0.004362724764280082,40.0,0.16124799847602844,0.1987520009279251,0.16525439992547036,0.16332799941301346,0.00782849523556547,20.0,0.018559999763965607,0.08134400099515915,0.03754400010220706,0.042063998989760876,0.018463288499159024,40,0.07865600287914276,0.20764799416065216,0.08706559911370278,0.08081599697470665,0.02767917312523355,20,0.038656000047922134,0.06015999987721443,0.04033439978957176,0.039103999733924866,0.004614212176510312,20,0.1640319973230362,0.19817599654197693,0.16824960038065911,0.16672000288963318,0.007034481367960112,20.0,0.37350401282310486,0.3946239948272705,0.3770016014575958,0.3763200044631958,0.004210316612864853,20,0.06976000219583511,0.07184000313282013,0.07080959975719452,0.07076800242066383,0.0005464981477579267,20,0.17584000527858734,0.22009600698947906,0.19055039957165718,0.18164800107479095,0.015208153718691131,20,0.10108800232410431,0.1029760017991066,0.10192800052464009,0.1019200012087822,0.0004766686040925353,20,0.019648000597953796,0.02035200037062168,0.020044799894094467,0.020031999796628952,0.00019422685934094528,20,0.04995200037956238,0.05193600058555603,0.05060800015926361,0.05044800043106079,0.0005100463114205152,20,16,16,2048,10944,102400,True,False,False,3104,1,2048,10944,generic,generic,2816,,CUDA_EVENT,BF16,none
0.010111999697983265,0.035071998834609985,0.01300079997163266,0.013120000250637531,0.004183214976769512,40.0,0.1589439958333969,0.19363200664520264,0.16323839947581292,0.16177599877119064,0.007137892762706005,20.0,0.018783999606966972,0.07452800124883652,0.037454399792477486,0.0400000000372529,0.018118908817182505,40,0.07897599786520004,0.2126079946756363,0.08760160021483898,0.08099199831485748,0.028695108148638668,20,0.03868800029158592,0.06313599646091461,0.04022079985588789,0.03903999924659729,0.0052598677545413666,20,0.16252799332141876,0.2008640021085739,0.16721279993653299,0.16524799913167953,0.007873284334378651,20.0,0.3463999927043915,0.37193599343299866,0.3487535998225212,0.3476639986038208,0.005341923649909636,20,0.07199999690055847,0.07360000163316727,0.07279039956629277,0.07286400347948074,0.00047830150224096284,20,0.17500799894332886,0.17750400304794312,0.1759952001273632,0.17600000649690628,0.0005962900567575951,20,0.09388799965381622,0.09574399888515472,0.09445120058953763,0.09433600306510925,0.00037528670417750354,20,0.019328000023961067,0.020576000213623047,0.019745600037276746,0.01966400071978569,0.00035192340059523724,20,0.050016000866889954,0.05161599814891815,0.0505775997415185,0.05052800104022026,0.00042143811313958255,20,16,16,2048,10944,102400,True,False,False,3072,1,2048,10944,generic,generic,2816,,CUDA_EVENT,BF16,none
0.009920000098645687,0.03417599946260452,0.0128519999794662,0.012912000063806772,0.003990803368411869,40.0,0.15782399475574493,0.19232000410556793,0.16209439933300018,0.16075199842453003,0.00710416339789387,20.0,0.0180479995906353,0.07948800176382065,0.037290399940684435,0.04148800019174814,0.01860178963558201,40,0.07852800190448761,0.21488000452518463,0.08674880005419254,0.07966400310397148,0.02941393192534784,20,0.03852799907326698,0.061184000223875046,0.04005920011550188,0.038943998515605927,0.004851059394908373,20,0.16227200627326965,0.19468800723552704,0.16583199948072433,0.16444800049066544,0.006733305853750086,20.0,0.3454720079898834,0.3681600093841553,0.3482128009200096,0.34726400673389435,0.004630704692611471,20,0.07110399752855301,0.07257600128650665,0.07200319990515709,0.07203199714422226,0.00040878669077745717,20,0.17449599504470825,0.1780800074338913,0.17583039849996568,0.17559999972581863,0.0008244033702238038,20,0.09353599697351456,0.09471999853849411,0.09417920038104058,0.09425600245594978,0.00030237933998294173,20,0.01897599920630455,0.020287999883294106,0.01950239995494485,0.01950399950146675,0.00033108397304483034,20,0.0498879998922348,0.05104000121355057,0.050403200276196006,0.050464000552892685,0.00027581333679750896,20,16,16,2048,10944,102400,True,False,False,3040,1,2048,10944,generic,generic,2816,,CUDA_EVENT,BF16,none
0.010304000228643417,0.035999998450279236,0.0128303999081254,0.012895999941974878,0.00425237085367618,40.0,0.15695999562740326,0.19276799261569977,0.1603200003504753,0.15832000225782394,0.007531006548258406,20.0,0.019007999449968338,0.07760000228881836,0.03743360000662506,0.040895999409258366,0.018171665837922558,40,0.078015998005867,0.20175999402999878,0.08637279979884624,0.08065600320696831,0.026488077234353962,20,0.03855999931693077,0.06508799642324448,0.040200000070035456,0.03888000175356865,0.0057116170723311025,20,0.15961599349975586,0.19276799261569977,0.1633727990090847,0.16158399730920792,0.006914794059925057,20.0,0.3449600040912628,0.36723199486732483,0.34717599898576734,0.3460320085287094,0.004638463652662902,20,0.07065600156784058,0.07241600006818771,0.07140320092439652,0.07142399996519089,0.0004303110547060952,20,0.1743360012769699,0.1770240068435669,0.17522240057587624,0.17508800327777863,0.0006871523117033952,20,0.09305600076913834,0.09443199634552002,0.09378080032765865,0.09377599880099297,0.00038243337223997555,20,0.018848000094294548,0.020191999152302742,0.019363200198858975,0.019360000267624855,0.00030339298289604384,20,0.04972799867391586,0.050912000238895416,0.05037120021879673,0.05036799982190132,0.0003013613531161707,20,16,16,2048,10944,102400,True,False,False,3008,1,2048,10944,generic,generic,2816,,CUDA_EVENT,BF16,none
0.009759999811649323,0.03686400130391121,0.012199999974109232,0.011951999738812447,0.004405725885561488,40.0,0.1549759954214096,0.18956799805164337,0.15861599817872046,0.15697599947452545,0.007189602249188335,20.0,0.01836800016462803,0.07638400048017502,0.0371199999935925,0.039887999184429646,0.018402357936484693,40,0.07827199995517731,0.20044800639152527,0.08588799983263015,0.08007999882102013,0.02629467236455375,20,0.03830400109291077,0.058687999844551086,0.039969599805772305,0.038975998759269714,0.0043148113649297245,20,0.15836800634860992,0.19100800156593323,0.16260799914598464,0.16147200018167496,0.006725228415329169,20.0,0.3449920117855072,0.3689599931240082,0.34717759639024737,0.3460640013217926,0.0050274841376733385,20,0.06992000341415405,0.07126399874687195,0.07063999958336353,0.07083200290799141,0.00046620068426221167,20,0.17446400225162506,0.1767359972000122,0.175187199562788,0.17511999607086182,0.0006409111200785613,20,0.09292799979448318,0.09411200135946274,0.09356000013649464,0.09353599697351456,0.000333149347193428,20,0.018880000337958336,0.020416000857949257,0.019316800124943256,0.01926399953663349,0.0003741776195811375,20,0.04966399818658829,0.05097600072622299,0.05031039956957102,0.05035199970006943,0.00029163979032236723,20,16,16,2048,10944,102400,True,False,False,2976,1,2048,10944,generic,generic,2816,,CUDA_EVENT,BF16,none
0.010048000141978264,0.035232000052928925,0.01215199998114258,0.011903999838978052,0.004170913394812569,40.0,0.15267199277877808,0.18751999735832214,0.15618239864706993,0.1544800028204918,0.007300883138343981,20.0,0.02022399939596653,0.07568000257015228,0.03801679997704923,0.04075200017541647,0.017406034660215564,40,0.07820799946784973,0.2088319957256317,0.08640000000596046,0.08036800101399422,0.028103407622758182,20,0.03932800143957138,0.0631679967045784,0.04163039941340685,0.04054399952292442,0.004963399225027938,20,0.1571200042963028,0.18806399405002594,0.160955198854208,0.15956799685955048,0.006388999304733973,20.0,0.33958399295806885,0.3694080114364624,0.34666879922151567,0.34564800560474396,0.006687195086762782,20,0.06841599941253662,0.0700799971818924,0.06944800056517124,0.06956800073385239,0.00040196370749103345,20,0.17843200266361237,0.18771199882030487,0.18246080055832864,0.18224000185728073,0.002670972433634232,20,0.09302400052547455,0.09414400160312653,0.0934288002550602,0.09336000308394432,0.000345876986041247,20,0.018719999119639397,0.019807999953627586,0.019148799870163203,0.0191040001809597,0.00030093620068006867,20,0.05113599821925163,0.05417599901556969,0.052742400020360944,0.05273599922657013,0.0006034016203600044,20,16,16,2048,10944,102400,True,False,False,2944,1,2048,10944,generic,generic,2816,,CUDA_EVENT,BF16,none
0.009503999724984169,0.03471999987959862,0.011918400041759014,0.01179199991747737,0.004135533921168186,40.0,0.15004800260066986,0.18265600502490997,0.15451200157403946,0.15297599881887436,0.006645450211814824,20.0,0.017823999747633934,0.0761599987745285,0.036843200167641046,0.03982400055974722,0.018469662481725452,40,0.07785599678754807,0.2035519927740097,0.08560960032045842,0.07942400127649307,0.02707435109876725,20,0.039583999663591385,0.062144000083208084,0.04170399997383356,0.04064000025391579,0.004703857184483587,20,0.1541759967803955,0.18803200125694275,0.15998879820108414,0.15856000036001205,0.006651570540709812,20.0,0.33795198798179626,0.3699199855327606,0.34833759963512423,0.34748800098896027,0.006716023421660598,20,0.0676800012588501,0.06947200000286102,0.0686319999396801,0.06876800209283829,0.0005434224751387407,20,0.1780800074338913,0.18464000523090363,0.18060000017285346,0.18027199804782867,0.0019236740328124914,20,0.09273599833250046,0.09408000111579895,0.09316320084035397,0.09310400113463402,0.0003119430500953199,20,0.018432000651955605,0.01929599978029728,0.01884159995242953,0.018848000094294548,0.0002114421729141959,20,0.0514880008995533,0.05411199852824211,0.05283839963376522,0.05294400081038475,0.0006755411407042506,20,16,16,2048,10944,102400,True,False,False,2912,1,2048,10944,generic,generic,2816,,CUDA_EVENT,BF16,none
0.009472000412642956,0.035840000957250595,0.012005600053817034,0.011824000161141157,0.00428613042295761,40.0,0.14892800152301788,0.18355199694633484,0.15217439904809,0.15043200552463531,0.007286888181592845,20.0,0.019872000440955162,0.07660800218582153,0.03762240009382367,0.040480000898242,0.01732192721272212,40,0.07769600301980972,0.2130880057811737,0.08572640046477317,0.07879999652504921,0.02923339186711783,20,0.03791999816894531,0.05897599831223488,0.03935679998248816,0.03836800158023834,0.004505298485033087,20,0.15292799472808838,0.18671999871730804,0.15708480030298233,0.15531200170516968,0.006981941608668486,20.0,0.3238399922847748,0.3470720052719116,0.3259664013981819,0.3248959928750992,0.004873680664220601,20,0.06755200028419495,0.06950400024652481,0.06842880100011825,0.06841599941253662,0.0004788669498499384,20,0.16921600699424744,0.17257599532604218,0.17062239870429038,0.1706239953637123,0.0006640635306802424,20,0.08963199704885483,0.09107200056314468,0.0900655996054411,0.0899519994854927,0.00040025395407399856,20,0.018688000738620758,0.0197759997099638,0.019188800174742938,0.019168000668287277,0.0003117782290358326,20,0.04899200052022934,0.052480001002550125,0.049577599950134756,0.049327999353408813,0.000820043288177061,20,16,16,2048,10944,102400,True,False,False,2880,1,2048,10944,generic,generic,2816,,CUDA_EVENT,BF16,none
0.009824000298976898,0.03606399893760681,0.012036799965426326,0.011759999673813581,0.004343807133559883,40.0,0.14655999839305878,0.18198400735855103,0.1503760002553463,0.14873600006103516,0.007400266310696281,20.0,0.01772800087928772,0.07929600030183792,0.03702399996109307,0.04116800054907799,0.018045333037536304,40,0.07740800082683563,0.20742399990558624,0.0854255996644497,0.07929600030183792,0.028004818822743336,20,0.038015998899936676,0.059808000922203064,0.0393248001113534,0.038256000727415085,0.004702093959171081,20,0.151296004652977,0.18556800484657288,0.15577120333909988,0.15403199940919876,0.007007870790136833,20.0,0.3230080008506775,0.3476159870624542,0.32510079741477965,0.32395198941230774,0.005193494314231021,20,0.06694400310516357,0.06876800209283829,0.06788959987461567,0.06787200272083282,0.0005316697830336246,20,0.1687999963760376,0.1711360067129135,0.17007680162787436,0.1700800061225891,0.0005181550589240185,20,0.08748800307512283,0.08912000060081482,0.08797119967639447,0.08793599903583527,0.00035227673467593554,20,0.017983999103307724,0.01897599920630455,0.01834079986438155,0.01828799955546856,0.00022588342423668603,20,0.04918399825692177,0.05049600079655647,0.04965439978986978,0.0496320016682148,0.0003388227895013842,20,16,16,2048,10944,102400,True,False,False,2848,1,2048,10944,generic,generic,2816,,CUDA_EVENT,BF16,none
0.009279999881982803,0.03545600175857544,0.011849600076675414,0.011600000318139791,0.004396625580167002,40.0,0.1440960019826889,0.18067200481891632,0.14799679964780807,0.14628800004720688,0.0076202882429862225,20.0,0.016543999314308167,0.07072000205516815,0.03397359997034073,0.03983999975025654,0.016770725676150445,40,0.07599999755620956,0.20307199656963348,0.08440639972686767,0.07848000153899193,0.027241451175294265,20,0.035711999982595444,0.057760000228881836,0.037756799906492236,0.03670400008559227,0.0046136399504483495,20,0.1470080018043518,0.18515199422836304,0.15335199981927872,0.1523520052433014,0.007487539886219869,20.0,0.32252800464630127,0.3469119966030121,0.32446079701185226,0.32315199077129364,0.005179112378960222,20,0.06604799628257751,0.06777600198984146,0.06705119945108891,0.06718399748206139,0.0004809888852797328,20,0.1568640023469925,0.17455999553203583,0.16261120066046714,0.16195199638605118,0.0048618335855820155,20,0.09004800021648407,0.09193599969148636,0.09053760096430778,0.09044800326228142,0.0004965769816829948,20,0.01775999926030636,0.01836800016462803,0.017992000002413987,0.017952000722289085,0.00018406955721322402,20,0.045152001082897186,0.05008000135421753,0.047612800262868404,0.04769599996507168,0.0013762569072928628,20,16,16,2048,10944,102400,True,False,False,2816,1,2048,10944,generic,generic,2816,,CUDA_EVENT,BF16,none
0.009247999638319016,0.03465599939227104,0.011859200010076166,0.011663999874144793,0.004223768395041528,40.0,0.14188799262046814,0.17638400197029114,0.145745600014925,0.14416000247001648,0.007207985468550531,20.0,0.016575999557971954,0.07056000083684921,0.033819200051948425,0.03900800086557865,0.01665600390405017,40,0.07574400305747986,0.20179200172424316,0.08405119962990285,0.07799999788403511,0.02703024988287051,20,0.03577600046992302,0.05571199953556061,0.03768160026520491,0.03680000081658363,0.004167322298666603,20,0.14627200365066528,0.1810240000486374,0.15159519910812377,0.15008000284433365,0.006977301176844773,20.0,0.32124799489974976,0.3454720079898834,0.3237520009279251,0.32257600128650665,0.0050162692581215374,20,0.06563200056552887,0.06716799736022949,0.06633440032601357,0.06630399823188782,0.0005083333769161735,20,0.15756799280643463,0.17059199512004852,0.1624047987163067,0.16180800646543503,0.004774162576981598,20,0.08736000210046768,0.08912000060081482,0.08809759989380836,0.08808000013232231,0.00039678455003065195,20,0.01759999990463257,0.018592000007629395,0.01798080001026392,0.017920000478625298,0.00023095500717212956,20,0.04566400125622749,0.049247998744249344,0.0478559996932745,0.04811200127005577,0.0010950592214021664,20,16,16,2048,10944,102400,True,False,False,2784,1,2048,10944,generic,generic,2816,,CUDA_EVENT,BF16,none
0.009535999968647957,0.03468799963593483,0.011747199948877097,0.011440000031143427,0.004175158766635786,40.0,0.14000000059604645,0.17440000176429749,0.14408800080418588,0.1422720029950142,0.00714067575460334,20.0,0.016672000288963318,0.07718399912118912,0.03421679981984198,0.03947200067341328,0.01688177417971078,40,0.0751039981842041,0.20553599298000336,0.08389119915664196,0.07771200314164162,0.02792112433754765,20,0.03574400022625923,0.05936000123620033,0.037812800519168376,0.03678400069475174,0.004970325131492864,20,0.14483200013637543,0.1770240068435669,0.15031680092215538,0.14883200079202652,0.006441955022379493,20.0,0.32201600074768066,0.3463680148124695,0.32435359954833987,0.32337599992752075,0.005096374045993803,20,0.06489600241184235,0.0663679987192154,0.06565599963068962,0.06577600166201591,0.0005040251246518007,20,0.15795199573040009,0.1719679981470108,0.16339359879493714,0.16364800184965134,0.004405917262023187,20,0.08979199826717377,0.09151999652385712,0.0904959999024868,0.09040000289678574,0.00047062817340518784,20,0.017343999817967415,0.018271999433636665,0.017628799937665463,0.017583999782800674,0.0002375123782016792,20,0.045152001082897186,0.04956800118088722,0.0471840001642704,0.047199999913573265,0.0012750906132102155,20,16,16,2048,10944,102400,True,False,False,2752,1,2048,10944,generic,generic,2816,,CUDA_EVENT,BF16,none
0.009344000369310379,0.0360959991812706,0.011927200038917363,0.011888000182807446,0.004359763485302779,40.0,0.13875199854373932,0.17520000040531158,0.14276639893651008,0.14075200259685516,0.007578019860118716,20.0,0.016672000288963318,0.0719359964132309,0.033939999900758265,0.03944000042974949,0.016693275582354658,40,0.07497599720954895,0.20608000457286835,0.08328640051186084,0.07700799778103828,0.028185131740344396,20,0.035551998764276505,0.056703999638557434,0.03780639991164207,0.03697600029408932,0.004384390902836539,20,0.14348800480365753,0.17801600694656372,0.1479616016149521,0.14639999717473984,0.007072476028994316,20.0,0.3176639974117279,0.34544000029563904,0.3211247995495796,0.3189600110054016,0.0068348532248183064,20,0.06361600011587143,0.06496000289916992,0.06431840062141418,0.06441599875688553,0.0004688275762171241,20,0.15747199952602386,0.17110399901866913,0.1617791995406151,0.1605440005660057,0.0035700645555991903,20,0.0870399996638298,0.0891840010881424,0.08768480084836483,0.08750400319695473,0.00047992240262308475,20,0.01724799908697605,0.01820800080895424,0.017516800295561553,0.017456000670790672,0.0002439989048685969,20,0.049855999648571014,0.05423999950289726,0.05138239990919828,0.051311999559402466,0.0010996132183884477,20,16,16,2048,10944,102400,True,False,False,2720,1,2048,10944,generic,generic,2816,,CUDA_EVENT,BF16,none
0.009312000125646591,0.03593600168824196,0.011932800011709332,0.011776000261306763,0.004367143322034707,40.0,0.13699199259281158,0.17212800681591034,0.1406319983303547,0.13886399567127228,0.007347872733119228,20.0,0.016575999557971954,0.07081600278615952,0.03383360006846488,0.039168001152575016,0.01667296628831576,40,0.07472000271081924,0.20339199900627136,0.08323359973728657,0.07694399729371071,0.027581724974410745,20,0.03625600039958954,0.05612799897789955,0.037820799835026266,0.03667199984192848,0.004228372059693796,20,0.14246399700641632,0.1754560023546219,0.14633120074868203,0.14502399414777756,0.00679107046849846,20.0,0.33750399947166443,0.36444801092147827,0.34362560212612153,0.3423679918050766,0.005637427093604843,20,0.062272001057863235,0.06400000303983688,0.06297599971294403,0.0628800019621849,0.0005175697885387156,20,0.15760000050067902,0.17078399658203125,0.1608607992529869,0.16043199598789215,0.003392224080164326,20,0.0896959975361824,0.09136000275611877,0.09026080071926117,0.09019200131297112,0.0004095853673666716,20,0.01692800037562847,0.01772800087928772,0.017287999950349332,0.01727999933063984,0.00020411768545040726,20,0.045823998749256134,0.05023999884724617,0.04808319993317127,0.04806400090456009,0.0010560194233297793,20,16,16,2048,10944,102400,True,False,False,2688,1,2048,10944,generic,generic,2816,,CUDA_EVENT,BF16,none
0.009312000125646591,0.033663999289274216,0.011793600022792816,0.011775999795645475,0.004114401981886771,40.0,0.1340479999780655,0.16672000288963318,0.13808320015668868,0.13646399974822998,0.006733426507153581,20.0,0.01664000004529953,0.07020799815654755,0.03376559973694384,0.038047999143600464,0.01655575256404619,40,0.07459200173616409,0.2046400010585785,0.08289120011031628,0.07679999992251396,0.027949361991671962,20,0.03526400029659271,0.059647999703884125,0.03807839993387461,0.03702399879693985,0.004996279855320127,20,0.14025600254535675,0.17552000284194946,0.14436959996819496,0.1427999958395958,0.00726543437564087,20.0,0.340256005525589,0.3694080114364624,0.3450959980487823,0.34328000247478485,0.006148874651690811,20,0.061824001371860504,0.06307200342416763,0.06241760049015284,0.06257599964737892,0.0003737944688097505,20,0.15785600244998932,0.17110399901866913,0.16675039976835251,0.1676959991455078,0.0034458140479790783,20,0.08329600095748901,0.08633600175380707,0.08418879956007004,0.08403199911117554,0.0006804725793032362,20,0.016767999157309532,0.018112000077962875,0.017207999899983405,0.017231999896466732,0.00028367876092375943,20,0.050016000866889954,0.05488000065088272,0.052083199843764305,0.05172799900174141,0.0011886351904618218,20,16,16,2048,10944,102400,True,False,False,2656,1,2048,10944,generic,generic,2816,,CUDA_EVENT,BF16,none
0.009184000082314014,0.036159999668598175,0.011785600101575255,0.011776000261306763,0.004353400835708538,40.0,0.13344000279903412,0.16953599452972412,0.13696959987282753,0.13475200533866882,0.007595534909897789,20.0,0.016575999557971954,0.0719359964132309,0.03376559992320836,0.039407999254763126,0.01658603067072008,40,0.07446400076150894,0.2083200067281723,0.08280320055782794,0.0761759988963604,0.028818268294992146,20,0.03577600046992302,0.05708799883723259,0.03821120001375675,0.037248000502586365,0.004393902674707699,20,0.1380160003900528,0.1746239960193634,0.14244800060987473,0.14083200693130493,0.007551697045242597,20.0,0.33900800347328186,0.3668479919433594,0.34439360052347184,0.3439359962940216,0.005579444620421191,20,0.060575999319553375,0.06230400130152702,0.06158399973064661,0.06159999966621399,0.0004806930154219755,20,0.15907199680805206,0.17865599691867828,0.1705551989376545,0.1706399992108345,0.0047258092345249985,20,0.08975999802350998,0.09136000275611877,0.09029760025441647,0.09030400216579437,0.00037050995027330225,20,0.01648000068962574,0.017664000391960144,0.016844800021499396,0.016815999522805214,0.00026415028369187614,20,0.04729599878191948,0.05004800111055374,0.048747199960052966,0.0487040001899004,0.0007504860142656693,20,16,16,2048,10944,102400,True,False,False,2624,1,2048,10944,generic,generic,2816,,CUDA_EVENT,BF16,none
0.009375999681651592,0.03612799942493439,0.01208639987744391,0.012192000169306993,0.004411877399006368,40.0,0.1305920034646988,0.1650879979133606,0.13486560061573982,0.13339199870824814,0.007068005458869308,20.0,0.016831999644637108,0.07052800059318542,0.03382879989221692,0.03924800083041191,0.01636109887895917,40,0.07440000027418137,0.20502400398254395,0.0825728002935648,0.07622399926185608,0.028107962600490616,20,0.03519999980926514,0.06147199869155884,0.040145599842071535,0.03972800076007843,0.005267635981777687,20,0.1343040019273758,0.17100800573825836,0.13959200084209442,0.13830400258302689,0.007381672878125745,20.0,0.294624000787735,0.32051199674606323,0.29832000136375425,0.29574400186538696,0.0073296008241553355,20,0.06147199869155884,0.06284800171852112,0.06221919991075993,0.06241599842905998,0.000476604294029455,20,0.1955520063638687,0.22377599775791168,0.2083696000277996,0.2077760025858879,0.006312978690206341,20,0.0791039988398552,0.08137600123882294,0.08007359988987446,0.07979199662804604,0.0006475623883278368,20,0.01651199907064438,0.01708799973130226,0.01677759997546673,0.016783999279141426,0.00014025360931430443,20,0.043007999658584595,0.048448000103235245,0.044993599876761436,0.044735999777913094,0.0017630947137967817,20,16,16,2048,10944,102400,True,False,False,2592,1,2048,10944,generic,generic,2816,,CUDA_EVENT,BF16,none
0.009279999881982803,0.03728000074625015,0.011900000018067658,0.01208000024780631,0.004592424823539655,40.0,0.13007999956607819,0.16828800737857819,0.13400960117578506,0.1319359987974167,0.007991418334946368,20.0,0.01583999954164028,0.07184000313282013,0.03316079988144338,0.039024000987410545,0.016732741628078644,40,0.0735040009021759,0.2056639939546585,0.0819072000682354,0.07566400244832039,0.028400400418826004,20,0.03254399821162224,0.05552000179886818,0.039575999975204466,0.035280000418424606,0.007815517177907107,20,0.14560000598430634,0.17177599668502808,0.16503680050373076,0.16734400391578674,0.006335146260035918,20.0,0.3136320114135742,0.31862398982048035,0.3157552003860474,0.3155840039253235,0.0010852290065568794,20,0.060736000537872314,0.06195199862122536,0.06130400002002716,0.06111999973654747,0.00045060676683313826,20,0.14467200636863708,0.1470080018043518,0.1457904025912285,0.1456800028681755,0.0007363801675110967,20,0.07811199873685837,0.07923199981451035,0.07866399995982647,0.07864000275731087,0.0003665183289555494,20,0.01603199914097786,0.016672000288963318,0.016358399856835605,0.0163199994713068,0.00017544656253741867,20,0.041471999138593674,0.04275200143456459,0.04194080028682947,0.04179200157523155,0.00038510170492513963,20,16,16,2048,10944,102400,True,False,False,2560,1,2048,10944,generic,generic,2816,,CUDA_EVENT,BF16,none
0.009375999681651592,0.035999998450279236,0.01213999988976866,0.012480000033974648,0.004368572305157794,40.0,0.1281919926404953,0.1626559942960739,0.1318527989089489,0.13024000078439713,0.007173271370558664,20.0,0.01587199978530407,0.06908799707889557,0.032214400032535194,0.038896000012755394,0.01578222535290287,40,0.07356800138950348,0.20204800367355347,0.0817647997289896,0.07544000074267387,0.027613613327114844,20,0.03311999887228012,0.05737600103020668,0.043988799676299095,0.04553600028157234,0.009281441905203571,20,0.15804800391197205,0.17107200622558594,0.1657584011554718,0.16601600497961044,0.0028602080111023503,20.0,0.31404799222946167,0.3189760148525238,0.31616000086069107,0.31632000207901,0.0013529243407468799,20,0.0597120001912117,0.06092799827456474,0.060260800272226335,0.0602400004863739,0.0003809575076906317,20,0.14022399485111237,0.14230400323867798,0.14111520051956178,0.14105600118637085,0.0006347217221550098,20,0.0793600007891655,0.08099199831485748,0.07989120110869408,0.07972800359129906,0.00048502886869116477,20,0.016095999628305435,0.017055999487638474,0.01642719991505146,0.016416000202298164,0.00023346279045745783,20,0.04211200028657913,0.04335999861359596,0.04262559991329908,0.042479999363422394,0.00042410226262499715,20,16,16,2048,10944,102400,True,False,False,2528,1,2048,10944,generic,generic,2816,,CUDA_EVENT,BF16,none
0.008832000195980072,0.03372799977660179,0.011110399942845106,0.01092799985781312,0.004138449958801059,40.0,0.12598399817943573,0.16204799711704254,0.13018880113959314,0.12859199941158295,0.00742640824855508,20.0,0.01571200042963028,0.07068800181150436,0.032980800094082954,0.03915200009942055,0.016635341784804487,40,0.07283200323581696,0.20412799715995789,0.08313920013606549,0.07534400001168251,0.028675757897738307,20,0.03235200047492981,0.05536000058054924,0.04080800004303455,0.03699200041592121,0.008632345276514169,20,0.13676799833774567,0.16582399606704712,0.16005119904875756,0.16315200179815292,0.006745995023339411,20.0,0.31990399956703186,0.32313600182533264,0.32117599695920945,0.3209279924631119,0.0009794755779760922,20,0.05926400050520897,0.060575999319553375,0.05990880038589239,0.05998400039970875,0.00043704013230350553,20,0.14425599575042725,0.14732800424098969,0.14544960036873816,0.14534400403499603,0.0007666721085074814,20,0.07964800298213959,0.08108799904584885,0.0801695991307497,0.08004799857735634,0.00044698129760797537,20,0.01600000075995922,0.017216000705957413,0.016420800238847733,0.01635199971497059,0.00030210356023932695,20,0.04118400067090988,0.04243199899792671,0.041601599752902986,0.04148799926042557,0.0003625298602798496,20,16,16,2048,10944,102400,True,False,False,2496,1,2048,10944,generic,generic,2816,,CUDA_EVENT,BF16,none
0.008767999708652496,0.03606399893760681,0.011174399917945266,0.011247999966144562,0.004518617398658553,40.0,0.12396799772977829,0.1581439971923828,0.12804319933056832,0.12612800300121307,0.007059081025496092,20.0,0.015584000386297703,0.0684799998998642,0.03110240015666932,0.041280001401901245,0.014843140599637207,40,0.07311999797821045,0.21244800090789795,0.08156000077724457,0.07476800307631493,0.030039097117017875,20,0.033663999289274216,0.05721599981188774,0.04780799988657236,0.04936000145971775,0.006466858648783571,20,0.15164799988269806,0.1674560010433197,0.16059680134058,0.1608320027589798,0.002937929491896468,20.0,0.3195840120315552,0.32396799325942993,0.32128479778766633,0.3208959996700287,0.001322463858450988,20,0.05843200162053108,0.05987200140953064,0.059043200127780436,0.05891199968755245,0.0004391000705379598,20,0.1401599943637848,0.1422400027513504,0.1411568008363247,0.14112000167369843,0.0005639890493701958,20,0.07891199737787247,0.08054400235414505,0.07962080053985118,0.07950400188565254,0.00048056291805817226,20,0.01600000075995922,0.016736000776290894,0.016188799776136874,0.01611199975013733,0.00017957105751382265,20,0.04179200157523155,0.043168000876903534,0.04221440013498068,0.042047999799251556,0.00039003292486128603,20,16,16,2048,10944,102400,True,False,False,2464,1,2048,10944,generic,generic,2816,,CUDA_EVENT,BF16,none
0.008608000352978706,0.03494400158524513,0.011052800109609962,0.010848000179976225,0.004401825611303134,40.0,0.12227199971675873,0.15724800527095795,0.1257264006882906,0.12390400096774101,0.007351902482751426,20.0,0.01548799965530634,0.07119999825954437,0.03298959990497678,0.03867200016975403,0.016717455663789748,40,0.07257600128650665,0.20150400698184967,0.08107520081102848,0.07470400258898735,0.027644579708364963,20,0.03232000023126602,0.05526399984955788,0.03747039996087551,0.03497599996626377,0.006904221429919704,20,0.13052800297737122,0.1632000058889389,0.1554832011461258,0.15832000225782394,0.008107750226294373,20.0,0.32969599962234497,0.3362239897251129,0.333201602101326,0.33321601152420044,0.001821879878367444,20,0.056992001831531525,0.05817599967122078,0.057502399757504465,0.057471999898552895,0.0003647824457873982,20,0.14451199769973755,0.1536639928817749,0.14722079932689666,0.145967997610569,0.002736799969368207,20,0.07983999699354172,0.081727996468544,0.08036799877882003,0.08020799979567528,0.0004718779561292507,20,0.015776000916957855,0.016672000288963318,0.016007999889552593,0.01595200039446354,0.00020235413204466933,20,0.04105599969625473,0.0432640016078949,0.04167519994080067,0.041519999504089355,0.0005708459193366296,20,16,16,2048,10944,102400,True,False,False,2432,1,2048,10944,generic,generic,2816,,CUDA_EVENT,BF16,none
0.008832000195980072,0.039423998445272446,0.011233599949628114,0.010928000323474407,0.004920461254789322,40.0,0.11961600184440613,0.18384000658988953,0.12523200139403343,0.121824000030756,0.013542843897248795,20.0,0.015519999898970127,0.07731200009584427,0.03249040013179183,0.04310400038957596,0.016576354494699626,40,0.07235199958086014,0.27955201268196106,0.09679840095341205,0.07415999844670296,0.053228600838835106,20,0.050303999334573746,0.06963200122117996,0.05383039992302656,0.052799999713897705,0.0038279493625253797,20,0.15673600137233734,0.22915199398994446,0.163001599162817,0.15889599919319153,0.0153739310148615,20.0,0.3025600016117096,0.324319988489151,0.3061647996306419,0.30508799850940704,0.00457463438818603,20,0.05648000165820122,0.058111999183893204,0.05736319981515407,0.05737600103020668,0.0005183996885660805,20,0.13894400000572205,0.1414400041103363,0.1401519998908043,0.14004799723625183,0.000633963232993218,20,0.07900799810886383,0.08105599880218506,0.0799184001982212,0.07991999760270119,0.0005141433327562814,20,0.015519999898970127,0.016287999227643013,0.01584160001948476,0.015807999297976494,0.00023152498866724463,20,0.041439998894929886,0.04262400045990944,0.04190719984471798,0.04182399995625019,0.0003836533232930215,20,16,16,2048,10944,102400,True,False,False,2400,1,2048,10944,generic,generic,2816,,CUDA_EVENT,BF16,none
0.008736000396311283,0.0323840007185936,0.010832800064235926,0.01080000028014183,0.003949310883477011,40.0,0.11820799857378006,0.1518400013446808,0.12163040041923523,0.11993599683046341,0.007027374194373933,20.0,0.015744000673294067,0.06915199756622314,0.03189440011046827,0.038496000692248344,0.015626357394747385,40,0.0713919997215271,0.2025279998779297,0.07956799976527691,0.07316799834370613,0.028224760990205516,20,0.03209599852561951,0.05443200096487999,0.04822719991207123,0.05084799975156784,0.006072787032581975,20,0.15014399588108063,0.1627199947834015,0.15619839876890182,0.15588799864053726,0.00228022453443661,20.0,0.3331199884414673,0.3415679931640625,0.3360223978757858,0.3357760012149811,0.0020770716939581373,20,0.05536000058054924,0.05657599866390228,0.05594560019671917,0.05584000051021576,0.0003894411791265271,20,0.14047999680042267,0.14339199662208557,0.14179039970040322,0.14179199934005737,0.0007615372097148771,20,0.07887999713420868,0.08079999685287476,0.07975840084254741,0.0796000026166439,0.0005046954476305788,20,0.015296000055968761,0.016224000602960587,0.01564160007983446,0.015584000386297703,0.00028596615537957056,20,0.04041599854826927,0.04179200157523155,0.04087839983403683,0.040672000497579575,0.0004142089619199026,20,16,16,2048,10944,102400,True,False,False,2368,1,2048,10944,generic,generic,2816,,CUDA_EVENT,BF16,none
0.008576000109314919,0.03440000116825104,0.010941599984653294,0.01080000028014183,0.004306166949733687,40.0,0.11644800007343292,0.15164799988269806,0.12003199979662896,0.11774400249123573,0.007379563535287806,20.0,0.015359999611973763,0.06716799736022949,0.030476800026372076,0.03735999949276447,0.014621324307965453,40,0.07027199864387512,0.20483200252056122,0.08336960040032863,0.07327999919652939,0.029886511992110624,20,0.05027199909090996,0.05632000043988228,0.05242720022797585,0.052352000027894974,0.0011331016332213114,20,0.1494079977273941,0.15807999670505524,0.1541296012699604,0.1539039984345436,0.001965187976268354,20.0,0.3022080063819885,0.30713599920272827,0.3035136014223099,0.303056001663208,0.0012509743593686012,20,0.05503999814391136,0.05651199817657471,0.055609599500894544,0.05556799843907356,0.0003807325790483306,20,0.13811199367046356,0.1398719996213913,0.13899840116500856,0.13886400312185287,0.0005038454519424296,20,0.07891199737787247,0.08086399734020233,0.07958240024745464,0.07945600152015686,0.0005038833710891953,20,0.015135999768972397,0.016224000602960587,0.0154704000800848,0.015407999977469444,0.0002727473277321801,20,0.041120000183582306,0.04255999997258186,0.04170560017228127,0.04161600023508072,0.0004146568211483782,20,16,16,2048,10944,102400,True,False,False,2336,1,2048,10944,generic,generic,2816,,CUDA_EVENT,BF16,none
0.00863999966531992,0.033695999532938004,0.01080320009496063,0.010768000036478043,0.004177524867725268,40.0,0.1143679991364479,0.1480959951877594,0.11806879974901677,0.11631999909877777,0.007059508592867423,20.0,0.016416000202298164,0.07171200215816498,0.032724800147116186,0.03814399987459183,0.0158974871072135,40,0.07206399738788605,0.21279999613761902,0.09998399950563908,0.08940799906849861,0.02937922603442109,20,0.04934399947524071,0.05967999994754791,0.05090559981763363,0.050175998359918594,0.0022872860999602314,20,0.15078400075435638,0.15936000645160675,0.1533056005835533,0.15271999686956406,0.001971590941558367,20.0,0.29708799719810486,0.30191999673843384,0.2990096002817154,0.29867200553417206,0.0014073991809084774,20,0.0551999993622303,0.05686400085687637,0.05608480013906956,0.05593600124120712,0.0005137246993083129,20,0.12812800705432892,0.1303360015153885,0.1291919991374016,0.12905599921941757,0.0006894397712019881,20,0.07196799665689468,0.07340800017118454,0.0725167989730835,0.07238399982452393,0.0004311431432225531,20,0.015424000099301338,0.016224000602960587,0.015657600201666354,0.015552000142633915,0.00023820137667827275,20,0.038816001266241074,0.04064000025391579,0.03939199987798929,0.03921600058674812,0.00047485234862521187,20,16,16,2048,10944,102400,True,False,False,2304,1,2048,10944,generic,generic,2816,,CUDA_EVENT,BF16,none
0.00854399986565113,0.03561599925160408,0.010936800041235983,0.01065600011497736,0.004466622709958093,40.0,0.11327999830245972,0.15062400698661804,0.1171135999262333,0.11552000045776367,0.0078015898183016975,20.0,0.016095999628305435,0.06643199920654297,0.030913599766790867,0.03726400062441826,0.014193183208034914,40,0.07609599828720093,0.20297600328922272,0.10237759985029697,0.09958399832248688,0.02667252617732753,20,0.04960000142455101,0.05788800120353699,0.051038399897515775,0.0504320003092289,0.001748660995883309,20,0.14918400347232819,0.1541759967803955,0.1515007995069027,0.15147200226783752,0.0013180884421202569,20.0,0.2972800135612488,0.30079999566078186,0.29923839718103407,0.2993919998407364,0.0009949169904956623,20,0.05459199845790863,0.05603199824690819,0.05545599982142448,0.05555200017988682,0.0004043921826451123,20,0.1284479945898056,0.13052800297737122,0.12923040017485618,0.12915199995040894,0.0005363682399309699,20,0.07168000191450119,0.07337599992752075,0.07237439900636673,0.07225599884986877,0.00045323720418030753,20,0.015104000456631184,0.01603199914097786,0.015355199994519352,0.015312000177800655,0.00020371570075362362,20,0.03884800150990486,0.04032000154256821,0.0393503999337554,0.03924800083041191,0.00042357410467612174,20,16,16,2048,10944,102400,True,False,False,2272,1,2048,10944,generic,generic,2816,,CUDA_EVENT,BF16,none
0.008608000352978706,0.03292800113558769,0.010727199981920421,0.010655999649316072,0.004081439770491627,40.0,0.11126399785280228,0.14774399995803833,0.11515519954264164,0.11339199915528297,0.007613824295195847,20.0,0.015072000212967396,0.07363200187683105,0.03308719999622554,0.03923200070858002,0.017501672253051576,40,0.07676800340414047,0.20508800446987152,0.10553280040621757,0.0992640033364296,0.026739561257367903,20,0.04931199923157692,0.055135998874902725,0.051073599979281424,0.05073599889874458,0.0014788181797991955,20,0.14681600034236908,0.15516799688339233,0.1501919984817505,0.1499839946627617,0.00203946987435694,20.0,0.2956160008907318,0.3001599907875061,0.2977855995297432,0.29792000353336334,0.0011523781105019645,20,0.05407999828457832,0.05532800033688545,0.05467199981212616,0.05463999882340431,0.0003991033598909141,20,0.12835200130939484,0.13036799430847168,0.12910400032997132,0.1289920061826706,0.0005402693294836092,20,0.07158400118350983,0.07292799651622772,0.07207360081374645,0.0719039998948574,0.00043982228909820423,20,0.014911999925971031,0.01548799965530634,0.015151999983936548,0.01515199989080429,0.00017773684584599202,20,0.03872000053524971,0.04028800129890442,0.03929120022803545,0.039103999733924866,0.000491830375466727,20,16,16,2048,10944,102400,True,False,False,2240,1,2048,10944,generic,generic,2816,,CUDA_EVENT,BF16,none
0.008383999578654766,0.033504001796245575,0.010697600059211254,0.010559999849647284,0.004199536640342293,40.0,0.10902400314807892,0.14844800531864166,0.11395040005445481,0.1119999997317791,0.008041445568162579,20.0,0.01500799972563982,0.06812799721956253,0.030550399981439113,0.03798399865627289,0.014470391784108786,40,0.0987199991941452,0.2125760018825531,0.12302080057561397,0.11742400005459785,0.023683338010901663,20,0.049247998744249344,0.05344000086188316,0.05070239994674921,0.05031999945640564,0.0010781426778111928,20,0.1449279934167862,0.15216000378131866,0.14816319793462754,0.14820799976587296,0.0018109553385310308,20.0,0.2784000039100647,0.2865599989891052,0.28167679756879804,0.28175999224185944,0.0022901691856643284,20,0.05344000086188316,0.055135998874902725,0.05411520041525364,0.05393600091338158,0.00047806501054846007,20,0.1276160031557083,0.12998400628566742,0.12881120070815086,0.12879999727010727,0.0006537154063201718,20,0.0713919997215271,0.07276800274848938,0.07184320092201232,0.0716640017926693,0.0004355884124345247,20,0.014751999638974667,0.01548799965530634,0.014987199939787388,0.014879999682307243,0.00020990506709846044,20,0.038656000047922134,0.039872001856565475,0.03905760031193495,0.03891200013458729,0.0003863230186043376,20,16,16,2048,10944,102400,True,False,False,2208,1,2048,10944,generic,generic,2816,,CUDA_EVENT,BF16,none
0.008415999822318554,0.03574400022625923,0.011241599987260997,0.011376000009477139,0.004513589587470529,40.0,0.10803200304508209,0.15238399803638458,0.1126240000128746,0.11031999811530113,0.009263081891364516,20.0,0.018592000007629395,0.07996799796819687,0.03603119985200465,0.04171200096607208,0.016990091547590843,40,0.07126399874687195,0.8207359910011292,0.1418928001075983,0.09838400036096573,0.158147353483812,20,0.04931199923157692,0.06540799885988235,0.05153119973838329,0.050783999264240265,0.00327813827319197,20,0.14371199905872345,0.16729600727558136,0.1478272020816803,0.14670400321483612,0.004823616667538417,20.0,0.2972800135612488,0.30668801069259644,0.30161760151386263,0.30190399289131165,0.002097561511833134,20,0.051711998879909515,0.05302400141954422,0.0521375996991992,0.05206400156021118,0.00037837221477143683,20,0.12780800461769104,0.13043199479579926,0.12884479835629464,0.12863999605178833,0.0006624389971305687,20,0.07107199728488922,0.07238399982452393,0.07153279893100262,0.07134399935603142,0.0004482745038084074,20,0.014592000283300877,0.015168000012636185,0.014785599987953901,0.01473599998280406,0.0001780175342344461,20,0.03859199956059456,0.03984000161290169,0.038985600136220454,0.03876800090074539,0.0004132959432771729,20,16,16,2048,10944,102400,True,False,False,2176,1,2048,10944,generic,generic,2816,,CUDA_EVENT,BF16,none
0.008383999578654766,0.03625600039958954,0.011027200031094253,0.011087999679148197,0.00461965645983135,40.0,0.10534399747848511,0.1502079963684082,0.11041920036077499,0.10793600231409073,0.009217656863254702,20.0,0.016448000445961952,0.06659200042486191,0.03158400016836822,0.03694400005042553,0.013209486043602165,40,0.09161599725484848,0.20508800446987152,0.11772000081837178,0.10942399874329567,0.029982367522929577,20,0.04927999898791313,0.05696000158786774,0.051184000074863435,0.050416000187397,0.0019714313368522636,20,0.14054399728775024,0.18492799997329712,0.14792320057749747,0.1457120031118393,0.009136543088246744,20.0,0.30268800258636475,0.31171199679374695,0.305518402159214,0.3051680028438568,0.002507898030496186,20,0.050624001771211624,0.05225599929690361,0.05140160024166107,0.0512159988284111,0.0004948216674470821,20,0.12809599936008453,0.12943999469280243,0.12874080017209052,0.12881600111722946,0.0004072017885647877,20,0.07161600142717361,0.07526399940252304,0.07275199964642524,0.07264000177383423,0.0008735759212804204,20,0.014368000440299511,0.01539199985563755,0.014731199992820621,0.014719999860972166,0.0002503935240386118,20,0.038495998829603195,0.039583999663591385,0.03886559996753931,0.03867200016975403,0.0003824603057934689,20,16,16,2048,10944,102400,True,False,False,2144,1,2048,10944,generic,generic,2816,,CUDA_EVENT,BF16,none
0.0081599997356534,0.035711999982595444,0.010944000002928079,0.010879999957978725,0.00454339721360854,40.0,0.10499200224876404,0.14761599898338318,0.10896159932017327,0.1072319969534874,0.008943553275777782,20.0,0.014720000326633453,0.06220800057053566,0.028423199988901617,0.03491200041025877,0.012937814976131914,40,0.11795199662446976,0.20758399367332458,0.14882719926536084,0.1414240002632141,0.02119068940127263,20,0.04896000027656555,0.05164799839258194,0.05001759957522154,0.04979199916124344,0.0007421981847759878,20,0.13993600010871887,0.15401600301265717,0.14503679946064948,0.14444800466299057,0.0036034802228145195,20.0,0.27427199482917786,0.27823999524116516,0.2765392020344734,0.2767679989337921,0.0009635800706511435,20,0.051231998950242996,0.05273599922657013,0.05175039991736412,0.051552001386880875,0.00040787093904939126,20,0.1266240030527115,0.12883199751377106,0.12786559909582138,0.1279360055923462,0.0005726657869453193,20,0.07369600236415863,0.07612799853086472,0.07424159981310367,0.07409599795937538,0.0005705937986592039,20,0.01414399966597557,0.014911999925971031,0.014355200063437223,0.014303999952971935,0.00017857026841256742,20,0.038176000118255615,0.03951999917626381,0.03867680002003908,0.03855999931693077,0.00037032657225372393,20,16,16,2048,10944,102400,True,False,False,2112,1,2048,10944,generic,generic,2816,,CUDA_EVENT,BF16,none
0.0081599997356534,0.03484800085425377,0.010747199971228838,0.010912000201642513,0.00444977552601944,40.0,0.10396800190210342,0.14844800531864166,0.10779680088162422,0.10569600015878677,0.00937580595324111,20.0,0.01500799972563982,0.06268800050020218,0.028458399837836622,0.034688000567257404,0.012988642668565914,40,0.13072000443935394,0.21804800629615784,0.15653279945254325,0.15271999686956406,0.02121838319807435,20,0.04927999898791313,0.05331199988722801,0.050652800127863884,0.050544001162052155,0.0008759413362440646,20,0.13663999736309052,0.1510400027036667,0.14476319923996925,0.1446079984307289,0.003311917927322468,20.0,0.2780799865722656,0.28303998708724976,0.27972799688577654,0.27961599826812744,0.0012261677361140929,20,0.04931199923157692,0.05071999877691269,0.04998719934374094,0.049775999039411545,0.0003938604984950857,20,0.1263040006160736,0.12956799566745758,0.1282048001885414,0.1281599998474121,0.0007475538971730915,20,0.06774400174617767,0.07046400010585785,0.06833439953625202,0.06812799721956253,0.0005823192017011343,20,0.014271999709308147,0.014944000169634819,0.01457279995083809,0.014543999917805195,0.00017567971120546877,20,0.03827200084924698,0.039455998688936234,0.0387040002271533,0.038575999438762665,0.00036281565015240116,20,16,16,2048,10944,102400,True,False,False,2080,1,2048,10944,generic,generic,2816,,CUDA_EVENT,BF16,none
0.008063999935984612,0.03440000116825104,0.01053520010318607,0.010400000028312206,0.004323669639201174,40.0,0.10134399682283401,0.1472640037536621,0.10607360042631626,0.10422400012612343,0.00954189755660152,20.0,0.014655999839305878,0.0642239972949028,0.028118399949744344,0.03480000048875809,0.013081710205441986,40,0.14998400211334229,0.2239679992198944,0.17653120011091233,0.1720159947872162,0.017845508688968892,20,0.046720001846551895,0.05724800005555153,0.04840159974992275,0.04809599928557873,0.002161847510333405,20,0.137472003698349,0.14716799557209015,0.14216799959540366,0.14187199622392654,0.003150934151438654,20.0,0.27430400252342224,0.28012800216674805,0.27625440061092377,0.2760320007801056,0.001464030612688677,20,0.04966399818658829,0.05097600072622299,0.050233599916100505,0.05020800046622753,0.0004437056875735672,20,0.1149120032787323,0.11708799749612808,0.11604160107672215,0.11584000289440155,0.0005490676842292176,20,0.06400000303983688,0.06623999774456024,0.06467359960079193,0.0644799992442131,0.0005808214354590655,20,0.013376000337302685,0.013824000023305416,0.013560000015422702,0.013535999692976475,0.00012010662506841572,20,0.03532800078392029,0.03670400008559227,0.03574559986591339,0.03553599864244461,0.0004467954319547246,20,16,16,2048,10944,102400,True,False,False,2048,1,2048,10944,generic,generic,2816,,CUDA_EVENT,BF16,none
0.008352000266313553,0.03436800092458725,0.010628800047561527,0.010463999584317207,0.004304158039869664,40.0,0.10147199779748917,0.14591999351978302,0.10564320012927056,0.10384000092744827,0.009342016371437339,20.0,0.014560000039637089,0.06102399900555611,0.02807039991021156,0.03452800028026104,0.012856517408188817,40,0.15612800419330597,0.20243200659751892,0.17776639983057976,0.17583999782800674,0.012328564826001856,20,0.04623999819159508,0.05110400170087814,0.048038399778306484,0.04769599996507168,0.0012946998910079394,20,0.13808000087738037,0.15702399611473083,0.14353440031409265,0.14211200177669525,0.004530779563152284,20.0,0.2690240144729614,0.2826560139656067,0.2715056002140045,0.2707040011882782,0.002830156594319614,20,0.04841599985957146,0.04982399940490723,0.04920479990541935,0.04902400076389313,0.00042636642375283666,20,0.11526399850845337,0.1170239970088005,0.11583520025014878,0.11564800143241882,0.0004895343444960708,20,0.06787200272083282,0.0700799971818924,0.06856320090591908,0.06843199953436852,0.000601769727305144,20,0.01398400031030178,0.01462399959564209,0.014284800039604306,0.014271999709308147,0.00014289347818830905,20,0.0350399985909462,0.036320000886917114,0.03558720014989376,0.035440001636743546,0.00040234836914341876,20,16,16,2048,10944,102400,True,False,False,2032,1,2048,10944,generic,generic,2816,,CUDA_EVENT,BF16,none
0.008128000423312187,0.03500799834728241,0.010457600001245737,0.010304000228643417,0.004418597319105167,40.0,0.10156799852848053,0.14934399724006653,0.10545439943671227,0.10342399775981903,0.010121673202498462,20.0,0.015359999611973763,0.06313599646091461,0.028495199559256435,0.03511999920010567,0.012605221517556251,40,0.1791359931230545,0.22979199886322021,0.19529440104961396,0.19678400456905365,0.010788531093779401,20,0.046720001846551895,0.049695998430252075,0.04792800005525351,0.047807998955249786,0.0007377973167414995,20,0.1364479959011078,0.14956800639629364,0.14233120009303094,0.14126399904489517,0.003159297255848696,20.0,0.2545599937438965,0.2602880001068115,0.25764479488134384,0.25758399069309235,0.0014310277277342072,20,0.04940799996256828,0.0506879985332489,0.05007039979100227,0.049904000014066696,0.00043725387902863034,20,0.114656001329422,0.11750400066375732,0.11581919938325883,0.1156960017979145,0.0006768037778828754,20,0.0634239986538887,0.0647680014371872,0.06405280157923698,0.0639680027961731,0.0003622187765964936,20,0.013279999606311321,0.014271999709308147,0.013625599909573793,0.013551999814808369,0.00022686162142201492,20,0.03516799956560135,0.036448001861572266,0.03556799981743097,0.035472000017762184,0.00038045023462713814,20,16,16,2048,10944,102400,True,False,False,2016,1,2048,10944,generic,generic,2816,,CUDA_EVENT,BF16,none
0.008128000423312187,0.03484800085425377,0.010517599992454052,0.0104160001501441,0.00440996340736985,40.0,0.10041599720716476,0.150176003575325,0.10472639948129654,0.1021600030362606,0.010491175842175977,20.0,0.015968000516295433,0.06534399837255478,0.028756799921393395,0.0352960005402565,0.01250541903424431,40,0.15862399339675903,0.21395200490951538,0.18248800039291382,0.18200000375509262,0.015067988069502885,20,0.04652800038456917,0.0522879995405674,0.048244799859821795,0.047919999808073044,0.0014578893362262564,20,0.13676799833774567,0.151296004652977,0.14277280047535895,0.1412160024046898,0.004370845854074031,20.0,0.26950401067733765,0.2741439938545227,0.27140959948301313,0.2709919959306717,0.001311863024568648,20,0.047807998955249786,0.04902400076389313,0.048452799767255784,0.048496000468730927,0.00037280654478366495,20,0.11494400352239609,0.11680000275373459,0.11573759913444519,0.11587199941277504,0.0005537570582563415,20,0.06377600133419037,0.06521599739789963,0.06432479955255985,0.06420799717307091,0.00039390886767539757,20,0.013439999893307686,0.014175999909639359,0.013684800080955028,0.01360000018030405,0.0001993974294661176,20,0.035071998834609985,0.036320000886917114,0.035473599843680856,0.035360001027584076,0.00038393009230164733,20,16,16,2048,10944,102400,True,False,False,2000,1,2048,10944,generic,generic,2816,,CUDA_EVENT,BF16,none
0.007968000136315823,0.036159999668598175,0.010459999972954392,0.010143999941647053,0.004624997385405149,40.0,0.09974399954080582,0.1525759994983673,0.10404000096023083,0.10171199962496758,0.011177910978460364,20.0,0.016095999628305435,0.06579200178384781,0.02891599996946752,0.03540799953043461,0.012371954429300202,40,0.15516799688339233,0.2165759950876236,0.18294719904661177,0.18107199668884277,0.014784318769458925,20,0.04710400104522705,0.051872000098228455,0.048384000360965726,0.04782400093972683,0.0014061076829644406,20,0.1390399932861328,0.1502079963684082,0.1431887999176979,0.14185599982738495,0.0034237052666915434,20.0,0.274399995803833,0.2802239954471588,0.27680479884147646,0.2763199955224991,0.0019235248396881344,20,0.0480320006608963,0.04950400069355965,0.048686399683356286,0.048367999494075775,0.0005269298031072021,20,0.11456000059843063,0.11664000153541565,0.11559039987623691,0.11560000106692314,0.000501144953396132,20,0.06400000303983688,0.06803199648857117,0.06667679995298385,0.06705600023269653,0.0011183652048850894,20,0.013120000250637531,0.013663999736309052,0.013360000029206277,0.01336000021547079,0.00012659224579106686,20,0.0350399985909462,0.03606399893760681,0.03543040007352829,0.035312000662088394,0.00032908746752476157,20,16,16,2048,10944,102400,True,False,False,1984,1,2048,10944,generic,generic,2816,,CUDA_EVENT,BF16,none
0.008031999692320824,0.03478400036692619,0.01040960003156215,0.010224000085145235,0.004427996579371218,40.0,0.09811200201511383,0.1504960060119629,0.10349760055541993,0.1013759970664978,0.010856790941994546,20.0,0.015904000028967857,0.06483200192451477,0.028828800190240145,0.035472000017762184,0.012354677315014996,40,0.16451199352741241,0.23721599578857422,0.18704160004854203,0.18723200261592865,0.016827815252522194,20,0.04649600014090538,0.05081599950790405,0.04835199974477291,0.04782399907708168,0.0014083269671144396,20,0.13887999951839447,0.18777599930763245,0.14548320099711418,0.1432799994945526,0.010230556733390635,20.0,0.2709760069847107,0.2776640057563782,0.27436479926109314,0.2744320034980774,0.0016660585494581682,20,0.04681599885225296,0.04822399839758873,0.0475728003308177,0.047488000243902206,0.00039894591953649973,20,0.11484800279140472,0.11654400080442429,0.11555519998073578,0.11553600057959557,0.00038862571051901957,20,0.06364800035953522,0.06505600363016129,0.06409120187163353,0.06393600255250931,0.00037225691578199685,20,0.013120000250637531,0.01369599997997284,0.01341119995340705,0.013423999771475792,0.00015040005933745733,20,0.035071998834609985,0.03612799942493439,0.03539359960705042,0.03521599993109703,0.0003881740728598375,20,16,16,2048,10944,102400,True,False,False,1968,1,2048,10944,generic,generic,2816,,CUDA_EVENT,BF16,none
0.008191999979317188,0.03468799963593483,0.01035759998485446,0.010192000307142735,0.004412586368209305,40.0,0.09824000298976898,0.15382400155067444,0.10265760011970997,0.09993600100278854,0.01178619354689725,20.0,0.01600000075995922,0.062144000083208084,0.028944000136107206,0.035472000017762184,0.012382623252205524,40,0.18377600610256195,0.24428799748420715,0.1995776005089283,0.19859199970960617,0.011127920428376648,20,0.04620800167322159,0.051072001457214355,0.04799040015786886,0.04740799963474274,0.0013755945843990142,20,0.13577599823474884,0.1520639955997467,0.14285919815301895,0.14188799262046814,0.004333941385336967,20.0,0.2545599937438965,0.26262399554252625,0.2572816014289856,0.2574720084667206,0.0017537193564119034,20,0.048128001391887665,0.049375999718904495,0.0487951997667551,0.048815999180078506,0.00039442803908558026,20,0.11488000303506851,0.11657600104808807,0.11557919941842557,0.11548800021409988,0.00046989659379074127,20,0.06313599646091461,0.0650240033864975,0.06364479847252369,0.0634399987757206,0.0005434267445792214,20,0.013055999763309956,0.01375999953597784,0.013329599983990192,0.013311999849975109,0.00015127405531215027,20,0.03494400158524513,0.036320000886917114,0.035452799685299394,0.03532800078392029,0.00045468161605116805,20,16,16,2048,10944,102400,True,False,False,1952,1,2048,10944,generic,generic,2816,,CUDA_EVENT,BF16,none
0.00800000037997961,0.03782400116324425,0.010396799934096635,0.010096000041812658,0.004873174621667425,40.0,0.09731200337409973,0.15609599649906158,0.10247679986059666,0.0997919999063015,0.012348232363191628,20.0,0.015168000012636185,0.059776000678539276,0.027076800353825092,0.033568000420928,0.01096256823933443,40,0.18569600582122803,0.27510398626327515,0.20071519836783408,0.19846399873495102,0.017672651064152924,20,0.04649600014090538,0.054336000233888626,0.04855199996381998,0.04795200005173683,0.002040056323687048,20,0.13551999628543854,0.17632000148296356,0.14430079907178878,0.1414399966597557,0.00840328449074496,20.0,0.25705599784851074,0.26342400908470154,0.25927680283784865,0.25889600813388824,0.0015027901613169899,20,0.047488000243902206,0.048895999789237976,0.04820479974150658,0.04814399965107441,0.000445409389751014,20,0.11472000181674957,0.11724799871444702,0.11561920046806336,0.11548800021409988,0.0006010462951690003,20,0.06345599889755249,0.0647680014371872,0.06391840055584908,0.06376000121235847,0.00041973423205488594,20,0.013024000450968742,0.013728000223636627,0.013247999968007207,0.013232000172138214,0.00017902852082898519,20,0.03494400158524513,0.03619199991226196,0.035385600104928014,0.03526400029659271,0.00037613260839073124,20,16,16,2048,10944,102400,True,False,False,1936,1,2048,10944,generic,generic,2816,,CUDA_EVENT,BF16,none
0.00800000037997961,0.0363520011305809,0.010384000069461764,0.010128000285476446,0.004647899647807092,40.0,0.09644799679517746,0.1496960073709488,0.10140800029039383,0.09886400029063225,0.01113101198472984,20.0,0.013504000380635262,0.06191999837756157,0.028317599929869174,0.03439999930560589,0.014240910225620233,40,0.1937599927186966,0.24713599681854248,0.20235520005226135,0.19969600439071655,0.011014417923989427,20,0.04684799909591675,0.05183999985456467,0.048359999991953374,0.048207998275756836,0.0013389191291011068,20,0.1369280070066452,0.15379199385643005,0.14352000132203102,0.14240000396966934,0.0043565959829144595,20.0,0.25356799364089966,0.2629759907722473,0.25625759810209275,0.2558719962835312,0.0019518548116650213,20,0.046271998435258865,0.047488000243902206,0.04683040007948876,0.04673600010573864,0.00037963875995760695,20,0.11423999816179276,0.11628799885511398,0.11510560028254986,0.11495999991893768,0.0005580740946989975,20,0.060095999389886856,0.06207999959588051,0.061163199879229066,0.061055999249219894,0.00045864776561099004,20,0.013407999649643898,0.014240000396966934,0.013739200122654439,0.01369599997997284,0.00023521091011740366,20,0.03471999987959862,0.03593600168824196,0.035233599692583085,0.03513599932193756,0.00034856161387550745,20,16,16,2048,10944,102400,True,False,False,1920,1,2048,10944,generic,generic,2816,,CUDA_EVENT,BF16,none
0.00800000037997961,0.03340800106525421,0.010207200003787876,0.0098879998549819,0.004280874801354276,40.0,0.09676799923181534,0.15484799444675446,0.10106880068778992,0.09812800213694572,0.012375914865575993,20.0,0.014112000353634357,0.05967999994754791,0.02653280005324632,0.033119999803602695,0.011578824455464983,40,0.1921599954366684,0.24460799992084503,0.20030079931020736,0.19819200038909912,0.010817649208531918,20,0.0453759990632534,0.05020799860358238,0.0470015998929739,0.04673600010573864,0.0011586739219158172,20,0.13740800321102142,0.15193599462509155,0.1428272008895874,0.14123199880123138,0.004304531294730289,20.0,0.24803200364112854,0.25254398584365845,0.2502656005322933,0.25011199712753296,0.0010891081487885504,20,0.04630399867892265,0.047968000173568726,0.04696159977465868,0.04676799848675728,0.0005091395761864554,20,0.10976000130176544,0.11177600175142288,0.11065120063722134,0.11055999994277954,0.0005429893717833772,20,0.059647999703884125,0.06115199998021126,0.0603040000423789,0.06032000109553337,0.00044137947121224646,20,0.012671999633312225,0.013632000423967838,0.012964799907058478,0.012927999719977379,0.0002495744805830483,20,0.03359999880194664,0.03488000109791756,0.03409119993448258,0.03392000123858452,0.00038336946147368104,20,16,16,2048,10944,102400,True,False,False,1904,1,2048,10944,generic,generic,2816,,CUDA_EVENT,BF16,none
0.007903999648988247,0.03657599911093712,0.010275199916213751,0.009983999654650688,0.004766608001045907,40.0,0.09520000219345093,0.14796799421310425,0.10013440027832984,0.09798400104045868,0.011044401712830512,20.0,0.013439999893307686,0.06255999952554703,0.028418399998918174,0.033968000672757626,0.012755158167537256,40,0.19385600090026855,0.24780799448490143,0.20058880001306534,0.19867200404405594,0.0111299985866375,20,0.045184001326560974,0.05110400170087814,0.04717920012772083,0.046800000593066216,0.0014082283335613832,20,0.13782399892807007,0.16201600432395935,0.1442784011363983,0.14451200515031815,0.005211700965749944,20.0,0.24793599545955658,0.25484800338745117,0.24982400089502335,0.24937599897384644,0.001595002049085378,20,0.04604800045490265,0.047359999269247055,0.04660319983959198,0.046431999653577805,0.0003999715338261652,20,0.10943999886512756,0.11113599687814713,0.11014560014009475,0.11011200025677681,0.000466747259006369,20,0.05939200147986412,0.06099199876189232,0.060174400173127654,0.060175999999046326,0.00046278169661178887,20,0.012415999546647072,0.013279999606311321,0.012864000024273991,0.012880000285804272,0.00022445673340485393,20,0.03356799855828285,0.034752000123262405,0.034020799584686755,0.033824000507593155,0.00039116964803327203,20,16,16,2048,10944,102400,True,False,False,1888,1,2048,10944,generic,generic,2816,,CUDA_EVENT,BF16,none
0.007712000049650669,0.03798399865627289,0.010387199895922095,0.010160000063478947,0.004924038694476086,40.0,0.09593600034713745,0.14480000734329224,0.09943040013313294,0.09708800166845322,0.010436209818141258,20.0,0.015424000099301338,0.061824001371860504,0.02861439997795969,0.03519999980926514,0.012116786766203548,40,0.1934400051832199,0.23712000250816345,0.19952320009469987,0.19699200242757797,0.009273056653912518,20,0.0451200008392334,0.04841599985957146,0.046307199820876124,0.04593599960207939,0.0009877532610134657,20,0.13795199990272522,0.15171200037002563,0.14380320087075232,0.14318399876356125,0.0037081538185488455,20.0,0.25062400102615356,0.26185598969459534,0.2534079983830452,0.2532320022583008,0.0022018912652082283,20,0.04527999833226204,0.04681599885225296,0.04616960007697344,0.046271998435258865,0.0004565585274837942,20,0.10911999642848969,0.11161600053310394,0.11007039994001389,0.10996800288558006,0.0005907538250028389,20,0.059808000922203064,0.0613120011985302,0.06037919986993075,0.060256000608205795,0.0004413536556825483,20,0.012543999589979649,0.013120000250637531,0.012844800064340234,0.01283199992030859,0.0001636074111341483,20,0.033376000821590424,0.034591998904943466,0.03390559982508421,0.033743999898433685,0.0003947141562036407,20,16,16,2048,10944,102400,True,False,False,1872,1,2048,10944,generic,generic,2816,,CUDA_EVENT,BF16,none
0.007935999892652035,0.033984001725912094,0.010353600047528744,0.01014400040730834,0.004329335085487531,40.0,0.09532800316810608,0.14524799585342407,0.0988816000521183,0.0963359996676445,0.010680386537835432,20.0,0.013535999692976475,0.06095999851822853,0.027602399745956064,0.03384000062942505,0.013076828069078708,40,0.192671999335289,0.24403199553489685,0.19965920001268386,0.19819200038909912,0.010726407938841742,20,0.04604800045490265,0.0506879985332489,0.0480239998549223,0.04790399968624115,0.0012994470475781292,20,0.13728000223636627,0.15423999726772308,0.14430080130696296,0.14459200203418732,0.004213616218072639,20.0,0.25356799364089966,0.25785601139068604,0.255835197865963,0.25577598810195923,0.0010839152667008914,20,0.04464000090956688,0.045791998505592346,0.045204799994826315,0.04505600035190582,0.0003804201206971303,20,0.1138560026884079,0.1159679964184761,0.11468960046768188,0.11472000181674957,0.0005315730631994106,20,0.06335999816656113,0.06566400080919266,0.06424639970064164,0.06406399980187416,0.0007048066937202288,20,0.013248000293970108,0.013824000023305416,0.01347519988194108,0.013439999893307686,0.00015771160441688175,20,0.034304000437259674,0.03545600175857544,0.03476000018417835,0.03460799902677536,0.00037780040997213726,20,16,16,2048,10944,102400,True,False,False,1856,1,2048,10944,generic,generic,2816,,CUDA_EVENT,BF16,none
0.00800000037997961,0.03436800092458725,0.010241599986329675,0.01003200002014637,0.004395360238881265,40.0,0.09404800087213516,0.15561600029468536,0.09851999990642071,0.09569599851965904,0.013119609326804805,20.0,0.01360000018030405,0.06284800171852112,0.027368000335991384,0.034079999662935734,0.01325207265762139,40,0.1934400051832199,0.24499200284481049,0.20036960020661354,0.19803199917078018,0.010712903174596439,20,0.04521600157022476,0.05040000006556511,0.046542400307953355,0.04585599899291992,0.0013781739575206998,20,0.13676799833774567,0.1573760062456131,0.1445151999592781,0.14345599710941315,0.0050090370315569975,20.0,0.2505599856376648,0.2545599937438965,0.25240959972143173,0.2520800083875656,0.0011238169846212263,20,0.04460800066590309,0.04614400118589401,0.04519519973546267,0.045264000073075294,0.00044997040240314764,20,0.10870400071144104,0.11081600189208984,0.10974559970200062,0.10955199971795082,0.0006095543033368981,20,0.059647999703884125,0.061184000223875046,0.06028160005807877,0.06027200073003769,0.0003991158033361101,20,0.01228800043463707,0.013055999763309956,0.012676799995824694,0.012655999977141619,0.0002142506770063752,20,0.033376000821590424,0.03440000116825104,0.033774399757385255,0.03359999880194664,0.00032135330276788083,20,16,16,2048,10944,102400,True,False,False,1840,1,2048,10944,generic,generic,2816,,CUDA_EVENT,BF16,none
0.00774399982765317,0.036479998379945755,0.01023599993204698,0.009952000342309475,0.00481258157223014,40.0,0.09318400174379349,0.1520320028066635,0.09748960062861442,0.09430400282144547,0.012557325942409337,20.0,0.013632000423967838,0.06511999666690826,0.028915199870243668,0.034656000323593616,0.01241459304158846,40,0.19180800020694733,0.2414720058441162,0.20061279982328414,0.19862399995326996,0.010166050116807624,20,0.044704001396894455,0.04896000027656555,0.04649440031498671,0.046032000333070755,0.0011955958179548243,20,0.1383039951324463,0.14985600113868713,0.14479840025305749,0.14520000666379929,0.0031432170497267915,20.0,0.24620799720287323,0.249439999461174,0.24784160032868385,0.24777600169181824,0.0008979122035338731,20,0.04467200115323067,0.04585599899291992,0.04516639970242977,0.04499199986457825,0.0003925025108706724,20,0.10860799998044968,0.11104000359773636,0.1096304003149271,0.1096000000834465,0.0005977647320395305,20,0.05926400050520897,0.06060799956321716,0.059791999869048595,0.059696000069379807,0.000410985176462444,20,0.012223999947309494,0.013024000450968742,0.01269760001450777,0.012752000242471695,0.00023980800805044667,20,0.03328000009059906,0.0344959981739521,0.033673600479960444,0.033504001796245575,0.00037470040880565496,20,16,16,2048,10944,102400,True,False,False,1824,1,2048,10944,generic,generic,2816,,CUDA_EVENT,BF16,none
0.007807999849319458,0.03551999852061272,0.010246399999596178,0.010048000141978264,0.004604933283215673,40.0,0.09212800115346909,0.15667200088500977,0.09681120030581951,0.09375999867916107,0.013756581180261277,20.0,0.013856000266969204,0.061535999178886414,0.030803200020454825,0.03433600068092346,0.0121036521703615,40,0.19516800343990326,0.2465279996395111,0.20281120166182517,0.2006400004029274,0.01064267864659414,20,0.044895999133586884,0.05023999884724617,0.04664159994572401,0.04607999883592129,0.00138410541322358,20,0.14003199338912964,0.15350399911403656,0.14519360065460205,0.144896000623703,0.003477872586522957,20.0,0.2399359941482544,0.246848002076149,0.24206719994544984,0.2417920008301735,0.001735345713646488,20,0.04460800066590309,0.04598399996757507,0.04540160018950701,0.04529600031673908,0.00037408476064009454,20,0.10883200168609619,0.11059200018644333,0.10954559929668903,0.10947199910879135,0.0004708565390285575,20,0.05772799998521805,0.059487998485565186,0.0584927998483181,0.05849599838256836,0.0004906443618521719,20,0.011839999817311764,0.012768000364303589,0.01237279991619289,0.01244799979031086,0.0002710147110992682,20,0.033055998384952545,0.03420799970626831,0.03352639991790056,0.03336000069975853,0.00036891706260721815,20,16,16,2048,10944,102400,True,False,False,1808,1,2048,10944,generic,generic,2816,,CUDA_EVENT,BF16,none
0.0077760000713169575,0.035551998764276505,0.010172799986321479,0.010015999898314476,0.004568983512429474,40.0,0.09142400324344635,0.14767999947071075,0.0961520005017519,0.09348800033330917,0.011857266605393943,20.0,0.013728000223636627,0.058368001133203506,0.027038400154560806,0.03278400097042322,0.010820770506709905,40,0.19404800236225128,0.29414400458335876,0.20439680069684982,0.19974399358034134,0.020968918133189317,20,0.04620800167322159,0.05491200089454651,0.047700800374150275,0.04710400104522705,0.0018103709407340971,20,0.13555200397968292,0.18371200561523438,0.14519040063023567,0.14204800128936768,0.009842415616924817,20.0,0.25356799364089966,0.25964799523353577,0.25612319707870485,0.25595200061798096,0.0014342407483318052,20,0.04460800066590309,0.04620800167322159,0.04515680000185966,0.04500799998641014,0.0004353976176243888,20,0.11097600311040878,0.11327999830245972,0.111998400837183,0.11187200248241425,0.0006397978771308713,20,0.0594559982419014,0.06115199998021126,0.06007520016282797,0.06006399914622307,0.00044228105461664106,20,0.01244799979031086,0.013279999606311321,0.012707199901342392,0.012624000199139118,0.00021248101790280767,20,0.03411199897527695,0.035232000052928925,0.034457600116729735,0.034304000437259674,0.0003451849638712646,20,16,16,2048,10944,102400,True,False,False,1792,1,2048,10944,generic,generic,2816,,CUDA_EVENT,BF16,none
0.0077760000713169575,0.03468799963593483,0.010232000018004329,0.009999999776482582,0.004471544880966514,40.0,0.09084799885749817,0.14921599626541138,0.09486720003187657,0.09206400066614151,0.012487588226590554,20.0,0.014047999866306782,0.05766399949789047,0.03272559985052794,0.03243200108408928,0.008266781592966113,40,0.19280000030994415,0.2528960108757019,0.20014080181717872,0.19792000204324722,0.012442367547837266,20,0.043616000562906265,0.04771199822425842,0.045084800012409686,0.044735999777913094,0.001142041337098893,20,0.13728000223636627,0.16172799468040466,0.144022399187088,0.14288000017404556,0.005220552679059492,20.0,0.23923200368881226,0.24371199309825897,0.24080799892544746,0.24057599902153015,0.0009234005954252076,20,0.04435199871659279,0.045471999794244766,0.044766399823129174,0.044624000787734985,0.00036966226824431195,20,0.10147199779748917,0.10329599678516388,0.10219680033624172,0.10209600254893303,0.0005068010875981854,20,0.05766399949789047,0.05939200147986412,0.05838239975273609,0.058240000158548355,0.00046300331746390003,20,0.012160000391304493,0.012703999876976013,0.012417599977925419,0.012415999546647072,0.0001392918990177581,20,0.031007999554276466,0.032287999987602234,0.031601599976420404,0.031568000093102455,0.000380715726451541,20,16,16,2048,10944,102400,True,False,False,1776,1,2048,10944,generic,generic,2816,,CUDA_EVENT,BF16,none
0.007872000336647034,0.03347200155258179,0.010184800019487739,0.010064000263810158,0.004338237215815745,40.0,0.08988799899816513,0.14745600521564484,0.09455039985477924,0.09179199859499931,0.012169059307826977,20.0,0.018271999433636665,0.060095999389886856,0.03306160015054047,0.03278400003910065,0.0061836715479685255,40,0.19340799748897552,0.24054400622844696,0.20218080058693885,0.20006400346755981,0.009539121770708571,20,0.043455999344587326,0.04729599878191948,0.04483359977602959,0.044783998280763626,0.0009330882348944206,20,0.139615997672081,0.16025599837303162,0.1444080002605915,0.14353600144386292,0.004713458293221569,20.0,0.23945599794387817,0.24454399943351746,0.2414512000977993,0.24112000316381454,0.0012505926908373585,20,0.04387199878692627,0.04499199986457825,0.04451359994709492,0.044624000787734985,0.00036464192169777867,20,0.10147199779748917,0.1037760004401207,0.10230720117688179,0.10214400291442871,0.0005090815271076554,20,0.059039998799562454,0.060896001756191254,0.059932800196111205,0.05976000055670738,0.000541632736056769,20,0.012191999703645706,0.012640000320971012,0.012385600060224534,0.012368000112473965,0.00011821600544738649,20,0.03110400028526783,0.03235200047492981,0.03167360005900264,0.03163199871778488,0.000380867321335396,20,16,16,2048,10944,102400,True,False,False,1760,1,2048,10944,generic,generic,2816,,CUDA_EVENT,BF16,none
0.007712000049650669,0.03852799907326698,0.01031599995912984,0.010016000363975763,0.005033034801365787,40.0,0.0891840010881424,0.14876799285411835,0.09526559971272945,0.09180799871683121,0.013596852754624451,20.0,0.02879999950528145,0.05942400172352791,0.03713680002838373,0.03348799981176853,0.009077526554703752,40,0.19443200528621674,0.2470719963312149,0.20311679914593697,0.20151999592781067,0.011207152319987914,20,0.04339199885725975,0.04623999819159508,0.0445391995832324,0.04456000030040741,0.0007824815876269613,20,0.1363839954137802,0.15356799960136414,0.14483839944005011,0.14430399984121323,0.004093220379038547,20.0,0.23446400463581085,0.23801599442958832,0.23605760112404822,0.2359200045466423,0.0010467773227180541,20,0.04291199892759323,0.04444799944758415,0.04374080002307892,0.04382399842143059,0.00046382317091485457,20,0.10127999633550644,0.1032319962978363,0.10211199969053268,0.10201600193977356,0.0005470974408536154,20,0.05737600103020668,0.05913599953055382,0.05812159962952137,0.058111999183893204,0.0004910823275064185,20,0.012128000147640705,0.012640000320971012,0.012344000022858381,0.012319999746978283,0.00010845828155400325,20,0.030719999223947525,0.032575998455286026,0.03160320008173585,0.031536001712083817,0.0004690373229658608,20,16,16,2048,10944,102400,True,False,False,1744,1,2048,10944,generic,generic,2816,,CUDA_EVENT,BF16,none
0.00774399982765317,0.036928001791238785,0.009928799979388715,0.009311999659985304,0.004812522537809344,40.0,0.0888959988951683,0.16099199652671814,0.09410719908773899,0.09067199751734734,0.01537844590852983,20.0,0.01548799965530634,0.05875200033187866,0.032529599987901746,0.0325119998306036,0.007101790499461741,40,0.19356800615787506,0.2462719976902008,0.20211199969053267,0.19998399913311005,0.0109177784964432,20,0.0461760014295578,0.052639998495578766,0.04802400004118681,0.04729599878191948,0.001834994707279254,20,0.13820800185203552,0.1558080017566681,0.14451839849352838,0.14344000071287155,0.004814310723891942,20.0,0.23657600581645966,0.24188800156116486,0.23879360035061836,0.23849599808454514,0.0014472386937619238,20,0.042399998754262924,0.04371200129389763,0.04302080012857914,0.04295999929308891,0.0004663008615531824,20,0.11078400164842606,0.11324799805879593,0.11180959939956665,0.11176000162959099,0.0006552952791462635,20,0.05641600117087364,0.05852799862623215,0.057297599874436854,0.057151999324560165,0.0005753305928784848,20,0.01206399966031313,0.012896000407636166,0.012542400043457747,0.012575999833643436,0.00019582210795380896,20,0.033824000507593155,0.03526400029659271,0.03435039985924959,0.03420799970626831,0.0003859256917776281,20,16,16,2048,10944,102400,True,False,False,1728,1,2048,10944,generic,generic,2816,,CUDA_EVENT,BF16,none
0.007807999849319458,0.03519999980926514,0.00983999997843057,0.009151999838650227,0.004571707072450163,40.0,0.08716800063848495,0.14739200472831726,0.09260960072278976,0.08993599936366081,0.012614681274999071,20.0,0.030047999694943428,0.05628800019621849,0.03761280025355518,0.03388800099492073,0.008518631363469446,40,0.19379200041294098,0.244159996509552,0.20122400000691415,0.19974399358034134,0.01024671642372944,20,0.04364800080657005,0.04790399968624115,0.04510399959981441,0.04476800002157688,0.0012017479706612566,20,0.13948799669742584,0.15110400319099426,0.14464160054922104,0.1446719989180565,0.00330980561119614,20.0,0.2377920001745224,0.24169600009918213,0.23934400007128714,0.2391519993543625,0.0011595098153665466,20,0.04198399931192398,0.04335999861359596,0.04261119943112135,0.04241599887609482,0.0004151868720584924,20,0.09932799637317657,0.10150399804115295,0.10030559971928596,0.10028799995779991,0.0005364631919277544,20,0.055135998874902725,0.05686400085687637,0.05593600030988455,0.055904000997543335,0.0005146928882904008,20,0.012223999947309494,0.012543999589979649,0.012344000022858381,0.012335999868810177,7.830184310156817e-05,20,0.03062400035560131,0.03222399950027466,0.031264000199735166,0.031199999153614044,0.0004375933658296148,20,16,16,2048,10944,102400,True,False,False,1712,1,2048,10944,generic,generic,2816,,CUDA_EVENT,BF16,none
0.007712000049650669,0.03452799841761589,0.009866399900056421,0.009296000003814697,0.004476406293885517,40.0,0.08697599917650223,0.1509760022163391,0.09205440059304237,0.08902399986982346,0.013551473683371,20.0,0.02969600073993206,0.06332799792289734,0.03700960013084113,0.03355200029909611,0.008670541263201171,40,0.19404800236225128,0.2505919933319092,0.20203360095620154,0.19974400103092194,0.0117744048432404,20,0.043455999344587326,0.047200001776218414,0.0449023999273777,0.044544000178575516,0.000945685437291377,20,0.1404159963130951,0.15091200172901154,0.14489760026335716,0.14441599696874619,0.0031244937832324987,20.0,0.2375359982252121,0.24031999707221985,0.23885439857840537,0.23876799643039703,0.0007897325052588104,20,0.04134399816393852,0.04294399917125702,0.04198239985853434,0.04182399995625019,0.0004672960860844948,20,0.10041599720716476,0.10281600058078766,0.10170559957623482,0.10156799852848053,0.0006547970342859969,20,0.05471999943256378,0.057023998349905014,0.05543839987367392,0.05527999997138977,0.0005620964426812278,20,0.011807999573647976,0.01228800043463707,0.012100800033658743,0.012095999903976917,0.00011856215848499265,20,0.0307839997112751,0.032255999743938446,0.031387200113385916,0.031328000128269196,0.0004559607355853867,20,16,16,2048,10944,102400,True,False,False,1696,1,2048,10944,generic,generic,2816,,CUDA_EVENT,BF16,none
0.007872000336647034,0.035360001027584076,0.009972000122070312,0.009328000247478485,0.00458397465669856,40.0,0.08588799834251404,0.14777599275112152,0.09106719940900802,0.0883679986000061,0.01306216279601351,20.0,0.02828799933195114,0.05603199824690819,0.03663279991596937,0.032048000022768974,0.009190123499933636,40,0.1939840018749237,0.24803200364112854,0.20235040113329889,0.20150399953126907,0.010935953156922133,20,0.04342399910092354,0.047775998711586,0.04468959979712963,0.044415999203920364,0.00103782996389855,20,0.13663999736309052,0.1528320014476776,0.14377440065145491,0.14312000572681427,0.0042460579240888386,20.0,0.23792000114917755,0.24348799884319305,0.23982879966497422,0.23953600227832794,0.0014640928631889213,20,0.040832001715898514,0.042367998510599136,0.04144000001251698,0.041280001401901245,0.00041464349284853403,20,0.09935999661684036,0.10134399682283401,0.1001935999840498,0.1000640019774437,0.0005411197502430526,20,0.05500800162553787,0.05657599866390228,0.055719999596476555,0.05558399856090546,0.0005217941239997291,20,0.01190400030463934,0.012512000277638435,0.012193600088357926,0.012160000391304493,0.00016977348638495555,20,0.0306560005992651,0.03232000023126602,0.03128159986808896,0.031199999153614044,0.0004970286625972344,20,16,16,2048,10944,102400,True,False,False,1680,1,2048,10944,generic,generic,2816,,CUDA_EVENT,BF16,none
0.007519999984651804,0.034015998244285583,0.00953759994590655,0.009039999917149544,0.0044165849460204385,40.0,0.08633600175380707,0.1478399932384491,0.09101919941604138,0.08816000074148178,0.013069631677570697,20.0,0.02175999991595745,0.056384000927209854,0.03352080001495779,0.033263999968767166,0.006384052077958165,40,0.19331200420856476,0.24905599653720856,0.20207519978284835,0.20000000298023224,0.011236307488929037,20,0.045632001012563705,0.05071999877691269,0.04787839986383915,0.047279998660087585,0.001388578813470028,20,0.1382399946451187,0.1595200002193451,0.1453631989657879,0.14428799599409103,0.005226507078975776,20.0,0.2364480048418045,0.24236799776554108,0.23892000019550325,0.23854400217533112,0.0015926203516502854,20,0.04121600091457367,0.04278400167822838,0.04206559993326664,0.041999999433755875,0.00036464215054260706,20,0.11126399785280228,0.1130559965968132,0.11189759969711303,0.1117440015077591,0.0004963196745627507,20,0.0568000003695488,0.06249599903821945,0.05967680010944605,0.05982399918138981,0.0016326557676636596,20,0.01244799979031086,0.012959999963641167,0.012694399897009134,0.01268799975514412,0.00011586477703032706,20,0.03385600075125694,0.034912001341581345,0.03428799957036972,0.03412799909710884,0.00031165141359887073,20,16,16,2048,10944,102400,True,False,False,1664,1,2048,10944,generic,generic,2816,,CUDA_EVENT,BF16,none
0.007903999648988247,0.03513599932193756,0.00985999999102205,0.00913600018247962,0.004558692681483621,40.0,0.0838719978928566,0.1493760049343109,0.08828959986567497,0.08505599945783615,0.014032103206527658,20.0,0.0289280004799366,0.05663999915122986,0.0415799998678267,0.0413439990952611,0.011750510704751426,40,0.19516800343990326,0.2540160119533539,0.20228320062160493,0.19964800029993057,0.012372128191215082,20,0.042688000947237015,0.04710400104522705,0.043865599855780604,0.043775999918580055,0.001059997263850477,20,0.13923199474811554,0.16025599837303162,0.1442543998360634,0.14345600455999374,0.004761589372191732,20.0,0.217056006193161,0.22755199670791626,0.21914879977703094,0.21889600157737732,0.0020509319629107526,20,0.041600000113248825,0.04281599819660187,0.0420671995729208,0.04196799919009209,0.00033338367706903596,20,0.09465599805116653,0.09676799923181534,0.0952928002923727,0.09516800194978714,0.0005948823435427838,20,0.054687999188899994,0.056384000927209854,0.05550720021128654,0.055504001677036285,0.0004607782951081836,20,0.011648000217974186,0.012256000190973282,0.01196799990721047,0.01196799986064434,0.00012143150325952723,20,0.029120000079274178,0.03094400092959404,0.02983519984409213,0.029759999364614487,0.0004949433500325249,20,16,16,2048,10944,102400,True,False,False,1648,1,2048,10944,generic,generic,2816,,CUDA_EVENT,BF16,none
0.007455999962985516,0.0352960005402565,0.009942400024738163,0.009568000212311745,0.004645845750468077,40.0,0.08448000252246857,0.15164799988269806,0.08925920017063618,0.08583999797701836,0.014353886213534263,20.0,0.028063999488949776,0.06032000109553337,0.037909599812701346,0.03267199918627739,0.01017904969712675,40,0.19305600225925446,0.24851199984550476,0.2016064003109932,0.19939200580120087,0.011423177859208952,20,0.04297599941492081,0.04681599885225296,0.04467519987374544,0.04438399896025658,0.0011505725310731378,20,0.13743999600410461,0.15030400454998016,0.14398240000009538,0.14481600373983383,0.0038802773660783565,20.0,0.23705600202083588,0.24639999866485596,0.23926719948649405,0.23873599618673325,0.002191191273432601,20,0.04064000025391579,0.04185599833726883,0.04111520014703274,0.04105599969625473,0.0003636293398235762,20,0.10051199793815613,0.10204800218343735,0.10111040063202381,0.10105600208044052,0.0004597439719045571,20,0.05423999950289726,0.05584000051021576,0.05498240012675524,0.0549280010163784,0.00046002182053892556,20,0.011615999974310398,0.012128000147640705,0.0118559998460114,0.011872000060975552,0.00012331421710310396,20,0.030559999868273735,0.03209599852561951,0.031230400130152703,0.031199999153614044,0.0004222877511669068,20,16,16,2048,10944,102400,True,False,False,1632,1,2048,10944,generic,generic,2816,,CUDA_EVENT,BF16,none
0.007615999784320593,0.03545600175857544,0.010015200090128929,0.00961600011214614,0.004572074062717881,40.0,0.08291199803352356,0.15612800419330597,0.08843680024147034,0.08441600203514099,0.015742899275906986,20.0,0.02953599952161312,0.0560000017285347,0.041803199984133246,0.0416640006005764,0.011243154672288931,40,0.19497600197792053,0.24393600225448608,0.20332159996032714,0.20121600478887558,0.010204883662681625,20,0.04217600077390671,0.04620800167322159,0.04357280023396015,0.043376000598073006,0.0009377839611558102,20,0.13977600634098053,0.1554879993200302,0.14597440063953399,0.14575999975204468,0.004352729259785306,20.0,0.2163199931383133,0.22230400145053864,0.2183439999818802,0.2181759998202324,0.0012850657634843963,20,0.040832001715898514,0.04211200028657913,0.04129600003361702,0.0411360003054142,0.00037297531730772876,20,0.09427200257778168,0.09612800180912018,0.09512959979474545,0.09508800134062767,0.0004636801037599791,20,0.052480001002550125,0.05398400127887726,0.05317600015550852,0.05316799879074097,0.00047516229036178464,20,0.011455999687314034,0.012128000147640705,0.011761600105091929,0.011744000017642975,0.00014715653766714118,20,0.02921600081026554,0.030592000111937523,0.02990880012512207,0.029823999851942062,0.00041775318930588155,20,16,16,2048,10944,102400,True,False,False,1616,1,2048,10944,generic,generic,2816,,CUDA_EVENT,BF16,none
0.007648000027984381,0.03513599932193756,0.009778399928472936,0.008959999773651361,0.004638189244186879,40.0,0.0822720006108284,0.15164799988269806,0.08704480044543743,0.08364799991250038,0.01486516331398501,20.0,0.03030399978160858,0.059487998485565186,0.04240399990230799,0.03742399998009205,0.011529685164280185,40,0.1950719952583313,0.25123199820518494,0.20288799926638604,0.20073599368333817,0.011751547328750727,20,0.04604800045490265,0.050592001527547836,0.04768160041421652,0.04726399853825569,0.0011360442108455794,20,0.13840000331401825,0.15027199685573578,0.1438751995563507,0.14366400241851807,0.0033254735659554915,20.0,0.20243200659751892,0.21171200275421143,0.205502400547266,0.2054079994559288,0.0020818574608160024,20,0.04118400067090988,0.04255999997258186,0.041763199307024476,0.041600000113248825,0.00043086119385315395,20,0.11075200140476227,0.11235199868679047,0.11149119958281517,0.11142399907112122,0.00041561889840675684,20,0.057760000228881836,0.06297600269317627,0.059783999994397166,0.05960000120103359,0.001478590138028914,20,0.012223999947309494,0.012864000163972378,0.012521600024774671,0.012543999589979649,0.00015416560153687773,20,0.03372799977660179,0.03526400029659271,0.034398400038480756,0.03436800092458725,0.0004897643998979763,20,16,16,2048,10944,102400,True,False,False,1600,1,2048,10944,generic,generic,2816,,CUDA_EVENT,BF16,none
0.007840000092983246,0.03574400022625923,0.009811999998055399,0.009088000282645226,0.004683316094016927,40.0,0.08191999793052673,0.14975999295711517,0.08654239997267724,0.08311999961733818,0.014546127952212889,20.0,0.03049599938094616,0.05452800169587135,0.041512800054624675,0.04174399934709072,0.01025600497509554,40,0.1940159946680069,0.2592960000038147,0.20209439918398858,0.19950400292873383,0.013476014635022035,20,0.04262400045990944,0.04918399825692177,0.04419359974563122,0.04342399910092354,0.0017251670780650996,20,0.13840000331401825,0.15343999862670898,0.14299520179629327,0.1419520005583763,0.0035398327448764528,20.0,0.22217600047588348,0.2261119931936264,0.2242848016321659,0.22432000190019608,0.0010361729925139954,20,0.039264000952243805,0.040800001472234726,0.03990080039948225,0.039712000638246536,0.0004626078170201432,20,0.09404800087213516,0.0958079993724823,0.09496799968183041,0.09497600048780441,0.00044867090184674764,20,0.05225599929690361,0.05398400127887726,0.053119999915361406,0.05307199992239475,0.0004904464037439386,20,0.011392000131309032,0.011839999817311764,0.011556800035759807,0.011536000296473503,0.00010864696035604927,20,0.02924799919128418,0.030751999467611313,0.029862399958074094,0.02977599948644638,0.0004411590628686702,20,16,16,2048,10944,102400,True,False,False,1584,1,2048,10944,generic,generic,2816,,CUDA_EVENT,BF16,none
0.00774399982765317,0.03667199984192848,0.009812800004146994,0.00905599957332015,0.004785260319226552,40.0,0.08057600259780884,0.15011200308799744,0.0862480003386736,0.08243200182914734,0.0148019357527048,20.0,0.02816000021994114,0.059808000922203064,0.041795200062915684,0.04108800087124109,0.012485639422686871,40,0.19289599359035492,0.27878400683403015,0.2039120003581047,0.20019200444221497,0.017663445079859046,20,0.04371200129389763,0.04982399940490723,0.04518400002270937,0.04487999901175499,0.001443515551251567,20,0.13862399756908417,0.15852800011634827,0.14473440051078795,0.14318399876356125,0.004957402379843747,20.0,0.2207999974489212,0.22550399601459503,0.22264959886670113,0.22254399955272675,0.0009811320293207663,20,0.039712000638246536,0.04054399952292442,0.04006400015205145,0.04001599922776222,0.00022377131101277524,20,0.09859199821949005,0.10016000270843506,0.09918240047991275,0.09916800260543823,0.00043530341471203094,20,0.05353600159287453,0.055135998874902725,0.054255999810993674,0.05417599901556969,0.0004411472851558185,20,0.010975999757647514,0.011807999573647976,0.011568000027909874,0.011599999852478504,0.00018200657507832618,20,0.030208000913262367,0.03177599981427193,0.030971200205385685,0.03094400092959404,0.0004432059131913093,20,16,16,2048,10944,102400,True,False,False,1568,1,2048,10944,generic,generic,2816,,CUDA_EVENT,BF16,none
0.007679999805986881,0.036320000886917114,0.009676800074521453,0.008880000095814466,0.004798041313875759,40.0,0.08006399869918823,0.1472640037536621,0.0857072003185749,0.0814560018479824,0.01463238084607915,20.0,0.028095999732613564,0.05875200033187866,0.04037280003540218,0.04030400048941374,0.011361452476590265,40,0.19174399971961975,0.2778880000114441,0.2031343996524811,0.20014400035142899,0.017482817002829304,20,0.0427200011909008,0.04931199923157692,0.0444112004712224,0.04376000165939331,0.0016822466457086685,20,0.13891200721263885,0.17504000663757324,0.1462224006652832,0.14457599818706512,0.0078023044365945005,20.0,0.22198399901390076,0.22995199263095856,0.22523999884724616,0.2245279997587204,0.002200959901663567,20,0.038336001336574554,0.03948799893260002,0.0387856001034379,0.038656000047922134,0.0003596944324986547,20,0.09385599941015244,0.09587199985980988,0.09478879980742931,0.09463999792933464,0.0005347226388242993,20,0.052032001316547394,0.05353600159287453,0.05278719998896122,0.05268799886107445,0.00042433508601767646,20,0.011264000087976456,0.012032000347971916,0.011440000077709556,0.01142400037497282,0.00016947929261008514,20,0.029279999434947968,0.0306560005992651,0.029763200040906667,0.029600000008940697,0.0004146315491841876,20,16,16,2048,10944,102400,True,False,False,1552,1,2048,10944,generic,generic,2816,,CUDA_EVENT,BF16,none
0.0072639998979866505,0.03446400165557861,0.009563999995589257,0.00875200005248189,0.004448576838018109,40.0,0.08099199831485748,0.14534400403499603,0.09937760010361671,0.0931679978966713,0.01894821568528422,20.0,0.028095999732613564,0.05398400127887726,0.04008159996010363,0.03996800072491169,0.011193426565302134,40,0.19145600497722626,0.2728640139102936,0.20162560045719147,0.1977439969778061,0.016818031357603777,20,0.041600000113248825,0.0498879998922348,0.04355519991368055,0.04303999990224838,0.0018821304568074147,20,0.13913600146770477,0.17865599691867828,0.1465088002383709,0.14473599940538406,0.008421438366331965,20.0,0.20361599326133728,0.21238400042057037,0.20622240006923676,0.205935999751091,0.0022278415474029567,20,0.038784001022577286,0.03999999910593033,0.03924159985035658,0.039103999733924866,0.00036501029748667785,20,0.08934400230646133,0.09110400080680847,0.09013600014150143,0.09020800143480301,0.0004976870859812742,20,0.05011200159788132,0.05177599936723709,0.0508848000317812,0.05075199902057648,0.0004980367943587574,20,0.011071999557316303,0.011711999773979187,0.011417599860578775,0.011359999887645245,0.00014580211513417975,20,0.027871999889612198,0.029311999678611755,0.028519999794662,0.028464000672101974,0.0004607192939950852,20,16,16,2048,10944,102400,True,False,False,1536,1,2048,10944,generic,generic,2816,,CUDA_EVENT,BF16,none
0.007712000049650669,0.03497600182890892,0.00959360001143068,0.008719999808818102,0.0045911371440137076,40.0,0.0817599967122078,0.14947199821472168,0.09606879875063896,0.08926399797201157,0.015610760440028045,20.0,0.029152000322937965,0.05619199946522713,0.04116240004077554,0.04291199892759323,0.010262775673364003,40,0.19120000302791595,0.2443840056657791,0.19933920130133628,0.1971680000424385,0.010853593780365526,20,0.04134399816393852,0.04761600121855736,0.04296960048377514,0.04259200021624565,0.00138809963172331,20,0.13568000495433807,0.15596799552440643,0.14405279979109764,0.14209599792957306,0.005604396439900538,20.0,0.20278400182724,0.20668800175189972,0.2051311992108822,0.2051839977502823,0.0011381952311972905,20,0.03859199956059456,0.039712000638246536,0.0390224002301693,0.038816001266241074,0.00037187162897743813,20,0.08940800279378891,0.09068799763917923,0.08996959961950779,0.08988799899816513,0.0003908026909825924,20,0.050144001841545105,0.05215999856591225,0.05080800000578165,0.050655998289585114,0.0005206148835688303,20,0.011071999557316303,0.011648000217974186,0.011343999858945608,0.011327999643981457,0.00013135606346041025,20,0.02783999964594841,0.02937600016593933,0.028513599932193757,0.02844800055027008,0.00046189591064853107,20,16,16,2048,10944,102400,True,False,False,1520,1,2048,10944,generic,generic,2816,,CUDA_EVENT,BF16,none
0.00774399982765317,0.04297599941492081,0.009928800049237907,0.00878399983048439,0.00597831165122178,40.0,0.08038400113582611,0.1998399943113327,0.09785439930856228,0.09481599926948547,0.025077809934867832,20.0,0.02953599952161312,0.06047999858856201,0.04143919995985925,0.04294399917125702,0.010270984304795576,40,0.1921599954366684,0.24876800179481506,0.20311359986662864,0.2000960037112236,0.013897700937385592,20,0.0416640006005764,0.04569600149989128,0.04289279989898205,0.0424639992415905,0.0010682633576589707,20,0.13792000710964203,0.14921599626541138,0.1427791990339756,0.1427999958395958,0.0038383228576635087,20.0,0.20307199656963348,0.207519993185997,0.20479200035333633,0.20457600057125092,0.0012955396181456185,20,0.03811199963092804,0.039135999977588654,0.03857760019600391,0.03846399858593941,0.0003585534061549245,20,0.08876799792051315,0.09071999788284302,0.08973440006375313,0.08964799717068672,0.0005330280738353088,20,0.049984000623226166,0.05177599936723709,0.050731200352311136,0.05060800164937973,0.000512526946866717,20,0.011136000044643879,0.01152000017464161,0.01136320000514388,0.011359999887645245,8.93139048338894e-05,20,0.027744000777602196,0.029472000896930695,0.02860960001125932,0.028495999984443188,0.0004639970745336242,20,16,16,2048,10944,102400,True,False,False,1504,1,2048,10944,generic,generic,2816,,CUDA_EVENT,BF16,none
0.007455999962985516,0.033824000507593155,0.009738400031346827,0.009248000103980303,0.004415596555276176,40.0,0.07916799932718277,0.14419199526309967,0.09485119953751564,0.09382399916648865,0.014495952992331286,20.0,0.030368000268936157,0.05446400120854378,0.041233599884435534,0.04150399938225746,0.009999482901781428,40,0.19129599630832672,0.24111999571323395,0.20101919919252395,0.1995680034160614,0.010169658999467972,20,0.040863998234272,0.05212799832224846,0.043241599947214125,0.04275200143456459,0.0023118329922586986,20,0.13795199990272522,0.1531199961900711,0.14400640055537223,0.14393600076436996,0.0038459111853493505,20.0,0.20307199656963348,0.2080959975719452,0.20451359823346138,0.20404800027608871,0.001327187788045608,20,0.037856001406908035,0.03884800150990486,0.03827200010418892,0.03815999999642372,0.00033008171114294285,20,0.08915200084447861,0.09065599739551544,0.08977440036833287,0.08977599814534187,0.0003956200835417932,20,0.04982399940490723,0.05152000114321709,0.05060320012271404,0.05057600140571594,0.0004912051150917299,20,0.011103999800980091,0.011807999573647976,0.01133919982239604,0.011327999643981457,0.0001645045858480351,20,0.027712000533938408,0.029472000896930695,0.028420800063759088,0.028303999453783035,0.00047606676602887784,20,16,16,2048,10944,102400,True,False,False,1488,1,2048,10944,generic,generic,2816,,CUDA_EVENT,BF16,none
0.007552000228315592,0.03356799855828285,0.009685599943622947,0.009103999938815832,0.004373402352587548,40.0,0.08380799740552902,0.14927999675273895,0.09875679947435856,0.09788800030946732,0.014203967303737356,20.0,0.02844800055027008,0.0560000017285347,0.040333600156009196,0.04006400052458048,0.011200719757167051,40,0.19251200556755066,0.2452159970998764,0.2013376012444496,0.1995360031723976,0.01101108064118717,20,0.04156799986958504,0.04739199951291084,0.04322560019791126,0.04241599887609482,0.0016203379579750956,20,0.13631999492645264,0.15263999998569489,0.14411839991807937,0.14342400431632996,0.004330228973816147,20.0,0.20255999267101288,0.20678399503231049,0.2045423984527588,0.20440000295639038,0.0012348628553936886,20,0.037408001720905304,0.038656000047922134,0.03795040007680654,0.03782400116324425,0.00036252971806253976,20,0.08860799670219421,0.09059199690818787,0.08958240002393722,0.08951999992132187,0.0004829218708542559,20,0.04979199916124344,0.05132799968123436,0.05049439948052168,0.050335999578237534,0.0004732833860545137,20,0.010784000158309937,0.01152000017464161,0.011208000034093857,0.01119999960064888,0.00015309082040052555,20,0.027712000533938408,0.02921600081026554,0.02843520026654005,0.028384000062942505,0.0004635474889288969,20,16,16,2048,10944,102400,True,False,False,1472,1,2048,10944,generic,generic,2816,,CUDA_EVENT,BF16,none
0.0074880002066493034,0.034623999148607254,0.009736800054088234,0.009120000060647726,0.004546421677319341,40.0,0.0809599980711937,0.14899200201034546,0.10030240043997765,0.09747200086712837,0.013784657252865111,20.0,0.02828799933195114,0.05641600117087364,0.04065280007198453,0.04414399899542332,0.010862149779215607,40,0.1929280012845993,0.2486400008201599,0.2023632012307644,0.20094399899244308,0.011355592261447778,20,0.04163200035691261,0.04623999819159508,0.042814400233328345,0.04222400113940239,0.0011784720159926745,20,0.13779200613498688,0.15167999267578125,0.14357919842004777,0.14214400202035904,0.0042969371669374515,20.0,0.20217600464820862,0.20659199357032776,0.20413919910788536,0.20380799472332,0.0012633024127991729,20,0.03705599904060364,0.03836800158023834,0.03742880001664162,0.037376001477241516,0.0003169897831901504,20,0.08870399743318558,0.09043200314044952,0.08946080021560192,0.08936000242829323,0.0004626496326976584,20,0.04975999891757965,0.05129599943757057,0.050416000001132485,0.05028799921274185,0.00043881989017279676,20,0.011071999557316303,0.011487999930977821,0.01125280000269413,0.011264000087976456,0.00011326154045403192,20,0.027775999158620834,0.029343999922275543,0.028371199686080217,0.028271999210119247,0.0004607779277343035,20,16,16,2048,10944,102400,True,False,False,1456,1,2048,10944,generic,generic,2816,,CUDA_EVENT,BF16,none
0.007455999962985516,0.033376000821590424,0.009612000081688166,0.008975999895483255,0.004340654105562714,40.0,0.09081599861383438,0.14473600685596466,0.10682880096137523,0.10257600247859955,0.01246459626773392,20.0,0.02864000014960766,0.054368000477552414,0.04067039988003671,0.04064000118523836,0.01109705333593284,40,0.19308799505233765,0.24675199389457703,0.2012304000556469,0.19948799908161163,0.011038818692082236,20,0.04131200164556503,0.047648001462221146,0.042817600071430206,0.04230399988591671,0.0014896157241021616,20,0.13628800213336945,0.15593600273132324,0.14468799978494645,0.14240000396966934,0.005468185317505534,20.0,0.19660800695419312,0.2006399929523468,0.19830879867076873,0.19817599654197693,0.0010396908448685907,20,0.03705599904060364,0.038015998899936676,0.03748159967362881,0.03745599836111069,0.0003120778362133189,20,0.08860799670219421,0.09036800265312195,0.08933119997382163,0.08926400169730186,0.0004790824653780852,20,0.04742399975657463,0.04931199923157692,0.04825119990855455,0.04819199815392494,0.0004353971952970682,20,0.01104000024497509,0.01142400037497282,0.011222399957478046,0.01119999960064888,0.0001180536155383868,20,0.02783999964594841,0.029311999678611755,0.028484799899160862,0.028335999697446823,0.00045797753433443177,20,16,16,2048,10944,102400,True,False,False,1440,1,2048,10944,generic,generic,2816,,CUDA_EVENT,BF16,none
0.007360000163316727,0.03843199834227562,0.009715199971105903,0.009215999860316515,0.00511112104615144,40.0,0.09091199934482574,0.150176003575325,0.10802720040082932,0.10657599940896034,0.014017797927088967,20.0,0.028896000236272812,0.05379199981689453,0.04092080001719296,0.04102400131523609,0.010996627687361928,40,0.1936960071325302,0.2850559949874878,0.20423519983887672,0.20003200322389603,0.01898151092933264,20,0.041471999138593674,0.04902400076389313,0.04306400008499622,0.042527999728918076,0.0016730792734632343,20,0.1372479945421219,0.17369599640369415,0.1463536001741886,0.14510399848222733,0.00758713474726172,20.0,0.19628800451755524,0.20073600113391876,0.1985600009560585,0.19897600263357162,0.0012960995804266898,20,0.036448001861572266,0.03766399994492531,0.03702880032360554,0.03694400005042553,0.0003308981194128611,20,0.08867199718952179,0.09017600119113922,0.08924800045788288,0.08920000120997429,0.00036793109141644836,20,0.04729599878191948,0.049056001007556915,0.04812160041183233,0.04811200127005577,0.00046763815543595885,20,0.01065600011497736,0.01119999960064888,0.010964800138026476,0.010976000223308802,0.00013165761444969645,20,0.027615999802947044,0.02921600081026554,0.02838559988886118,0.028255999088287354,0.0004429978383361948,20,16,16,2048,10944,102400,True,False,False,1424,1,2048,10944,generic,generic,2816,,CUDA_EVENT,BF16,none
0.007104000076651573,0.0360959991812706,0.00958160002483055,0.008959999773651361,0.00472211946211925,40.0,0.08006399869918823,0.17366400361061096,0.10203519985079765,0.09779199957847595,0.022199246128634553,20.0,0.027424000203609467,0.06268800050020218,0.03934080000035465,0.04054399952292442,0.010850243426002085,40,0.19404800236225128,0.2444480061531067,0.20331360176205635,0.19926400482654572,0.01363363162603375,20,0.03993599861860275,0.05040000006556511,0.04194079954177141,0.04102399945259094,0.0023681790521417755,20,0.13596799969673157,0.15318399667739868,0.14300480112433434,0.14192000031471252,0.004443287325730946,20.0,0.20950399339199066,0.2216320037841797,0.21310240030288696,0.21292800456285477,0.0027044932518689078,20,0.03532800078392029,0.036031998693943024,0.035651199705898765,0.03561599925160408,0.00018211899261925916,20,0.08169600367546082,0.09504000097513199,0.08396479897201062,0.08222400024533272,0.004081485471362484,20,0.04931199923157692,0.05152000114321709,0.05055679995566607,0.05075199902057648,0.0005966861877301134,20,0.010879999957978725,0.01158399973064661,0.011060800077393651,0.011008000001311302,0.000178247425838288,20,0.0261439997702837,0.028351999819278717,0.027048000041395424,0.026895999908447266,0.0006084945493281986,20,16,16,2048,10944,102400,True,False,False,1408,1,2048,10944,generic,generic,2816,,CUDA_EVENT,BF16,none
0.007327999919652939,0.03500799834728241,0.009573599975556134,0.008911999873816967,0.004610631748890947,40.0,0.1074879989027977,0.1504639983177185,0.12149919979274273,0.12065599858760834,0.008446898144387321,20.0,0.02783999964594841,0.05411199852824211,0.03903920007869601,0.03891200106590986,0.01041424638812174,40,0.1929280012845993,0.255840003490448,0.20177760273218154,0.19937600195407867,0.012930825653202404,20,0.04044799879193306,0.043616000562906265,0.04137440007179975,0.041200000792741776,0.0008339349444704146,20,0.13952000439167023,0.1483200043439865,0.14398080259561538,0.14372800290584564,0.003168442687591914,20.0,0.19113600254058838,0.20076799392700195,0.19305279925465585,0.19281599670648575,0.0019213821693655057,20,0.036031998693943024,0.03734400123357773,0.036536000296473505,0.03643199987709522,0.0003576102661679642,20,0.0809599980711937,0.08284799754619598,0.08170880004763603,0.08160000294446945,0.0005456348872698781,20,0.04771199822425842,0.04927999898791313,0.048513599671423435,0.04841599985957146,0.00041581251087619665,20,0.01056000031530857,0.01104000024497509,0.010768000083044172,0.010784000158309937,0.00012496403413850182,20,0.025887999683618546,0.027807999402284622,0.026627200189977884,0.026496000587940216,0.00046624565113100394,20,16,16,2048,10944,102400,True,False,False,1392,1,2048,10944,generic,generic,2816,,CUDA_EVENT,BF16,none
0.007424000184983015,0.03436800092458725,0.009607200056780129,0.009056000038981438,0.004566146097334845,40.0,0.0928959995508194,0.1451839953660965,0.11229279972612857,0.11275199800729752,0.01194270734845296,20.0,0.02828799933195114,0.05183999985456467,0.038879199977964164,0.038959999568760395,0.00996305372651374,40,0.1937279999256134,0.24668799340724945,0.20143039897084236,0.19855999946594238,0.010941014223980028,20,0.039583999663591385,0.04447999969124794,0.041566400229930876,0.04155200161039829,0.0011964949140543565,20,0.13760000467300415,0.1520639955997467,0.14424640014767648,0.14388799667358398,0.004348552490023596,20.0,0.19305600225925446,0.20047999918460846,0.1978703998029232,0.19814400374889374,0.0016062743040486799,20,0.03513599932193756,0.036928001791238785,0.03586080018430948,0.03574400022625923,0.000508213981694877,20,0.08124800026416779,0.0854720026254654,0.08217120058834552,0.08198399841785431,0.0008957304356199982,20,0.04975999891757965,0.0514880008995533,0.050552000477910045,0.05056000128388405,0.0005055471215110073,20,0.010495999827980995,0.01119999960064888,0.010875200014561414,0.010912000201642513,0.00018556550810018742,20,0.026048000901937485,0.029920000582933426,0.026984000205993654,0.02672000043094158,0.0008740087356474388,20,16,16,2048,10944,102400,True,False,False,1376,1,2048,10944,generic,generic,2816,,CUDA_EVENT,BF16,none
0.007360000163316727,0.035360001027584076,0.00969440008047968,0.009199999738484621,0.004717450051156636,40.0,0.10559999942779541,0.14975999295711517,0.12056799940764903,0.11955199763178825,0.01029898857510667,20.0,0.02879999950528145,0.05558399856090546,0.03956959987990558,0.03963199909776449,0.010028789112404192,40,0.19116799533367157,0.25043201446533203,0.20003679990768433,0.19761599600315094,0.012126569093578926,20,0.040383998304605484,0.04761600121855736,0.04169600009918213,0.04124800115823746,0.0015494085291844549,20,0.13609600067138672,0.15433600544929504,0.1432799980044365,0.14193599671125412,0.00461038406193753,20.0,0.19065600633621216,0.19580799341201782,0.1921152003109455,0.191600002348423,0.0012850045618786681,20,0.03526400029659271,0.03622400015592575,0.035582400299608706,0.035472000017762184,0.0002714296060008262,20,0.08099199831485748,0.08262400329113007,0.08159520030021668,0.0814880020916462,0.0004728296759860953,20,0.04742399975657463,0.04912000149488449,0.048179200105369094,0.04809600114822388,0.0004824897514332769,20,0.009983999654650688,0.010784000158309937,0.010462399851530791,0.010463999584317207,0.00015495247587409144,20,0.025728000327944756,0.0272000003606081,0.026395200192928313,0.026304000057280064,0.00043821003664115606,20,16,16,2048,10944,102400,True,False,False,1360,1,2048,10944,generic,generic,2816,,CUDA_EVENT,BF16,none
0.007135999854654074,0.03465599939227104,0.009447200002614408,0.008944000117480755,0.0045847830578513,40.0,0.07500799745321274,0.1483200043439865,0.0969504002481699,0.09467199817299843,0.015238843704325414,20.0,0.02844800055027008,0.05215999856591225,0.03934639990329743,0.039088000543415546,0.010027622274224534,40,0.19177600741386414,0.24249599874019623,0.19903840124607086,0.196943998336792,0.010596404768128967,20,0.03993599861860275,0.043455999344587326,0.041636799834668635,0.04156799986958504,0.0009427941531855334,20,0.13929599523544312,0.15094399452209473,0.14346079900860786,0.1416960060596466,0.003586545478279491,20.0,0.21488000452518463,0.2226880043745041,0.2185584008693695,0.2186719998717308,0.0018734755158478218,20,0.033695999532938004,0.03488000109791756,0.0342223996296525,0.03411199897527695,0.000366881720909485,20,0.08115199953317642,0.10054399818181992,0.08350880034267902,0.0819999985396862,0.004724919180782886,20,0.04896000027656555,0.05113599821925163,0.05016480013728142,0.05008000135421753,0.0005729940988583908,20,0.010111999697983265,0.010912000201642513,0.010572800040245056,0.01056000031530857,0.00019290456960994686,20,0.026048000901937485,0.027712000533938408,0.026657600048929454,0.026528000831604004,0.00048058364550280526,20,16,16,2048,10944,102400,True,False,False,1344,1,2048,10944,generic,generic,2816,,CUDA_EVENT,BF16,none
0.007135999854654074,0.034304000437259674,0.009507200040388852,0.009184000082314014,0.004537464656199448,40.0,0.11689600348472595,0.14524799585342407,0.12917759977281093,0.1286880001425743,0.006870084180167373,20.0,0.02831999957561493,0.051552001386880875,0.03923760005272925,0.04024000093340874,0.009945178008260787,40,0.191103994846344,0.2414720058441162,0.2003568008542061,0.19678400456905365,0.011939103000401635,20,0.040031999349594116,0.048608001321554184,0.042683199793100354,0.04206399992108345,0.0022832684963054535,20,0.13548800349235535,0.1533759981393814,0.1438672013580799,0.14265599846839905,0.004697815878674707,20.0,0.1852159947156906,0.1895039975643158,0.1870703987777233,0.18692800402641296,0.0010899957718824604,20,0.03452799841761589,0.03561599925160408,0.03494879975914955,0.03494400158524513,0.0003225939974202437,20,0.07859200239181519,0.09062399715185165,0.07976479940116406,0.0791039988398552,0.0025244379203329054,20,0.045471999794244766,0.04726399853825569,0.04622560013085604,0.0461760014295578,0.00044668089974111313,20,0.01017600018531084,0.010623999871313572,0.010438399855047464,0.010463999584317207,0.00012663264946167937,20,0.02550400048494339,0.0297279991209507,0.026777600031346084,0.026464000344276428,0.0012174978177487026,20,16,16,2048,10944,102400,True,False,False,1328,1,2048,10944,generic,generic,2816,,CUDA_EVENT,BF16,none
0.007135999854654074,0.03948799893260002,0.011209599964786321,0.00916799996048212,0.007252276677706773,40.0,0.11513599753379822,0.16227200627326965,0.13412800058722496,0.13335999846458435,0.012482616061106667,20.0,0.02864000014960766,0.0560000017285347,0.03960880013182759,0.039407999254763126,0.00995135310131142,40,0.191103994846344,0.28041601181030273,0.20173280090093612,0.19753599911928177,0.018469417824753278,20,0.04016000032424927,0.047488000243902206,0.04153279978781939,0.04118400067090988,0.00155174938187685,20,0.13705599308013916,0.17660799622535706,0.14595679938793182,0.14340800046920776,0.007998215379085075,20.0,0.1857600063085556,0.19196799397468567,0.18752000033855437,0.1871040016412735,0.0014033366136268195,20,0.03411199897527695,0.03526400029659271,0.03452960010617971,0.03440000116825104,0.0003884377880067859,20,0.08051200211048126,0.09427200257778168,0.08251360096037388,0.0814560018479824,0.0033681504448666594,20,0.04396799951791763,0.04652800038456917,0.04564799964427948,0.045632001012563705,0.000566363943591859,20,0.010015999898314476,0.01056000031530857,0.010368000017479062,0.0104160001501441,0.00012800003169125581,20,0.02598400041460991,0.04364800080657005,0.027606400195509195,0.026768000796437263,0.003713132371284363,20,16,16,2048,10944,102400,True,False,False,1312,1,2048,10944,generic,generic,2816,,CUDA_EVENT,BF16,none
0.007296000141650438,0.035840000957250595,0.009608000074513257,0.008880000095814466,0.004754600049789848,40.0,0.12105599790811539,0.14918400347232819,0.1346896007657051,0.1321760043501854,0.008774102919282354,20.0,0.02953599952161312,0.05724800005555153,0.03961040005087853,0.03907200042158365,0.00974371858842891,40,0.19171200692653656,0.2433599978685379,0.19969120025634765,0.19782400131225586,0.01043810887725569,20,0.039744000881910324,0.0459199994802475,0.041486399993300435,0.041360000148415565,0.001413859409946817,20,0.13663999736309052,0.15216000378131866,0.1450831986963749,0.14481599628925323,0.004051273343615149,20.0,0.18275199830532074,0.18563200533390045,0.18412000015378,0.1842079982161522,0.0007725798350687494,20,0.03388800099492073,0.034912001341581345,0.03415520004928112,0.034063998609781265,0.0002464779390214612,20,0.07782399654388428,0.09414400160312653,0.08177120015025138,0.07976000010967255,0.004175801630261297,20,0.043807998299598694,0.047807998955249786,0.045774399675428866,0.04572799988090992,0.0007762540760628071,20,0.009952000342309475,0.010528000071644783,0.010251200059428811,0.010239999741315842,0.0001392183391853632,20,0.025472000241279602,0.028896000236272812,0.02658239994198084,0.02659199945628643,0.0009406638742384775,20,16,16,2048,10944,102400,True,False,False,1296,1,2048,10944,generic,generic,2816,,CUDA_EVENT,BF16,none
0.007135999854654074,0.037408001720905304,0.009515199996531009,0.008831999730318785,0.004984443529771104,40.0,0.12620800733566284,0.15241600573062897,0.1348368003964424,0.1361759975552559,0.006760353981251127,20.0,0.02751999907195568,0.05206400156021118,0.0389528002589941,0.04217600077390671,0.010328703448180305,40,0.18985599279403687,0.2887679934501648,0.20292159914970398,0.1976960003376007,0.020419366898277284,20,0.038816001266241074,0.04771199822425842,0.040233599953353405,0.03951999917626381,0.001922746820131454,20,0.13743999600410461,0.15785600244998932,0.14412479996681213,0.14315199851989746,0.004928955645243864,20.0,0.18435199558734894,0.18639999628067017,0.18533119782805443,0.18519999831914902,0.0005754136120769646,20,0.03286400064826012,0.03433600068092346,0.03352000024169684,0.03340800106525421,0.0003896258043861262,20,0.07417599856853485,0.07577600330114365,0.07481280080974102,0.07468800246715546,0.00045894105277232317,20,0.049695998430252075,0.051552001386880875,0.05044960007071495,0.050383999943733215,0.0005280946315086178,20,0.010080000385642052,0.014336000196635723,0.010446400055661798,0.010224000085145235,0.0008975686466860505,20,0.024032000452280045,0.025728000327944756,0.024772800039499998,0.02465599961578846,0.00046253846730659687,20,16,16,2048,10944,102400,True,False,False,1280,1,2048,10944,generic,generic,2816,,CUDA_EVENT,BF16,none
0.007327999919652939,0.03654399886727333,0.010399999923538416,0.009231999982148409,0.00522391037359915,40.0,0.13247999548912048,0.14918400347232819,0.13763199895620346,0.13699200004339218,0.0042225324427715765,20.0,0.027744000777602196,0.04966399818658829,0.03806480024941265,0.038320000283420086,0.009509178543812155,40,0.19142399728298187,0.24643200635910034,0.1985168017446995,0.19619200378656387,0.011607972738119851,20,0.038176000118255615,0.04838399961590767,0.04028639979660511,0.03968000039458275,0.002212759496171353,20,0.13795199990272522,0.15158399939537048,0.14379520043730737,0.14292800426483154,0.004052132549757484,20.0,0.17740799486637115,0.18134400248527527,0.17900319993495942,0.1786080002784729,0.0011525020424798204,20,0.03283200040459633,0.03404799848794937,0.033244799636304376,0.03319999948143959,0.00027263869919899066,20,0.07385600358247757,0.07539200037717819,0.07453119978308678,0.07444800063967705,0.00042775982893809454,20,0.045024000108242035,0.046879999339580536,0.04590720012784004,0.04600000008940697,0.0005548468158725633,20,0.009920000098645687,0.01027199998497963,0.010136000020429492,0.010127999819815159,8.929955446952434e-05,20,0.024000000208616257,0.025439999997615814,0.02470720000565052,0.024575999937951565,0.00043488236171319454,20,16,16,2048,10944,102400,True,False,False,1264,1,2048,10944,generic,generic,2816,,CUDA_EVENT,BF16,none
0.0074880002066493034,0.033535998314619064,0.01115680004004389,0.009200000204145908,0.004936364416090821,40.0,0.1318719983100891,0.14537599682807922,0.13917439952492713,0.139055997133255,0.0036998229616751897,20.0,0.027295999228954315,0.04979199916124344,0.038105599908158184,0.03833600040525198,0.009527164340349252,40,0.1937599927186966,0.24403199553489685,0.20140479803085326,0.19945599883794785,0.010748646219288798,20,0.038495998829603195,0.042208001017570496,0.039828799478709695,0.03947199881076813,0.0010696945315856847,20,0.13491199910640717,0.15302400290966034,0.14332640022039414,0.14271999895572662,0.004502577807409702,20.0,0.17734399437904358,0.1810240000486374,0.17853600084781646,0.1783359944820404,0.0009685418855774894,20,0.032287999987602234,0.033376000821590424,0.032815999910235406,0.03278400003910065,0.00022818966980996818,20,0.07388799637556076,0.07555200159549713,0.07458879984915257,0.07464000210165977,0.0004289560859799637,20,0.0451200008392334,0.04806400090456009,0.04586880002170801,0.04576000012457371,0.0006675970610034608,20,0.009855999611318111,0.010304000228643417,0.010068800114095212,0.010080000385642052,0.00010958546801136515,20,0.024032000452280045,0.025472000241279602,0.02470719991251826,0.024623999372124672,0.00043734770883955496,20,16,16,2048,10944,102400,True,False,False,1248,1,2048,10944,generic,generic,2816,,CUDA_EVENT,BF16,none
0.007327999919652939,0.034752000123262405,0.011483200045768171,0.00926399976015091,0.005202744224113984,40.0,0.13203200697898865,0.14716799557209015,0.13936639875173568,0.13894400000572205,0.0036153699915923484,20.0,0.027424000203609467,0.05023999884724617,0.03770320005714893,0.03734400123357773,0.009362134488108036,40,0.1939840018749237,0.24697600305080414,0.20165119916200638,0.2001120001077652,0.010784956863249115,20,0.03916800022125244,0.050592001527547836,0.041632000170648095,0.04041599854826927,0.0029658327054994118,20,0.1353919953107834,0.15254400670528412,0.14327679872512816,0.14259200543165207,0.004620921482110791,20.0,0.177279993891716,0.18166400492191315,0.17923519983887673,0.17907199263572693,0.0010004251833432359,20,0.03200000151991844,0.03296000137925148,0.03240960016846657,0.032416000962257385,0.0002457136764971652,20,0.0740479975938797,0.0759039968252182,0.07485920041799546,0.07473600283265114,0.000546092132833352,20,0.04278400167822838,0.04447999969124794,0.04352799989283085,0.04342399910092354,0.00045049313281861597,20,0.009696000255644321,0.01027199998497963,0.009983999980613589,0.010015999898314476,0.00013462833995882043,20,0.02454400062561035,0.028736000880599022,0.026460800133645535,0.025887999683618546,0.0013684968297936497,20,16,16,2048,10944,102400,True,False,False,1232,1,2048,10944,generic,generic,2816,,CUDA_EVENT,BF16,none
0.006783999968320131,0.035711999982595444,0.009632799972314388,0.008848000317811966,0.00493482373747602,40.0,0.12070400267839432,0.1536960005760193,0.13710400126874447,0.13630399852991104,0.006898947022442737,20.0,0.027135999873280525,0.05113599821925163,0.03885839995928109,0.0417919997125864,0.010440507830215277,40,0.19254399836063385,0.24083200097084045,0.2008992001414299,0.1987679973244667,0.010327535708832677,20,0.0387520007789135,0.04601600021123886,0.04069440010935068,0.040031999349594116,0.0018120621003573337,20,0.1356479972600937,0.14851200580596924,0.14180800020694734,0.14129599928855896,0.004255801381323506,20.0,0.18329599499702454,0.18771199882030487,0.18511519879102706,0.18507199734449387,0.0012377539766068777,20,0.03155200183391571,0.0326399989426136,0.03204640038311481,0.031968001276254654,0.00029284336972943304,20,0.07423999905586243,0.07558400183916092,0.074795201420784,0.07468800246715546,0.00039520655354958995,20,0.04940799996256828,0.05113599821925163,0.050355199910700324,0.050303999334573746,0.0004892337424292376,20,0.009855999611318111,0.01033599954098463,0.010009599989280105,0.009983999654650688,0.00011385876636063239,20,0.024191999807953835,0.025567999109625816,0.024756799917668104,0.024623999372124672,0.0004415855439207425,20,16,16,2048,10944,102400,True,False,False,1216,1,2048,10944,generic,generic,2816,,CUDA_EVENT,BF16,none
0.007391999941319227,0.03574400022625923,0.012112800043541937,0.009392000269144773,0.005589310999761896,40.0,0.13385599851608276,0.16921600699424744,0.13993440046906472,0.13839999586343765,0.0074218527439606375,20.0,0.028575999662280083,0.05375999957323074,0.03853119979612529,0.04081599973142147,0.008981074594259168,40,0.19404800236225128,0.25705599784851074,0.20407680049538612,0.19947200268507004,0.015548730414835756,20,0.03811199963092804,0.0459199994802475,0.039809600077569486,0.03911999985575676,0.001868001849581777,20,0.1361279934644699,0.16550399363040924,0.14482719898223878,0.1430399939417839,0.006270074746477741,20.0,0.17552000284194946,0.18025599420070648,0.17733759954571723,0.17740800231695175,0.0010528238948035336,20,0.031231999397277832,0.03267199918627739,0.03190240003168583,0.03179199993610382,0.00036534365577081977,20,0.0740479975938797,0.07529599964618683,0.07455039992928505,0.07444800063967705,0.0003864062959625477,20,0.04259200021624565,0.04428799822926521,0.043451199680566786,0.04342399910092354,0.0004876481790245124,20,0.009375999681651592,0.010367999784648418,0.00992959989234805,0.009936000220477581,0.00018076465414128593,20,0.02377600036561489,0.02518399991095066,0.02440800005570054,0.024351999163627625,0.00044889887943177473,20,16,16,2048,10944,102400,True,False,False,1200,1,2048,10944,generic,generic,2816,,CUDA_EVENT,BF16,none
0.0072639998979866505,0.034752000123262405,0.011362400080543011,0.009296000003814697,0.005132955659802838,40.0,0.13388800621032715,0.14630399644374847,0.1388032019138336,0.1380160003900528,0.0030899039104660122,20.0,0.028704000636935234,0.05040000006556511,0.038805599929764865,0.04001599922776222,0.0092081531592317,40,0.19392000138759613,0.2473279982805252,0.20167679861187934,0.19947200268507004,0.011112961657763926,20,0.0387520007789135,0.04262400045990944,0.039937600307166574,0.039952000603079796,0.000937085471409352,20,0.13663999736309052,0.15705600380897522,0.1429008014500141,0.14160000532865524,0.004489754306367131,20.0,0.1756799966096878,0.17843200266361237,0.17721759974956514,0.1770239993929863,0.0007943151426649042,20,0.030848000198602676,0.036768000572919846,0.03172800028696656,0.031488001346588135,0.0012010236428195728,20,0.0735040009021759,0.07500799745321274,0.07426079958677292,0.07422399893403053,0.00040188688419085997,20,0.04476799815893173,0.050464000552892685,0.046102399937808514,0.045471999794244766,0.001552052747386523,20,0.009568000212311745,0.010048000141978264,0.009863999905064702,0.009855999611318111,0.00012305446103468397,20,0.02396799996495247,0.025407999753952026,0.024598400015383957,0.024528000503778458,0.0004433012449432562,20,16,16,2048,10944,102400,True,False,False,1184,1,2048,10944,generic,generic,2816,,CUDA_EVENT,BF16,none
0.00723200011998415,0.03619199991226196,0.013939999917056412,0.00926399976015091,0.007461023999686698,40.0,0.133760005235672,0.1773120015859604,0.14060960114002227,0.13841599971055984,0.00899062993353448,20.0,0.029311999678611755,0.052319999784231186,0.03875999990850687,0.039055999368429184,0.008767622411905847,40,0.19404800236225128,0.2826879918575287,0.20324479937553405,0.19947200268507004,0.01849745554853026,20,0.03734400123357773,0.04412800073623657,0.03923360016196966,0.038863999769091606,0.001382513905292631,20,0.13673600554466248,0.17584000527858734,0.14508479982614517,0.14308799803256989,0.007960375854802087,20.0,0.17430399358272552,0.1796800047159195,0.17603039965033532,0.17555199563503265,0.0013694167973352033,20,0.03062400035560131,0.032607998698949814,0.03120480040088296,0.031072000041604042,0.00047337007962526334,20,0.07321599870920181,0.07516799867153168,0.07407039999961854,0.07395199686288834,0.0005012986379592296,20,0.04249599948525429,0.046112000942230225,0.043935999646782874,0.043695999309420586,0.0011520889767071643,20,0.009535999968647957,0.010111999697983265,0.009769599977880716,0.009759999811649323,0.00014456776131094973,20,0.023711999878287315,0.025248000398278236,0.024334399867802857,0.024304000660777092,0.000442650826304762,20,16,16,2048,10944,102400,True,False,False,1168,1,2048,10944,generic,generic,2816,,CUDA_EVENT,BF16,none
0.007424000184983015,0.034015998244285583,0.014303999987896531,0.011152000166475773,0.005929868366811707,40.0,0.13315199315547943,0.1499519944190979,0.13870879784226417,0.1371839940547943,0.004262926617951911,20.0,0.02828799933195114,0.05084799975156784,0.03903599986806512,0.03859200049191713,0.00980582326396213,40,0.19286400079727173,0.24540799856185913,0.20082240030169488,0.19846399873495102,0.011091183142497567,20,0.037728000432252884,0.045024000108242035,0.040291200019419195,0.039583999663591385,0.0020466219686173025,20,0.13683199882507324,0.15068799257278442,0.14244960024952888,0.1409440040588379,0.003930382471386954,20.0,0.16752000153064728,0.1728000044822693,0.17062080055475234,0.17084800451993942,0.0012083508950799626,20,0.030559999868273735,0.03155200183391571,0.030963200330734252,0.030896000564098358,0.0002560803057907577,20,0.07315199822187424,0.07452800124883652,0.07379840053617955,0.07371200248599052,0.0004088743043186223,20,0.04070400074124336,0.042208001017570496,0.0413775997236371,0.04132799990475178,0.0004039454181222794,20,0.009535999968647957,0.009983999654650688,0.009723199997097254,0.009727999567985535,0.00011856186690196202,20,0.02348800003528595,0.028960000723600388,0.025726400129497052,0.025231999345123768,0.0017112813865935894,20,16,16,2048,10944,102400,True,False,False,1152,1,2048,10944,generic,generic,2816,,CUDA_EVENT,BF16,none
0.00886400043964386,0.034272000193595886,0.0168335999827832,0.020047999918460846,0.005595870219111982,40.0,0.13388800621032715,0.21513600647449493,0.14207520037889482,0.13862399756908417,0.016910108433777472,20.0,0.027264000847935677,0.04841599985957146,0.03721600007265806,0.036927999928593636,0.008505841402117234,40,0.19075199961662292,0.24383999407291412,0.19959519803524017,0.19734399765729904,0.010884907620145523,20,0.03680000081658363,0.04281599819660187,0.0381071999669075,0.03763199970126152,0.001340233699405088,20,0.1361279934644699,0.15401600301265717,0.14314080029726028,0.14236799627542496,0.005558716615348408,20.0,0.16457599401474,0.16767999529838562,0.16577759981155396,0.16542399674654007,0.0009986590525654384,20,0.029823999851942062,0.03136000037193298,0.03044800003990531,0.03038400039076805,0.0003366091312838741,20,0.06764800101518631,0.06911999732255936,0.06816000081598758,0.06803200021386147,0.0004522085804203657,20,0.041120000183582306,0.04265600070357323,0.04182400032877922,0.04179200157523155,0.00047398861456090423,20,0.009472000412642956,0.009824000298976898,0.009660800034180284,0.009664000011980534,8.399606892054379e-05,20,0.022495999932289124,0.024032000452280045,0.023222400154918433,0.023104000836610794,0.0004187111001672784,20,16,16,2048,10944,102400,True,False,False,1136,1,2048,10944,generic,generic,2816,,CUDA_EVENT,BF16,none
0.007040000054985285,0.03561599925160408,0.011998399952426552,0.00902399979531765,0.005555719464121743,40.0,0.13395200669765472,0.1488959938287735,0.1381552003324032,0.13755200058221817,0.0038144786583033928,20.0,0.027103999629616737,0.049056001007556915,0.03723280015401542,0.0414079986512661,0.008964984579145442,40,0.19049599766731262,0.24195200204849243,0.19798879995942115,0.19657599925994873,0.010506377025303937,20,0.03651199862360954,0.04009599983692169,0.037675200030207634,0.03744000010192394,0.0008438705366383027,20,0.13551999628543854,0.14739200472831726,0.14030240029096602,0.1395680010318756,0.003497989881553198,20.0,0.17468799650669098,0.17843200266361237,0.1759839989244938,0.17569600045681,0.0009141317798619427,20,0.02908799983561039,0.03094400092959404,0.029865600075572728,0.02977599948644638,0.0004210280765684017,20,0.06784000247716904,0.09020800143480301,0.07522560022771359,0.07337599992752075,0.007440924015857021,20,0.03936000168323517,0.042847998440265656,0.04143199995160103,0.04187199845910072,0.001110951993097031,20,0.009375999681651592,0.0098879998549819,0.009636800037696958,0.009664000011980534,0.00011505545057392546,20,0.022911999374628067,0.02470399998128414,0.023700799979269504,0.02353600040078163,0.0005149191441918386,20,16,16,2048,10944,102400,True,False,False,1120,1,2048,10944,generic,generic,2816,,CUDA_EVENT,BF16,none
0.008352000266313553,0.03308799862861633,0.014662399957887828,0.014127999544143677,0.006100958401701977,40.0,0.1348479986190796,0.16252799332141876,0.13961279913783073,0.13759999722242355,0.006055747089920858,20.0,0.02723200060427189,0.052319999784231186,0.03695039986632764,0.03705599904060364,0.009208455671812162,40,0.19167999923229218,0.23772799968719482,0.19920959919691086,0.19715199619531631,0.009576675920818865,20,0.03651199862360954,0.04630399867892265,0.038543999567627905,0.03798399865627289,0.002023693439380516,20,0.1361279934644699,0.14787200093269348,0.14210240095853804,0.14204800128936768,0.003546723270596512,20.0,0.17443199455738068,0.1775680035352707,0.17593440115451814,0.17601600289344788,0.0008330758160023391,20,0.02879999950528145,0.030592000111937523,0.02948319986462593,0.029392000287771225,0.0004258856437945678,20,0.06707199662923813,0.06864000111818314,0.06762239970266819,0.06748799979686737,0.0004204817496219844,20,0.040863998234272,0.0427200011909008,0.04177599977701903,0.041808001697063446,0.0005390366157764531,20,0.009184000082314014,0.00979200005531311,0.009617600077763199,0.00961600011214614,0.00013706868812889293,20,0.02236800082027912,0.02412799932062626,0.023015999887138604,0.02287999913096428,0.00048760636336015877,20,16,16,2048,10944,102400,True,False,False,1104,1,2048,10944,generic,generic,2816,,CUDA_EVENT,BF16,none
0.007872000336647034,0.034623999148607254,0.014643199951387941,0.011615999974310398,0.006780243508845098,40.0,0.13235199451446533,0.15001599490642548,0.1380927987396717,0.13708800077438354,0.00473258573647844,20.0,0.027488000690937042,0.049984000623226166,0.03823279994539917,0.03796799946576357,0.009934622631944712,40,0.19228799641132355,0.23718400299549103,0.19985119998455048,0.19812799990177155,0.009236379391006808,20,0.04032000154256821,0.04447999969124794,0.042051200196146964,0.04174400120973587,0.0011778389699424535,20,0.13734400272369385,0.1488640010356903,0.1419728010892868,0.14057600498199463,0.0035094719885220486,20.0,0.16915200650691986,0.18367999792099,0.17257120087742805,0.17161599546670914,0.0030981758171050896,20,0.028672000393271446,0.029983999207615852,0.02930559990927577,0.029248000122606754,0.0004161968562736874,20,0.07184000313282013,0.07382400333881378,0.07247839979827404,0.07231999933719635,0.0005860881912742882,20,0.040352001786231995,0.04265600070357323,0.041091200150549415,0.04097599908709526,0.0005398335572615867,20,0.00940799992531538,0.009855999611318111,0.009625599952414632,0.009631999768316746,0.00011430753469482435,20,0.024288000538945198,0.04278400167822838,0.02647680016234517,0.025631999596953392,0.0038252172481193915,20,16,16,2048,10944,102400,True,False,False,1088,1,2048,10944,generic,generic,2816,,CUDA_EVENT,BF16,none
0.008415999822318554,0.0350399985909462,0.015559199987910688,0.01852799952030182,0.006208801780558337,40.0,0.1334719955921173,0.150176003575325,0.13977600038051605,0.13889600336551666,0.004160812601628451,20.0,0.027615999802947044,0.05129599943757057,0.03711919989436865,0.03712000045925379,0.008807837973144373,40,0.1924159973859787,0.34358400106430054,0.20779199823737143,0.19919999688863754,0.032831394503346066,20,0.03638400137424469,0.04259200021624565,0.037824000045657155,0.03739199973642826,0.0013646040630954951,20,0.13516800105571747,0.1533759981393814,0.14348000064492225,0.14286399632692337,0.004299684877137537,20.0,0.17414399981498718,0.17849600315093994,0.1760848008096218,0.17611200362443924,0.0010395962752994814,20,0.02796800062060356,0.029440000653266907,0.028569599892944098,0.0285279992967844,0.0004619097859433742,20,0.066880002617836,0.06838399916887283,0.06734079904854298,0.06716799736022949,0.00042033472471026995,20,0.04102399945259094,0.04460800066590309,0.04186400007456541,0.041680000722408295,0.0008546382446822629,20,0.009216000325977802,0.009696000255644321,0.009547200100496412,0.00955200009047985,0.00011460954322701074,20,0.02191999927163124,0.023584000766277313,0.02262879991903901,0.02252800017595291,0.0005079114125770383,20,16,16,2048,10944,102400,True,False,False,1072,1,2048,10944,generic,generic,2816,,CUDA_EVENT,BF16,none
0.006432000081986189,0.03532800078392029,0.008686399972066283,0.008144000079482794,0.004862499578421446,40.0,0.11043199896812439,0.15695999562740326,0.13317119888961315,0.135343998670578,0.010249787120171772,20.0,0.028543999418616295,0.048608001321554184,0.03724479991942644,0.03681599907577038,0.008070339790351601,40,0.19219200313091278,0.2481279969215393,0.19964799880981446,0.19734399765729904,0.011724024249484181,20,0.03728000074625015,0.041600000113248825,0.03831039983779192,0.038127999752759933,0.0010416778433661553,20,0.1375039964914322,0.1573760062456131,0.1441360004246235,0.14233599603176117,0.005549024191260244,20.0,0.18662400543689728,0.19590400159358978,0.19069440066814422,0.19033600389957428,0.0019937709529644562,20,0.027648000046610832,0.028672000393271446,0.02801279993727803,0.027904000133275986,0.00025387120795143463,20,0.07999999821186066,0.09904000163078308,0.08910080008208751,0.08816000074148178,0.005168841419347365,20,0.03884800150990486,0.04064000025391579,0.039670399762690066,0.03956799954175949,0.0004902478295315748,20,0.00940799992531538,0.010015999898314476,0.009648000029847026,0.009631999768316746,0.0001321332290323211,20,0.02300800010561943,0.024927999824285507,0.0238880000077188,0.023919999599456787,0.0005362744081316376,20,16,16,2048,10944,102400,True,False,False,1056,1,2048,10944,generic,generic,2816,,CUDA_EVENT,BF16,none
0.008352000266313553,0.03420799970626831,0.014824799820780754,0.013920000288635492,0.006368671208368531,40.0,0.13414399325847626,0.1507200002670288,0.13920159935951232,0.1385600045323372,0.004095193222937342,20.0,0.027744000777602196,0.04758400097489357,0.03663039994426072,0.036128001287579536,0.008322178600848435,40,0.19209599494934082,0.24054400622844696,0.19859519973397255,0.19657600671052933,0.010047828007637791,20,0.03641600161790848,0.040608000010252,0.037905600108206275,0.03779200091958046,0.0009385044998337005,20,0.13817599415779114,0.14828799664974213,0.14205920025706292,0.1411520019173622,0.003065731355835831,20.0,0.1650879979133606,0.16844800114631653,0.1663152001798153,0.16619200259447098,0.0008845141276917529,20,0.02723200060427189,0.028736000880599022,0.027782399952411652,0.027664000168442726,0.000432249001831357,20,0.07872000336647034,0.09375999867916107,0.08435200043022632,0.08348799869418144,0.004321149791067942,20,0.03494400158524513,0.03763199970126152,0.03631200008094311,0.03625600039958954,0.0006786618919786211,20,0.009312000125646591,0.009664000011980534,0.009444800019264222,0.009440000168979168,8.238056720056545e-05,20,0.02195199951529503,0.02393599972128868,0.022799999732524157,0.022752000018954277,0.0005337865159877114,20,16,16,2048,10944,102400,True,False,False,1040,1,2048,10944,generic,generic,2816,,CUDA_EVENT,BF16,none
0.019648000597953796,0.03488000109791756,0.02600639997981489,0.026271999813616276,0.005549007570330704,40.0,0.1337279975414276,0.16201600432395935,0.1404784008860588,0.13868799805641174,0.006285826212059717,20.0,0.026176000013947487,0.045504000037908554,0.035364800179377195,0.03518399968743324,0.00801646820112741,40,0.19113600254058838,0.25040000677108765,0.20087999999523162,0.19884800165891647,0.012145835683329043,20,0.03551999852061272,0.04089599847793579,0.036902399733662605,0.03630400076508522,0.0015474769523295268,20,0.13808000087738037,0.1944960057735443,0.1459584005177021,0.14300799369812012,0.011884382492030048,20.0,0.1507200002670288,0.15644800662994385,0.1526719994843006,0.15211199969053268,0.0014141325005102108,20,0.027648000046610832,0.028704000636935234,0.028020800091326237,0.027952000498771667,0.00028103122568372307,20,0.060864001512527466,0.06224000081419945,0.0614351999014616,0.06128000095486641,0.000468149467323098,20,0.03680000081658363,0.03814399987459183,0.03742399979382753,0.03739199973642826,0.00040584527482373007,20,0.009184000082314014,0.009503999724984169,0.009316800022497773,0.009296000003814697,8.112804845934576e-05,20,0.021088000386953354,0.03436800092458725,0.022078400105237962,0.021440000273287296,0.002830100789210138,20,16,16,2048,10944,102400,True,False,False,1024,1,2048,10944,generic,generic,2816,,CUDA_EVENT,BF16,none
0.020255999639630318,0.03404799848794937,0.02588560008443892,0.025615999475121498,0.005244015048959563,40.0,0.1324480026960373,0.14707200229167938,0.13851040005683898,0.13864000141620636,0.0037480785841640368,20.0,0.02611199952661991,0.04665600135922432,0.03553920015692711,0.035871999338269234,0.008219437939975302,40,0.1921599954366684,0.25625601410865784,0.20177120044827462,0.19998399913311005,0.012852218029015247,20,0.0352960005402565,0.04163200035691261,0.03699999991804361,0.03651200048625469,0.0015652837084699756,20,0.1364479959011078,0.15043200552463531,0.14255519956350327,0.1425120010972023,0.0038298305724133288,20.0,0.1478080004453659,0.15043200552463531,0.14871199876070024,0.14851199835538864,0.0008486279644941576,20,0.027008000761270523,0.028384000062942505,0.02761119995266199,0.02750399988144636,0.00035291134868058665,20,0.06083200126886368,0.06252799928188324,0.061401600018143654,0.061344001442193985,0.0004415073854264241,20,0.03654399886727333,0.03814399987459183,0.03733440022915602,0.037248000502586365,0.000429813845042509,20,0.009151999838650227,0.009631999768316746,0.00933120003901422,0.009279999881982803,0.00012735842570513634,20,0.02112000063061714,0.023552000522613525,0.021603200118988752,0.02137599978595972,0.0006521173998901022,20,16,16,2048,10944,102400,True,False,False,1016,1,2048,10944,generic,generic,2816,,CUDA_EVENT,BF16,none
0.01600000075995922,0.03436800092458725,0.02362000006251037,0.020959999412298203,0.00489484027434811,40.0,0.13353599607944489,0.1509760022163391,0.13839840069413184,0.13755200058221817,0.004610161124321617,20.0,0.0272000003606081,0.04639999940991402,0.03585839988663793,0.03566399961709976,0.00776444196024471,40,0.19308799505233765,0.24380800127983093,0.20151840150356293,0.19964800029993057,0.010368392399220917,20,0.03548799827694893,0.03923200070858002,0.03689599968492985,0.03646400012075901,0.0011122476173296338,20,0.13840000331401825,0.14892800152301788,0.14286400005221367,0.14231999963521957,0.003157940351470993,20.0,0.16380800306797028,0.16857600212097168,0.16565440073609353,0.16553600132465363,0.0011946382812649588,20,0.02687999978661537,0.027904000133275986,0.027289599925279618,0.027168000116944313,0.00034280343839627526,20,0.06070400029420853,0.06195199862122536,0.0612127996981144,0.06108799949288368,0.0003337680005536386,20,0.03657599911093712,0.03843199834227562,0.03748959954828024,0.037487998604774475,0.000483980573456075,20,0.008927999995648861,0.009440000168979168,0.00928000002168119,0.009312000125646591,0.00011844333206063011,20,0.02099199965596199,0.02236800082027912,0.021481600217521192,0.02131200022995472,0.0004055424199120059,20,16,16,2048,10944,102400,True,False,False,1008,1,2048,10944,generic,generic,2816,,CUDA_EVENT,BF16,none
0.016607999801635742,0.0342399999499321,0.022748000035062433,0.020848000422120094,0.00424029091347833,40.0,0.13340799510478973,0.1456959992647171,0.13909759894013404,0.1385599970817566,0.003749558155569562,20.0,0.0272000003606081,0.04742399975657463,0.03588640009984374,0.035535999573767185,0.007808717798727572,40,0.19219200313091278,0.24716800451278687,0.20067999884486198,0.19793599843978882,0.011417836305578404,20,0.035711999982595444,0.04044799879193306,0.036870400235056874,0.03619199991226196,0.0014076579733500669,20,0.1353600025177002,0.15324799716472626,0.14218079894781113,0.1403999999165535,0.005282067214476853,20.0,0.1632000058889389,0.16723200678825378,0.16536320149898528,0.1653760001063347,0.0011617552212416541,20,0.02630399912595749,0.02755199931561947,0.026934400014579297,0.02696000039577484,0.00029780630999699125,20,0.06067200005054474,0.06220800057053566,0.0611839996650815,0.06107199937105179,0.00039852545942182003,20,0.035679999738931656,0.03747199848294258,0.03658879958093166,0.036559998989105225,0.00048608386325503544,20,0.009151999838650227,0.009375999681651592,0.00927520003169775,0.009279999881982803,6.421959241243171e-05,20,0.02070399932563305,0.023135999217629433,0.021590399742126464,0.021407999098300934,0.0005094033783390964,20,16,16,2048,10944,102400,True,False,False,1000,1,2048,10944,generic,generic,2816,,CUDA_EVENT,BF16,none
0.020128000527620316,0.03587200120091438,0.025980800157412887,0.026895999908447266,0.0052677034414570865,40.0,0.1318719983100891,0.14844800531864166,0.13791840076446532,0.13708800077438354,0.004030851591079288,20.0,0.0272000003606081,0.04527999833226204,0.035796799976378676,0.035535999573767185,0.007647208404752425,40,0.19174399971961975,0.24012799561023712,0.1996576003730297,0.19860800355672836,0.009820084898789558,20,0.03561599925160408,0.039583999663591385,0.03679199945181608,0.03654399886727333,0.0010334500611400778,20,0.13488000631332397,0.14627200365066528,0.14114880189299583,0.14134400337934494,0.0031883121131205494,20.0,0.15119999647140503,0.1544959992170334,0.15213920027017594,0.15198399871587753,0.0008286872480663079,20,0.02691200003027916,0.027904000133275986,0.027291199937462807,0.027295999228954315,0.00027643902198639216,20,0.06032000109553337,0.06195199862122536,0.06108160000294447,0.061039999127388,0.0004423180346173546,20,0.036639999598264694,0.03811199963092804,0.037319999746978284,0.03723200038075447,0.00048137123525633755,20,0.008767999708652496,0.009503999724984169,0.009268799936398864,0.009296000003814697,0.00016136223916343126,20,0.02099199965596199,0.03481600061058998,0.02248960016295314,0.0213600005954504,0.003221727976372004,20,16,16,2048,10944,102400,True,False,False,992,1,2048,10944,generic,generic,2816,,CUDA_EVENT,BF16,none
0.016704000532627106,0.03471999987959862,0.023956799833104014,0.021103999577462673,0.0047428088984286,40.0,0.13257600367069244,0.15216000378131866,0.13828160166740416,0.13675200194120407,0.004754603123036051,20.0,0.027744000777602196,0.0451200008392334,0.036049599898979066,0.03588799946010113,0.00761951492884492,40,0.19155199825763702,0.28220799565315247,0.20208480060100556,0.19737600535154343,0.01894310223229477,20,0.0350399985909462,0.043296001851558685,0.0368367999792099,0.03601599857211113,0.0018490155176283706,20,0.13753600418567657,0.17737600207328796,0.1445551998913288,0.14175999909639359,0.008954903819874791,20.0,0.1632319986820221,0.1722559928894043,0.1656159982085228,0.16540799289941788,0.0019998458075963545,20,0.026176000013947487,0.02723200060427189,0.026593599934130907,0.026448000222444534,0.0003211939898313253,20,0.060256000608205795,0.06207999959588051,0.06093279998749494,0.060864001512527466,0.0004393768273084521,20,0.035840000957250595,0.03711999952793121,0.03658719938248396,0.036559998989105225,0.00035334634933417627,20,0.008832000195980072,0.00940799992531538,0.009217600012198091,0.009231999982148409,0.00012205172479259054,20,0.020608000457286835,0.022463999688625336,0.02143839988857508,0.021391999907791615,0.00042265140301697284,20,16,16,2048,10944,102400,True,False,False,984,1,2048,10944,generic,generic,2816,,CUDA_EVENT,BF16,none
0.016767999157309532,0.034143999218940735,0.023935999954119325,0.021023999899625778,0.004424154747831308,40.0,0.13238400220870972,0.1518079936504364,0.13830559998750686,0.1374880000948906,0.004331094857498995,20.0,0.027615999802947044,0.046431999653577805,0.036173599865287544,0.035919999703764915,0.007564873219390159,40,0.19091199338436127,0.28515198826789856,0.20286239981651305,0.19897600263357162,0.01931565833355844,20,0.03551999852061272,0.04265600070357323,0.03691040016710758,0.036639999598264694,0.0015904185744761935,20,0.13548800349235535,0.17372800409793854,0.14458719938993453,0.1427680030465126,0.007885136014174236,20.0,0.1637440025806427,0.1701440066099167,0.1656559996306896,0.16547199338674545,0.0014711965000233185,20,0.026016000658273697,0.027744000777602196,0.026497600134462118,0.026367999613285065,0.0004237404596936848,20,0.060256000608205795,0.061983998864889145,0.06077760010957718,0.06062399968504906,0.0004868943025014769,20,0.03680000081658363,0.03859199956059456,0.03750719986855984,0.03747199848294258,0.0004542310460802882,20,0.00902399979531765,0.00940799992531538,0.009222399955615402,0.009231999982148409,9.084849402432832e-05,20,0.020959999412298203,0.03129599988460541,0.02192160002887249,0.02131200022995472,0.0021840433532484297,20,16,16,2048,10944,102400,True,False,False,976,1,2048,10944,generic,generic,2816,,CUDA_EVENT,BF16,none
0.008383999578654766,0.03455999866127968,0.016002399963326752,0.017680000513792038,0.006184985734357442,40.0,0.13302400708198547,0.1462080031633377,0.13805920034646987,0.1374719962477684,0.0036060485786905674,20.0,0.026655999943614006,0.04787199944257736,0.03611919982358813,0.03588799946010113,0.00828048456041253,40,0.1921599954366684,0.2463040053844452,0.20149439871311187,0.19892799854278564,0.011211151528367743,20,0.03558399900794029,0.04041599854826927,0.036785599775612354,0.0363520011305809,0.0011828087076470176,20,0.13680000603199005,0.1533759981393814,0.14276159927248955,0.1414400041103363,0.004648643433081764,20.0,0.18185600638389587,0.188960000872612,0.18562080040574075,0.18592000007629395,0.0018805609131735054,20,0.025472000241279602,0.026688000187277794,0.025896000023931266,0.025887999683618546,0.00024722462331731176,20,0.06015999987721443,0.06195199862122536,0.060918400064110756,0.06080000102519989,0.0004436473394679298,20,0.035679999738931656,0.03750399872660637,0.036452800035476685,0.03638400137424469,0.00045257897968177817,20,0.008991999551653862,0.009440000168979168,0.009185599954798817,0.009184000082314014,0.00010193648365664072,20,0.020767999812960625,0.022207999601960182,0.02135839993134141,0.02127999998629093,0.0004117287796555254,20,16,16,2048,10944,102400,True,False,False,968,1,2048,10944,generic,generic,2816,,CUDA_EVENT,BF16,none
0.01958400011062622,0.03376000002026558,0.026067200349643826,0.025295999832451344,0.00521779513128304,40.0,0.13091200590133667,0.14528000354766846,0.1363280013203621,0.13657599687576294,0.003215527720013604,20.0,0.026496000587940216,0.04668800160288811,0.0359487998764962,0.03571199905127287,0.008341196958650848,40,0.19315199553966522,0.24188800156116486,0.20319360122084618,0.19886399805545807,0.011777589439774397,20,0.0352960005402565,0.040672000497579575,0.036934399791061875,0.036479998379945755,0.0012407421629316235,20,0.13523200154304504,0.1539199948310852,0.14185439944267272,0.14156799763441086,0.004904959533958969,20.0,0.13948799669742584,0.1446399986743927,0.14146559834480285,0.1412159949541092,0.0013606065020732357,20,0.026176000013947487,0.02739199995994568,0.02657120004296303,0.026480000466108322,0.0002799360184526014,20,0.06015999987721443,0.06176000088453293,0.060828800313174725,0.06070400029420853,0.00043511756208496847,20,0.03452799841761589,0.03590400144457817,0.03511039987206459,0.03508799895644188,0.0003925192507041919,20,0.008991999551653862,0.009440000168979168,0.009171200077980756,0.009151999838650227,0.00011947621183574645,20,0.02147199958562851,0.03561599925160408,0.027216000109910966,0.02574400044977665,0.004979250446966378,20,16,16,2048,10944,102400,True,False,False,960,1,2048,10944,generic,generic,2816,,CUDA_EVENT,BF16,none
0.020031999796628952,0.03711999952793121,0.026185600180178882,0.026015999726951122,0.0055468758930174635,40.0,0.13228799402713776,0.14537599682807922,0.1394511990249157,0.14001599699258804,0.0036596920200945952,20.0,0.026623999699950218,0.04630399867892265,0.03621439994312823,0.03579199966043234,0.008483688849433414,40,0.1916159987449646,0.28678399324417114,0.20299520045518876,0.19912000000476837,0.01961859113549493,20,0.03500799834728241,0.03999999910593033,0.03612159937620163,0.035631999373435974,0.0012734875155768013,20,0.13686400651931763,0.15727999806404114,0.14327200204133989,0.14240000396966934,0.004818777641784685,20.0,0.14230400323867798,0.1462080031633377,0.144233600795269,0.14427199959754944,0.0010466050684053074,20,0.02582399919629097,0.02703999914228916,0.026247999910265208,0.026127999648451805,0.0003215760625927965,20,0.05804799869656563,0.06060799956321716,0.05892319977283478,0.058848001062870026,0.0007014700937352568,20,0.03516799956560135,0.036768000572919846,0.03598720021545887,0.03588800132274628,0.0004683817641631625,20,0.00902399979531765,0.009503999724984169,0.009183999989181757,0.009151999838650227,0.00012598415089289455,20,0.02006400004029274,0.034752000123262405,0.025609599892050028,0.024272000417113304,0.00519099882641861,20,16,16,2048,10944,102400,True,False,False,952,1,2048,10944,generic,generic,2816,,CUDA_EVENT,BF16,none
0.019936000928282738,0.03654399886727333,0.025200000032782555,0.021727999672293663,0.005131342386418616,40.0,0.1327040046453476,0.15263999998569489,0.13932160139083863,0.1390560045838356,0.0047634183380498496,20.0,0.02672000043094158,0.054368000477552414,0.036124800238758324,0.035775999538600445,0.00851286864580342,40,0.19222399592399597,0.27507200837135315,0.2016975998878479,0.1982399970293045,0.017139542322105596,20,0.03468799963593483,0.04758400097489357,0.03694720044732094,0.03598400019109249,0.0027671844588072103,20,0.13657599687576294,0.17936000227928162,0.14446559995412828,0.14132799953222275,0.009163458075745591,20.0,0.14217600226402283,0.14713600277900696,0.14412959963083266,0.14395199716091156,0.001250232671876061,20,0.02582399919629097,0.026655999943614006,0.026094399858266115,0.026000000536441803,0.000286122822080491,20,0.07196799665689468,0.08736000210046768,0.08124959915876388,0.08287999778985977,0.004604737067697731,20,0.03308799862861633,0.03574400022625923,0.034182400070130826,0.03393600136041641,0.0007295440807731182,20,0.008991999551653862,0.009375999681651592,0.00912959985435009,0.009119999594986439,8.472448555606718e-05,20,0.020576000213623047,0.029023999348282814,0.021380800195038317,0.020896000787615776,0.0017802261188228578,20,16,16,2048,10944,102400,True,False,False,944,1,2048,10944,generic,generic,2816,,CUDA_EVENT,BF16,none
0.019936000928282738,0.03251200169324875,0.025652000121772288,0.025008000433444977,0.005063431185333206,40.0,0.13443200290203094,0.14934399724006653,0.13921599909663201,0.13857600092887878,0.003780789004405909,20.0,0.027327999472618103,0.051711998879909515,0.036586399748921396,0.03641599975526333,0.00804382990265885,40,0.1934400051832199,0.24480000138282776,0.20040480121970178,0.19892799854278564,0.01060840422971578,20,0.03471999987959862,0.03903999924659729,0.03614560011774302,0.03588799946010113,0.0010422606817357095,20,0.13843199610710144,0.14844800531864166,0.142764800041914,0.14230400323867798,0.0030684385845399986,20.0,0.1416960060596466,0.14614400267601013,0.14342240020632743,0.14318399876356125,0.0010010671480627262,20,0.025567999109625816,0.02643200010061264,0.025798399839550255,0.025696000084280968,0.00024487863071748087,20,0.057440001517534256,0.07280000299215317,0.059521599858999255,0.058240000158548355,0.003419399270601791,20,0.03440000116825104,0.03705599904060364,0.03571359999477863,0.035599999129772186,0.0006193854421314649,20,0.00863999966531992,0.009375999681651592,0.009086399851366878,0.009103999938815832,0.00015093523727325526,20,0.020287999883294106,0.033952001482248306,0.026321600005030633,0.026256000623106956,0.0041072033618753485,20,16,16,2048,10944,102400,True,False,False,936,1,2048,10944,generic,generic,2816,,CUDA_EVENT,BF16,none
0.02022399939596653,0.037728000432252884,0.026159200118854642,0.026080000214278698,0.005359307481666633,40.0,0.1321599930524826,0.14723199605941772,0.13847519904375077,0.13795199990272522,0.0038040875516242214,20.0,0.026655999943614006,0.05036799982190132,0.035709600010886786,0.035327999852597713,0.00827873875251224,40,0.19068799912929535,0.24454399943351746,0.19956159964203835,0.1966559961438179,0.011166936923955633,20,0.038943998515605927,0.04374400153756142,0.04116480015218258,0.04078400135040283,0.001318284081985485,20,0.13555200397968292,0.14963200688362122,0.14171840026974677,0.1406399980187416,0.004117520369548247,20.0,0.14150400459766388,0.14588800072669983,0.1429983988404274,0.14264000207185745,0.0012794854414988166,20,0.025248000398278236,0.02659199945628643,0.02572639985010028,0.02566399984061718,0.0003522142576662274,20,0.05984000116586685,0.06124800071120262,0.060414400137960914,0.06035200133919716,0.0004139612651182901,20,0.03468799963593483,0.036607999354600906,0.035619200207293034,0.03561599925160408,0.0005927258031104617,20,0.00886400043964386,0.009247999638319016,0.009055999992415308,0.009056000038981438,9.966338512224124e-05,20,0.02595200017094612,0.04169600084424019,0.03124160021543503,0.03094400092959404,0.00399923338380788,20,16,16,2048,10944,102400,True,False,False,928,1,2048,10944,generic,generic,2816,,CUDA_EVENT,BF16,none
0.01990400068461895,0.03776000067591667,0.026044800132513046,0.025535999797284603,0.005632785361917299,40.0,0.13318400084972382,0.16025599837303162,0.13917119950056075,0.13758400082588196,0.006035380012974946,20.0,0.027775999158620834,0.04483199864625931,0.03554400010034442,0.03556799981743097,0.00686338741555842,40,0.19049599766731262,0.2536959946155548,0.2017679989337921,0.19817600399255753,0.013163069493759517,20,0.03468799963593483,0.044863998889923096,0.036891200207173826,0.03630400076508522,0.002215622012837567,20,0.1372160017490387,0.158720001578331,0.14470719993114473,0.14479999989271164,0.005259381881780383,20.0,0.14166399836540222,0.14608000218868256,0.14360640048980713,0.14344000071287155,0.0012148249548941223,20,0.025087999179959297,0.026048000901937485,0.025505600031465292,0.025456000119447708,0.00025629500558226677,20,0.0575999990105629,0.07398399710655212,0.06363679990172386,0.06265600025653839,0.005558375448606199,20,0.0344959981739521,0.036896001547575,0.03555679973214865,0.03548799827694893,0.0006617334808072092,20,0.00848000030964613,0.01692800037562847,0.009420799929648638,0.009056000038981438,0.001729107886771469,20,0.019936000928282738,0.03667199984192848,0.025215999968349934,0.022735999897122383,0.005378856284022474,20,16,16,2048,10944,102400,True,False,False,920,1,2048,10944,generic,generic,2816,,CUDA_EVENT,BF16,none
0.019872000440955162,0.033984001725912094,0.025812000222504138,0.02643200010061264,0.0052086805255148975,40.0,0.13334399461746216,0.16019199788570404,0.13970559909939767,0.13732799887657166,0.006430699292803892,20.0,0.027807999402284622,0.04934399947524071,0.03676479980349541,0.03694400005042553,0.007630073650136746,40,0.1921280026435852,0.2454719990491867,0.20199840143322945,0.19998399913311005,0.011218770317943143,20,0.033695999532938004,0.04182400181889534,0.03729279991239309,0.036767998710274696,0.00194146418841339,20,0.13654400408267975,0.15187199413776398,0.14425759986042977,0.1435839980840683,0.004179123170456858,20.0,0.13753600418567657,0.14099200069904327,0.13898880034685135,0.1388000026345253,0.0009278024610577503,20,0.02489599958062172,0.026016000658273697,0.025271999929100276,0.02513599954545498,0.000310725659357666,20,0.07539200037717819,0.0880960002541542,0.08183680027723313,0.08139200136065483,0.003216985492970364,20,0.03200000151991844,0.033824000507593155,0.032966399751603606,0.03284800052642822,0.0004892547875079057,20,0.008799999952316284,0.009184000082314014,0.00899359998293221,0.008991999551653862,9.625292088025589e-05,20,0.020255999639630318,0.035711999982595444,0.022230399865657093,0.02116800006479025,0.0032396440590584086,20,16,16,2048,10944,102400,True,False,False,912,1,2048,10944,generic,generic,2816,,CUDA_EVENT,BF16,none
0.020191999152302742,0.034432001411914825,0.025703199859708547,0.02473600022494793,0.00519498345202459,40.0,0.13145600259304047,0.15596799552440643,0.13862399980425835,0.13716799765825272,0.005381558350461697,20.0,0.02768000029027462,0.04483199864625931,0.0357831999193877,0.035295999608933926,0.007013971967966215,40,0.19465599954128265,0.28649601340293884,0.2042272001504898,0.2006080001592636,0.019134571116558304,20,0.03532800078392029,0.04259200021624565,0.03750560060143471,0.037407999858260155,0.0015925096123331351,20,0.13737599551677704,0.1719360053539276,0.142951999604702,0.14155200123786926,0.007228084409200899,20.0,0.13631999492645264,0.1435520052909851,0.13852319866418839,0.13795199990272522,0.0018226054721401821,20,0.024607999250292778,0.02611199952661991,0.02502719983458519,0.024879999458789825,0.0004624969808479193,20,0.06729599833488464,0.07327999919652939,0.07045759931206703,0.07043199986219406,0.0011787820474338973,20,0.032607998698949814,0.03446400165557861,0.03354080021381378,0.033504001796245575,0.000535297656676403,20,0.008832000195980072,0.009247999638319016,0.009001599904149771,0.009007999673485756,0.00010324643868424416,20,0.020896000787615776,0.035071998834609985,0.025819199997931717,0.02411200013011694,0.004181829238465688,20,16,16,2048,10944,102400,True,False,False,904,1,2048,10944,generic,generic,2816,,CUDA_EVENT,BF16,none
0.019999999552965164,0.03392000123858452,0.025983199989423156,0.025728000327944756,0.0053318641498196475,40.0,0.13385599851608276,0.14764800667762756,0.1382080003619194,0.13820800185203552,0.0033554267207635035,20.0,0.0272000003606081,0.05331199988722801,0.0360343998298049,0.03566400054842234,0.00805112110680287,40,0.19148799777030945,0.28329598903656006,0.2037839986383915,0.20022399723529816,0.018970957010554724,20,0.03574400022625923,0.042527999728918076,0.037638400122523306,0.03723200038075447,0.001623841341749303,20,0.13462400436401367,0.17404800653457642,0.14319359958171846,0.14078400284051895,0.008033776927514065,20.0,0.15059199929237366,0.15622399747371674,0.152844800055027,0.15278399735689163,0.001278133960689925,20,0.02425600029528141,0.025407999753952026,0.02452160008251667,0.0244159996509552,0.00031905447539973367,20,0.059039998799562454,0.06067200005054474,0.05972159970551729,0.059567999094724655,0.00044892475133306094,20,0.03551999852061272,0.03728000074625015,0.03644159995019436,0.03638400137424469,0.0004600215821316262,20,0.008415999822318554,0.009151999838650227,0.008919999934732914,0.008927999995648861,0.00015375819180833453,20,0.02067199908196926,0.03292800113558769,0.023851200006902218,0.0208959998562932,0.004372379111169572,20,16,16,2048,10944,102400,True,False,False,896,1,2048,10944,generic,generic,2816,,CUDA_EVENT,BF16,none
0.019967999309301376,0.03843199834227562,0.02611519992351532,0.025856000371277332,0.005639326263158314,40.0,0.1327359974384308,0.15785600244998932,0.13950880020856857,0.13870400190353394,0.006070960228212079,20.0,0.02723200060427189,0.044704001396894455,0.03504080018028617,0.034592000767588615,0.007060814698219769,40,0.19388799369335175,0.2765119969844818,0.20250879898667334,0.19939199835062027,0.01719648929930736,20,0.03519999980926514,0.04134399816393852,0.03672639988362789,0.036240000277757645,0.001360134881688588,20,0.135903999209404,0.16899199783802032,0.1421487994492054,0.1414240002632141,0.006766863728474171,20.0,0.13686400651931763,0.14236800372600555,0.13798559978604316,0.13755200058221817,0.0012638388975473964,20,0.02412799932062626,0.025151999667286873,0.024547199811786415,0.02449600026011467,0.0002969109515409793,20,0.06159999966621399,0.07017599791288376,0.06683519929647445,0.06743999943137169,0.002257744377115483,20,0.03308799862861633,0.035071998834609985,0.0338783998042345,0.03376000002026558,0.0005272817706872934,20,0.008671999908983707,0.012191999703645706,0.009056000038981438,0.008880000095814466,0.0007316041976049459,20,0.020031999796628952,0.039103999733924866,0.028852800000458957,0.03000000026077032,0.005117522111589931,20,16,16,2048,10944,102400,True,False,False,888,1,2048,10944,generic,generic,2816,,CUDA_EVENT,BF16,none
0.020128000527620316,0.03510399907827377,0.025892799999564887,0.024911999702453613,0.005369899133787529,40.0,0.13388800621032715,0.14351999759674072,0.13789279982447625,0.1382559984922409,0.002625215199274811,20.0,0.027615999802947044,0.04364800080657005,0.0350903999991715,0.03527999948710203,0.00652556371088138,40,0.19091199338436127,0.24803200364112854,0.20019999966025354,0.19846399873495102,0.011521951176482637,20,0.035551998764276505,0.04249599948525429,0.037323199585080145,0.03670400008559227,0.0016785906873118268,20,0.13513599336147308,0.15139199793338776,0.14298719987273217,0.14415999501943588,0.00412173613672768,20.0,0.13683199882507324,0.14073599874973297,0.13859679996967317,0.13846399635076523,0.001108432793757973,20,0.02409599907696247,0.025248000398278236,0.02450239984318614,0.024431999772787094,0.0003241492022672558,20,0.06163199990987778,0.07135999947786331,0.06619680002331733,0.06603199988603592,0.002284366898737593,20,0.033055998384952545,0.035232000052928925,0.033923199772834776,0.03385600075125694,0.000551004304868315,20,0.00854399986565113,0.009088000282645226,0.008833600068464875,0.008832000195980072,0.0001317355698189449,20,0.020735999569296837,0.03561599925160408,0.03081599986180663,0.032287999987602234,0.0042221813797749565,20,16,16,2048,10944,102400,True,False,False,880,1,2048,10944,generic,generic,2816,,CUDA_EVENT,BF16,none
0.019872000440955162,0.03612799942493439,0.026217600051313638,0.02572799939662218,0.005647058130648033,40.0,0.13209599256515503,0.14643199741840363,0.13758719861507415,0.13705599308013916,0.004088109821363576,20.0,0.02755199931561947,0.04560000076889992,0.03527519996277988,0.03467200044542551,0.006953186815874074,40,0.19225600361824036,0.24668799340724945,0.20041600093245507,0.19700799882411957,0.011538725811299605,20,0.0360959991812706,0.0414079986512661,0.03807840012013912,0.037808001041412354,0.0015371488019077057,20,0.1356160044670105,0.1496639996767044,0.14101279973983766,0.14033599942922592,0.0034969464796608635,20.0,0.13622400164604187,0.1406719982624054,0.13824959918856622,0.1382399946451187,0.0012033918843071761,20,0.02393599972128868,0.025119999423623085,0.02423200001940131,0.02417599968612194,0.00028132245777581403,20,0.06454399973154068,0.07225599884986877,0.0670415997505188,0.06606399640440941,0.0024479778331143154,20,0.03276799991726875,0.03468799963593483,0.03364799972623587,0.03348799981176853,0.0005581685135329296,20,0.008671999908983707,0.008991999551653862,0.008827200066298247,0.008832000195980072,7.523402739309702e-05,20,0.020800000056624413,0.036159999668598175,0.02853119997307658,0.02860799990594387,0.004265857980928701,20,16,16,2048,10944,102400,True,False,False,872,1,2048,10944,generic,generic,2816,,CUDA_EVENT,BF16,none
0.01990400068461895,0.0350399985909462,0.025813600141555072,0.02521600015461445,0.005398701459935865,40.0,0.13356800377368927,0.15087999403476715,0.13864800035953523,0.1374880000948906,0.00439889767580493,20.0,0.026496000587940216,0.05056000128388405,0.036568800220265985,0.03592000063508749,0.008847454530511643,40,0.19232000410556793,0.24527999758720398,0.19964159950613974,0.19703999906778336,0.010915268013111011,20,0.036896001547575,0.04121600091457367,0.03878719992935657,0.038864001631736755,0.0010951251603152279,20,0.13519999384880066,0.14745600521564484,0.14095519930124284,0.14044799655675888,0.0035434615486524307,20.0,0.13180799782276154,0.1406719982624054,0.13363200053572655,0.13342399895191193,0.0017910556636076,20,0.02380800060927868,0.024639999493956566,0.024188799690455197,0.02412799932062626,0.00021199824778691127,20,0.06931199878454208,0.07398399710655212,0.07128320038318633,0.07104000076651573,0.0013959629774224927,20,0.031488001346588135,0.03299200162291527,0.032043200172483924,0.03192000091075897,0.0004187329074811275,20,0.00848000030964613,0.008991999551653862,0.008742400025948883,0.008704000152647495,0.00010973710430053595,20,0.024480000138282776,0.0382080003619194,0.033327999990433455,0.034911999478936195,0.004110841663421732,20,16,16,2048,10944,102400,True,False,False,864,1,2048,10944,generic,generic,2816,,CUDA_EVENT,BF16,none
0.020031999796628952,0.03433600068092346,0.026048000110313295,0.025456000119447708,0.005516047491101343,40.0,0.13439999520778656,0.15139199793338776,0.1393839992582798,0.13844799995422363,0.004438619035982049,20.0,0.02768000029027462,0.04390399903059006,0.03523039990104735,0.035007999278604984,0.006726035103386611,40,0.19276799261569977,0.27904000878334045,0.2026351995766163,0.19943999499082565,0.01788321679353824,20,0.038047999143600464,0.0459199994802475,0.03996159974485636,0.03968000039458275,0.0017616458523985802,20,0.1340479999780655,0.1754560023546219,0.14318400025367736,0.1414240002632141,0.008604600417719144,20.0,0.13155199587345123,0.13843199610710144,0.1334399998188019,0.13276800513267517,0.0015717496301300975,20,0.023615999147295952,0.024480000138282776,0.023972799908369778,0.023887999355793,0.00025545444058597294,20,0.06755200028419495,0.08128000050783157,0.0757760003209114,0.0761599987745285,0.00414065701654754,20,0.030880000442266464,0.03328000009059906,0.031870399881154296,0.03179199993610382,0.0005542998647055792,20,0.00848000030964613,0.00886400043964386,0.008715200098231434,0.00875200005248189,0.00011326146217321253,20,0.023104000836610794,0.04707200080156326,0.03126879995688796,0.031136000528931618,0.005674722169022716,20,16,16,2048,10944,102400,True,False,False,856,1,2048,10944,generic,generic,2816,,CUDA_EVENT,BF16,none
0.019936000928282738,0.036896001547575,0.026331200264394283,0.02860799990594387,0.005574178725633736,40.0,0.1334719955921173,0.14812800288200378,0.1380239985883236,0.13782399892807007,0.0032378871541622377,20.0,0.02751999907195568,0.044415999203920364,0.035191200021654365,0.03832000121474266,0.006609510713606194,40,0.19315199553966522,0.2831999957561493,0.20288639962673188,0.19868800044059753,0.018857471006942707,20,0.03686400130391121,0.11763200163841248,0.04251360036432743,0.03814399987459183,0.017291982737814588,20,0.13763199746608734,0.16918399930000305,0.14423520043492316,0.142815999686718,0.006626088586930065,20.0,0.1316480040550232,0.13811199367046356,0.1333296000957489,0.13305599987506866,0.0013659336793810438,20,0.023423999547958374,0.02486399933695793,0.023795199953019618,0.023663999512791634,0.00035321955627033936,20,0.07049600034952164,0.0796160027384758,0.07472960017621517,0.0745600014925003,0.00243564184837532,20,0.03081599995493889,0.03251200169324875,0.03162240004166961,0.031568000093102455,0.0004940453829632487,20,0.008352000266313553,0.008927999995648861,0.008726400043815374,0.00872000027447939,0.00012479994971420025,20,0.02582399919629097,0.04070400074124336,0.032673599757254125,0.03310399875044823,0.003748284413668907,20,16,16,2048,10944,102400,True,False,False,848,1,2048,10944,generic,generic,2816,,CUDA_EVENT,BF16,none
0.019999999552965164,0.03392000123858452,0.025983999855816363,0.025295999832451344,0.005547567088619684,40.0,0.13171200454235077,0.14591999351978302,0.13769280016422272,0.13758400082588196,0.0034458784036994006,20.0,0.026655999943614006,0.04879999905824661,0.03476960007101297,0.03444799967110157,0.006935478432891822,40,0.19257600605487823,0.2516160011291504,0.2006143994629383,0.1977599933743477,0.012173859997482314,20,0.03500799834728241,0.039455998688936234,0.03670079987496137,0.036447999998927116,0.001411881767242752,20,0.13363200426101685,0.15545600652694702,0.14184160232543946,0.1409280002117157,0.004996619616915675,20.0,0.13145600259304047,0.1351040005683899,0.13309279829263687,0.1329599991440773,0.0009361452074749462,20,0.023296000435948372,0.024351999163627625,0.02370880004018545,0.02369599975645542,0.0002559797269992624,20,0.05584000051021576,0.05801599845290184,0.05673759989440441,0.056752000004053116,0.0006003285665899775,20,0.03232000023126602,0.03388800099492073,0.032905600219964984,0.03280000016093254,0.00045706293552357625,20,0.008576000109314919,0.00886400043964386,0.008736000023782253,0.00875200005248189,7.504666763570131e-05,20,0.033695999532938004,0.03519999980926514,0.03443200010806322,0.034384001046419144,0.00034760908482422124,20,16,16,2048,10944,102400,True,False,False,840,1,2048,10944,generic,generic,2816,,CUDA_EVENT,BF16,none
0.019872000440955162,0.035999998450279236,0.025741599779576064,0.02143999934196472,0.005513043141899638,40.0,0.1326719969511032,0.14582400023937225,0.13837760016322137,0.13769599795341492,0.00353164702796968,20.0,0.02739199995994568,0.04601600021123886,0.035476000094786284,0.03518399968743324,0.007110172797391787,40,0.19404800236225128,0.24672000110149384,0.20212640091776848,0.2003839984536171,0.010969558437101078,20,0.04224000126123428,0.048287998884916306,0.04468799997121096,0.044144000858068466,0.0020119705225645607,20,0.13728000223636627,0.15027199685573578,0.14272960126399994,0.14192000031471252,0.003900549807571237,20.0,0.15059199929237366,0.160288006067276,0.15495999827980994,0.1549919992685318,0.002448963084648925,20,0.0226879995316267,0.024320000782608986,0.023702399898320438,0.023711999878287315,0.00032304166459470483,20,0.05846399813890457,0.06054399907588959,0.05929599981755018,0.05921600013971329,0.0005043426336133727,20,0.03519999980926514,0.036928001791238785,0.035977599769830705,0.03588800132274628,0.0004452605265556342,20,0.00854399986565113,0.009088000282645226,0.008739200001582504,0.008704000152647495,0.0001398147962802786,20,0.02985600009560585,0.0451200008392334,0.03461120016872883,0.033455999568104744,0.0034959968463073227,20,16,16,2048,10944,102400,True,False,False,832,1,2048,10944,generic,generic,2816,,CUDA_EVENT,BF16,none
0.01990400068461895,0.03440000116825104,0.02585600013844669,0.02542399987578392,0.005432559532384548,40.0,0.13385599851608276,0.1438080072402954,0.1387632004916668,0.13859200477600098,0.003121604541512268,20.0,0.027264000847935677,0.04233599826693535,0.034681600006297233,0.036288000643253326,0.006254924482512318,40,0.19395199418067932,0.25542399287223816,0.20257600024342537,0.19942400604486465,0.012881525016361698,20,0.03376000002026558,0.04016000032424927,0.035924799926579,0.035280000418424606,0.0017348685192713307,20,0.13708800077438354,0.15305599570274353,0.14267040118575097,0.14060800522565842,0.0047256472956036825,20.0,0.13116799294948578,0.13913600146770477,0.1331391990184784,0.13283200562000275,0.0017589935510242624,20,0.02300800010561943,0.023903999477624893,0.023377600032836197,0.023264000192284584,0.0002857645509461523,20,0.05830400064587593,0.06659200042486191,0.06239839997142553,0.062384000048041344,0.0023865962418062655,20,0.031488001346588135,0.03376000002026558,0.032571200467646125,0.03244800120592117,0.000676727782384072,20,0.008576000109314919,0.00902399979531765,0.008715200051665307,0.00872000027447939,0.0001077003204485677,20,0.02937600016593933,0.03564799949526787,0.033689599670469764,0.03367999941110611,0.0012539182597681193,20,16,16,2048,10944,102400,True,False,False,824,1,2048,10944,generic,generic,2816,,CUDA_EVENT,BF16,none
0.01990400068461895,0.03478400036692619,0.02599519994109869,0.025344000197947025,0.005378411735425255,40.0,0.13196800649166107,0.14812800288200378,0.13687200099229813,0.13659200072288513,0.003978244512514971,20.0,0.027327999472618103,0.04569600149989128,0.0345871998462826,0.03447999991476536,0.006400730188965455,40,0.19395199418067932,0.25116801261901855,0.20208000093698503,0.20014400035142899,0.011666054647282188,20,0.03500799834728241,0.03824000060558319,0.036251199804246424,0.03601600043475628,0.0010538780340584254,20,0.135903999209404,0.14963200688362122,0.14168800115585328,0.1414560005068779,0.003651786701054155,20.0,0.1265600025653839,0.1289920061826706,0.1278880015015602,0.12787200510501862,0.0006579495494616807,20,0.022752000018954277,0.023520000278949738,0.023142399825155736,0.023183999583125114,0.00020827067374360717,20,0.06592000275850296,0.06880000233650208,0.06741280071437358,0.06729599833488464,0.0007385186146331741,20,0.030112000182271004,0.031647998839616776,0.03077920004725456,0.030751999467611313,0.0004139364877891161,20,0.008576000109314919,0.008799999952316284,0.008681600028648973,0.008671999908983707,6.407987292673026e-05,20,0.03244800120592117,0.035711999982595444,0.03476640004664659,0.03478400036692619,0.0007199981783673265,20,16,16,2048,10944,102400,True,False,False,816,1,2048,10944,generic,generic,2816,,CUDA_EVENT,BF16,none
0.019967999309301376,0.03587200120091438,0.025692000286653638,0.02502400055527687,0.005228315371222944,40.0,0.13433599472045898,0.1502400040626526,0.13907360062003135,0.1390880048274994,0.00338144038241791,20.0,0.02735999971628189,0.04521600157022476,0.034657599916681645,0.03424000088125467,0.0064595467288844355,40,0.19414399564266205,0.25231999158859253,0.20340799912810326,0.20059199631214142,0.011857346117740296,20,0.03526400029659271,0.0390079990029335,0.03648480046540499,0.03646400012075901,0.001160734163403943,20,0.13660800457000732,0.14851200580596924,0.14227840006351472,0.14192000031471252,0.0032387354391847484,20.0,0.1265919953584671,0.1319040060043335,0.1280944012105465,0.1276639997959137,0.0012043014677523324,20,0.02239999920129776,0.023711999878287315,0.022884799912571908,0.022880000062286854,0.00029937965309831713,20,0.061535999178886414,0.06921599805355072,0.06532480008900166,0.06518400087952614,0.0019487029273912207,20,0.030047999694943428,0.03187200054526329,0.031089600082486867,0.031247999519109726,0.0005399829389458178,20,0.00848000030964613,0.008927999995648861,0.008663999987766147,0.00863999966531992,9.539808593373739e-05,20,0.033952001482248306,0.03587200120091438,0.03490080013871193,0.03484800085425377,0.0005610758260995478,20,16,16,2048,10944,102400,True,False,False,808,1,2048,10944,generic,generic,2816,,CUDA_EVENT,BF16,none
0.019999999552965164,0.03420799970626831,0.025937599875032902,0.025456000119447708,0.00532716367464727,40.0,0.13155199587345123,0.15119999647140503,0.13870079964399337,0.13902400434017181,0.004287192717126225,20.0,0.02707199938595295,0.04681599885225296,0.034713599970564245,0.03472000081092119,0.006827727800170783,40,0.19254399836063385,0.24585600197315216,0.20054080039262773,0.1969599947333336,0.010896364205787308,20,0.038816001266241074,0.04368000105023384,0.040561599843204024,0.04020800068974495,0.0012321240600227906,20,0.1358720064163208,0.15596799552440643,0.14155680015683175,0.13964799791574478,0.004914904284867177,20.0,0.12956799566745758,0.13414399325847626,0.13148799911141396,0.13119999319314957,0.001189522615903014,20,0.021983999758958817,0.023264000192284584,0.022600000072270632,0.022576000541448593,0.00026171126567994677,20,0.08169600367546082,0.0843840017914772,0.0828591998666525,0.08278399705886841,0.0007568707933681326,20,0.030208000913262367,0.03167999908328056,0.030868800077587365,0.030799999833106995,0.00045314480160937854,20,0.008511999621987343,0.008895999751985073,0.008668800024315715,0.008655999787151814,9.700797005979419e-05,20,0.02470399998128414,0.040352001786231995,0.029876800067722798,0.028687999583780766,0.004538659345787,20,16,16,2048,10944,102400,True,False,False,800,1,2048,10944,generic,generic,2816,,CUDA_EVENT,BF16,none
0.020128000527620316,0.0342399999499321,0.026114400057122112,0.0254080006852746,0.005505968717027766,40.0,0.13356800377368927,0.14812800288200378,0.13891200050711633,0.139055997133255,0.0038047043573263203,20.0,0.027424000203609467,0.04287999868392944,0.03456079983152449,0.03420799970626831,0.006274886979914026,40,0.19283199310302734,0.2494720071554184,0.2013007991015911,0.19886399805545807,0.011599828942239081,20,0.03510399907827377,0.04012800008058548,0.036988799832761286,0.03620800003409386,0.0015669193520722049,20,0.1363839954137802,0.15859200060367584,0.14243999794125556,0.14086399972438812,0.00517569626012206,20.0,0.12636800110340118,0.13120000064373016,0.1281392015516758,0.1279360055923462,0.0013369821692748713,20,0.02208000048995018,0.023072000592947006,0.022375999949872494,0.022207999601960182,0.00032411378012323435,20,0.06060799956321716,0.06710399687290192,0.06401279997080564,0.06446399912238121,0.0015241675585715168,20,0.030239999294281006,0.0451200008392334,0.031622400134801866,0.030832000076770782,0.0031248718505919723,20,0.008415999822318554,0.022207999601960182,0.009336000028997659,0.008704000152647495,0.0029546567030894044,20,0.03385600075125694,0.03667199984192848,0.035467200167477134,0.035472000017762184,0.0006403419642718802,20,16,16,2048,10944,102400,True,False,False,792,1,2048,10944,generic,generic,2816,,CUDA_EVENT,BF16,none
0.02006400004029274,0.03440000116825104,0.02580959997139871,0.025376000441610813,0.005284008143339149,40.0,0.13462400436401367,0.14895999431610107,0.13875040039420128,0.13796799629926682,0.0033196112606541568,20.0,0.027424000203609467,0.042208001017570496,0.034412000235170125,0.03379200026392937,0.006259464191591903,40,0.19331200420856476,0.24857600033283234,0.20115039944648744,0.1992800012230873,0.011360917055540097,20,0.03670400008559227,0.04473600164055824,0.03843040000647306,0.03763199970126152,0.001992381981044025,20,0.13446399569511414,0.15401600301265717,0.14200959876179695,0.14127999544143677,0.004319995180287566,20.0,0.12595200538635254,0.12956799566745758,0.12735040113329887,0.1271040067076683,0.001010769700617721,20,0.02179200015962124,0.022592000663280487,0.022012799885123967,0.021983999758958817,0.00018435432379376786,20,0.05283199995756149,0.054655998945236206,0.05346719995141029,0.053360000252723694,0.00045652148482724307,20,0.031231999397277832,0.032416000962257385,0.03170079998672008,0.0315839983522892,0.00035479244502143706,20,0.008383999578654766,0.020576000213623047,0.00957279996946454,0.008655999787151814,0.002639627201108163,20,0.03641600161790848,0.03862399980425835,0.03741120006889105,0.03743999823927879,0.0006435816986385611,20,16,16,2048,10944,102400,True,False,False,784,1,2048,10944,generic,generic,2816,,CUDA_EVENT,BF16,none
0.020191999152302742,0.03465599939227104,0.026171200163662433,0.02681600023061037,0.005269913171629269,40.0,0.13334399461746216,0.15520000457763672,0.13883679881691932,0.1374880000948906,0.005381458999041997,20.0,0.027424000203609467,0.048576001077890396,0.03445040020160377,0.034239999018609524,0.006391978672068267,40,0.19155199825763702,0.24268800020217896,0.20117599964141847,0.19919999688863754,0.010537046436614687,20,0.03606399893760681,0.04124800115823746,0.037187200225889686,0.03675200045108795,0.0012490624414092312,20,0.1361600011587143,0.14851200580596924,0.1413183994591236,0.1411679983139038,0.0033028064574622384,20.0,0.12598399817943573,0.12995199859142303,0.12742719948291778,0.127360001206398,0.0009353575133143747,20,0.021536000072956085,0.022272000089287758,0.021760000102221965,0.021695999428629875,0.00019803832301013298,20,0.052928000688552856,0.05516799911856651,0.053779199719429016,0.053599998354911804,0.0006691290341883006,20,0.03094400092959404,0.03219199925661087,0.03142400039359927,0.03137600049376488,0.0003319373481190704,20,0.008448000065982342,0.016287999227643013,0.00945919994264841,0.008736000396311283,0.0018169800054576777,20,0.03574400022625923,0.037151999771595,0.03649439960718155,0.03652799874544144,0.0003205557515533468,20,16,16,2048,10944,102400,True,False,False,776,1,2048,10944,generic,generic,2816,,CUDA_EVENT,BF16,none
0.019967999309301376,0.03564799949526787,0.026039199996739627,0.025456000119447708,0.005593326266249032,40.0,0.1337919980287552,0.14662399888038635,0.13922400027513504,0.13756799697875977,0.0038347554466423434,20.0,0.02735999971628189,0.043616000562906265,0.034582400042563674,0.034287999384105206,0.006277859397135396,40,0.19500799477100372,0.26470398902893066,0.20298559889197348,0.19951999932527542,0.014709733753753711,20,0.03516799956560135,0.03932800143957138,0.036566400341689585,0.03627200052142143,0.0012589914261081252,20,0.1371839940547943,0.1539199948310852,0.14377759993076325,0.14406400173902512,0.003895432924440293,20.0,0.12150400131940842,0.13222399353981018,0.12351039946079254,0.12327999994158745,0.002184502186573775,20,0.021376000717282295,0.02284800074994564,0.021799999941140413,0.02171199955046177,0.00031579242692636163,20,0.05984000116586685,0.07606399804353714,0.0680607995018363,0.06809600070118904,0.004690864281001689,20,0.028255999088287354,0.029920000582933426,0.029097600001841785,0.029167999513447285,0.000511609941395269,20,0.00848000030964613,0.013151999562978745,0.009286399930715561,0.00863999966531992,0.0014653624074860772,20,0.032735999673604965,0.03471999987959862,0.033563199639320376,0.033503999933600426,0.0005638064386498089,20,16,16,2048,10944,102400,True,False,False,768,1,2048,10944,generic,generic,2816,,CUDA_EVENT,BF16,none
0.0197759997099638,0.03471999987959862,0.025909599987789987,0.026000000536441803,0.005474737925281835,40.0,0.13344000279903412,0.15161600708961487,0.13924480304121972,0.13833600282669067,0.004546123748791558,20.0,0.027775999158620834,0.04435199871659279,0.03463519993238151,0.03518400155007839,0.005839533368192344,40,0.1916159987449646,0.28591999411582947,0.20245599895715713,0.19855999946594238,0.019359197203981743,20,0.03411199897527695,0.044863998889923096,0.03658080045133829,0.0359680000692606,0.0022579458118181777,20,0.13660800457000732,0.16412800550460815,0.14382080137729644,0.1425439938902855,0.005680675846992938,20.0,0.12086399644613266,0.12361600250005722,0.12224639989435673,0.12230399996042252,0.0008728211127444136,20,0.02112000063061714,0.021856000646948814,0.02154239993542433,0.02151999995112419,0.0002025375646452922,20,0.05651199817657471,0.06169600039720535,0.059199999831616876,0.059087999165058136,0.0014897709463265996,20,0.02969600073993206,0.031231999397277832,0.030196799803525208,0.030063999816775322,0.0003922152701014036,20,0.008511999621987343,0.023455999791622162,0.009951999969780445,0.008624000009149313,0.003607678888956982,20,0.03200000151991844,0.03465599939227104,0.033247999660670755,0.033215999603271484,0.0006976438197369354,20,16,16,2048,10944,102400,True,False,False,760,1,2048,10944,generic,generic,2816,,CUDA_EVENT,BF16,none
0.019967999309301376,0.03471999987959862,0.02605040017515421,0.02595200017094612,0.005504969197336021,40.0,0.1335040032863617,0.151296004652977,0.13972960114479066,0.13900800049304962,0.004355779801202995,20.0,0.02796800062060356,0.04435199871659279,0.03505040025338531,0.03487999923527241,0.006415267404135228,40,0.1929599940776825,0.28252801299095154,0.20349760055541993,0.19873600453138351,0.018738586636088985,20,0.03455999866127968,0.04064000025391579,0.03627680018544197,0.035840000957250595,0.0013630002284677342,20,0.1361600011587143,0.17395199835300446,0.14558400139212607,0.1446080058813095,0.007796682649362858,20.0,0.12044800072908401,0.12422399967908859,0.12228000052273273,0.1223520003259182,0.0009675906921212456,20,0.021183999255299568,0.02191999927163124,0.021463999804109336,0.021455999463796616,0.00019035974311691856,20,0.058400001376867294,0.06592000275850296,0.061811200343072414,0.061904000118374825,0.002378278486992153,20,0.02876799926161766,0.030432000756263733,0.029705599881708622,0.029759999364614487,0.00044063671881237296,20,0.008448000065982342,0.011264000087976456,0.009086400084197522,0.008608000352978706,0.0008923626151229661,20,0.032127998769283295,0.03436800092458725,0.0335104001685977,0.03364799916744232,0.0006017024886165164,20,16,16,2048,10944,102400,True,False,False,752,1,2048,10944,generic,generic,2816,,CUDA_EVENT,BF16,none
0.01961600035429001,0.03558399900794029,0.02608479973860085,0.02691200003027916,0.005391394793013404,40.0,0.13385599851608276,0.16620799899101257,0.1402928002178669,0.13884800672531128,0.007003851687105291,20.0,0.02723200060427189,0.047488000243902206,0.03549199979752302,0.035280000418424606,0.006907573035104563,40,0.19280000030994415,0.24383999407291412,0.20404159873723984,0.2008800059556961,0.01273798017642257,20,0.03417599946260452,0.043487999588251114,0.036395199969410895,0.03579200059175491,0.00205162871273225,20,0.1375039964914322,0.1483840048313141,0.14269279912114144,0.14246399700641632,0.003366017831101073,20.0,0.1173119992017746,0.11977600306272507,0.11825760081410408,0.11814399808645248,0.0005544850061622505,20,0.021056000143289566,0.021727999672293663,0.021422400139272213,0.02140800002962351,0.00016110793706356922,20,0.06038400158286095,0.06752000004053116,0.06281120032072067,0.06241600029170513,0.0019163500980007857,20,0.028543999418616295,0.03299200162291527,0.029272000025957822,0.029039999470114708,0.0009347002418814893,20,0.00848000030964613,0.029823999851942062,0.0101328001357615,0.008736000396311283,0.004594784039733484,20,0.033055998384952545,0.03711999952793121,0.03401920013129711,0.033695999532938004,0.0009275531185468738,20,16,16,2048,10944,102400,True,False,False,744,1,2048,10944,generic,generic,2816,,CUDA_EVENT,BF16,none
0.01961600035429001,0.033344000577926636,0.025981600116938352,0.026320000179111958,0.005286766207896738,40.0,0.1340160071849823,0.15078400075435638,0.1384752005338669,0.13731199502944946,0.003610534378172273,20.0,0.02796800062060356,0.04287999868392944,0.034385599894449115,0.036031998693943024,0.005700662995200639,40,0.1931840032339096,0.24796800315380096,0.20089760050177574,0.19897600263357162,0.011365045254860059,20,0.035679999738931656,0.038943998515605927,0.03686559982597828,0.03670400008559227,0.000950538162689163,20,0.1390399932861328,0.1517760008573532,0.14375520199537278,0.14427200704813004,0.0032098615798016096,20.0,0.12060800194740295,0.12323199957609177,0.12179519943892955,0.12169599905610085,0.0008293436730926134,20,0.020800000056624413,0.021503999829292297,0.021011199988424777,0.020975999534130096,0.00019554058713679794,20,0.0634239986538887,0.07020799815654755,0.06591839939355851,0.06603199988603592,0.0015819615775412334,20,0.02812799997627735,0.030079999938607216,0.029193599987775088,0.029152000322937965,0.00044237613699888464,20,0.00825599953532219,0.008799999952316284,0.008507199957966805,0.008511999621987343,0.00013204614622306843,20,0.0342399999499321,0.03590400144457817,0.0351536002010107,0.035232000052928925,0.0004250676810965576,20,16,16,2048,10944,102400,True,False,False,736,1,2048,10944,generic,generic,2816,,CUDA_EVENT,BF16,none
0.019711999222636223,0.034432001411914825,0.025982400123029947,0.025392000563442707,0.005388428303364852,40.0,0.13353599607944489,0.14502400159835815,0.138348800688982,0.1371999979019165,0.003664459955428997,20.0,0.026655999943614006,0.043935999274253845,0.03414080003276467,0.033568000420928,0.006368501738438183,40,0.1929599940776825,0.25011199712753296,0.20110719799995422,0.20001599937677383,0.011796370730734283,20,0.035999998450279236,0.03932800143957138,0.036990399658679965,0.036559998989105225,0.0009394863215284075,20,0.13574400544166565,0.15030400454998016,0.14226240068674087,0.14150400459766388,0.0036354743894598035,20.0,0.11744000017642975,0.1260800063610077,0.1194303996860981,0.11854400113224983,0.0021840940330403995,20,0.02067199908196926,0.02131200022995472,0.021006399858742954,0.021007999777793884,0.0001910577471370051,20,0.06659200042486191,0.07631999999284744,0.070745600014925,0.07039999961853027,0.003042888776237761,20,0.0272000003606081,0.02924799919128418,0.028004799969494343,0.027888000011444092,0.00047789134977140914,20,0.008352000266313553,0.01398400031030178,0.008857599925249815,0.00848000030964613,0.001264854452823907,20,0.03446400165557861,0.03753599897027016,0.0366352004930377,0.03675200045108795,0.0006492350004748396,20,16,16,2048,10944,102400,True,False,False,728,1,2048,10944,generic,generic,2816,,CUDA_EVENT,BF16,none
0.019967999309301376,0.03359999880194664,0.025830399990081788,0.025679999962449074,0.0053689627465989855,40.0,0.13289600610733032,0.14316800236701965,0.13894079998135567,0.13857600092887878,0.0030602247873411435,20.0,0.026847999542951584,0.04118400067090988,0.033763200091198084,0.03374399896711111,0.005938625039066392,40,0.19334399700164795,0.2503359913825989,0.20142399966716767,0.1987999975681305,0.011725474352835392,20,0.035840000957250595,0.04064000025391579,0.03702080026268959,0.036559998989105225,0.001359638638435609,20,0.13740800321102142,0.15228800475597382,0.14306240081787108,0.14212799817323685,0.004208616184674215,20.0,0.11456000059843063,0.1188800036907196,0.11638239920139312,0.11611199751496315,0.0013186357530456424,20,0.020255999639630318,0.021568000316619873,0.02096159989014268,0.020959999412298203,0.0003053401447490397,20,0.06415999680757523,0.07212799787521362,0.06751840002834797,0.06699199974536896,0.0025409789904747696,20,0.027295999228954315,0.02844800055027008,0.02783360006287694,0.02796800062060356,0.0003535385771329043,20,0.008224000222980976,0.017472000792622566,0.009515200136229396,0.00854399986565113,0.0024754080615910297,20,0.03488000109791756,0.03686400130391121,0.03609600029885769,0.03622400015592575,0.0005288233099423438,20,16,16,2048,10944,102400,True,False,False,720,1,2048,10944,generic,generic,2816,,CUDA_EVENT,BF16,none
0.02006400004029274,0.0342399999499321,0.02600159985013306,0.025728000327944756,0.005361451435759646,40.0,0.13359999656677246,0.15119999647140503,0.13930560052394866,0.13832000643014908,0.004686006715955093,20.0,0.02675200067460537,0.04249599948525429,0.03386159990914166,0.035839999094605446,0.005818445055702695,40,0.19334399700164795,0.24969600141048431,0.20139360278844834,0.198512002825737,0.011800098817013379,20,0.03580800071358681,0.04230400174856186,0.03804320022463799,0.037856001406908035,0.001558740679108599,20,0.13711999356746674,0.15452800691127777,0.14437760189175605,0.1448800042271614,0.004448963569308617,20.0,0.1141119971871376,0.11952000111341476,0.11634720042347908,0.11636799946427345,0.0012931437729724183,20,0.020416000857949257,0.021503999829292297,0.020793599914759396,0.020800000056624413,0.0002192875147976175,20,0.06668800115585327,0.07827199995517731,0.0723055999726057,0.07204800099134445,0.003124886231045746,20,0.026655999943614006,0.028031999245285988,0.02731520002707839,0.02723200060427189,0.0003718612079624797,20,0.008320000022649765,0.017791999503970146,0.009755200007930398,0.008671999908983707,0.002456117729955201,20,0.035551998764276505,0.045951999723911285,0.03720640018582344,0.036768000572919846,0.002076479388286032,20,16,16,2048,10944,102400,True,False,False,712,1,2048,10944,generic,generic,2816,,CUDA_EVENT,BF16,none
0.02006400004029274,0.0352960005402565,0.026063999999314545,0.025616000406444073,0.005400288017842597,40.0,0.13228799402713776,0.1483200043439865,0.13823359981179237,0.13783999532461166,0.003915858702389326,20.0,0.026335999369621277,0.04505600035190582,0.0340767998714,0.03601599857211113,0.006036907396437067,40,0.19324800372123718,0.25622400641441345,0.2015264004468918,0.19846399873495102,0.013124235290785519,20,0.036768000572919846,0.040832001715898514,0.03829120006412268,0.0382080003619194,0.0012116724738662455,20,0.1369599997997284,0.15001599490642548,0.14341600015759468,0.14398399740457535,0.0036919853465031704,20.0,0.1196800023317337,0.1236800029873848,0.12136480063199998,0.12116799876093864,0.000991601816258112,20,0.02022399939596653,0.02112000063061714,0.020430399850010873,0.020368000492453575,0.0002075009887294806,20,0.070592001080513,0.08191999793052673,0.07492159977555275,0.07308799773454666,0.003995300936545607,20,0.027583999559283257,0.029023999348282814,0.028297599963843824,0.028255999088287354,0.00041773188019046046,20,0.00825599953532219,0.010048000141978264,0.008511999947950244,0.008431999944150448,0.0003634502120730787,20,0.036288000643253326,0.03936000168323517,0.037825600057840345,0.037856001406908035,0.0006539657139600097,20,16,16,2048,10944,102400,True,False,False,704,1,2048,10944,generic,generic,2816,,CUDA_EVENT,BF16,none
0.019648000597953796,0.03372799977660179,0.025953600089997052,0.025104000233113766,0.005519888480877164,40.0,0.1337919980287552,0.14483200013637543,0.1386416010558605,0.13836800307035446,0.0030641640436559346,20.0,0.02707199938595295,0.04028800129890442,0.03337040017358959,0.033648000098764896,0.005384188742443885,40,0.19327999651432037,0.24345600605010986,0.20103520080447196,0.19990400224924088,0.010279277540256567,20,0.03363199904561043,0.039872001856565475,0.0348879998549819,0.03440000116825104,0.0014903854506412438,20,0.13766400516033173,0.15193599462509155,0.14351679906249046,0.14183999598026276,0.0037514981542037633,20.0,0.11187200248241425,0.11532799899578094,0.11351360082626342,0.11348799988627434,0.0009089964821747983,20,0.020416000857949257,0.02112000063061714,0.020548799820244313,0.020527999848127365,0.00015188218193232394,20,0.05395200103521347,0.06620799750089645,0.056934399902820586,0.056304000318050385,0.0029170165007585216,20,0.027168000116944313,0.036639999598264694,0.02884799977764487,0.027936000376939774,0.002502606657241009,20,0.011487999930977821,0.028416000306606293,0.019115200033411384,0.018880000337958336,0.003896704983945442,20,0.03152000159025192,0.03363199904561043,0.032583999820053576,0.032575998455286026,0.0005537823815801674,20,16,16,2048,10944,102400,True,False,False,696,1,2048,10944,generic,generic,2816,,CUDA_EVENT,BF16,none
0.01961600035429001,0.03513599932193756,0.026145600154995917,0.02566399984061718,0.005462972490543112,40.0,0.13283200562000275,0.15116800367832184,0.13916959911584853,0.13916799426078796,0.004390061900125798,20.0,0.02630399912595749,0.04451199993491173,0.03376880018040538,0.03572800010442734,0.005746432908227767,40,0.19260799884796143,0.24646399915218353,0.20204959958791732,0.19979200512170792,0.011095058086630725,20,0.03385600075125694,0.039455998688936234,0.03573760036379099,0.03519999980926514,0.001660013379826587,20,0.13836799561977386,0.14921599626541138,0.14265279993414878,0.14265600591897964,0.00334250557842539,20.0,0.11395200341939926,0.11753600090742111,0.11560480073094367,0.11534399911761284,0.0009455588950976076,20,0.019999999552965164,0.020800000056624413,0.02033439986407757,0.020304000005126,0.00018617153950476224,20,0.05795200169086456,0.06230400130152702,0.05998560041189194,0.05976000055670738,0.0009643887752398074,20,0.027327999472618103,0.03177599981427193,0.028071999829262496,0.027807999402284622,0.0009433150082368483,20,0.008320000022649765,0.02534399926662445,0.0161983999889344,0.015455999877303839,0.00492536655623983,20,0.03219199925661087,0.03513599932193756,0.03338239993900061,0.033504001796245575,0.0007276465436049764,20,16,16,2048,10944,102400,True,False,False,688,1,2048,10944,generic,generic,2816,,CUDA_EVENT,BF16,none
0.02006400004029274,0.03651199862360954,0.026075200038030745,0.025855999439954758,0.005633161541421395,40.0,0.13167999684810638,0.15094399452209473,0.13661119788885118,0.13657599687576294,0.0041051876145084725,20.0,0.026847999542951584,0.04211200028657913,0.03350479993969202,0.033375998958945274,0.005788668696060251,40,0.1923840045928955,0.2504960000514984,0.20121759921312332,0.1995519995689392,0.011958933321508472,20,0.03436800092458725,0.037376001477241516,0.03527520019561052,0.03521599993109703,0.0007692176958121547,20,0.1371839940547943,0.15398399531841278,0.14136800095438956,0.13937599956989288,0.0045691009111889285,20.0,0.11161600053310394,0.11379200220108032,0.11266719959676266,0.11249599978327751,0.0005844948596670376,20,0.01974399946630001,0.020927999168634415,0.020231999922543764,0.020239999517798424,0.000280045722552931,20,0.057151999324560165,0.06339199841022491,0.060023999959230426,0.06035199947655201,0.00174198417004797,20,0.026815999299287796,0.03145600110292435,0.027539199870079755,0.027295999228954315,0.0009412790257524436,20,0.011615999974310398,0.02287999913096428,0.01750239999964833,0.01734400074928999,0.004037221532278345,20,0.03215999901294708,0.03372799977660179,0.03284479957073927,0.03271999955177307,0.000385384183340669,20,16,16,2048,10944,102400,True,False,False,680,1,2048,10944,generic,generic,2816,,CUDA_EVENT,BF16,none
0.019840000197291374,0.03468799963593483,0.026223999820649622,0.02560000028461218,0.005657487681507149,40.0,0.1316159963607788,0.15091200172901154,0.13882239833474158,0.13814399391412735,0.004309387226527609,20.0,0.026464000344276428,0.047488000243902206,0.03401680001989007,0.03348799981176853,0.006755788333743595,40,0.1932159960269928,0.24617600440979004,0.20185120180249214,0.19971200078725815,0.01110934482731116,20,0.033055998384952545,0.037567999213933945,0.03459999971091747,0.0342399999499321,0.0012544601948637638,20,0.13580800592899323,0.15328000485897064,0.14246079996228217,0.14099200069904327,0.003908783504273435,20.0,0.10883200168609619,0.11247999966144562,0.11043360047042369,0.11027199774980545,0.0011009798178979048,20,0.019328000023961067,0.020576000213623047,0.020132800191640855,0.020160000771284103,0.00025161746805070116,20,0.04761600121855736,0.06620799750089645,0.05302719995379448,0.05087999999523163,0.00495463804861974,20,0.030368000268936157,0.04416000097990036,0.035339200403541327,0.03428800031542778,0.003382269815807401,20,0.02127999998629093,0.027424000203609467,0.023451199755072594,0.023455999791622162,0.001615263998545267,20,0.03142400085926056,0.03340800106525421,0.03223200011998415,0.032207999378442764,0.0005955675121117787,20,16,16,2048,10944,102400,True,False,False,672,1,2048,10944,generic,generic,2816,,CUDA_EVENT,BF16,none
0.019648000597953796,0.03561599925160408,0.025997600005939602,0.025439999997615814,0.005530262558708257,40.0,0.1319040060043335,0.146464005112648,0.13898080065846444,0.13844799995422363,0.003531853287923514,20.0,0.026623999699950218,0.041919998824596405,0.03349919985048473,0.03315199911594391,0.006069340336672305,40,0.19203199446201324,0.28732800483703613,0.2027888000011444,0.197952002286911,0.019941797504472256,20,0.033695999532938004,0.03824000060558319,0.035409599915146826,0.03516799956560135,0.0012648497128377137,20,0.13660800457000732,0.1554879993200302,0.14253279864788054,0.14097599685192108,0.004878842882964597,20.0,0.10943999886512756,0.11542399972677231,0.11098399944603443,0.11027199774980545,0.001645773329683931,20,0.01958400011062622,0.02006400004029274,0.019840000197291374,0.019872000440955162,0.00014058170176652066,20,0.05222399905323982,0.06467200070619583,0.056481600180268286,0.05611200071871281,0.0026227995747479314,20,0.02672000043094158,0.04054399952292442,0.030887999944388865,0.03062400035560131,0.0033590225647650634,20,0.018271999433636665,0.02672000043094158,0.02304960014298558,0.022703999653458595,0.0019512944486292298,20,0.03276799991726875,0.03385600075125694,0.033390399999916553,0.03336000069975853,0.0002866591053874861,20,16,16,2048,10944,102400,True,False,False,664,1,2048,10944,generic,generic,2816,,CUDA_EVENT,BF16,none
0.019648000597953796,0.033215999603271484,0.025528800068423153,0.02479999978095293,0.005249875029190536,40.0,0.13257600367069244,0.14668799936771393,0.13733759969472886,0.1369279995560646,0.0036873182404770005,20.0,0.026335999369621277,0.045632001012563705,0.03444480006583035,0.035007999278604984,0.007005025282407915,40,0.19219200313091278,0.27900800108909607,0.20182079896330835,0.19736000150442123,0.018080390553171923,20,0.03455999866127968,0.04217600077390671,0.03657440040260553,0.03580800071358681,0.001893915619052485,20,0.13680000603199005,0.17683200538158417,0.14328000023961068,0.14033599942922592,0.00845260863886764,20.0,0.1082879975438118,0.11539199948310852,0.110164799913764,0.10982400178909302,0.0015357422400718848,20,0.01913600042462349,0.019999999552965164,0.019492799881845713,0.019519999623298645,0.00018992878823600366,20,0.04745600000023842,0.06675200164318085,0.05331679973751306,0.05140800029039383,0.004855595736434237,20,0.026559999212622643,0.042399998754262924,0.03455360000953078,0.035280000418424606,0.003806434723349913,20,0.02054399996995926,0.02800000086426735,0.022763200104236603,0.021983999758958817,0.002089266218909946,20,0.03497600182890892,0.03638400137424469,0.03560319971293211,0.03553599864244461,0.00039170926800314064,20,16,16,2048,10944,102400,True,False,False,656,1,2048,10944,generic,generic,2816,,CUDA_EVENT,BF16,none
0.020128000527620316,0.03404799848794937,0.02595759998075664,0.028256000019609928,0.005160390070865474,40.0,0.13302400708198547,0.14959999918937683,0.138153600692749,0.13808000087738037,0.00395581390493642,20.0,0.026496000587940216,0.041760001331567764,0.033456800132989885,0.03331200033426285,0.0058611605493176615,40,0.1915840059518814,0.24620799720287323,0.20081919953227043,0.19950400292873383,0.010919252706474912,20,0.034432001411914825,0.038176000118255615,0.03560800012201071,0.03561599925160408,0.000853439081379892,20,0.13811199367046356,0.14979200065135956,0.142654400318861,0.142255999147892,0.0032487254802807354,20.0,0.10579200088977814,0.10899200290441513,0.10704800076782703,0.1069440022110939,0.0009251199794124005,20,0.019231999292969704,0.019936000928282738,0.019531199987977744,0.019519999623298645,0.00017031550810621193,20,0.05648000165820122,0.07340800017118454,0.06291360016912222,0.06283199973404408,0.0036331554820005947,20,0.025760000571608543,0.02940800040960312,0.02659840015694499,0.026080000214278698,0.0010619274566527836,20,0.018592000007629395,0.024960000067949295,0.022492800001055004,0.02304000034928322,0.001972558026024352,20,0.033440001308918,0.03468799963593483,0.03421599976718426,0.034304000437259674,0.00033788037890923156,20,16,16,2048,10944,102400,True,False,False,648,1,2048,10944,generic,generic,2816,,CUDA_EVENT,BF16,none
0.019936000928282738,0.03379200026392937,0.02598720006644726,0.025887999683618546,0.005471142767645554,40.0,0.13388800621032715,0.14416000247001648,0.13777440041303635,0.13766399770975113,0.0026248860851270698,20.0,0.026464000344276428,0.04076800122857094,0.03320320001803338,0.03289599996060133,0.0056728734312305575,40,0.18998399376869202,0.24371199309825897,0.20027679949998856,0.19863999634981155,0.010707234968312211,20,0.0331839993596077,0.03939199820160866,0.03530239965766668,0.034703999757766724,0.0016022253748923642,20,0.13779200613498688,0.15171200037002563,0.14279680028557779,0.14113599807024002,0.0036520159300831956,20.0,0.10576000064611435,0.11193600296974182,0.10885439962148666,0.10888000205159187,0.0016219017999490636,20,0.01929599978029728,0.019807999953627586,0.01958560002967715,0.01958400011062622,0.0001269859424202297,20,0.05286400020122528,0.0679360032081604,0.05780480038374662,0.058399999514222145,0.0034799086859916236,20,0.02953599952161312,0.03788800165057182,0.03342880047857762,0.03299200162291527,0.0022310056401787584,20,0.015936000272631645,0.02175999991595745,0.019464000035077332,0.01953599974513054,0.001373649165060371,20,0.031328000128269196,0.03286400064826012,0.03203040007501841,0.032048000022768974,0.00036799678980016623,20,16,16,2048,10944,102400,True,False,False,640,1,2048,10944,generic,generic,2816,,CUDA_EVENT,BF16,none
0.019711999222636223,0.039423998445272446,0.026128799887374043,0.025824000127613544,0.005756207529652066,40.0,0.13366399705410004,0.14803199470043182,0.13868160024285317,0.13790400326251984,0.003506016886397793,20.0,0.02687999978661537,0.04681599885225296,0.03366159996949136,0.03340800013393164,0.005772517050633937,40,0.1913599967956543,0.25385600328445435,0.20037280172109603,0.19761600345373154,0.01282809459726942,20,0.03347200155258179,0.038943998515605927,0.03533919993788004,0.034992000088095665,0.0013813947226200914,20,0.1388159990310669,0.15343999862670898,0.1438463993370533,0.1430559977889061,0.0037276852252265003,20.0,0.1050880029797554,0.11052799969911575,0.10709120072424412,0.10689600184559822,0.0012149212936598322,20,0.019007999449968338,0.019711999222636223,0.01924480004236102,0.019216000102460384,0.00015492743299573596,20,0.05536000058054924,0.06790400296449661,0.06015840005129576,0.05950400047004223,0.0031710121035917692,20,0.026464000344276428,0.035840000957250595,0.02997600017115474,0.029663999564945698,0.0024395227219194556,20,0.02070399932563305,0.02566399984061718,0.02319200001657009,0.023280000314116478,0.0011885264480149436,20,0.03129599988460541,0.03308799862861633,0.03222720008343458,0.032255999743938446,0.000415618234405102,20,16,16,2048,10944,102400,True,False,False,632,1,2048,10944,generic,generic,2816,,CUDA_EVENT,BF16,none
0.019999999552965164,0.03471999987959862,0.026064799865707755,0.025968000292778015,0.005319686005929958,40.0,0.13235199451446533,0.1518079936504364,0.1386015996336937,0.1382560059428215,0.0038066827691272094,20.0,0.026976000517606735,0.041152000427246094,0.033475200086832045,0.033376000821590424,0.005627320017716977,40,0.1923840045928955,0.24755200743675232,0.20046240091323853,0.19832000136375427,0.01139061463964081,20,0.033695999532938004,0.03840000182390213,0.03498560003936291,0.03480000048875809,0.0010428813580822302,20,0.13894400000572205,0.15251199901103973,0.14510719999670982,0.1446240022778511,0.0037198034598311053,20.0,0.10255999863147736,0.1064319983124733,0.10408799946308137,0.10400000214576721,0.0008721909504850198,20,0.01913600042462349,0.01974399946630001,0.01939999992027879,0.01942400075495243,0.00013796227871925044,20,0.05696000158786774,0.06620799750089645,0.06235839985311031,0.062351999804377556,0.002470144748017569,20,0.02579200081527233,0.030527999624609947,0.028364799916744232,0.028495999984443188,0.0012863601168755805,20,0.021983999758958817,0.031072000041604042,0.02464960012584925,0.02392000053077936,0.0023939785936869396,20,0.031808000057935715,0.03331200033426285,0.032644799910485744,0.032607998698949814,0.0003839033293962183,20,16,16,2048,10944,102400,True,False,False,624,1,2048,10944,generic,generic,2816,,CUDA_EVENT,BF16,none
0.019807999953627586,0.03452799841761589,0.025788799952715637,0.025551999919116497,0.005291627333467863,40.0,0.13238400220870972,0.14716799557209015,0.13731040060520172,0.13703999668359756,0.003584920596456702,20.0,0.02611199952661991,0.039903998374938965,0.03303119977936149,0.03566399961709976,0.005313524916268,40,0.1879359930753708,0.27983999252319336,0.19963519871234894,0.19582399725914001,0.01864720721233314,20,0.0342399999499321,0.0414079986512661,0.036238400265574455,0.03545599989593029,0.0018478847995445516,20,0.13785600662231445,0.17206400632858276,0.14455680027604104,0.143327996134758,0.007308855624634948,20.0,0.10195200145244598,0.10697600245475769,0.1038191992789507,0.1035199984908104,0.0012802118883893292,20,0.019007999449968338,0.019936000928282738,0.019340800121426582,0.01926399953663349,0.00027348322402197267,20,0.05967999994754791,0.07798399776220322,0.06483199913054705,0.06335999816656113,0.004427601463148405,20,0.02534399926662445,0.03292800113558769,0.027420799992978574,0.027280000038444996,0.0016765955119460013,20,0.022112000733613968,0.025631999596953392,0.023463999945670368,0.023439999669790268,0.0009636663677303989,20,0.03222399950027466,0.03331200033426285,0.03277119994163513,0.03278400003910065,0.000277663704418777,20,16,16,2048,10944,102400,True,False,False,616,1,2048,10944,generic,generic,2816,,CUDA_EVENT,BF16,none
0.019872000440955162,0.03951999917626381,0.02611199994571507,0.02595200017094612,0.005574607495214881,40.0,0.1326719969511032,0.1746239960193634,0.14066879972815513,0.13791999965906143,0.008511632518770526,20.0,0.027103999629616737,0.04416000097990036,0.03404320040717721,0.034912001341581345,0.0060457757946643905,40,0.19203199446201324,0.24624000489711761,0.20134400054812432,0.19732800126075745,0.01375517136449283,20,0.034623999148607254,0.03855999931693077,0.0359568003565073,0.03561599925160408,0.0010915366993355278,20,0.13836799561977386,0.1542080044746399,0.14352320060133933,0.14240000396966934,0.004005141961218008,20.0,0.10787200182676315,0.11555200070142746,0.1118928000330925,0.11187199875712395,0.0020594000795177442,20,0.018464000895619392,0.019231999292969704,0.018774400092661382,0.018751999363303185,0.00020467494484755045,20,0.05814399942755699,0.0652799978852272,0.061040000058710575,0.06087999977171421,0.001645263315130003,20,0.026079999282956123,0.028991999104619026,0.02658399986103177,0.02627200074493885,0.000786111276303667,20,0.013120000250637531,0.1531520038843155,0.02751360018737614,0.022223999723792076,0.02902850518879251,20,0.033695999532938004,0.04089599847793579,0.03453119955956936,0.03417599946260452,0.0014897673150545995,20,16,16,2048,10944,102400,True,False,False,608,1,2048,10944,generic,generic,2816,,CUDA_EVENT,BF16,none
0.019936000928282738,0.0344959981739521,0.025985600100830196,0.02723200060427189,0.005321749850575127,40.0,0.13340799510478973,0.14975999295711517,0.13861920014023782,0.13761600106954575,0.00396206388001353,20.0,0.026944000273942947,0.042208001017570496,0.033073600055649875,0.03268799930810928,0.005228588367873912,40,0.19145600497722626,0.24569599330425262,0.19957439973950386,0.19865600019693375,0.011114446858671516,20,0.033215999603271484,0.03728000074625015,0.034523200057446954,0.034591998904943466,0.0009690390888266403,20,0.1395840048789978,0.15385599434375763,0.1448319986462593,0.14393600076436996,0.004480331250990074,20.0,0.09907200187444687,0.10422399640083313,0.10115520022809506,0.10100800171494484,0.001178664140174319,20,0.01897599920630455,0.01958400011062622,0.01927999993786216,0.01934400014579296,0.00018562775336314094,20,0.06611199676990509,0.07782399654388428,0.07083519846200943,0.07054399698972702,0.003274983471773851,20,0.024000000208616257,0.030527999624609947,0.02506719985976815,0.024399999529123306,0.0016863809485097656,20,0.018144000321626663,0.027295999228954315,0.02337919995188713,0.02364799939095974,0.00245288697986527,20,0.03248000144958496,0.033695999532938004,0.03307200018316507,0.03308799862861633,0.0003145938670523658,20,16,16,2048,10944,102400,True,False,False,600,1,2048,10944,generic,generic,2816,,CUDA_EVENT,BF16,none
0.01958400011062622,0.035551998764276505,0.02581680011935532,0.025488000363111496,0.005538346282001354,40.0,0.13180799782276154,0.1462399959564209,0.13770560026168824,0.13700799643993378,0.0036834490845140113,20.0,0.027295999228954315,0.04201599955558777,0.03401999990455806,0.033695999532938004,0.00617019520439707,40,0.19100800156593323,0.23980799317359924,0.19857119917869567,0.19673600047826767,0.009901737820200885,20,0.033663999289274216,0.03846399858593941,0.03504159990698099,0.03471999987959862,0.0011396884865608242,20,0.13609600067138672,0.1499519944190979,0.14252160042524337,0.14244800060987473,0.0036615122181059864,20.0,0.10198400169610977,0.1106560006737709,0.10396640039980412,0.10361599922180176,0.001811535947234274,20,0.018464000895619392,0.019168000668287277,0.01881439993157983,0.018751999363303185,0.00020426809796486787,20,0.06454399973154068,0.07529599964618683,0.07043039910495281,0.07073599845170975,0.0026907124737903716,20,0.024351999163627625,0.028384000062942505,0.02474559983238578,0.024560000747442245,0.0008479759285138594,20,0.016063999384641647,0.026399999856948853,0.020009599812328815,0.019039999693632126,0.0030361761835306722,20,0.03417599946260452,0.035551998764276505,0.03465120010077953,0.034591998904943466,0.00036866367209664963,20,16,16,2048,10944,102400,True,False,False,592,1,2048,10944,generic,generic,2816,,CUDA_EVENT,BF16,none
0.01974399946630001,0.03596799820661545,0.02582239997573197,0.02536000031977892,0.005529665404676807,40.0,0.13235199451446533,0.14985600113868713,0.1380400002002716,0.1371839940547943,0.004216100261658802,20.0,0.02707199938595295,0.04070400074124336,0.032927999971434474,0.03262400068342686,0.005280829106912028,40,0.19036799669265747,0.25577598810195923,0.20101599916815757,0.19819200038909912,0.013403398779214527,20,0.03411199897527695,0.03782400116324425,0.035382399894297124,0.035232000052928925,0.0009114161632169061,20,0.13711999356746674,0.15433600544929504,0.14442239999771117,0.1438400000333786,0.004476027675518134,20.0,0.10012800246477127,0.10284800082445145,0.10129920020699501,0.10121600329875946,0.0008926442259387471,20,0.018719999119639397,0.019392000511288643,0.019028800074011087,0.018991999328136444,0.0001688058205025364,20,0.07135999947786331,0.08262400329113007,0.07470080107450486,0.07340800017118454,0.0032276153497792248,20,0.023711999878287315,0.024224000051617622,0.023935999907553195,0.02393599972128868,0.00015279784044655714,20,0.016575999557971954,0.02534399926662445,0.020612800121307374,0.020816000178456306,0.0025736687971084447,20,0.03286400064826012,0.034752000123262405,0.03371999990195036,0.033743999898433685,0.0005139837586709726,20,16,16,2048,10944,102400,True,False,False,584,1,2048,10944,generic,generic,2816,,CUDA_EVENT,BF16,none
0.01833599992096424,0.037248000502586365,0.02597199995070696,0.025456000119447708,0.005785515423556523,40.0,0.13145600259304047,0.14694400131702423,0.13785439878702163,0.13726399838924408,0.004123687890868351,20.0,0.02723200060427189,0.046720001846551895,0.036199199967086315,0.0347680002450943,0.008170968359752116,40,0.19222399592399597,0.27747198939323425,0.20191039890050888,0.1982719972729683,0.017512089738054855,20,0.03596799820661545,0.04473600164055824,0.03738239984959364,0.03697600029408932,0.0018633128597292437,20,0.13468800485134125,0.1456640064716339,0.14061760008335114,0.14043200016021729,0.0029396840829351927,20.0,0.09804800152778625,0.10249599814414978,0.10021119937300682,0.10001600161194801,0.0012675953367193768,20,0.018751999363303185,0.01974399946630001,0.019209599867463113,0.019231999292969704,0.0002483044029609147,20,0.07260800153017044,0.08448000252246857,0.07890399992465973,0.07915199920535088,0.0037919777301708667,20,0.023423999547958374,0.024351999163627625,0.023748799972236157,0.02364799939095974,0.0002339008327586928,20,0.01484800036996603,0.02534399926662445,0.01981599978171289,0.019375999458134174,0.002810574210278897,20,0.03500799834728241,0.03625600039958954,0.03560479991137981,0.03553599864244461,0.0003688026379327761,20,16,16,2048,10944,102400,True,False,False,576,1,2048,10944,generic,generic,2816,,CUDA_EVENT,BF16,none
0.01958400011062622,0.03718400001525879,0.026177599979564547,0.02572799939662218,0.006030573728632285,40.0,0.13337600231170654,0.15891200304031372,0.1392815999686718,0.13742399960756302,0.0058793204443506305,20.0,0.0272000003606081,0.047040000557899475,0.033743999898433685,0.03376000002026558,0.005624417653684086,40,0.19244800508022308,0.28835201263427734,0.20242719873785972,0.19806399941444397,0.020046429504272444,20,0.03324799984693527,0.04560000076889992,0.03515360001474619,0.03444799967110157,0.002663516725579929,20,0.137472003698349,0.16121600568294525,0.14290400147438048,0.14075200259685516,0.005541435028611402,20.0,0.09737599641084671,0.10268799960613251,0.09993599988520145,0.1000480018556118,0.0012508284654315887,20,0.01865600049495697,0.019519999623298645,0.01896000001579523,0.018912000581622124,0.0002213558651122001,20,0.05830400064587593,0.07180800288915634,0.06397120039910079,0.06350399926304817,0.0032662252570430654,20,0.029664000496268272,0.03651199862360954,0.03286719992756844,0.03271999955177307,0.0018842237419871338,20,0.023584000766277313,0.030079999938607216,0.02584960013628006,0.025728000327944756,0.0015167324669636344,20,0.031007999554276466,0.032255999743938446,0.031563200522214174,0.031536001712083817,0.0002708257185691492,20,16,16,2048,10944,102400,True,False,False,568,1,2048,10944,generic,generic,2816,,CUDA_EVENT,BF16,none
0.01958400011062622,0.0390079990029335,0.02615840001963079,0.025295999832451344,0.005990289557673395,40.0,0.13382400572299957,0.15087999403476715,0.13864640071988105,0.1377279981970787,0.003831309844197811,20.0,0.026176000013947487,0.0424639992415905,0.03236959995701909,0.0325119998306036,0.005141629020008449,40,0.1921280026435852,0.2845759987831116,0.20060479789972305,0.1958240047097206,0.019566088664049616,20,0.033440001308918,0.04169600084424019,0.03513280022889376,0.03444800153374672,0.0018710263444291597,20,0.13683199882507324,0.17324799299240112,0.14356480091810225,0.1422399953007698,0.00759948604472786,20.0,0.09843199700117111,0.10876800119876862,0.10052000023424626,0.09963199868798256,0.002457068160713438,20,0.018303999677300453,0.01942400075495243,0.018708799965679646,0.018688000738620758,0.00023651350914430567,20,0.05942400172352791,0.0732479989528656,0.06564319990575314,0.06571200117468834,0.0038368820536520158,20,0.02751999907195568,0.03452799841761589,0.03035359987989068,0.03009600006043911,0.0017909273442084017,20,0.023840000852942467,0.03203200176358223,0.025948800053447484,0.025312000885605812,0.001998704330074062,20,0.032255999743938446,0.033952001482248306,0.032902400195598605,0.03288000077009201,0.00037517868727866095,20,16,16,2048,10944,102400,True,False,False,560,1,2048,10944,generic,generic,2816,,CUDA_EVENT,BF16,none
0.019551999866962433,0.03446400165557861,0.025869599962607025,0.025664000771939754,0.00572046378192607,40.0,0.13225600123405457,0.1446399986743927,0.13834080025553702,0.13857600092887878,0.003453987260178892,20.0,0.026176000013947487,0.04335999861359596,0.032408800162374976,0.03252799995243549,0.0052874782305000825,40,0.1921599954366684,0.2741439938545227,0.2015487991273403,0.19828800112009048,0.017119949205978553,20,0.033695999532938004,0.03936000168323517,0.034873599745333196,0.034383999183773994,0.00142924389819717,20,0.13673600554466248,0.17180800437927246,0.1438224010169506,0.14108800143003464,0.008088998569475815,20.0,0.09385599941015244,0.09984000027179718,0.0954864002764225,0.09520000219345093,0.0012904162738344317,20,0.018464000895619392,0.019551999866962433,0.018982400186359882,0.01894400082528591,0.00027314571957358786,20,0.06451199948787689,0.07363200187683105,0.06880319938063621,0.0692799985408783,0.002250670105956108,20,0.02630399912595749,0.0344959981739521,0.028657599911093713,0.028207999654114246,0.0019535592537015746,20,0.024000000208616257,0.029503999277949333,0.026387199852615596,0.026223999448120594,0.0014128785473858378,20,0.0318400003015995,0.03280000016093254,0.03241599984467029,0.03243200108408928,0.0002707735888042432,20,16,16,2048,10944,102400,True,False,False,552,1,2048,10944,generic,generic,2816,,CUDA_EVENT,BF16,none
0.01974399946630001,0.03593600168824196,0.026006400305777787,0.02627200074493885,0.005843914272899467,40.0,0.13276800513267517,0.16393600404262543,0.13954880014061927,0.13807999342679977,0.006823642347073512,20.0,0.02627200074493885,0.04124800115823746,0.03289600005373359,0.03255999926477671,0.005750850552303323,40,0.19059200584888458,0.24208000302314758,0.19985920190811157,0.19814399629831314,0.010438924301256328,20,0.03411199897527695,0.03814399987459183,0.035702400095760825,0.03540800139307976,0.0010815384907841372,20,0.13887999951839447,0.15027199685573578,0.14349119886755943,0.1448799967765808,0.003409807941727135,20.0,0.09910400211811066,0.10396800190210342,0.1011024009436369,0.10107200220227242,0.0013318866503322746,20,0.017952000722289085,0.018751999363303185,0.018331199884414673,0.018319999799132347,0.00022268759324118716,20,0.05212799832224846,0.07942400127649307,0.05907359980046749,0.05803200043737888,0.00609058876462547,20,0.026496000587940216,0.04294399917125702,0.03536320012062788,0.037296000868082047,0.004385855230628574,20,0.023679999634623528,0.03452799841761589,0.02599519994109869,0.02518399991095066,0.0025931507683004196,20,0.033440001308918,0.03670400008559227,0.03402559980750084,0.03384000062942505,0.0006770928807140149,20,16,16,2048,10944,102400,True,False,False,544,1,2048,10944,generic,generic,2816,,CUDA_EVENT,BF16,none
0.019519999623298645,0.03388800099492073,0.025703199999406935,0.02721599955111742,0.005436923692045184,40.0,0.13174399733543396,0.1441279947757721,0.1375951997935772,0.13683199882507324,0.003639334150089413,20.0,0.025887999683618546,0.041280001401901245,0.03223280017264187,0.03331200033426285,0.005100287001292492,40,0.19094400107860565,0.28944000601768494,0.2025599993765354,0.1993440017104149,0.02024782041046116,20,0.032255999743938446,0.037856001406908035,0.03406239971518517,0.033663999289274216,0.0013478224230898945,20,0.13728000223636627,0.17209599912166595,0.14313920065760613,0.14084799587726593,0.00755769874533116,20.0,0.09443199634552002,0.09993600100278854,0.09620800018310546,0.09592000022530556,0.0012071475558191058,20,0.017696000635623932,0.019168000668287277,0.01842880016192794,0.018432000651955605,0.00033575600902761865,20,0.06102399900555611,0.06931199878454208,0.06576639991253615,0.06591999903321266,0.0020961487604433293,20,0.026847999542951584,0.03404799848794937,0.030588799994438885,0.030784000642597675,0.0017545195044395582,20,0.02380800060927868,0.02844800055027008,0.026027199905365707,0.025872000493109226,0.0012584697993535039,20,0.030432000756263733,0.03161599859595299,0.03112320015206933,0.031136000528931618,0.0002855719160793519,20,16,16,2048,10944,102400,True,False,False,536,1,2048,10944,generic,generic,2816,,CUDA_EVENT,BF16,none
0.01942400075495243,0.033824000507593155,0.025665600318461657,0.024848000146448612,0.005644712732666239,40.0,0.132192000746727,0.14745600521564484,0.1374928005039692,0.13680000603199005,0.003807534455094702,20.0,0.02598400041460991,0.042080000042915344,0.03188560022972524,0.032015999779105186,0.004874199399651633,40,0.18979200720787048,0.24611200392246246,0.1994287997484207,0.19788800179958344,0.011269373585573643,20,0.03302399814128876,0.03673600032925606,0.034040000103414056,0.03384000062942505,0.0009315175149651882,20,0.13606399297714233,0.15059199929237366,0.1413424000144005,0.140672005712986,0.0035736210769249355,20.0,0.09033600240945816,0.09414400160312653,0.09198720045387745,0.09193599969148636,0.0009799737188090135,20,0.01772800087928772,0.018464000895619392,0.018052800185978414,0.018079999834299088,0.0001788211411945873,20,0.05721599981188774,0.07545600086450577,0.06235360000282526,0.05921600013971329,0.0058625489315306065,20,0.024639999493956566,0.03641600161790848,0.0335296000353992,0.03593599982559681,0.004421279220748037,20,0.023231999948620796,0.030368000268936157,0.025641600042581557,0.025184000842273235,0.001651680633163892,20,0.031647998839616776,0.03852799907326698,0.03266879972070456,0.03235200047492981,0.001391683528889359,20,16,16,2048,10944,102400,True,False,False,528,1,2048,10944,generic,generic,2816,,CUDA_EVENT,BF16,none
0.019392000511288643,0.03286400064826012,0.02558880001306534,0.02505600079894066,0.005541839898319222,40.0,0.13132800161838531,0.14982399344444275,0.1369151994585991,0.13651199638843536,0.004049779923030421,20.0,0.026655999943614006,0.038495998829603195,0.03209360027685761,0.0337119996547699,0.004623753272563535,40,0.19072000682353973,0.2425920069217682,0.1988255999982357,0.19697600603103638,0.01056734919199637,20,0.03292800113558769,0.035999998450279236,0.03443040065467358,0.034352000802755356,0.0007843899459660543,20,0.13606399297714233,0.14681600034236908,0.14148319885134697,0.14155200123786926,0.0032592798457426503,20.0,0.08950400352478027,0.09379199892282486,0.09192960001528264,0.09217600151896477,0.0011572149517524043,20,0.01744000054895878,0.018239999189972878,0.017910400126129388,0.017920000478625298,0.00019986536339173424,20,0.06777600198984146,0.07251200079917908,0.0701375998556614,0.07003200054168701,0.0011323028646554405,20,0.02518399991095066,0.034752000123262405,0.027678400091826916,0.026592000387609005,0.002393195121003653,20,0.024480000138282776,0.028351999819278717,0.02634879993274808,0.0261439997702837,0.0012450588971903017,20,0.03174399957060814,0.033215999603271484,0.032326399348676205,0.03227199986577034,0.00042484126896934015,20,16,16,2048,10944,102400,True,False,False,520,1,2048,10944,generic,generic,2816,,CUDA_EVENT,BF16,none
0.01961600035429001,0.03814399987459183,0.02590639996342361,0.025391999632120132,0.005570849439126608,40.0,0.13305599987506866,0.14630399644374847,0.13911840096116065,0.13977599889039993,0.0032035558057347834,20.0,0.026399999856948853,0.039712000638246536,0.031640800274908544,0.031439999118447304,0.004371430397184376,40,0.19113600254058838,0.24480000138282776,0.1994416005909443,0.1968960016965866,0.011205975396871268,20,0.032127998769283295,0.04137599840760231,0.034609599784016606,0.03399999998509884,0.002081512705971148,20,0.13513599336147308,0.14950400590896606,0.1422000013291836,0.14075200259685516,0.004238955320243308,20.0,0.0896959975361824,0.09375999867916107,0.09114719964563847,0.09099199995398521,0.0009735713865738942,20,0.01775999926030636,0.01852799952030182,0.0180719998665154,0.018079999834299088,0.00018982098887877424,20,0.06284800171852112,0.06732799857854843,0.06505280062556267,0.06560000032186508,0.0013592986320690224,20,0.029120000079274178,0.036959998309612274,0.03203040016815066,0.031488001346588135,0.0019498074567735422,20,0.024320000782608986,0.029311999678611755,0.026440000161528587,0.026367999613285065,0.0014317585006194634,20,0.030688000842928886,0.0318400003015995,0.031198400259017944,0.03115200065076351,0.00032405037470687777,20,16,16,2048,10944,102400,True,False,False,512,1,2048,10944,generic,generic,2816,,CUDA_EVENT,BF16,none
0.01974399946630001,0.033440001308918,0.025688799936324357,0.02512000035494566,0.005235524243026958,40.0,0.133215993642807,0.144896000623703,0.13825440108776094,0.13812800496816635,0.0031242967308911388,20.0,0.02675200067460537,0.038495998829603195,0.03158639981411397,0.031247999519109726,0.004325456601255064,40,0.194240003824234,0.24716800451278687,0.202139201015234,0.19969599694013596,0.010836176704629863,20,0.03276799991726875,0.037087999284267426,0.03446880001574755,0.03440000116825104,0.0012115404371739861,20,0.1385280042886734,0.15059199929237366,0.14348160102963448,0.14308800548315048,0.003519629695261653,20.0,0.08934400230646133,0.09340800344944,0.09097600020468236,0.09097599983215332,0.0011262453403086384,20,0.01740800030529499,0.01833599992096424,0.017846399918198586,0.01780799962580204,0.00020012150831747092,20,0.0623680017888546,0.06844799965620041,0.06553920041769742,0.0652959980070591,0.0016438129140327383,20,0.02860799990594387,0.03420799970626831,0.03098399993032217,0.03116799984127283,0.0013436142260020143,20,0.024447999894618988,0.029664000496268272,0.026444800291210414,0.02612800057977438,0.0013589417343447872,20,0.03033600002527237,0.031647998839616776,0.03111199997365475,0.031231999397277832,0.00039346636045579166,20,16,16,2048,10944,102400,True,False,False,504,1,2048,10944,generic,generic,2816,,CUDA_EVENT,BF16,none
0.019807999953627586,0.033535998314619064,0.0259016000200063,0.026079999282956123,0.005327245171707839,40.0,0.1348160058259964,0.14860799908638,0.13935680091381072,0.1385120004415512,0.003430361330440796,20.0,0.026335999369621277,0.03840000182390213,0.03177600014023483,0.03169600013643503,0.004344935664776299,40,0.192671999335289,0.2486400008201599,0.20135840103030206,0.1990400031208992,0.011268905735307562,20,0.03296000137925148,0.036896001547575,0.03442880045622587,0.034352000802755356,0.000931958556776598,20,0.13766400516033173,0.1549759954214096,0.1435680001974106,0.14300800114870071,0.004626545031203968,20.0,0.08924800157546997,0.09200000017881393,0.09044799990952015,0.09032000228762627,0.0008080550095358635,20,0.01740800030529499,0.01852799952030182,0.017752000130712986,0.017664000391960144,0.0002480515559690706,20,0.06576000154018402,0.06911999732255936,0.06727999970316886,0.06707199662923813,0.0008995068750309945,20,0.027775999158620834,0.03513599932193756,0.03069599997252226,0.030640000477433205,0.001822199397419279,20,0.0244159996509552,0.02937600016593933,0.026593599840998648,0.0262079993262887,0.0015549324629726788,20,0.030719999223947525,0.03200000151991844,0.031470400467514995,0.03145600110292435,0.0003825945883894403,20,16,16,2048,10944,102400,True,False,False,496,1,2048,10944,generic,generic,2816,,CUDA_EVENT,BF16,none
0.019872000440955162,0.038176000118255615,0.025890400307253,0.025472000241279602,0.005525837567786866,40.0,0.13424000144004822,0.1467519998550415,0.13901760056614876,0.13947200030088425,0.0033161963791777473,20.0,0.026784000918269157,0.03824000060558319,0.031793600181117654,0.03144000004976988,0.004560387035866623,40,0.19443200528621674,0.25360000133514404,0.20327840149402618,0.20028800517320633,0.01220953501586681,20,0.033215999603271484,0.03840000182390213,0.03481600042432546,0.03433600068092346,0.001366366367701387,20,0.1377280056476593,0.151296004652977,0.14367360025644302,0.14335999637842178,0.0034594905716815805,20.0,0.08959999680519104,0.09424000233411789,0.09089440032839775,0.09071999788284302,0.0010529651834916905,20,0.01727999933063984,0.017791999503970146,0.01753759989514947,0.01756799966096878,0.000130171671655801,20,0.06649599969387054,0.07577600330114365,0.06831679977476597,0.06811199709773064,0.001797845436421063,20,0.028031999245285988,0.03270399942994118,0.030424000043421984,0.030368000268936157,0.0011998878923508048,20,0.02505600079894066,0.02828799933195114,0.026704000309109688,0.02675200067460537,0.000984045539888927,20,0.03097599931061268,0.032255999743938446,0.031628800183534624,0.031568000093102455,0.00033399765355118246,20,16,16,2048,10944,102400,True,False,False,488,1,2048,10944,generic,generic,2816,,CUDA_EVENT,BF16,none
0.019840000197291374,0.03811199963092804,0.02619360014796257,0.02699200063943863,0.005640275596582857,40.0,0.1326719969511032,0.1674879938364029,0.14095679968595504,0.1398880034685135,0.007532691928500942,20.0,0.025696000084280968,0.04195199906826019,0.03181599983945489,0.032560001127421856,0.004808135887809391,40,0.194815993309021,0.2971839904785156,0.20482719987630843,0.19968000054359436,0.02157389704811121,20,0.03276799991726875,0.045343998819589615,0.03468959983438254,0.033855998888611794,0.002682574690915596,20,0.1393599957227707,0.1849920004606247,0.14636480137705804,0.14539200067520142,0.00939418300023751,20.0,0.07964800298213959,0.08832000195980072,0.08141919933259487,0.08087999746203423,0.0017826120830944287,20,0.016256000846624374,0.017055999487638474,0.016697599738836288,0.016672000288963318,0.00021764707333074353,20,0.07030399888753891,0.07315199822187424,0.07175839915871621,0.07187200337648392,0.0007323370468718542,20,0.023520000278949738,0.029472000896930695,0.025639999937266112,0.025167999789118767,0.00155303475978157,20,0.024960000067949295,0.03171199932694435,0.027260799892246723,0.027055999264121056,0.001739160897263673,20,0.03209599852561951,0.039583999663591385,0.03286079987883568,0.0325119998306036,0.0015608293097379307,20,16,16,2048,10944,102400,True,False,False,480,1,2048,10944,generic,generic,2816,,CUDA_EVENT,BF16,none
0.02006400004029274,0.03542400151491165,0.025973600102588534,0.025247999466955662,0.005461301480818775,40.0,0.13222399353981018,0.14790399372577667,0.13860320001840593,0.13820800185203552,0.004866654786909151,20.0,0.02611199952661991,0.038943998515605927,0.03174320007674396,0.03172800038009882,0.004657481396479446,40,0.19324800372123718,0.24435199797153473,0.20176959931850433,0.20031999796628952,0.010437372383454609,20,0.032255999743938446,0.037728000432252884,0.03379839938133955,0.03364799916744232,0.0011485101926453902,20,0.13577599823474884,0.1563200056552887,0.14319199919700623,0.14182399958372116,0.00496617765381453,20.0,0.07980799674987793,0.08502399921417236,0.08150079920887947,0.08110399916768074,0.0013710763529305623,20,0.016224000602960587,0.016992000862956047,0.016660800110548733,0.016672000288963318,0.00018611665320248625,20,0.0570559985935688,0.06441599875688553,0.06236000023782253,0.06272000074386597,0.0014491400340182702,20,0.03174399957060814,0.035840000957250595,0.03425919972360134,0.034352000802755356,0.0010516469552112782,20,0.024960000067949295,0.03776000067591667,0.02745279995724559,0.027168000116944313,0.0026173752232974395,20,0.029440000653266907,0.031199999153614044,0.030174399819225074,0.030175999738276005,0.00042107356597908966,20,16,16,2048,10944,102400,True,False,False,472,1,2048,10944,generic,generic,2816,,CUDA_EVENT,BF16,none
0.020191999152302742,0.0382080003619194,0.026044000033289195,0.02571200020611286,0.005477700855860811,40.0,0.13235199451446533,0.1488959938287735,0.1376703977584839,0.1369279995560646,0.0037196419352718353,20.0,0.025919999927282333,0.044863998889923096,0.03167679994367063,0.031504000537097454,0.004840849119823152,40,0.19129599630832672,0.2422720044851303,0.19951999858021735,0.19750399887561798,0.01055942935528558,20,0.031936001032590866,0.036959998309612274,0.03412319961935282,0.03388799913227558,0.0013146227297091962,20,0.13702400028705597,0.1536320000886917,0.14259200021624566,0.14215999841690063,0.003842678897610819,20.0,0.07945600152015686,0.08300799876451492,0.08135839998722076,0.08110399916768074,0.0008726952677823963,20,0.016224000602960587,0.016736000776290894,0.016491200029850005,0.01649599988013506,0.00015389147371975347,20,0.07180800288915634,0.07654400169849396,0.07411200143396854,0.07417599856853485,0.0010863514712309646,20,0.020896000787615776,0.028095999732613564,0.024110399931669236,0.023904000408947468,0.0018972375433351533,20,0.024447999894618988,0.030208000913262367,0.027507199998945,0.027664000168442726,0.0013833627977441257,20,0.031231999397277832,0.03235200047492981,0.031895999982953074,0.03190400078892708,0.0002771050578062141,20,16,16,2048,10944,102400,True,False,False,464,1,2048,10944,generic,generic,2816,,CUDA_EVENT,BF16,none
0.019360000267624855,0.033344000577926636,0.02572240009903908,0.025008000433444977,0.005340117840300198,40.0,0.13209599256515503,0.14873600006103516,0.13807039931416512,0.1367040053009987,0.004515845461081992,20.0,0.02627200074493885,0.03891199827194214,0.03150080004706979,0.0313919996842742,0.004563926906782932,40,0.19068799912929535,0.24639999866485596,0.1995727986097336,0.19727999716997147,0.011305325840869646,20,0.03222399950027466,0.03836800158023834,0.03455360010266304,0.03409599885344505,0.0013230987439057844,20,0.13676799833774567,0.15225599706172943,0.1432399980723858,0.14324799925088882,0.004152804000907299,20.0,0.07715199887752533,0.08118399977684021,0.07876960001885891,0.07868800312280655,0.0010259216767091654,20,0.016287999227643013,0.01692800037562847,0.01652159998193383,0.016448000445961952,0.00015906934833342885,20,0.06319999694824219,0.06652799993753433,0.06496960036456585,0.06483200192451477,0.0007661380226553528,20,0.02864000014960766,0.03471999987959862,0.031206400226801635,0.030687999911606312,0.0016045886372089454,20,0.02534399926662445,0.03548799827694893,0.027974399644881486,0.027375999838113785,0.0022211686529445304,20,0.031136000528931618,0.03254399821162224,0.03164160009473562,0.03158400021493435,0.0003826105388063504,20,16,16,2048,10944,102400,True,False,False,456,1,2048,10944,generic,generic,2816,,CUDA_EVENT,BF16,none
0.019680000841617584,0.03907199949026108,0.026175199868157507,0.02672000043094158,0.005686745172102637,40.0,0.13462400436401367,0.14880000054836273,0.13950080275535584,0.1388159990310669,0.003973807393804688,20.0,0.02675200067460537,0.03791999816894531,0.03160640001296997,0.031231999397277832,0.004127238348242756,40,0.19177600741386414,0.24777600169181824,0.20061919912695886,0.19862399995326996,0.011570632283069666,20,0.0315839983522892,0.03747199848294258,0.033470400236546995,0.033376000821590424,0.0014954811552829554,20,0.13689599931240082,0.1562879979610443,0.1425199992954731,0.14102400094270706,0.004589137686385031,20.0,0.0854720026254654,0.09344000369310379,0.0897696003317833,0.08979199826717377,0.0020747286438107565,20,0.0163199994713068,0.02271999977529049,0.017147199995815755,0.01688000001013279,0.0013169962978339443,20,0.056352000683546066,0.07135999947786331,0.06018080022186041,0.05790399946272373,0.0052670514749112406,20,0.023840000852942467,0.03641600161790848,0.03294240022078156,0.034223999828100204,0.003407368658643887,20,0.024800000712275505,0.032607998698949814,0.027764799911528824,0.027871999889612198,0.0016702732678171705,20,0.028192000463604927,0.02924799919128418,0.028721600025892257,0.028719999827444553,0.0002751768392716957,20,16,16,2048,10944,102400,True,False,False,448,1,2048,10944,generic,generic,2816,,CUDA_EVENT,BF16,none
0.019840000197291374,0.033055998384952545,0.02585519999265671,0.025311999954283237,0.005419568500801953,40.0,0.1326719969511032,0.14342400431632996,0.138356801122427,0.13859200477600098,0.002783637773148716,20.0,0.026367999613285065,0.03961599990725517,0.03155440003611147,0.03179199993610382,0.0042372422681523966,40,0.19145600497722626,0.24687999486923218,0.20120319947600365,0.19945599883794785,0.011310455040378276,20,0.03235200047492981,0.03622400015592575,0.03396000042557716,0.033695999532938004,0.0011098454755690376,20,0.13846400380134583,0.15398399531841278,0.1435296006500721,0.14193600416183472,0.003920464852336019,20.0,0.07715199887752533,0.08515200018882751,0.07881760038435459,0.07836800068616867,0.0017330732314996503,20,0.01583999954164028,0.016575999557971954,0.01619199998676777,0.016143999993801117,0.00020614560243082032,20,0.055615998804569244,0.06307200342416763,0.059876799769699576,0.06078399904072285,0.0025951643396864,20,0.0326399989426136,0.035840000957250595,0.034577600099146365,0.034752000123262405,0.0006702055066367378,20,0.02550400048494339,0.030079999938607216,0.02784000001847744,0.028144000098109245,0.0013917609804424758,20,0.029055999591946602,0.03129599988460541,0.02962239971384406,0.029439999721944332,0.0004998662334806616,20,16,16,2048,10944,102400,True,False,False,440,1,2048,10944,generic,generic,2816,,CUDA_EVENT,BF16,none
0.01926399953663349,0.03270399942994118,0.02568079992197454,0.025503999553620815,0.005256339638651688,40.0,0.1324480026960373,0.14880000054836273,0.13853440061211586,0.13742399960756302,0.0038634293238228117,20.0,0.026367999613285065,0.03923200070858002,0.03178400010801852,0.03185599949210882,0.0047422270377022934,40,0.19072000682353973,0.2412479966878891,0.20025599896907806,0.19814400374889374,0.010588140685742138,20,0.032127998769283295,0.03590400144457817,0.03373759984970093,0.03367999941110611,0.0010136532544641737,20,0.13625599443912506,0.1491200029850006,0.14193439930677415,0.141695998609066,0.0035054910606862355,20.0,0.07555200159549713,0.07955200225114822,0.07715840004384518,0.07713599875569344,0.0009800894462790213,20,0.015584000386297703,0.016736000776290894,0.016246400075033307,0.016208000481128693,0.0002603825391277965,20,0.05993599817156792,0.06304000318050385,0.061577600240707395,0.06163199990987778,0.0007937104853362537,20,0.03209599852561951,0.04156799986958504,0.03411999959498644,0.03385600075125694,0.0019157788202327185,20,0.025855999439954758,0.030368000268936157,0.028128000162541866,0.028159999288618565,0.0012748296048351582,20,0.02908799983561039,0.030400000512599945,0.0297520000487566,0.02971199993044138,0.00030101704711582887,20,16,16,2048,10944,102400,True,False,False,432,1,2048,10944,generic,generic,2816,,CUDA_EVENT,BF16,none
0.019487999379634857,0.03590400144457817,0.026562399929389358,0.027615999802947044,0.005803107286958674,40.0,0.13443200290203094,0.14876799285411835,0.14126560017466544,0.14108800143003464,0.004014877828882145,20.0,0.02611199952661991,0.039135999977588654,0.031824800092726944,0.03203199990093708,0.004483330238548587,40,0.195360004901886,0.24851199984550476,0.20466240048408507,0.20182400196790695,0.010974003493742392,20,0.03276799991726875,0.03884800150990486,0.034454400464892385,0.03384000062942505,0.001776680460727325,20,0.14079999923706055,0.1571200042963028,0.14505280032753945,0.14268800616264343,0.00450870746077273,20.0,0.07539200037717819,0.0801599994301796,0.0771247997879982,0.07711999863386154,0.0013086890584698314,20,0.015552000142633915,0.017023999243974686,0.016204800037667156,0.016224000602960587,0.0003517670937042209,20,0.0594559982419014,0.06620799750089645,0.06297280006110668,0.0628960020840168,0.0016410698998589215,20,0.033695999532938004,0.03670400008559227,0.03483679983764887,0.03463999927043915,0.0007581551998280805,20,0.026464000344276428,0.03590400144457817,0.029147200100123883,0.028880000114440918,0.0019199276420057815,20,0.02937600016593933,0.03657599911093712,0.031139199901372195,0.03057599999010563,0.0017689921476589218,20,16,16,2048,10944,102400,True,False,False,424,1,2048,10944,generic,generic,2816,,CUDA_EVENT,BF16,none
0.019872000440955162,0.040832001715898514,0.025766400108113884,0.02513599954545498,0.005631419026553614,40.0,0.13279999792575836,0.1566080003976822,0.13862880021333696,0.1387839987874031,0.005015557540522567,20.0,0.02627200074493885,0.03827200084924698,0.03157280017621815,0.03420799970626831,0.004379159880782145,40,0.19148799777030945,0.24108800292015076,0.19950080141425133,0.1984800025820732,0.010077274805442024,20,0.03139200061559677,0.0379519984126091,0.03315839990973472,0.03295999951660633,0.001568019314870845,20,0.13756799697875977,0.14979200065135956,0.14302559942007065,0.1433280035853386,0.0031187356504387416,20.0,0.07923199981451035,0.08207999914884567,0.08020480014383793,0.08019199967384338,0.0007943731960641342,20,0.015263999812304974,0.016063999384641647,0.01570720006711781,0.015696000307798386,0.0002027081094860526,20,0.05686400085687637,0.07500799745321274,0.05948319975286722,0.05833600088953972,0.004087970370565715,20,0.021376000717282295,0.03587200120091438,0.033737600408494474,0.034623999148607254,0.003088175704603643,20,0.024480000138282776,0.030047999694943428,0.02722559990361333,0.02711999975144863,0.001262585498943842,20,0.03167999908328056,0.03836800158023834,0.03243520017713308,0.03207999840378761,0.0013844728634742813,20,16,16,2048,10944,102400,True,False,False,416,1,2048,10944,generic,generic,2816,,CUDA_EVENT,BF16,none
0.020096000283956528,0.03513599932193756,0.025904800230637192,0.025295999832451344,0.005344210776275189,40.0,0.13289600610733032,0.16655999422073364,0.13977119848132133,0.13791999965906143,0.0073870331529854675,20.0,0.02595200017094612,0.041760001331567764,0.03201440018601716,0.033104000613093376,0.004809696830589284,40,0.1919039934873581,0.24889600276947021,0.2032880000770092,0.19988800585269928,0.014694091709381348,20,0.03110400028526783,0.03846399858593941,0.03350879950448871,0.03308799862861633,0.0017965444749699839,20,0.13680000603199005,0.1685439944267273,0.14519999846816062,0.14308799803256989,0.006972867358008772,20.0,0.07311999797821045,0.07744000107049942,0.07511040084064007,0.0748480036854744,0.0011955166219268672,20,0.015200000256299973,0.01648000068962574,0.015617600176483393,0.01560000004246831,0.00025247079680024967,20,0.05929600074887276,0.06172800064086914,0.060440000146627426,0.06019200012087822,0.0007505261844457775,20,0.03222399950027466,0.034432001411914825,0.033094399981200694,0.03315199911594391,0.0004987897234152976,20,0.026784000918269157,0.031136000528931618,0.028851200174540282,0.02875200007110834,0.0009083941691224971,20,0.02879999950528145,0.03094400092959404,0.029451199807226658,0.029392000287771225,0.000450425129864936,20,16,16,2048,10944,102400,True,False,False,408,1,2048,10944,generic,generic,2816,,CUDA_EVENT,BF16,none
0.019999999552965164,0.035551998764276505,0.025874399999156594,0.02596799936145544,0.005389715273940734,40.0,0.13369600474834442,0.1515199989080429,0.13917919993400574,0.13804800063371658,0.004441898090681961,20.0,0.026240000501275063,0.0480320006608963,0.03254479975439608,0.03550400026142597,0.005537111936356987,40,0.19088000059127808,0.24937599897384644,0.20143680050969123,0.19910400360822678,0.011942689463346196,20,0.031328000128269196,0.037728000432252884,0.03311040010303259,0.03276799991726875,0.0015285855431511738,20,0.13792000710964203,0.15452800691127777,0.1432383991777897,0.1414560005068779,0.004117762612849442,20.0,0.07433599978685379,0.07862400263547897,0.07604319937527179,0.07598399743437767,0.0010229639595673516,20,0.01500799972563982,0.01583999954164028,0.015382399968802928,0.015375999733805656,0.00022561703592138658,20,0.05769599974155426,0.061184000223875046,0.05887839999049902,0.058687999844551086,0.0008633761464154516,20,0.035232000052928925,0.04399999976158142,0.036801600083708766,0.036447999998927116,0.001735169404411208,20,0.02486399933695793,0.029055999591946602,0.0268287998624146,0.026783999986946583,0.001366493573203095,20,0.02956799976527691,0.031199999153614044,0.03013119986280799,0.030047999694943428,0.0004033014605324811,20,16,16,2048,10944,102400,True,False,False,400,1,2048,10944,generic,generic,2816,,CUDA_EVENT,BF16,none
0.02022399939596653,0.04179200157523155,0.02604880016297102,0.02497600018978119,0.005793217701606946,40.0,0.13420799374580383,0.15062400698661804,0.139478400349617,0.13833600282669067,0.004324527568321168,20.0,0.026176000013947487,0.040800001472234726,0.032051199954003094,0.03175999969244003,0.004941580199936671,40,0.19340799748897552,0.2481279969215393,0.20151040107011794,0.19892799854278564,0.011517129867007451,20,0.0318400003015995,0.0382080003619194,0.03343519978225231,0.0331679992377758,0.001359464272173004,20,0.13660800457000732,0.1566080003976822,0.14399360120296478,0.14217599481344223,0.005719184907860166,20.0,0.07347200065851212,0.07708799839019775,0.07450560033321381,0.07425599917769432,0.0008578799354589159,20,0.013856000266969204,0.01532800029963255,0.014248000038787723,0.01414399966597557,0.00039281552665146536,20,0.055296000093221664,0.05814399942755699,0.05674719996750355,0.05684800073504448,0.0006393815079298041,20,0.03286400064826012,0.03532800078392029,0.0342544000595808,0.03428800031542778,0.0006908943319775334,20,0.02643200010061264,0.030848000198602676,0.028179199900478125,0.028047999367117882,0.0009926914734199462,20,0.029023999348282814,0.030400000512599945,0.02991360006853938,0.030063999816775322,0.00036437876324863357,20,16,16,2048,10944,102400,True,False,False,392,1,2048,10944,generic,generic,2816,,CUDA_EVENT,BF16,none
0.019872000440955162,0.03356799855828285,0.025876799877732993,0.02870399970561266,0.005135912974256589,40.0,0.13155199587345123,0.14457599818706512,0.1358992002904415,0.13499200344085693,0.003337682314878591,20.0,0.025887999683618546,0.10419200360774994,0.03283680016174913,0.030991999432444572,0.01219518240710633,40,0.18940800428390503,0.24323199689388275,0.1975632019340992,0.19582399725914001,0.011031467958602166,20,0.030912000685930252,0.035999998450279236,0.03289120011031628,0.03292800113558769,0.001245958031481336,20,0.1348160058259964,0.1491519957780838,0.14170880019664764,0.14060800522565842,0.00433120179598434,20.0,0.07135999947786331,0.07555200159549713,0.07317119985818862,0.07305599749088287,0.0010044850484595177,20,0.013728000223636627,0.014399999752640724,0.013995200023055076,0.01398400031030178,0.0001481274313788999,20,0.057760000228881836,0.06534399837255478,0.062353599816560745,0.06260799989104271,0.0020289732668627267,20,0.028831999748945236,0.033376000821590424,0.03162239976227284,0.03155199997127056,0.0013046661674495767,20,0.0272000003606081,0.031168000772595406,0.02917440012097359,0.029360000044107437,0.0011997697085042534,20,0.028511999174952507,0.03532800078392029,0.02951520001515746,0.02937600016593933,0.001400389616990082,20,16,16,2048,10944,102400,True,False,False,384,1,2048,10944,generic,generic,2816,,CUDA_EVENT,BF16,none
0.019999999552965164,0.03532800078392029,0.025895199924707412,0.029103999957442284,0.005064658440424149,40.0,0.13199999928474426,0.15279999375343323,0.13780320137739183,0.13628800213336945,0.00513448085833498,20.0,0.026176000013947487,0.037376001477241516,0.03088879995048046,0.030767999589443207,0.004106299562235628,40,0.18934400379657745,0.23756800591945648,0.1968384012579918,0.19500800222158432,0.009667140044158036,20,0.031231999397277832,0.036928001791238785,0.03259359989315271,0.031936001032590866,0.0014422197852792353,20,0.13680000603199005,0.15043200552463531,0.14101279973983766,0.14051199704408646,0.0033119967650680217,20.0,0.07081600278615952,0.07507199794054031,0.07315839976072311,0.07321599870920181,0.0013249147264624526,20,0.01360000018030405,0.014655999839305878,0.013919999962672592,0.013887999579310417,0.00019332872780346841,20,0.05657599866390228,0.06015999987721443,0.058337599784135816,0.05852799862623215,0.0010292107397965888,20,0.032127998769283295,0.03734400123357773,0.032993599958717826,0.03267199918627739,0.0010966004194642907,20,0.027648000046610832,0.030751999467611313,0.028803199995309114,0.028815999627113342,0.0008778096623080484,20,0.027904000133275986,0.02937600016593933,0.028528000134974717,0.028543999418616295,0.00034159167917102604,20,16,16,2048,10944,102400,True,False,False,376,1,2048,10944,generic,generic,2816,,CUDA_EVENT,BF16,none
0.01990400068461895,0.034623999148607254,0.02578480001538992,0.025232000276446342,0.005208915369273314,40.0,0.1318719983100891,0.15334400534629822,0.13797599747776984,0.13627199828624725,0.005388290297748594,20.0,0.026240000501275063,0.040031999349594116,0.03112640012986958,0.031216000206768513,0.004250915583507743,40,0.19120000302791595,0.28326401114463806,0.20175200030207635,0.197952002286911,0.019136866090185882,20,0.03142400085926056,0.039872001856565475,0.03289600033313036,0.032336000353097916,0.0018789751389565637,20,0.1351040005683899,0.17244799435138702,0.14246559739112855,0.14156799763441086,0.007921945363415112,20.0,0.0711359977722168,0.07603199779987335,0.07301760017871857,0.07286400347948074,0.000998460466640811,20,0.01360000018030405,0.013887999579310417,0.01375359995290637,0.01375999953597784,8.740151717627851e-05,20,0.0568000003695488,0.06563200056552887,0.059083199873566625,0.059007998555898666,0.00184260740124907,20,0.03219199925661087,0.03446400165557861,0.03329920023679733,0.03332800045609474,0.0005647256657246785,20,0.02703999914228916,0.030688000842928886,0.02906559994444251,0.02916800044476986,0.0009216391285324098,20,0.028384000062942505,0.029888000339269638,0.02938719987869263,0.029423999600112438,0.00044619925193251406,20,16,16,2048,10944,102400,True,False,False,368,1,2048,10944,generic,generic,2816,,CUDA_EVENT,BF16,none
0.01945599913597107,0.039423998445272446,0.02605280000716448,0.025311999954283237,0.005776977284013899,40.0,0.13254399597644806,0.15027199685573578,0.13704640045762062,0.13592000305652618,0.004045793564610874,20.0,0.025696000084280968,0.04831999912858009,0.031970400083810094,0.0311840008944273,0.005301229621138318,40,0.188960000872612,0.2786880135536194,0.19904800057411193,0.19524800032377243,0.018613263963183076,20,0.03174399957060814,0.040863998234272,0.033691199868917464,0.033344000577926636,0.001989727605994535,20,0.13609600067138672,0.17478400468826294,0.14408640190958977,0.14158400148153305,0.007951695924092107,20.0,0.07062400132417679,0.0825280025601387,0.07353280037641526,0.0721919983625412,0.00305759833733224,20,0.013376000337302685,0.014175999909639359,0.0136351999361068,0.01360000018030405,0.00018155582310124254,20,0.061503998935222626,0.06815999746322632,0.06554399952292442,0.06568000093102455,0.001524687869673625,20,0.025407999753952026,0.03302399814128876,0.02884799987077713,0.028432000428438187,0.0016704643337541439,20,0.027456000447273254,0.03167999908328056,0.029598399996757507,0.029743999242782593,0.0011798184877749643,20,0.029920000582933426,0.03129599988460541,0.030638399999588728,0.030608000233769417,0.0003671607877553261,20,16,16,2048,10944,102400,True,False,False,360,1,2048,10944,generic,generic,2816,,CUDA_EVENT,BF16,none
0.0197759997099638,0.033695999532938004,0.02628799988888204,0.028399999253451824,0.005103272658583095,40.0,0.13142399489879608,0.14873600006103516,0.13756479993462561,0.13702400028705597,0.004296790106835166,20.0,0.02598400041460991,0.041471999138593674,0.031354399770498274,0.03372799977660179,0.004300381271473475,40,0.1892479956150055,0.25993600487709045,0.19913600087165834,0.19553600251674652,0.014579928773228001,20,0.031808000057935715,0.03574400022625923,0.033388799987733364,0.03280000016093254,0.0012687667199147202,20,0.13916799426078796,0.14985600113868713,0.1428287997841835,0.14244800060987473,0.0029552724480339495,20.0,0.07152000069618225,0.07756800204515457,0.07327199950814248,0.07310399785637856,0.0012874139286454436,20,0.013311999849975109,0.014047999866306782,0.013608000008389354,0.01360000018030405,0.00018323321579389373,20,0.061184000223875046,0.06486400216817856,0.06264639981091022,0.06260799989104271,0.0008796857552314367,20,0.03129599988460541,0.034623999148607254,0.033057599887251855,0.032895999029278755,0.0010403431174298846,20,0.025151999667286873,0.03167999908328056,0.027648000232875346,0.02735999971628189,0.0017519524855236699,20,0.029503999277949333,0.03049599938094616,0.030147199891507624,0.03014400042593479,0.00024577581993076277,20,16,16,2048,10944,102400,True,False,False,352,1,2048,10944,generic,generic,2816,,CUDA_EVENT,BF16,none
0.019872000440955162,0.032416000962257385,0.025597599847242237,0.02510399930179119,0.005194884190911546,40.0,0.13100799918174744,0.14399999380111694,0.13620639890432357,0.13625599443912506,0.0032445915830458393,20.0,0.026079999282956123,0.04623999819159508,0.03214639974758029,0.03198400046676397,0.005407417077267394,40,0.18963199853897095,0.24729600548744202,0.19883039966225624,0.19686400145292282,0.011894373823658554,20,0.03081599995493889,0.0360959991812706,0.03318719994276762,0.032735999673604965,0.0014869122831460615,20,0.13407999277114868,0.15219199657440186,0.14164960086345674,0.14153599739074707,0.0041886229776188985,20.0,0.07110399752855301,0.0748480036854744,0.07251040115952492,0.07228799909353256,0.000963645874100811,20,0.013279999606311321,0.018848000094294548,0.013747199904173613,0.01345600001513958,0.0011785127368767606,20,0.05584000051021576,0.06099199876189232,0.05828159991651773,0.058079998940229416,0.001332833811173155,20,0.031936001032590866,0.033663999289274216,0.03267200030386448,0.03260800056159496,0.00046184337302431497,20,0.02703999914228916,0.03299200162291527,0.02957760011777282,0.02963199932128191,0.001307077969623704,20,0.027008000761270523,0.03622400015592575,0.028601599950343372,0.028207999654114246,0.0018453931335342952,20,16,16,2048,10944,102400,True,False,False,344,1,2048,10944,generic,generic,2816,,CUDA_EVENT,BF16,none
0.020096000283956528,0.035392001271247864,0.02576319994404912,0.02499199938029051,0.0053353165598990825,40.0,0.1316480040550232,0.14720000326633453,0.13775679916143418,0.1377279981970787,0.0033534853929056254,20.0,0.025599999353289604,0.038943998515605927,0.0309447999112308,0.030911999754607677,0.004302848822488862,40,0.19193600118160248,0.2406720072031021,0.1992640018463135,0.19756799936294556,0.010057576417094732,20,0.0315839983522892,0.03807999938726425,0.03326879981905222,0.03268800117075443,0.001666744636597588,20,0.13635200262069702,0.1491200029850006,0.14180800020694734,0.141184002161026,0.003380183920780837,20.0,0.0700799971818924,0.07849600166082382,0.07195999994874,0.07126399874687195,0.0018512188097568579,20,0.013183999806642532,0.015424000099301338,0.01351359998807311,0.013439999893307686,0.00045414080691182296,20,0.0674239993095398,0.0737600028514862,0.07022559978067874,0.06942399963736534,0.0018936456253030064,20,0.01958400011062622,0.028960000723600388,0.023444799799472095,0.023679999634623528,0.0025233634266515754,20,0.02783999964594841,0.03372799977660179,0.029489600192755462,0.029392000287771225,0.0012680835268032026,20,0.028960000723600388,0.030432000756263733,0.029564800020307303,0.029519999399781227,0.00038505181611438394,20,16,16,2048,10944,102400,True,False,False,336,1,2048,10944,generic,generic,2816,,CUDA_EVENT,BF16,none
0.020031999796628952,0.03379200026392937,0.025688800029456615,0.02532800007611513,0.005233651130362622,40.0,0.13260799646377563,0.14508800208568573,0.13780320063233376,0.137472003698349,0.003700344024699746,20.0,0.025631999596953392,0.037567999213933945,0.03103119982406497,0.03367999941110611,0.0041251893743192046,40,0.19100800156593323,0.2431039959192276,0.19928959906101226,0.19703999906778336,0.0108453351822905,20,0.0315839983522892,0.039744000881910324,0.03342560045421124,0.03260800056159496,0.0019743893054400045,20,0.13769599795341492,0.15967999398708344,0.14322399869561195,0.14217599481344223,0.004712719497343994,20.0,0.07020799815654755,0.07382400333881378,0.07186080068349839,0.07161600142717361,0.0011443877348054346,20,0.013120000250637531,0.013728000223636627,0.013356800004839898,0.013279999606311321,0.00018254037749299658,20,0.05395200103521347,0.05567999929189682,0.05450720004737377,0.0544000007212162,0.0004818388018145566,20,0.032127998769283295,0.03407999873161316,0.03297760002315044,0.03288000077009201,0.0005130461362449236,20,0.028224000707268715,0.031808000057935715,0.029998400062322617,0.029872000217437744,0.0010292601584375497,20,0.02831999957561493,0.029600000008940697,0.0289983999915421,0.0289920000359416,0.0003463695199345694,20,16,16,2048,10944,102400,True,False,False,328,1,2048,10944,generic,generic,2816,,CUDA_EVENT,BF16,none
0.01926399953663349,0.03788800165057182,0.025640000123530626,0.025104000233113766,0.005808519025929007,40.0,0.1321599930524826,0.14684799313545227,0.13773119822144508,0.13697600364685059,0.004059397767097087,20.0,0.02579200081527233,0.03888000175356865,0.03159599993377924,0.030863999389111996,0.00478507363973177,40,0.18960000574588776,0.24617600440979004,0.19891040176153182,0.19577600061893463,0.011471545483833168,20,0.03174399957060814,0.03951999917626381,0.03394080009311438,0.03302400000393391,0.0021639968283466014,20,0.13740800321102142,0.15727999806404114,0.1436831995844841,0.14270400255918503,0.0046722292282105095,20.0,0.0729919970035553,0.08182399719953537,0.07598719969391823,0.07547200098633766,0.0020767573443341934,20,0.013120000250637531,0.013887999579310417,0.013414400024339556,0.013391999993473291,0.00016981108353602713,20,0.051552001386880875,0.05382400006055832,0.05286880005151033,0.05276799947023392,0.0005429895929709427,20,0.03718400001525879,0.04412800073623657,0.03972640074789524,0.03884800150990486,0.002052032481146482,20,0.020287999883294106,0.028384000062942505,0.02424799995496869,0.02425600029528141,0.002359310987703922,20,0.02956799976527691,0.031199999153614044,0.03030879981815815,0.030239999294281006,0.0003800158190774311,20,16,16,2048,10944,102400,True,False,False,320,1,2048,10944,generic,generic,2816,,CUDA_EVENT,BF16,none
0.01958400011062622,0.03292800113558769,0.02529440000653267,0.024768000468611717,0.005279272318025603,40.0,0.13023999333381653,0.14710399508476257,0.13568480014801027,0.13411200046539307,0.004337899053038026,20.0,0.025887999683618546,0.03939199820160866,0.031615999853238465,0.031487999483942986,0.004810223728230219,40,0.19011199474334717,0.24128000438213348,0.19804000109434128,0.1963680014014244,0.010820543066797854,20,0.03129599988460541,0.03488000109791756,0.03265439998358488,0.032368000596761703,0.0008989369482977609,20,0.13631999492645264,0.1526080071926117,0.14150719866156578,0.14113599807024002,0.003620797359045226,20.0,0.0689919963479042,0.07158400118350983,0.07009759955108166,0.07017599791288376,0.000731988021699064,20,0.012640000320971012,0.013311999849975109,0.012984000006690621,0.01297600008547306,0.00016838034558424024,20,0.05244800075888634,0.05612799897789955,0.053815999813377854,0.053727999329566956,0.0007980053664609276,20,0.030592000111937523,0.03270399942994118,0.031846399791538714,0.03179199993610382,0.0005590940064278007,20,0.027807999402284622,0.03155200183391571,0.029113600309938193,0.028800000436604023,0.0009702705824824108,20,0.02675200067460537,0.03417599946260452,0.027977600041776896,0.027583999559283257,0.0015059084322255256,20,16,16,2048,10944,102400,True,False,False,312,1,2048,10944,generic,generic,2816,,CUDA_EVENT,BF16,none
0.01945599913597107,0.03356799855828285,0.025397600000724198,0.02510399930179119,0.005232530396337286,40.0,0.13148799538612366,0.14803199470043182,0.13712639957666398,0.13632000237703323,0.004043584670960738,20.0,0.025439999997615814,0.03948799893260002,0.031696800235658885,0.03153600078076124,0.0048491036114790415,40,0.1903039962053299,0.24713599681854248,0.19864959865808487,0.1952959969639778,0.011867218601233154,20,0.03097599931061268,0.03545600175857544,0.03296799985691905,0.032655999064445496,0.001392970144869641,20,0.1353600025177002,0.1515199989080429,0.1417631983757019,0.14099199324846268,0.00402907800421164,20.0,0.07116799801588058,0.07433599978685379,0.07296799942851066,0.0729919970035553,0.0010221425729813765,20,0.012864000163972378,0.014911999925971031,0.013211200013756752,0.01307199988514185,0.0004632020737631046,20,0.05286400020122528,0.061055999249219894,0.05568480025976896,0.05532800033688545,0.0016890201387537958,20,0.03372799977660179,0.035232000052928925,0.034547200053930284,0.03452799841761589,0.0004240936022020189,20,0.025407999753952026,0.029632000252604485,0.02781760012730956,0.027696000412106514,0.001229320924438556,20,0.028384000062942505,0.029952000826597214,0.02888000002130866,0.028783999383449554,0.0003448734775934255,20,16,16,2048,10944,102400,True,False,False,304,1,2048,10944,generic,generic,2816,,CUDA_EVENT,BF16,none
0.019807999953627586,0.034432001411914825,0.025561600038781763,0.02483200002461672,0.005390661803561562,40.0,0.13094399869441986,0.14585599303245544,0.1365295998752117,0.13679999858140945,0.0034214619806636867,20.0,0.025760000571608543,0.039264000952243805,0.03154479986988008,0.030976000241935253,0.005025968971955504,40,0.19139200448989868,0.25433599948883057,0.19907360076904296,0.19648000597953796,0.013085157631748652,20,0.031072000041604042,0.036607999354600906,0.033263999689370397,0.032816000282764435,0.001642896535837684,20,0.13580800592899323,0.16182400286197662,0.1433376006782055,0.14153600484132767,0.0060680154105236745,20.0,0.06867200136184692,0.07302399724721909,0.07036320008337497,0.07027199864387512,0.0012439020341092394,20,0.012640000320971012,0.013407999649643898,0.012839999981224537,0.01283199992030859,0.0001755265889294761,20,0.05833600088953972,0.060256000608205795,0.05905600003898144,0.05899200029671192,0.00047404322557912347,20,0.031072000041604042,0.033376000821590424,0.03231839993968606,0.032255999743938446,0.000620707129060559,20,0.027712000533938408,0.031647998839616776,0.029308800119906664,0.02875200007110834,0.0012495538133832002,20,0.027775999158620834,0.03017600066959858,0.028743999917060135,0.02864000014960766,0.0004817967912311349,20,16,16,2048,10944,102400,True,False,False,296,1,2048,10944,generic,generic,2816,,CUDA_EVENT,BF16,none
0.019551999866962433,0.03721600025892258,0.025983200035989286,0.025439999997615814,0.005796967833773181,40.0,0.13286399841308594,0.15001599490642548,0.1383808009326458,0.13700800389051437,0.0047739281262216,20.0,0.02598400041460991,0.03776000067591667,0.030605600075796248,0.03102399967610836,0.0038337608607296476,40,0.1895039975643158,0.23811200261116028,0.19869600087404252,0.1960960030555725,0.009704940941083288,20,0.03155200183391571,0.03606399893760681,0.033235199935734275,0.032816000282764435,0.0011341007035061334,20,0.13680000603199005,0.1493760049343109,0.1425312004983425,0.14220800250768661,0.0035515358440479875,20.0,0.06710399687290192,0.0727040022611618,0.06934080012142659,0.0690080001950264,0.0013912793109664018,20,0.012415999546647072,0.01603199914097786,0.012767999852076172,0.012575999833643436,0.0007608330727535955,20,0.05366399884223938,0.05651199817657471,0.055271999910473824,0.05536000058054924,0.0007920809205475171,20,0.03017600066959858,0.14159999787807465,0.03690400021150708,0.03147200122475624,0.02402597341285222,20,0.02831999957561493,0.038015998899936676,0.029967999923974274,0.029744000174105167,0.001967843695591119,20,0.027583999559283257,0.031039999797940254,0.028673600032925607,0.028624000027775764,0.00072049575703949,20,16,16,2048,10944,102400,True,False,False,288,1,2048,10944,generic,generic,2816,,CUDA_EVENT,BF16,none
0.01945599913597107,0.034623999148607254,0.02542159999720752,0.0262079993262887,0.005252728919640965,40.0,0.13155199587345123,0.14659200608730316,0.13570240065455436,0.1339999958872795,0.0038795850296063092,20.0,0.02550400048494339,0.04198399931192398,0.03160640001296997,0.031055999919772148,0.004960966107496838,40,0.19062399864196777,0.24876800179481506,0.19829760119318962,0.1960959956049919,0.012039511188510389,20,0.030719999223947525,0.03840000182390213,0.033076800405979156,0.03284800052642822,0.0015998811361239232,20,0.13289600610733032,0.1528960019350052,0.14040319994091988,0.13923200219869614,0.00450114338609287,20.0,0.06732799857854843,0.07116799801588058,0.06923519894480705,0.06910399720072746,0.000989798445803774,20,0.01228800043463707,0.0161920003592968,0.01281600003130734,0.01259199995547533,0.0008319077534248044,20,0.04694399982690811,0.05283199995756149,0.05007519982755184,0.050463998690247536,0.0019720743758597876,20,0.030271999537944794,0.032127998769283295,0.031147199962288142,0.03110400028526783,0.00045393476930320905,20,0.027456000447273254,0.031072000041604042,0.029088000115007163,0.02913600020110607,0.0009034544965212579,20,0.02675200067460537,0.028384000062942505,0.027409600000828503,0.027343999594449997,0.0003817900589670322,20,16,16,2048,10944,102400,True,False,False,280,1,2048,10944,generic,generic,2816,,CUDA_EVENT,BF16,none
0.01974399946630001,0.0352960005402565,0.025668800016865133,0.024992000311613083,0.00548045455945748,40.0,0.13238400220870972,0.14480000734329224,0.13785599917173386,0.13758400082588196,0.003623341259610265,20.0,0.02566399984061718,0.03961599990725517,0.030385599890723824,0.03014400042593479,0.0037251831467932503,40,0.19200000166893005,0.2733120024204254,0.2001392014324665,0.19486399739980698,0.017245875484104917,20,0.03110400028526783,0.04358400031924248,0.033584000263363126,0.03312000073492527,0.0025999187487283472,20,0.13731199502944946,0.17494399845600128,0.14351359978318215,0.14215999841690063,0.007925267092752068,20.0,0.06771200150251389,0.07171200215816498,0.0694607999175787,0.06915199756622314,0.0010684969100557575,20,0.01206399966031313,0.015776000916957855,0.01269440003670752,0.012368000112473965,0.0009007930918577307,20,0.050335999578237534,0.0594559982419014,0.052527999691665175,0.05196800082921982,0.0018677555825320532,20,0.03139200061559677,0.033952001482248306,0.03278399966657162,0.0329120010137558,0.0006908223662780257,20,0.027295999228954315,0.040511999279260635,0.029727999959141015,0.029264000244438648,0.0026808475644989637,20,0.02723200060427189,0.028991999104619026,0.027899199910461903,0.02768000029027462,0.0005411949899845607,20,16,16,2048,10944,102400,True,False,False,272,1,2048,10944,generic,generic,2816,,CUDA_EVENT,BF16,none
0.01961600035429001,0.03254399821162224,0.025625599967315792,0.02527999971061945,0.005315498591885294,40.0,0.1319040060043335,0.14796799421310425,0.13692319989204407,0.13606400042772293,0.004150303478871823,20.0,0.02598400041460991,0.040672000497579575,0.031670399941504,0.031151999719440937,0.005013748619154406,40,0.18982400000095367,0.2341119945049286,0.19947680085897446,0.1984960064291954,0.00867815014881457,20,0.03152000159025192,0.036288000643253326,0.033182400092482564,0.03299199976027012,0.0011662881467966687,20,0.13628800213336945,0.14732800424098969,0.14143839925527574,0.14163199812173843,0.0030272662553708814,20.0,0.06796800345182419,0.07177600264549255,0.06905279941856861,0.06854400038719177,0.0011134398459905297,20,0.010623999871313572,0.01500799972563982,0.011470399983227252,0.011024000123143196,0.0011027459074117905,20,0.04947200044989586,0.051231998950242996,0.050289600156247616,0.050223998725414276,0.0005463922843804356,20,0.030912000685930252,0.03267199918627739,0.03141760053113103,0.03137600049376488,0.00039834521936071897,20,0.028960000723600388,0.031039999797940254,0.029846399929374455,0.02971199993044138,0.0005971322659313237,20,0.027807999402284622,0.029440000653266907,0.02835680013522506,0.028192000463604927,0.0005181901362879963,20,16,16,2048,10944,102400,True,False,False,264,1,2048,10944,generic,generic,2816,,CUDA_EVENT,BF16,none
0.019648000597953796,0.036479998379945755,0.025860800221562386,0.025296000763773918,0.005449429683802014,40.0,0.13104000687599182,0.14140799641609192,0.13571520000696183,0.1361120045185089,0.0029227728792980525,20.0,0.026208000257611275,0.03683200106024742,0.03012559995986521,0.029663999564945698,0.0033816437118162086,40,0.19033600389957428,0.23692800104618073,0.1965167999267578,0.1948319971561432,0.00965124622109591,20,0.031039999797940254,0.03711999952793121,0.032396800443530084,0.031888000667095184,0.00153280978673051,20,0.13366399705410004,0.14870400726795197,0.13997759968042373,0.13859199732542038,0.0043371182450453885,20.0,0.06326399743556976,0.07100799679756165,0.06502720043063163,0.06460800021886826,0.0016471726673112203,20,0.011231999844312668,0.017952000722289085,0.013599999947473407,0.012912000063806772,0.0019045242999531297,20,0.04499199986457825,0.050335999578237534,0.046662399917840956,0.046112000942230225,0.0016682593109910682,20,0.030527999624609947,0.03222399950027466,0.031302399933338165,0.031328000128269196,0.0005165398478536742,20,0.027295999228954315,0.029920000582933426,0.028708799742162228,0.02860799990594387,0.0007910718599372578,20,0.026016000658273697,0.028543999418616295,0.026830400060862302,0.026783999986946583,0.000565094333726173,20,16,16,2048,10944,102400,True,False,False,256,1,2048,10944,generic,generic,2816,,CUDA_EVENT,BF16,none
0.019680000841617584,0.03993599861860275,0.025723999878391624,0.025023999623954296,0.005689849075927781,40.0,0.1297920048236847,0.1454399973154068,0.136684799939394,0.13679999858140945,0.004475441287432655,20.0,0.026464000344276428,0.03807999938726425,0.030527199851348996,0.030336000956594944,0.003358670036279323,40,0.19222399592399597,0.24963200092315674,0.20156800150871276,0.19838400185108185,0.011794237829202992,20,0.031488001346588135,0.03763199970126152,0.033302400074899194,0.032816000282764435,0.0016344482408036597,20,0.13628800213336945,0.1868479996919632,0.14297760054469108,0.1398880034685135,0.010717723686814111,20.0,0.06304000318050385,0.06876800209283829,0.06476799957454205,0.06446399912238121,0.0014679948550127167,20,0.010591999627649784,0.02038400061428547,0.013224000064656138,0.012959999963641167,0.002186864216383954,20,0.050912000238895416,0.054016001522541046,0.05239679999649525,0.05249600112438202,0.0009244291622656271,20,0.03049599938094616,0.032416000962257385,0.03122080024331808,0.031151999719440937,0.0004953570774318299,20,0.02755199931561947,0.03139200061559677,0.028988800011575222,0.028863999992609024,0.0008370249227414832,20,0.026399999856948853,0.02816000021994114,0.02718240013346076,0.02705600019544363,0.0004731754633848565,20,16,16,2048,10944,102400,True,False,False,248,1,2048,10944,generic,generic,2816,,CUDA_EVENT,BF16,none
0.019711999222636223,0.03516799956560135,0.02570480005815625,0.02759999968111515,0.005425680043379054,40.0,0.1289599984884262,0.14614400267601013,0.1354464001953602,0.13520000129938126,0.003933542981123898,20.0,0.026208000257611275,0.04064000025391579,0.03105839998461306,0.030751999467611313,0.004038863181171086,40,0.1939840018749237,0.2414720058441162,0.2019936002790928,0.19995200634002686,0.010010622799713978,20,0.031808000057935715,0.03807999938726425,0.033515199832618234,0.0331839993596077,0.0015363755985294597,20,0.13513599336147308,0.1536960005760193,0.1416592001914978,0.13913600146770477,0.005098215806463621,20.0,0.07507199794054031,0.07884799689054489,0.0770496003329754,0.07703999802470207,0.0009312274796666177,20,0.009279999881982803,0.01033599954098463,0.00975839989259839,0.009759999811649323,0.000181717989205752,20,0.053119998425245285,0.05555199831724167,0.054083199985325334,0.05403199978172779,0.0006350932122667511,20,0.030208000913262367,0.03167999908328056,0.03083360018208623,0.030799999833106995,0.0003670211986405191,20,0.028543999418616295,0.034623999148607254,0.029438399709761143,0.029215999878942966,0.001268971403994889,20,0.02703999914228916,0.03315199911594391,0.02792479991912842,0.02750399988144636,0.0012963859971055727,20,16,16,2048,10944,102400,True,False,False,240,1,2048,10944,generic,generic,2816,,CUDA_EVENT,BF16,none
0.019807999953627586,0.03363199904561043,0.025836800038814545,0.025248000398278236,0.0054817398796829205,40.0,0.13264000415802002,0.14959999918937683,0.1389375999569893,0.13816000521183014,0.0042370533052835365,20.0,0.026048000901937485,0.04064000025391579,0.031100799795240164,0.03152000065892935,0.0039668823641977186,40,0.19225600361824036,0.2412160038948059,0.19965440183877944,0.19808000326156616,0.010050015685052963,20,0.03161599859595299,0.03670400008559227,0.03348000012338161,0.03312000073492527,0.0014537964418651177,20,0.13689599931240082,0.14841599762439728,0.1422672003507614,0.1409280002117157,0.0034482313513390186,20.0,0.07443200051784515,0.08336000144481659,0.07671360000967979,0.07656000182032585,0.0017903167230982609,20,0.009664000011980534,0.010495999827980995,0.009936000080779194,0.0098879998549819,0.0002341692441210775,20,0.04831999912858009,0.050592001527547836,0.04944960027933121,0.04940799996256828,0.000528349196895061,20,0.031168000772595406,0.03324799984693527,0.03187520047649741,0.03182400017976761,0.0004663549394371271,20,0.02848000079393387,0.0307839997112751,0.02970399996265769,0.029663999564945698,0.0006321820370797681,20,0.027168000116944313,0.03347200155258179,0.02849119994789362,0.028271999210119247,0.0012707377639808975,20,16,16,2048,10944,102400,True,False,False,232,1,2048,10944,generic,generic,2816,,CUDA_EVENT,BF16,none
0.019551999866962433,0.033695999532938004,0.025656799925491212,0.02519999910145998,0.005358602627127403,40.0,0.12995199859142303,0.14748799800872803,0.13659839928150178,0.1350559964776039,0.0047188355241121,20.0,0.026335999369621277,0.0398080013692379,0.030712799821048974,0.03049599938094616,0.0038558571834156163,40,0.1916159987449646,0.2385919988155365,0.19979679882526397,0.1982560008764267,0.009787420107043445,20,0.03161599859595299,0.035071998834609985,0.03325439989566803,0.0331839993596077,0.0008389004437047308,20,0.13568000495433807,0.1472640037536621,0.1418720006942749,0.14188800007104874,0.0035931230240424644,20.0,0.062144000083208084,0.06550399959087372,0.06343199983239174,0.06334399804472923,0.0008488671370159185,20,0.011231999844312668,0.018144000321626663,0.013855999941006303,0.013807999901473522,0.0015611278916536392,20,0.0578560009598732,0.059776000678539276,0.05871679969131947,0.058720000088214874,0.0005483965920610274,20,0.03126399964094162,0.03891199827194214,0.03250400014221668,0.032175999134778976,0.0015450686537148315,20,0.028095999732613564,0.03167999908328056,0.029804800078272818,0.02971199993044138,0.0008888511885871929,20,0.027871999889612198,0.029472000896930695,0.028470400255173445,0.028416000306606293,0.00035663871628070765,20,16,16,2048,10944,102400,True,False,False,224,1,2048,10944,generic,generic,2816,,CUDA_EVENT,BF16,none
0.01945599913597107,0.03984000161290169,0.02593279993161559,0.028063999488949776,0.005669397851402634,40.0,0.13184000551700592,0.14588800072669983,0.1376416005194187,0.13689599931240082,0.004193466005677804,20.0,0.025728000327944756,0.037696000188589096,0.03053760016337037,0.030671999789774418,0.003861355245034917,40,0.19407999515533447,0.23955200612545013,0.20102079957723618,0.1998559981584549,0.009393006450914489,20,0.030880000442266464,0.03753599897027016,0.0330975997261703,0.03280000016093254,0.0016899541831497224,20,0.135903999209404,0.15091200172901154,0.14254880100488662,0.14168000221252441,0.004085638701063973,20.0,0.07440000027418137,0.07708799839019775,0.07540319934487343,0.07524799928069115,0.0006724007004292377,20,0.009503999724984169,0.010080000385642052,0.009820799995213746,0.009839999955147505,0.00013534907445771587,20,0.05049600079655647,0.054816000163555145,0.05155200026929378,0.05144000053405762,0.0009036244576359186,20,0.030079999938607216,0.0315839983522892,0.03060799976810813,0.030527999624609947,0.0003623918476527259,20,0.028192000463604927,0.03136000037193298,0.029812799859791995,0.02977599948644638,0.0008271412453645128,20,0.02687999978661537,0.029120000079274178,0.02756159994751215,0.027471999637782574,0.0005401368473525842,20,16,16,2048,10944,102400,True,False,False,216,1,2048,10944,generic,generic,2816,,CUDA_EVENT,BF16,none
0.01974399946630001,0.037696000188589096,0.02592480001039803,0.024512000381946564,0.00582934498200625,40.0,0.13257600367069244,0.1454080045223236,0.13727040067315102,0.1363680064678192,0.0037064659816089104,20.0,0.025248000398278236,0.04243199899792671,0.030616800067946315,0.03038400039076805,0.004243050958078691,40,0.18985599279403687,0.24243199825286865,0.19906879886984824,0.19683200120925903,0.011018092747118142,20,0.03094400092959404,0.04608000069856644,0.03372800052165985,0.03260800056159496,0.0031684526188623875,20,0.1342719942331314,0.15219199657440186,0.142078398168087,0.14052799344062805,0.00523192205983817,20.0,0.06195199862122536,0.0666240006685257,0.0632368003949523,0.0628960020840168,0.0010401862460679792,20,0.01196799986064434,0.01708799973130226,0.014297600090503692,0.014144000131636858,0.0014937730184065344,20,0.04835199937224388,0.050303999334573746,0.04940799996256828,0.04940799996256828,0.0005115996265273853,20,0.033055998384952545,0.03516799956560135,0.03398879989981651,0.03395199961960316,0.0005934490515924142,20,0.027488000690937042,0.032287999987602234,0.029534400068223478,0.02940800040960312,0.0014349591590936063,20,0.027712000533938408,0.03548799827694893,0.028921600058674814,0.02864000014960766,0.0015623927798111335,20,16,16,2048,10944,102400,True,False,False,208,1,2048,10944,generic,generic,2816,,CUDA_EVENT,BF16,none
0.019807999953627586,0.03417599946260452,0.025982400123029947,0.02894399967044592,0.0053719413208581975,40.0,0.13337600231170654,0.1475519984960556,0.13842720165848732,0.13761600106954575,0.003859275384609984,20.0,0.026464000344276428,0.03753599897027016,0.030622400064021348,0.030592000111937523,0.0035560477317796296,40,0.19385600090026855,0.2443840056657791,0.20403199940919875,0.20132800191640854,0.011101349814233755,20,0.031647998839616776,0.03759999945759773,0.033505599945783615,0.032896000891923904,0.001607198839060269,20,0.13545599579811096,0.15196800231933594,0.14274399876594543,0.14238400012254715,0.00454583445604477,20.0,0.06143999844789505,0.06950400024652481,0.0638000000268221,0.0634239986538887,0.0016931864102384948,20,0.012223999947309494,0.018271999433636665,0.014947199961170554,0.014559999573975801,0.0017068003602145642,20,0.046720001846551895,0.048928000032901764,0.04798399955034256,0.04798400029540062,0.0005718517369668097,20,0.030527999624609947,0.03302399814128876,0.03181919977068901,0.0318400003015995,0.000578507845349866,20,0.02876799926161766,0.031039999797940254,0.02990399980917573,0.029823999851942062,0.0005853027677005859,20,0.02844800055027008,0.029920000582933426,0.029129600059241055,0.029184000566601753,0.000411308975144684,20,16,16,2048,10944,102400,True,False,False,200,1,2048,10944,generic,generic,2816,,CUDA_EVENT,BF16,none
0.019360000267624855,0.034143999218940735,0.025779199972748756,0.025023999623954296,0.005505561399631377,40.0,0.13238400220870972,0.14828799664974213,0.1378975987434387,0.13804800063371658,0.00377009829220535,20.0,0.026496000587940216,0.03721600025892258,0.031006400007754564,0.03110400028526783,0.003802752410879116,40,0.19366399943828583,0.2500480115413666,0.20169440060853958,0.19942400604486465,0.011811025755565044,20,0.03171199932694435,0.03827200084924698,0.03424159996211529,0.03336000069975853,0.0020436071733299604,20,0.1375039964914322,0.15353600680828094,0.1425312004983425,0.14107199758291245,0.004465714681236248,20.0,0.06188800185918808,0.0663679987192154,0.06363999955356121,0.06312000006437302,0.001475919895178357,20,0.012415999546647072,0.020320000126957893,0.016139200236648322,0.015744000673294067,0.0017344849907807239,20,0.049056001007556915,0.05145600065588951,0.050115200132131575,0.050064001232385635,0.0006524313012001776,20,0.030239999294281006,0.03219199925661087,0.030958399828523397,0.030848000198602676,0.0005314768654758269,20,0.028960000723600388,0.03670400008559227,0.03037600005045533,0.03015999961644411,0.00156256610236609,20,0.027712000533938408,0.029632000252604485,0.0284192000515759,0.02831999957561493,0.0004705087164424867,20,16,16,2048,10944,102400,True,False,False,192,1,2048,10944,generic,generic,2816,,CUDA_EVENT,BF16,none
0.019872000440955162,0.03446400165557861,0.025884000211954118,0.025136000476777554,0.005591372604038562,40.0,0.1327040046453476,0.14975999295711517,0.1384255990386009,0.13700799643993378,0.0042196036374972865,20.0,0.02595200017094612,0.03731200098991394,0.03075280017219484,0.030831999145448208,0.00377664067684038,40,0.1926400065422058,0.24911999702453613,0.2003024011850357,0.19708800315856934,0.011869093670081767,20,0.032255999743938446,0.03759999945759773,0.03383999988436699,0.03364799916744232,0.0013013225251070253,20,0.13606399297714233,0.15164799988269806,0.14330879896879195,0.14284799993038177,0.003289288881364392,20.0,0.06147199869155884,0.0684799998998642,0.06333920024335385,0.0629120022058487,0.0015710754274435323,20,0.011711999773979187,0.020320000126957893,0.015491200238466262,0.015376000199466944,0.0020174193746140792,20,0.04585599899291992,0.04800000041723251,0.04684640020132065,0.04673600010573864,0.0006207071662713394,20,0.030719999223947525,0.03215999901294708,0.031220799870789052,0.031199999153614044,0.0003473543870021683,20,0.028063999488949776,0.031199999153614044,0.02979839975014329,0.029791999608278275,0.0007363894917109073,20,0.027871999889612198,0.0306560005992651,0.028635199833661317,0.0285279992967844,0.0006351236331266721,20,16,16,2048,10944,102400,True,False,False,184,1,2048,10944,generic,generic,2816,,CUDA_EVENT,BF16,none
0.019648000597953796,0.03494400158524513,0.025670400029048322,0.025247999466955662,0.005490589369723688,40.0,0.13302400708198547,0.14707200229167938,0.13945600017905235,0.13966400176286697,0.0037040738652734254,20.0,0.02595200017094612,0.044704001396894455,0.03092079986818135,0.03079999890178442,0.004460092937813654,40,0.19337600469589233,0.24195200204849243,0.2009024016559124,0.19951999932527542,0.010089933442610503,20,0.03206399828195572,0.034912001341581345,0.033209600299596784,0.033104000613093376,0.0006841271526818422,20,0.13551999628543854,0.15532800555229187,0.1424016013741493,0.14123199880123138,0.004800112923690421,20.0,0.060864001512527466,0.06467200070619583,0.06227200031280518,0.0619680006057024,0.0009851113055593481,20,0.012480000033974648,0.02067199908196926,0.01575039988383651,0.015279999934136868,0.0018890192375934894,20,0.045791998505592346,0.04838399961590767,0.046832000091671946,0.04673600010573864,0.0006053415774039739,20,0.03049599938094616,0.0323840007185936,0.03138399999588728,0.0313120000064373,0.0005087774333925794,20,0.02860799990594387,0.03219199925661087,0.029860799945890904,0.029728000052273273,0.0008705102030783459,20,0.027807999402284622,0.03001599945127964,0.028582399897277355,0.028575999662280083,0.0005109589221005355,20,16,16,2048,10944,102400,True,False,False,176,1,2048,10944,generic,generic,2816,,CUDA_EVENT,BF16,none
0.01990400068461895,0.034432001411914825,0.02573359990492463,0.025071999989449978,0.00553819559734758,40.0,0.1327359974384308,0.15267199277877808,0.13926080092787743,0.1382400020956993,0.004693820025736402,20.0,0.025855999439954758,0.0379519984126091,0.030840799724683166,0.03227199986577034,0.004029297290403589,40,0.1910720020532608,0.24963200092315674,0.1995791994035244,0.1968960016965866,0.012126093103898743,20,0.031936001032590866,0.03497600182890892,0.03316799979656935,0.03278400003910065,0.000983004646880937,20,0.13596799969673157,0.15769599378108978,0.142620799690485,0.1406560018658638,0.004917599403806237,20.0,0.060447998344898224,0.06467200070619583,0.06184800043702125,0.06153600104153156,0.0010060872491288377,20,0.013567999936640263,0.019967999309301376,0.016239999886602165,0.016112000215798616,0.0018318287007864772,20,0.045024000108242035,0.0469760000705719,0.045920000225305554,0.04593599960207939,0.0005370856179758666,20,0.029983999207615852,0.031488001346588135,0.030649600084871054,0.0306560005992651,0.0003512139824987285,20,0.02844800055027008,0.03152000159025192,0.029848000220954417,0.029680000618100166,0.0008181543831029469,20,0.0272000003606081,0.02921600081026554,0.027907200064510106,0.027871999889612198,0.0005241459511199134,20,16,16,2048,10944,102400,True,False,False,168,1,2048,10944,generic,generic,2816,,CUDA_EVENT,BF16,none
0.019840000197291374,0.035232000052928925,0.02576319999061525,0.02536000031977892,0.00556056410383971,40.0,0.13091200590133667,0.14652800559997559,0.13788800165057183,0.13780799508094788,0.0035757761232354363,20.0,0.02598400041460991,0.04150399938225746,0.03070160006172955,0.030383999459445477,0.004217922233679926,40,0.19219200313091278,0.2513599991798401,0.20200960114598274,0.1987520009279251,0.01252187161612159,20,0.0318400003015995,0.03654399886727333,0.033476799912750724,0.03302400000393391,0.001461607517920966,20,0.13555200397968292,0.15142400562763214,0.1419023998081684,0.1417439952492714,0.004181612411116041,20.0,0.060447998344898224,0.06451199948787689,0.06186719946563244,0.06164800003170967,0.0010163852504993063,20,0.013632000423967838,0.02332800067961216,0.017329600127413868,0.017215999774634838,0.002155015933480213,20,0.04438399896025658,0.05392000079154968,0.04581279996782541,0.0453919991850853,0.0019286546318660095,20,0.030112000182271004,0.0318400003015995,0.030761599913239478,0.03054399974644184,0.0004551544417139616,20,0.027936000376939774,0.03139200061559677,0.030006400123238564,0.029935999773442745,0.0009138843471938213,20,0.02937600016593933,0.036479998379945755,0.03022559992969036,0.02985600009560585,0.0015000276058004395,20,16,16,2048,10944,102400,True,False,False,160,1,2048,10944,generic,generic,2816,,CUDA_EVENT,BF16,none
0.01974399946630001,0.037728000432252884,0.026093600038439035,0.02513599954545498,0.00597944607981,40.0,0.13257600367069244,0.1536960005760193,0.13806080147624017,0.13795199990272522,0.004401953480822185,20.0,0.026016000658273697,0.03939199820160866,0.030919999908655883,0.030832000076770782,0.004265509648085153,40,0.19097599387168884,0.2892799973487854,0.20522399991750717,0.19675199687480927,0.0260370190411709,20,0.031647998839616776,0.03964800015091896,0.0338400000706315,0.032944001257419586,0.002171394973450905,20,0.13705599308013916,0.17404800653457642,0.14338879957795142,0.14097599685192108,0.007880322368811445,20.0,0.06022400036454201,0.06739199906587601,0.06192479990422726,0.06185599975287914,0.0015527180990038561,20,0.014879999682307243,0.029023999348282814,0.017977599892765282,0.016800000332295895,0.0034398374697343047,20,0.044256001710891724,0.049375999718904495,0.045377600193023684,0.045184001326560974,0.001050188772088432,20,0.030208000913262367,0.033376000821590424,0.03091360004618764,0.030767999589443207,0.0007167911881310027,20,0.028896000236272812,0.03136000037193298,0.02991520008072257,0.02971199993044138,0.0007027097008791209,20,0.02723200060427189,0.028991999104619026,0.028028799779713155,0.027952000498771667,0.0004596094782579848,20,16,16,2048,10944,102400,True,False,False,152,1,2048,10944,generic,generic,2816,,CUDA_EVENT,BF16,none
0.019807999953627586,0.043007999658584595,0.026147999940440057,0.02711999975144863,0.005859003293952971,40.0,0.13318400084972382,0.14880000054836273,0.13802399933338166,0.13716799765825272,0.004179803110392974,20.0,0.026176000013947487,0.040991999208927155,0.030479999771341682,0.03043199982494116,0.0038931847781870452,40,0.18956799805164337,0.2401600033044815,0.1980607993900776,0.19606400281190872,0.010239182818496154,20,0.03094400092959404,0.03532800078392029,0.03289759997278452,0.0323840007185936,0.0012416855778768431,20,0.13651199638843536,0.15324799716472626,0.14226879999041558,0.1414399966597557,0.00416849343132851,20.0,0.06137600168585777,0.06521599739789963,0.063009599968791,0.06284800171852112,0.001196452074650449,20,0.011839999817311764,0.01881599985063076,0.015014400007203221,0.015343999955803156,0.0019344416321656187,20,0.04435199871659279,0.04652800038456917,0.04554399996995926,0.04552000015974045,0.0005682026542633356,20,0.029440000653266907,0.03129599988460541,0.03026080010458827,0.030208000913262367,0.00042744552656874963,20,0.028543999418616295,0.030880000442266464,0.029684800002723933,0.029680000618100166,0.000618211289619456,20,0.02707199938595295,0.028384000062942505,0.02765760002657771,0.027615999802947044,0.0003339520602449271,20,16,16,2048,10944,102400,True,False,False,144,1,2048,10944,generic,generic,2816,,CUDA_EVENT,BF16,none
0.020031999796628952,0.034272000193595886,0.025971199944615365,0.025471999309957027,0.005495448032308726,40.0,0.1329600065946579,0.14774399995803833,0.13843040019273758,0.13734400272369385,0.0040571714485921895,20.0,0.02611199952661991,0.03683200106024742,0.030063199810683727,0.030175999738276005,0.003487662146043192,40,0.19023999571800232,0.24624000489711761,0.1986959993839264,0.19542399793863297,0.0118775024254061,20,0.0315839983522892,0.03622400015592575,0.03287039995193482,0.03268799930810928,0.0010820355392483604,20,0.13568000495433807,0.15718400478363037,0.14242879971861838,0.14215999841690063,0.004528117921131375,20.0,0.06163199990987778,0.0650240033864975,0.06329120118170976,0.06294400244951248,0.0009609214217048629,20,0.011711999773979187,0.019168000668287277,0.014507200103253126,0.014336000196635723,0.0018240920108825972,20,0.043807998299598694,0.04575999826192856,0.04459359981119633,0.04452800005674362,0.0006159875123645847,20,0.029311999678611755,0.030719999223947525,0.03016160000115633,0.030224000103771687,0.00033185642342542304,20,0.02831999957561493,0.03798399865627289,0.029919999837875366,0.02956799976527691,0.0019831221449491537,20,0.027103999629616737,0.03513599932193756,0.028360000066459178,0.027984000742435455,0.001768238813849614,20,16,16,2048,10944,102400,True,False,False,136,1,2048,10944,generic,generic,2816,,CUDA_EVENT,BF16,none
0.019680000841617584,0.03888000175356865,0.026088000182062386,0.025392000563442707,0.005842628710254216,40.0,0.1329279989004135,0.14793600142002106,0.1379231996834278,0.13705600053071976,0.004160109229074296,20.0,0.02643200010061264,0.03699199855327606,0.030147200031206012,0.02969599887728691,0.003303996483850499,40,0.187391996383667,0.24243199825286865,0.19764479920268058,0.19571200013160706,0.010854772841814951,20,0.03094400092959404,0.03728000074625015,0.03270720019936561,0.032287999987602234,0.0015172153268628238,20,0.1363839954137802,0.14988799393177032,0.14148160070180893,0.14083199948072433,0.003466888709063584,20.0,0.06095999851822853,0.06441599875688553,0.06202880050987005,0.06177600100636482,0.0009587398758327244,20,0.014175999909639359,0.01897599920630455,0.016582399839535356,0.016623999923467636,0.001605003269751154,20,0.04150399938225746,0.04467200115323067,0.04366720002144575,0.043775999918580055,0.0006930348481090522,20,0.02921600081026554,0.03379200026392937,0.030139200016856195,0.029968000017106533,0.0008964728014496068,20,0.02831999957561493,0.031072000041604042,0.029567999858409168,0.029423999600112438,0.0007181844514727308,20,0.026688000187277794,0.028896000236272812,0.02755040004849434,0.027375999838113785,0.0006057621776494695,20,16,16,2048,10944,102400,True,False,False,128,1,2048,10944,generic,generic,2816,,CUDA_EVENT,BF16,none
0.019487999379634857,0.03734400123357773,0.025897600082680584,0.025008000433444977,0.005853176195274049,40.0,0.13196800649166107,0.1523520052433014,0.13797120079398156,0.1382879987359047,0.004362920021473056,20.0,0.026559999212622643,0.03731200098991394,0.030529600009322165,0.030271999537944794,0.00341519604333924,40,0.1907840073108673,0.245728000998497,0.19806239902973174,0.19625599682331085,0.011298993370070997,20,0.03145600110292435,0.03532800078392029,0.032729600183665754,0.03248000144958496,0.0010527756807798714,20,0.1353919953107834,0.14688000082969666,0.1404623992741108,0.1396000012755394,0.003324005736047877,20.0,0.05955199897289276,0.06972800195217133,0.061692800186574456,0.06131199933588505,0.001983326731093848,20,0.013279999606311321,0.020447999238967896,0.017041599797084927,0.01703999936580658,0.0013851777160292778,20,0.042847998440265656,0.044704001396894455,0.043649600259959696,0.043568000197410583,0.00042985861997869656,20,0.028960000723600388,0.030592000111937523,0.02971200002357364,0.029728000052273273,0.00042591252702658765,20,0.028416000306606293,0.031647998839616776,0.029614399746060373,0.029519999399781227,0.0008413304200439412,20,0.02627200074493885,0.028224000707268715,0.027264000196009875,0.02729600016027689,0.00046910283557365594,20,16,16,2048,10944,102400,True,False,False,120,1,2048,10944,generic,generic,2816,,CUDA_EVENT,BF16,none
0.019648000597953796,0.033440001308918,0.025697600096464157,0.024911999702453613,0.0055697191389508,40.0,0.13289600610733032,0.14800000190734863,0.13804640024900436,0.13788799941539764,0.0033681495662342548,20.0,0.025855999439954758,0.040863998234272,0.030555199924856426,0.030783998779952526,0.0038677167037706544,40,0.1886720061302185,0.2399359941482544,0.19790400117635726,0.19446399807929993,0.012204882669641882,20,0.030848000198602676,0.0398080013692379,0.03351200027391314,0.032415999099612236,0.0025857480284939447,20,0.1345919966697693,0.15161600708961487,0.14080000147223473,0.13971199840307236,0.0038125290704946334,20.0,0.05923200026154518,0.06393600255250931,0.061550400033593175,0.06161599978804588,0.0013002192262056426,20,0.013919999822974205,0.02470399998128414,0.01744320015423,0.01649599988013506,0.0029660548697831093,20,0.04281599819660187,0.04508800059556961,0.043719999864697455,0.043568000197410583,0.0006155223669051735,20,0.028863999992609024,0.030208000913262367,0.029609600175172092,0.029695999808609486,0.00038454627440106284,20,0.028543999418616295,0.030719999223947525,0.029751999862492086,0.029935999773442745,0.000627222280648719,20,0.02739199995994568,0.029343999922275543,0.02819839967414737,0.02822399977594614,0.00046356950595882664,20,16,16,2048,10944,102400,True,False,False,112,1,2048,10944,generic,generic,2816,,CUDA_EVENT,BF16,none
0.019807999953627586,0.043807998299598694,0.02598719992674887,0.025311999954283237,0.006069400207283275,40.0,0.1324480026960373,0.1493760049343109,0.13858880028128623,0.13841599971055984,0.004322178496971405,20.0,0.026335999369621277,0.0379519984126091,0.030344799906015397,0.030400000512599945,0.003462571369939131,40,0.19075199961662292,0.27830401062965393,0.2012032002210617,0.19740799814462662,0.018196101952991466,20,0.030559999868273735,0.04275200143456459,0.03304320042952895,0.03227199986577034,0.002481236523334644,20,0.1355839967727661,0.18057599663734436,0.1442992001771927,0.14291200041770935,0.00897676773868809,20.0,0.05894400179386139,0.06761600077152252,0.06079040039330721,0.06052800081670284,0.0017980497688570602,20,0.013439999893307686,0.020255999639630318,0.016891199816018342,0.017295999452471733,0.0017390246646376635,20,0.04310400038957596,0.044319998472929,0.04372000023722648,0.04364800080657005,0.00037027140720546475,20,0.02876799926161766,0.030559999868273735,0.02948479987680912,0.029488000087440014,0.00042373137304296853,20,0.028511999174952507,0.030527999624609947,0.02935040006414056,0.02923200000077486,0.0006324031292904492,20,0.02703999914228916,0.02969600073993206,0.027740800101310015,0.02759999968111515,0.0006407117865244485,20,16,16,2048,10944,102400,True,False,False,104,1,2048,10944,generic,generic,2816,,CUDA_EVENT,BF16,none
0.019231999292969704,0.036959998309612274,0.025610399805009364,0.025055999867618084,0.0056398734068901875,40.0,0.13286399841308594,0.14323200285434723,0.13717119991779328,0.13660800457000732,0.003388894923182113,20.0,0.026335999369621277,0.035999998450279236,0.03040160033851862,0.030496000312268734,0.0032317065949503793,40,0.18902400135993958,0.2505280077457428,0.19925439953804017,0.19736000150442123,0.012599057028006006,20,0.03081599995493889,0.038047999143600464,0.03253759983927011,0.03174399957060814,0.0017917599010640638,20,0.1382399946451187,0.15305599570274353,0.14291839972138404,0.14193599671125412,0.003554932948494247,20.0,0.05929600074887276,0.06627199798822403,0.060780799575150014,0.059936000034213066,0.0017558168773138582,20,0.013856000266969204,0.021376000717282295,0.016892800014466046,0.016447999514639378,0.0015151890831407292,20,0.04217600077390671,0.044256001710891724,0.04288639985024929,0.04287999868392944,0.00044057889098506764,20,0.028543999418616295,0.029888000339269638,0.02917600004002452,0.029199999757111073,0.00040551390588789533,20,0.02812799997627735,0.03145600110292435,0.029512000177055596,0.02955200057476759,0.0007163912168712042,20,0.026784000918269157,0.029632000252604485,0.027822399884462355,0.02759999968111515,0.0006179791338710889,20,16,16,2048,10944,102400,True,False,False,96,1,2048,10944,generic,generic,2816,,CUDA_EVENT,BF16,none
0.019360000267624855,0.03548799827694893,0.025836799945682287,0.025263999588787556,0.0056321082577397924,40.0,0.1302720010280609,0.1430400013923645,0.13637280017137526,0.13683199882507324,0.002966804259439144,20.0,0.02627200074493885,0.036320000886917114,0.030604000343009828,0.0323840007185936,0.00338426056370783,40,0.18902400135993958,0.24819199740886688,0.19844800010323524,0.1966880038380623,0.01187594683090265,20,0.030559999868273735,0.035232000052928925,0.03224160000681877,0.031968001276254654,0.0012501096862001127,20,0.1363839954137802,0.14847999811172485,0.14199679866433143,0.14129599928855896,0.00320402071462943,20.0,0.059647999703884125,0.06790400296449661,0.06114400010555983,0.06084800139069557,0.001709647452621238,20,0.013439999893307686,0.019551999866962433,0.016046399949118495,0.015936000272631645,0.0017529305071099439,20,0.04185599833726883,0.04399999976158142,0.042910399846732616,0.04283200018107891,0.0005789681921344919,20,0.028511999174952507,0.030239999294281006,0.029198399838060142,0.029199999757111073,0.0004412606820861465,20,0.028831999748945236,0.031968001276254654,0.029846400115638973,0.029536000452935696,0.0008415515410690054,20,0.02643200010061264,0.028511999174952507,0.027443199884146452,0.02747200056910515,0.0005278932153221876,20,16,16,2048,10944,102400,True,False,False,88,1,2048,10944,generic,generic,2816,,CUDA_EVENT,BF16,none
0.019680000841617584,0.03455999866127968,0.025746400002390146,0.02518399991095066,0.005485115904904586,40.0,0.1313920021057129,0.14793600142002106,0.13628319799900054,0.1355840042233467,0.004345904935392384,20.0,0.026208000257611275,0.03577600046992302,0.030238400120288132,0.030287999659776688,0.0032828004473540815,40,0.18943999707698822,0.24076800048351288,0.1985936000943184,0.19624000042676926,0.010458491440186934,20,0.030239999294281006,0.03545600175857544,0.0324448000639677,0.03268799930810928,0.0014201980416073152,20,0.13609600067138672,0.14777599275112152,0.14188480079174043,0.1422400027513504,0.0035646020637432785,20.0,0.05951999872922897,0.06217600032687187,0.061008000001311305,0.06102399900555611,0.0007966970838376857,20,0.014303999952971935,0.024927999824285507,0.017257599998265503,0.017040000297129154,0.0025516884389569076,20,0.04163200035691261,0.0435199998319149,0.04262080006301403,0.0427360013127327,0.0005135875128978936,20,0.02844800055027008,0.030239999294281006,0.029185600019991396,0.02908799983561039,0.0005234201616005566,20,0.028575999662280083,0.031039999797940254,0.02977279983460903,0.029935999773442745,0.0007826863207885651,20,0.02687999978661537,0.028543999418616295,0.027532800007611512,0.027520000003278255,0.0004523672003768664,20,16,16,2048,10944,102400,True,False,False,80,1,2048,10944,generic,generic,2816,,CUDA_EVENT,BF16,none
0.01974399946630001,0.034623999148607254,0.025794400088489055,0.025232000276446342,0.005483148422808135,40.0,0.13120000064373016,0.1446399986743927,0.1365087993443012,0.13710399717092514,0.0034719907220378335,20.0,0.02550400048494339,0.04211200028657913,0.030246399994939565,0.029984001070261,0.003856127395076731,40,0.1876160055398941,0.24243199825286865,0.1962783992290497,0.19422399997711182,0.011357637874824227,20,0.03110400028526783,0.03836800158023834,0.03300000028684735,0.032447999343276024,0.0017844951271029363,20,0.13631999492645264,0.15328000485897064,0.14192480072379113,0.14078400284051895,0.004489867910768062,20.0,0.058720000088214874,0.06265600025653839,0.060566399991512296,0.06048000045120716,0.0009118089021973029,20,0.013120000250637531,0.021888000890612602,0.018000000203028322,0.01764800027012825,0.0022837666147141156,20,0.04137599840760231,0.04371200129389763,0.042467200011014936,0.04235199838876724,0.0005875205978264531,20,0.02812799997627735,0.030079999938607216,0.029224000032991172,0.02923200000077486,0.0005013772764300431,20,0.02864000014960766,0.03929600119590759,0.030192000046372413,0.02977599948644638,0.002164995994578227,20,0.026335999369621277,0.03299200162291527,0.02751680016517639,0.027168000116944313,0.0013698059277908363,20,16,16,2048,10944,102400,True,False,False,72,1,2048,10944,generic,generic,2816,,CUDA_EVENT,BF16,none
0.01945599913597107,0.03680000081658363,0.025596800120547415,0.02464000042527914,0.005613163154707396,40.0,0.1313920021057129,0.14575999975204468,0.13595360070466994,0.1361439973115921,0.003341119511191347,20.0,0.02598400041460991,0.037376001477241516,0.03035200000740588,0.029855999164283276,0.003661022334343905,40,0.18611200153827667,0.26576000452041626,0.19499999955296515,0.19203200191259384,0.016563297572532432,20,0.03136000037193298,0.039712000638246536,0.03348319996148348,0.03252799995243549,0.0021405887050192896,20,0.13519999384880066,0.1733119934797287,0.1416512005031109,0.1392960026860237,0.008065264546167461,20.0,0.057760000228881836,0.06419199705123901,0.05969759989529848,0.05926400050520897,0.0014255440955383764,20,0.014303999952971935,0.026335999369621277,0.018476799968630074,0.01771199982613325,0.00305173975376097,20,0.04089599847793579,0.043616000562906265,0.04166880026459694,0.04131200164556503,0.0007357410169816299,20,0.028224000707268715,0.032255999743938446,0.029331200011074542,0.029279999434947968,0.0007917267325662093,20,0.02751999907195568,0.033952001482248306,0.029849600046873093,0.029728000052273273,0.0012423917731216655,20,0.026559999212622643,0.030592000111937523,0.02812959998846054,0.02792000025510788,0.000906706191220414,20,16,16,2048,10944,102400,True,False,False,64,1,2048,10944,generic,generic,2816,,CUDA_EVENT,BF16,none
0.019872000440955162,0.037087999284267426,0.02607920006848872,0.02527999971061945,0.005811421472643616,40.0,0.1311040073633194,0.14742399752140045,0.13632960021495819,0.1358719989657402,0.0036351217811694727,20.0,0.02643200010061264,0.036639999598264694,0.03042639992199838,0.029903999529778957,0.003398076666462143,40,0.1857600063085556,0.28336000442504883,0.19915840029716492,0.19444800168275833,0.01977515980725879,20,0.030688000842928886,0.03968000039458275,0.0331840000115335,0.0326399989426136,0.002132026314961988,20,0.1340160071849823,0.15241600573062897,0.14130080118775368,0.14208000153303146,0.0046064047788112825,20.0,0.05724800005555153,0.05967999994754791,0.05849120002239942,0.05846400000154972,0.0006515182364292338,20,0.016224000602960587,0.02844800055027008,0.020312000159174205,0.020080000162124634,0.0029208633942830855,20,0.040991999208927155,0.042399998754262924,0.041710400208830836,0.041728001087903976,0.0004109819067537827,20,0.02816000021994114,0.029888000339269638,0.028928000014275312,0.028912000358104706,0.0003499578557524142,20,0.028416000306606293,0.031007999554276466,0.02960959980264306,0.02971199993044138,0.0008287998919581284,20,0.027103999629616737,0.0289280004799366,0.027798400074243546,0.027807999402284622,0.0004544788148402202,20,16,16,2048,10944,102400,True,False,False,56,1,2048,10944,generic,generic,2816,,CUDA_EVENT,BF16,none
0.019936000928282738,0.046879999339580536,0.026267999969422817,0.025263999588787556,0.006183718118552779,40.0,0.13353599607944489,0.27267199754714966,0.14392159953713418,0.13659200072288513,0.02968424800550021,20.0,0.02627200074493885,0.03939199820160866,0.030623199976980688,0.030575999058783054,0.00366979068652359,40,0.18908800184726715,0.245728000998497,0.1995887987315655,0.19593600183725357,0.01316925526293779,20,0.031168000772595406,0.03587200120091438,0.03308159997686744,0.03268799930810928,0.001436497191628361,20,0.1366720050573349,0.1541759967803955,0.14162720143795013,0.141744002699852,0.004380953381636123,20.0,0.0589120015501976,0.06224000081419945,0.05999359991401434,0.059807999059557915,0.0008591626955843788,20,0.017184000462293625,0.02627200074493885,0.019574400130659343,0.01899200025945902,0.0020627495166523077,20,0.04076800122857094,0.042847998440265656,0.041633600182831285,0.04164800047874451,0.00046542944250265844,20,0.028672000393271446,0.03030399978160858,0.02926079984754324,0.029152000322937965,0.00036965183734913423,20,0.028991999104619026,0.03152000159025192,0.030134400073438882,0.030128000304102898,0.0006777736947198945,20,0.027648000046610832,0.029472000896930695,0.0283568000420928,0.0284000001847744,0.0004889068353378801,20,16,16,2048,10944,102400,True,False,False,48,1,2048,10944,generic,generic,2816,,CUDA_EVENT,BF16,none
0.01961600035429001,0.03516799956560135,0.02571920002810657,0.025472000241279602,0.005393946058261617,40.0,0.13014400005340576,0.14684799313545227,0.13653599917888642,0.13656000047922134,0.0035731525785321423,20.0,0.02630399912595749,0.03667199984192848,0.030319999903440475,0.03017600066959858,0.00330248673745227,40,0.18556800484657288,0.24303999543190002,0.19585920125246048,0.19385600090026855,0.011478031323749164,20,0.03145600110292435,0.03532800078392029,0.03304640017449856,0.032607998698949814,0.0012163412206408555,20,0.1356479972600937,0.15094399452209473,0.14159519895911216,0.14096000045537949,0.00423729276695773,20.0,0.05804799869656563,0.06099199876189232,0.05903839953243732,0.05881600081920624,0.0007952162766886526,20,0.01648000068962574,0.024960000067949295,0.019713599979877473,0.019519999623298645,0.001934200163096307,20,0.040352001786231995,0.04262400045990944,0.041316799633204934,0.0414079986512661,0.0005285593599899147,20,0.02831999957561493,0.03001599945127964,0.02916640006005764,0.02916800044476986,0.0004181451989406087,20,0.02848000079393387,0.0306560005992651,0.029705600161105395,0.029519999399781227,0.0006326863409094346,20,0.026367999613285065,0.028543999418616295,0.027737600076943637,0.027728000655770302,0.0005518122369414649,20,16,16,2048,10944,102400,True,False,False,40,1,2048,10944,generic,generic,2816,,CUDA_EVENT,BF16,none
0.019807999953627586,0.036159999668598175,0.025931200152263044,0.025295999832451344,0.005631611600495382,40.0,0.13312000036239624,0.1459839940071106,0.13775680139660834,0.13780800253152847,0.0038668646931660673,20.0,0.02630399912595749,0.03763199970126152,0.03073760000988841,0.03076800052076578,0.0037393608405464143,40,0.18751999735832214,0.2722879946231842,0.19802240058779716,0.19463999569416046,0.017515655856409018,20,0.03161599859595299,0.03872000053524971,0.033086400106549264,0.032496001571416855,0.001606115359938741,20,0.13471999764442444,0.16886399686336517,0.14240319803357124,0.14096000045537949,0.006720684492497541,20.0,0.05772799998521805,0.0724480003118515,0.05942239984869957,0.05867199972271919,0.0030808286430006483,20,0.01759999990463257,0.0326399989426136,0.021022400259971617,0.019936000928282738,0.0036980076176574917,20,0.03993599861860275,0.04438399896025658,0.04126720000058413,0.041120000183582306,0.0009205994431861842,20,0.02796800062060356,0.0323840007185936,0.02941439989954233,0.029360000044107437,0.0008859206312493601,20,0.02828799933195114,0.03683200106024742,0.03019840018823743,0.029823999851942062,0.0017484744548298462,20,0.0297279991209507,0.03872000053524971,0.031108799669891597,0.030623999424278736,0.002087059583726801,20,16,16,2048,10944,102400,True,False,False,32,1,2048,10944,generic,generic,2816,,CUDA_EVENT,BF16,none
0.019680000841617584,0.035711999982595444,0.025784000148996712,0.02537599951028824,0.005488353499488112,40.0,0.1319040060043335,0.1438719928264618,0.13629119992256164,0.13566400110721588,0.003063419337521781,20.0,0.026688000187277794,0.036479998379945755,0.030414400156587362,0.03014400042593479,0.0031806935005127906,40,0.18902400135993958,0.27190399169921875,0.1981664016842842,0.19420800358057022,0.017353129057928518,20,0.03136000037193298,0.03888000175356865,0.032966400124132635,0.032575998455286026,0.0016629723209505942,20,0.13369600474834442,0.17455999553203583,0.1422480009496212,0.14054399728775024,0.008041859268128629,20.0,0.05663999915122986,0.06425599753856659,0.05829760003834963,0.05772799998521805,0.0019539030676168677,20,0.018144000321626663,0.02735999971628189,0.020233600120991468,0.019807999953627586,0.001983821812161639,20,0.039903998374938965,0.04608000069856644,0.04097439981997013,0.04055999964475632,0.0012872787059184428,20,0.028416000306606293,0.03167999908328056,0.029150400031358003,0.029055999591946602,0.0006975318461116518,20,0.028416000306606293,0.03532800078392029,0.030030399840325118,0.029983999207615852,0.0014856920642325603,20,0.02940800040960312,0.03376000002026558,0.030008000135421754,0.02977599948644638,0.0009196798667106855,20,16,16,2048,10944,102400,True,False,False,24,1,2048,10944,generic,generic,2816,,CUDA_EVENT,BF16,none
0.017920000478625298,0.028896000236272812,0.023003200255334377,0.022832000628113747,0.004497716731018338,40.0,0.13075199723243713,0.14627200365066528,0.13647199794650078,0.13569599390029907,0.003980870275818233,20.0,0.025151999667286873,0.040031999349594116,0.02978639998473227,0.03009600006043911,0.003918993279792324,40,0.1817920058965683,0.23094399273395538,0.19002720043063165,0.18644800037145615,0.010228673562344802,20,0.0306560005992651,0.036639999598264694,0.03256639987230301,0.032175999134778976,0.0014836443354263413,20,0.13203200697898865,0.14694400131702423,0.13851360157132148,0.13793600350618362,0.004477296015440319,20.0,0.05644800141453743,0.06515199691057205,0.058004800230264664,0.0575999990105629,0.0018421065045232427,20,0.017184000462293625,0.024831999093294144,0.02024479992687702,0.020047999918460846,0.0019170183933554165,20,0.03951999917626381,0.0416640006005764,0.04063680004328489,0.04055999964475632,0.0006267347750486568,20,0.028031999245285988,0.03017600066959858,0.029184000007808207,0.02913600020110607,0.0005880518328675862,20,0.02831999957561493,0.031488001346588135,0.029732799995690583,0.029743999242782593,0.0006744548206213304,20,0.02876799926161766,0.034912001341581345,0.03029279997572303,0.03014400042593479,0.0011687792480385784,20,16,16,2048,10944,102400,True,False,False,16,1,2048,10944,generic,generic,2816,,CUDA_EVENT,BF16,none
0.01679999940097332,0.03094400092959404,0.02112799994647503,0.020735999569296837,0.004114718227838099,40.0,0.13036799430847168,0.1544640064239502,0.1366176001727581,0.13623999804258347,0.004831599989745402,20.0,0.025536000728607178,0.040800001472234726,0.02972320020198822,0.029632000252604485,0.003747591945101705,40,0.18140800297260284,0.23587200045585632,0.19113599956035615,0.18852800130844116,0.011103271012931605,20,0.03110400028526783,0.036479998379945755,0.032795200031250714,0.03232000023126602,0.0014177217400630666,20,0.1361279934644699,0.14694400131702423,0.14072159975767135,0.14051199704408646,0.002999485607013365,20.0,0.05526399984955788,0.05913599953055382,0.0573743999004364,0.057103998959064484,0.000939976278531944,20,0.018239999189972878,0.026399999856948853,0.02082560006529093,0.02039999980479479,0.001854112284774065,20,0.03920000046491623,0.04095999896526337,0.04012000057846308,0.04016000032424927,0.0004838115924319374,20,0.02768000029027462,0.030271999537944794,0.028843199741095303,0.028831999748945236,0.0007243088175759662,20,0.028736000880599022,0.03187200054526329,0.03009120002388954,0.030063999816775322,0.0007000818759062573,20,0.029120000079274178,0.031007999554276466,0.029844800103455783,0.02980799973011017,0.0005432725229389692,20,16,16,2048,10944,102400,True,False,False,8,1,2048,10944,generic,generic,2816,,CUDA_EVENT,BF16,none
0.01651199907064438,0.03030399978160858,0.02116479999385774,0.022160000167787075,0.004008444197985802,40.0,0.1313599944114685,0.1544640064239502,0.1384127989411354,0.13649599999189377,0.0058774559720034475,20.0,0.02630399912595749,0.03862399980425835,0.030189599888399244,0.029951998963952065,0.0033069090826752363,40,0.18326400220394135,0.25996801257133484,0.19331839978694915,0.1897279992699623,0.015813548519173375,20,0.0306560005992651,0.03526400029659271,0.032849600072950125,0.032896000891923904,0.001325722229693818,20,0.13478399813175201,0.14777599275112152,0.14090079963207244,0.14107199758291245,0.003459898160060271,20.0,0.057151999324560165,0.060896001756191254,0.058819199725985524,0.058720000088214874,0.0009033358570630833,20,0.020160000771284103,0.02751999907195568,0.023580800089985133,0.023183999583125114,0.0022244463968270445,20,0.038495998829603195,0.04524800181388855,0.03961120024323463,0.03937599994242191,0.001374186174211642,20,0.027775999158620834,0.029759999364614487,0.02866559997200966,0.02864000014960766,0.0005198991691850859,20,0.02908799983561039,0.03174399957060814,0.030153599847108126,0.030047999694943428,0.0007463684884457548,20,0.028991999104619026,0.03110400028526783,0.029854399990290402,0.029663999564945698,0.0005530981760987017,20,16,16,2048,10944,102400,True,False,False,4,1,2048,10944,generic,generic,2816,,CUDA_EVENT,BF16,none
0.0161920003592968,0.027008000761270523,0.020720800012350084,0.02054399996995926,0.004025791933669039,40.0,0.13062399625778198,0.1494079977273941,0.13633439987897872,0.13568000495433807,0.005000358401305378,20.0,0.02659199945628643,0.03999999910593033,0.030188800254836678,0.03008000086992979,0.0031182667607092766,40,0.18192000687122345,0.23919999599456787,0.19278560131788253,0.1913120001554489,0.011399530789528692,20,0.030912000685930252,0.03798399865627289,0.03254239996895194,0.03235200047492981,0.0015682109761402956,20,0.13305599987506866,0.2059839963912964,0.14269759878516197,0.1380319967865944,0.015242752561802466,20.0,0.05644800141453743,0.06371200084686279,0.05882400013506413,0.05817599967122078,0.0015962476449424684,20,0.020864000543951988,0.028384000062942505,0.023473599925637245,0.023056000471115112,0.0019295356301075803,20,0.038495998829603195,0.04089599847793579,0.03939200006425381,0.0392800010740757,0.0005718069259881455,20,0.027744000777602196,0.029664000496268272,0.028692799899727107,0.028672000393271446,0.00043972645760265915,20,0.028416000306606293,0.03152000159025192,0.029580800049006938,0.02929599955677986,0.0009181493804794107,20,0.02879999950528145,0.031328000128269196,0.029700800124555827,0.02967999968677759,0.0006420187564636733,20,16,16,2048,10944,102400,True,False,False,2,1,2048,10944,generic,generic,2816,,CUDA_EVENT,BF16,none
0.0163199994713068,0.02800000086426735,0.021022399980574848,0.021215999498963356,0.004020644093804421,40.0,0.12982399761676788,0.15199999511241913,0.1346384011209011,0.1343199983239174,0.004840705970675112,20.0,0.026464000344276428,0.0379519984126091,0.030043999711051584,0.03033600002527237,0.0032234353903583426,40,0.18105599284172058,0.2664639949798584,0.18933920040726662,0.18423999845981598,0.018115468013530818,20,0.03014400042593479,0.03999999910593033,0.03211360042914748,0.03136000037193298,0.0021421237072227987,20,0.13087999820709229,0.18355199694633484,0.14011039957404137,0.13833599537611008,0.010529518790796655,20.0,0.05663999915122986,0.062111999839544296,0.05842720009386539,0.05806399881839752,0.0013031617422176603,20,0.020128000527620316,0.03478400036692619,0.02404960012063384,0.023648000322282314,0.00334309623241873,20,0.03855999931693077,0.042688000947237015,0.03968960028141737,0.03956799954175949,0.0008143419286903718,20,0.027744000777602196,0.031488001346588135,0.02882080003619194,0.028735999949276447,0.0007326028240942988,20,0.027775999158620834,0.03420799970626831,0.029924800060689448,0.029647999443113804,0.0014249265293281902,20,0.028991999104619026,0.031647998839616776,0.029835199937224388,0.02985600009560585,0.0006237351852007896,20,16,16,2048,10944,102400,True,False,False,1,1,2048,10944,generic,generic,2816,,CUDA_EVENT,BF16,none
,,,,,,,,,,,,0.019967999309301376,0.04902400076389313,0.03090240005403757,0.038047999143600464,0.009585899530939425,40,0.12223999947309494,0.21804800629615784,0.15984800048172473,0.1563359946012497,0.024324739310279186,20,0.04982399940490723,0.05257600173354149,0.05120320003479719,0.0510879997164011,0.0008217148671520817,20,,,,,,,0.2476159930229187,0.2502720057964325,0.2487567998468876,0.24854400008916855,0.0007221152580963188,20,0.04972799867391586,0.0517439991235733,0.05079040005803108,0.050912000238895416,0.00044289691343428917,20,0.11923199892044067,0.1218239963054657,0.12013599909842014,0.11993599683046341,0.0006071462192054477,20,0.06425599753856659,0.06684800237417221,0.06517599932849408,0.06518399715423584,0.000682274541355141,20,0.013919999822974205,0.0144640002399683,0.014121599961072206,0.01408000010997057,0.0001365541900271889,20,0.03705599904060364,0.03855999931693077,0.03754399996250868,0.03739200159907341,0.00044385203191729493,20,16,16,2048,10944,102400,True,False,False,4096,2,2048,10944,generic,generic,2816,,CUDA_EVENT,BF16,none
,,,,,,,,,,,,0.01961600035429001,0.03929600119590759,0.029850400099530817,0.03662400133907795,0.009273534043864539,40,0.10143999755382538,0.21398399770259857,0.13596319891512393,0.1303040012717247,0.02441391312983785,20,0.04899200052022934,0.05430399999022484,0.05075359977781772,0.05027199909090996,0.0014471456861136173,20,,,,,,,0.2425599992275238,0.24668799340724945,0.24425919950008393,0.24420800060033798,0.001133490726245404,20,0.049536000937223434,0.05119999870657921,0.05013919994235039,0.050064001232385635,0.0003704645450695662,20,0.11744000017642975,0.12115199863910675,0.11821600086987019,0.11799999698996544,0.0007761479830506654,20,0.06723199784755707,0.0687360018491745,0.06774079985916615,0.06755200028419495,0.0004640446765010949,20,0.01369599997997284,0.014368000440299511,0.013964799884706735,0.013919999822974205,0.00018779402968977196,20,0.03622400015592575,0.037728000432252884,0.03667040020227432,0.03652799874544144,0.00041568866793408163,20,16,16,2048,10944,102400,True,False,False,4064,2,2048,10944,generic,generic,2816,,CUDA_EVENT,BF16,none
,,,,,,,,,,,,0.019551999866962433,0.04217600077390671,0.030311999889090658,0.0342399999499321,0.009689449222338102,40,0.1154559999704361,0.22406400740146637,0.15151200145483018,0.1393600031733513,0.02784454949484834,20,0.04931199923157692,0.0578560009598732,0.05122079998254776,0.05089600011706352,0.00180530153573463,20,,,,,,,0.24489599466323853,0.24713599681854248,0.24602400064468383,0.2460319995880127,0.0006175147367081038,20,0.04873599857091904,0.050144001841545105,0.049515200220048426,0.04940799996256828,0.0003979182796706491,20,0.11763200163841248,0.1196800023317337,0.11844000071287156,0.11852800101041794,0.0005353545866302013,20,0.06483200192451477,0.06972800195217133,0.06727840043604374,0.06675200164318085,0.0013405849743882475,20,0.013728000223636627,0.0144640002399683,0.0139935998711735,0.013903999701142311,0.00020012165202577925,20,0.03638400137424469,0.037696000188589096,0.03691520001739264,0.03680000081658363,0.0003626601031710827,20,16,16,2048,10944,102400,True,False,False,4032,2,2048,10944,generic,generic,2816,,CUDA_EVENT,BF16,none
,,,,,,,,,,,,0.019872000440955162,0.04249599948525429,0.0301359998062253,0.03572799824178219,0.009431594137865597,40,0.11417599767446518,0.2125760018825531,0.15067519806325436,0.1512639969587326,0.021844166730902236,20,0.04835199937224388,0.05379199981689453,0.05053760036826134,0.05025600083172321,0.0013568564714841135,20,,,,,,,0.2330559939146042,0.23763200640678406,0.23540319949388505,0.23529599606990814,0.0012317434844713203,20,0.049247998744249344,0.05027199909090996,0.04969759974628687,0.04955200105905533,0.0003591241919971003,20,0.1167680025100708,0.1188800036907196,0.11758560054004193,0.11745600029826164,0.00047983812978544065,20,0.06358399987220764,0.06480000168085098,0.06411680057644845,0.06406400352716446,0.0003764964840115247,20,0.01360000018030405,0.0144640002399683,0.013846400007605553,0.013807999901473522,0.00021325061697439202,20,0.03612799942493439,0.03728000074625015,0.03655680045485497,0.03641600161790848,0.00035538725661760583,20,16,16,2048,10944,102400,True,False,False,4000,2,2048,10944,generic,generic,2816,,CUDA_EVENT,BF16,none
,,,,,,,,,,,,0.019328000023961067,0.03916800022125244,0.02979760030284524,0.037024000659585,0.009324491712476526,40,0.0846719965338707,0.2128639966249466,0.13408639915287496,0.12859199941158295,0.029112028282230674,20,0.04896000027656555,0.056223999708890915,0.05115359984338284,0.050175998359918594,0.0018058738868975495,20,,,,,,,0.2441280037164688,0.2534720003604889,0.24916320145130158,0.24958399683237076,0.002556742307875806,20,0.04816000163555145,0.04982399940490723,0.04902400001883507,0.049008000642061234,0.0004686658567596501,20,0.1165120005607605,0.12064000219106674,0.11842240057885647,0.1186400018632412,0.0011221975494809951,20,0.07212799787521362,0.07737600058317184,0.07508480027318001,0.07488000020384789,0.0013095161787455957,20,0.013663999736309052,0.014336000196635723,0.013912000041455031,0.013919999822974205,0.00015996008117323706,20,0.036320000886917114,0.03788800165057182,0.036974400468170646,0.03696000017225742,0.00047111518609007215,20,16,16,2048,10944,102400,True,False,False,3968,2,2048,10944,generic,generic,2816,,CUDA_EVENT,BF16,none
,,,,,,,,,,,,0.019999999552965164,0.03968000039458275,0.030091199837625027,0.03638399951159954,0.009219684041757097,40,0.10611200332641602,0.2043839991092682,0.14982560016214846,0.14451199769973755,0.024878741371126754,20,0.04934399947524071,0.05299200117588043,0.051032000221312046,0.051024001091718674,0.0011009056955606634,20,,,,,,,0.23468799889087677,0.24089600145816803,0.2376144014298916,0.23704000562429428,0.0021373624957181096,20,0.04848000034689903,0.050624001771211624,0.0490768002346158,0.04894400015473366,0.0005252558280975564,20,0.11785600334405899,0.12057600170373917,0.11907679997384549,0.11899199709296227,0.0006153048257050567,20,0.06361600011587143,0.06665600091218948,0.06441920064389706,0.06414399668574333,0.0008228982519604656,20,0.013567999936640263,0.01462399959564209,0.013902399921789765,0.013824000023305416,0.00024568719115114246,20,0.03686400130391121,0.038784001022577286,0.03739359974861145,0.03718400001525879,0.00045699277729643374,20,16,16,2048,10944,102400,True,False,False,3936,2,2048,10944,generic,generic,2816,,CUDA_EVENT,BF16,none
,,,,,,,,,,,,0.019711999222636223,0.03961599990725517,0.03007039977237582,0.033967998810112476,0.008999721008283588,40,0.07903999835252762,0.20192000269889832,0.12458079941570759,0.11903999745845795,0.026610810091174848,20,0.04879999905824661,0.053568001836538315,0.050947200134396554,0.050624001771211624,0.0013661376292993872,20,,,,,,,0.2489279955625534,0.2553600072860718,0.2523696035146713,0.2520960122346878,0.0018058751388295802,20,0.04713600128889084,0.048448000103235245,0.0476800000295043,0.04766400158405304,0.00034966491764848207,20,0.1178240031003952,0.12057600170373917,0.1189631998538971,0.11881599947810173,0.0007625408240877745,20,0.07583999633789062,0.08268799632787704,0.08011840023100376,0.08048000186681747,0.0015375365106239495,20,0.013439999893307686,0.01398400031030178,0.013689600070938468,0.01369599997997284,0.00013896987427504994,20,0.03651199862360954,0.03782400116324425,0.03705440014600754,0.03694400005042553,0.00040140268534269457,20,16,16,2048,10944,102400,True,False,False,3904,2,2048,10944,generic,generic,2816,,CUDA_EVENT,BF16,none
,,,,,,,,,,,,0.0197759997099638,0.039903998374938965,0.0300072000361979,0.035919999703764915,0.009262275442224842,40,0.11395200341939926,0.20854400098323822,0.15161920078098773,0.141695998609066,0.022936105789818674,20,0.049247998744249344,0.05331199988722801,0.0507295997813344,0.050143999978899956,0.0013792372766723547,20,,,,,,,0.23561599850654602,0.2407359927892685,0.2387792006134987,0.23907200247049332,0.001369070923853083,20,0.047231998294591904,0.04879999905824661,0.048035199753940105,0.04801600053906441,0.0004351178223570639,20,0.11769600212574005,0.1196800023317337,0.11864479966461658,0.11875200271606445,0.0005118278955681945,20,0.0634239986538887,0.06665600091218948,0.06424319967627526,0.0639520026743412,0.0008676899988970641,20,0.013472000136971474,0.014495999552309513,0.013777600042521954,0.013760000001639128,0.0002348185759274047,20,0.03673600032925606,0.03807999938726425,0.03726240005344152,0.037087999284267426,0.0004262702117246735,20,16,16,2048,10944,102400,True,False,False,3872,2,2048,10944,generic,generic,2816,,CUDA_EVENT,BF16,none
,,,,,,,,,,,,0.019519999623298645,0.03961599990725517,0.029668800113722683,0.037328001111745834,0.009323381665383055,40,0.13680000603199005,0.24291199445724487,0.17862560003995895,0.17527999728918076,0.023875233878743417,20,0.050303999334573746,0.05484800040721893,0.05201279986649752,0.05182399973273277,0.0013397036342136755,20,,,,,,,0.2253440022468567,0.2280000001192093,0.22662240043282508,0.22654400020837784,0.0005998162520789997,20,0.047359999269247055,0.04867200180888176,0.04786400012671947,0.04766399972140789,0.00042619821658583957,20,0.11561600118875504,0.11744000017642975,0.11642559915781021,0.11627199873328209,0.0005158948966708341,20,0.059167999774217606,0.060864001512527466,0.059846400283277035,0.05974400043487549,0.0005062272159742421,20,0.013824000023305416,0.014112000353634357,0.013945599971339106,0.013919999822974205,8.381328006899606e-05,20,0.03612799942493439,0.03711999952793121,0.03640960045158863,0.03630400076508522,0.0003184929427010533,20,16,16,2048,10944,102400,True,False,False,3840,2,2048,10944,generic,generic,2816,,CUDA_EVENT,BF16,none
,,,,,,,,,,,,0.019392000511288643,0.04374400153756142,0.029871199978515506,0.03739200159907341,0.009577405450799041,40,0.1578879952430725,0.21091200411319733,0.18701759800314904,0.19023999571800232,0.01577734426544272,20,0.04729599878191948,0.053408000618219376,0.04989759977906942,0.04966400004923344,0.0016057848481179783,20,,,,,,,0.2215680032968521,0.22387200593948364,0.22271519973874093,0.22244799882173538,0.0007080089283217121,20,0.04684799909591675,0.04800000041723251,0.04731040075421333,0.04718400165438652,0.00030834401283549395,20,0.11241599917411804,0.11423999816179276,0.11313600018620491,0.1130719967186451,0.000483136372721738,20,0.06015999987721443,0.061535999178886414,0.06060480009764433,0.06043200008571148,0.0004184416210670687,20,0.013055999763309956,0.013504000380635262,0.013270399998873472,0.013248000293970108,0.00011318242899665267,20,0.034752000123262405,0.0360959991812706,0.03516160026192665,0.034992000088095665,0.0003827442555659553,20,16,16,2048,10944,102400,True,False,False,3808,2,2048,10944,generic,generic,2816,,CUDA_EVENT,BF16,none
,,,,,,,,,,,,0.019519999623298645,0.03916800022125244,0.02966319997794926,0.03710400126874447,0.009311734820289522,40,0.1451520025730133,0.2242880016565323,0.1822720006108284,0.18011199682950974,0.018431532584326716,20,0.04912000149488449,0.054816000163555145,0.051126400008797646,0.050655998289585114,0.0015849889865769849,20,,,,,,,0.22460800409317017,0.227743998169899,0.22613760009407996,0.22619199752807617,0.0008493933535228711,20,0.04652800038456917,0.04774399846792221,0.04706879984587431,0.04702400043606758,0.00035718352481552064,20,0.11523199826478958,0.1175680011510849,0.11630720049142837,0.1162559986114502,0.0005904318587102308,20,0.05958399921655655,0.06428799778223038,0.06185120027512312,0.06180800125002861,0.000904546404679213,20,0.013567999936640263,0.01414399966597557,0.013847999973222613,0.013824000023305416,0.00017523464587999865,20,0.035840000957250595,0.03702399879693985,0.0362959997728467,0.036159999668598175,0.00037165187789491597,20,16,16,2048,10944,102400,True,False,False,3776,2,2048,10944,generic,generic,2816,,CUDA_EVENT,BF16,none
,,,,,,,,,,,,0.01929599978029728,0.051392000168561935,0.029935199907049535,0.03696000017225742,0.009902469623951048,40,0.14617599546909332,0.23324799537658691,0.19535839855670928,0.19897600263357162,0.018758789666753442,20,0.047488000243902206,0.05158400163054466,0.04913920015096664,0.04891199991106987,0.001233283805594762,20,,,,,,,0.22047999501228333,0.22275200486183167,0.22176319882273673,0.22182399779558182,0.0005759028235333461,20,0.0461760014295578,0.04739199951291084,0.046752000227570534,0.046560000628232956,0.00039231022754698005,20,0.11215999722480774,0.1143679991364479,0.112958400323987,0.1127840019762516,0.0005564207823144326,20,0.05987200140953064,0.061184000223875046,0.060276799649000165,0.060127999633550644,0.0003963708499530522,20,0.012959999963641167,0.013472000136971474,0.013225599844008683,0.013183999806642532,0.0001402535519414136,20,0.03471999987959862,0.03587200120091438,0.03507359996438027,0.03494400158524513,0.0003366047699013133,20,16,16,2048,10944,102400,True,False,False,3744,2,2048,10944,generic,generic,2816,,CUDA_EVENT,BF16,none
,,,,,,,,,,,,0.01942400075495243,0.050464000552892685,0.030832000076770782,0.03534400090575218,0.010593150495189827,40,0.16470399498939514,0.2487040013074875,0.191185599565506,0.18838399648666382,0.018015220592978318,20,0.04896000027656555,0.05321599915623665,0.051110399700701234,0.0510879997164011,0.0012046035701279885,20,,,,,,,0.22393600642681122,0.22633600234985352,0.22537120133638383,0.22551999986171722,0.0006786164845910296,20,0.04588799923658371,0.04774399846792221,0.04643680043518543,0.04614400118589401,0.0005094209803783682,20,0.1157120019197464,0.11817599833011627,0.11654719933867455,0.11633599922060966,0.0005994255983151985,20,0.0605119988322258,0.061983998864889145,0.061132800206542014,0.061039999127388,0.0004412522520551569,20,0.012992000207304955,0.013567999936640263,0.013163200067356228,0.013135999906808138,0.00014284869074304802,20,0.03654399886727333,0.037728000432252884,0.03702079989016056,0.03696000017225742,0.0003641398187633694,20,16,16,2048,10944,102400,True,False,False,3712,2,2048,10944,generic,generic,2816,,CUDA_EVENT,BF16,none
,,,,,,,,,,,,0.019392000511288643,0.05820799991488457,0.0313424002379179,0.03715200163424015,0.011150002613240319,40,0.1765120029449463,0.24313600361347198,0.20245759934186935,0.20166399329900742,0.011868586636656384,20,0.04755200073122978,0.0522879995405674,0.04953279979526996,0.04968000017106533,0.0012689479952179565,20,,,,,,,0.21408000588417053,0.22118400037288666,0.21677760109305383,0.21651200205087662,0.0020421697616655613,20,0.04585599899291992,0.046911999583244324,0.04619200024753809,0.04609600082039833,0.00032719920905509823,20,0.11206399649381638,0.11609599739313126,0.11313759982585907,0.1128000020980835,0.001109134596057603,20,0.05990400165319443,0.06147199869155884,0.060414399951696396,0.060256000608205795,0.00040242097267132826,20,0.012864000163972378,0.013439999893307686,0.013118399959057569,0.013120000250637531,0.0001591898389273993,20,0.03484800085425377,0.03776000067591667,0.03592000026255846,0.03566399961709976,0.000798109888178285,20,16,16,2048,10944,102400,True,False,False,3680,2,2048,10944,generic,generic,2816,,CUDA_EVENT,BF16,none
,,,,,,,,,,,,0.019680000841617584,0.04585599899291992,0.03153039989992976,0.03572800010442734,0.011175454995499235,40,0.16630400717258453,0.2566080093383789,0.1956528015434742,0.19579199701547623,0.018559281462607,20,0.051231998950242996,0.05532800033688545,0.05301439985632896,0.052928000688552856,0.0010658981080013824,20,,,,,,,0.22438399493694305,0.2274239957332611,0.22603999823331833,0.22604800015687943,0.000754608345040578,20,0.04569600149989128,0.046911999583244324,0.04611039999872446,0.04596799984574318,0.00038326316038529744,20,0.1157120019197464,0.11779200285673141,0.11653760001063347,0.11656000092625618,0.000489778033326404,20,0.06038400158286095,0.061792001128196716,0.060881600342690946,0.06080000102519989,0.0003781525253608997,20,0.012799999676644802,0.013248000293970108,0.012983999960124493,0.012927999719977379,0.0001162067637325611,20,0.035840000957250595,0.043168000876903534,0.03946880027651787,0.039295999333262444,0.001831155018772135,20,16,16,2048,10944,102400,True,False,False,3648,2,2048,10944,generic,generic,2816,,CUDA_EVENT,BF16,none
,,,,,,,,,,,,0.019711999222636223,0.04742399975657463,0.03247919990681112,0.0382080003619194,0.011923123398614828,40,0.17958399653434753,0.24982400238513947,0.19965119957923888,0.2000799998641014,0.013890728500928337,20,0.04745600000023842,0.05190400034189224,0.04963359981775284,0.04979199916124344,0.0013234421763492453,20,,,,,,,0.2215680032968521,0.22838400304317474,0.2253360003232956,0.22572800517082214,0.0021752902622322544,20,0.04492799937725067,0.04614400118589401,0.045440000295639035,0.0453919991850853,0.00034346001878528417,20,0.1125440001487732,0.11807999759912491,0.11351680047810078,0.1133279986679554,0.0011501041598501755,20,0.05974400043487549,0.06095999851822853,0.06023039985448122,0.060127999633550644,0.0003551281507748719,20,0.012896000407636166,0.013407999649643898,0.013051200052723288,0.013040000107139349,0.00011682181100483128,20,0.035711999982595444,0.038975998759269714,0.037055999785661695,0.03675200045108795,0.0009934950403587394,20,16,16,2048,10944,102400,True,False,False,3616,2,2048,10944,generic,generic,2816,,CUDA_EVENT,BF16,none
,,,,,,,,,,,,0.019168000668287277,0.04668800160288811,0.028385600121691824,0.034703999757766724,0.008091935804266344,40,0.19244800508022308,0.2489600032567978,0.20540959984064103,0.20364800095558167,0.01099929673862849,20,0.048928000032901764,0.052928000688552856,0.05038560032844543,0.050464000552892685,0.0011382050941443093,20,,,,,,,0.22438399493694305,0.22703999280929565,0.22565760016441344,0.2255840003490448,0.0005710542793060541,20,0.04479999840259552,0.046112000942230225,0.04521120022982359,0.04505600035190582,0.0003510211065724883,20,0.11721599847078323,0.12038400024175644,0.11834880039095878,0.11807999759912491,0.000747074516337032,20,0.059328000992536545,0.06063999980688095,0.059876800328493116,0.059808000922203064,0.00041922119458714545,20,0.01283199992030859,0.013151999562978745,0.01297600013203919,0.012959999963641167,9.732407649667052e-05,20,0.036288000643253326,0.038176000118255615,0.036900799907743934,0.03667199984192848,0.0004830066008964117,20,16,16,2048,10944,102400,True,False,False,3584,2,2048,10944,generic,generic,2816,,CUDA_EVENT,BF16,none
,,,,,,,,,,,,0.01929599978029728,0.06003199890255928,0.029477600147947668,0.03465599939227104,0.008869606503290696,40,0.19324800372123718,0.2504960000514984,0.20552159994840621,0.2029919996857643,0.011179604027711136,20,0.045951999723911285,0.05004800111055374,0.04747520070523024,0.04718400165438652,0.0013110395803229817,20,,,,,,,0.22991999983787537,0.2349119931459427,0.2317295990884304,0.2314079999923706,0.0013995908206154734,20,0.04399999976158142,0.04524800181388855,0.04437920060008764,0.044256001710891724,0.00034409677578538424,20,0.10447999835014343,0.10684800148010254,0.10586560033261776,0.10611200332641602,0.0006044610497243553,20,0.059808000922203064,0.062431998550891876,0.06093280017375946,0.06070400029420853,0.0008099399272085943,20,0.012608000077307224,0.013088000006973743,0.012828799989074468,0.012768000364303589,0.00013908039816112812,20,0.032575998455286026,0.03574400022625923,0.03309439942240715,0.032816000282764435,0.0007158710335072585,20,16,16,2048,10944,102400,True,False,False,3552,2,2048,10944,generic,generic,2816,,CUDA_EVENT,BF16,none
,,,,,,,,,,,,0.01929599978029728,0.053599998354911804,0.02862559980712831,0.03288000077009201,0.007615929145716565,40,0.19590400159358978,0.24876800179481506,0.2064367987215519,0.204367995262146,0.010782401661017791,20,0.04886399954557419,0.05430399999022484,0.05108640026301146,0.05072000063955784,0.0014606336599631542,20,,,,,,,0.22438399493694305,0.22617599368095398,0.2253359980881214,0.22545599937438965,0.0005396405729390629,20,0.043807998299598694,0.04492799937725067,0.04415839966386557,0.044064000248909,0.00030950399633398226,20,0.11673600226640701,0.11952000111341476,0.11785760000348092,0.11769600212574005,0.0007865415455839716,20,0.05913599953055382,0.060447998344898224,0.059600000455975535,0.05942400172352791,0.0003897564200837807,20,0.012512000277638435,0.012896000407636166,0.012712000077590347,0.012719999998807907,0.00012429655414007031,20,0.03638400137424469,0.03750399872660637,0.03675839994102716,0.036639999598264694,0.00038441264410783845,20,16,16,2048,10944,102400,True,False,False,3520,2,2048,10944,generic,generic,2816,,CUDA_EVENT,BF16,none
,,,,,,,,,,,,0.019360000267624855,0.04639999940991402,0.03302319990471005,0.03399999998509884,0.004928807582761212,40,0.1955839991569519,0.2425280064344406,0.20507359951734544,0.20396799594163895,0.009240987198424153,20,0.045343998819589615,0.0578560009598732,0.04748320020735264,0.04649600014090538,0.0026501774824555803,20,,,,,,,0.20972800254821777,0.21423999965190887,0.21109439805150032,0.21107199788093567,0.0009201377651020182,20,0.043296001851558685,0.04435199871659279,0.043707200326025486,0.043616000562906265,0.00024772090843891225,20,0.10543999820947647,0.10716799646615982,0.10606719963252545,0.1058880016207695,0.0005230212196754737,20,0.05955199897289276,0.060864001512527466,0.0600016001611948,0.059808000922203064,0.00040101967977577974,20,0.012319999746978283,0.013248000293970108,0.01266239993274212,0.012640000320971012,0.00018880005957475665,20,0.032575998455286026,0.03404799848794937,0.03307199999690056,0.03292800113558769,0.00039106822521417007,20,16,16,2048,10944,102400,True,False,False,3488,2,2048,10944,generic,generic,2816,,CUDA_EVENT,BF16,none
,,,,,,,,,,,,0.024351999163627625,0.07523199915885925,0.035979999927803874,0.03502400033175945,0.007370123988844709,40,0.1972160041332245,0.26815998554229736,0.20670880004763603,0.20414400100708008,0.014437800666974355,20,0.0488319993019104,0.058111999183893204,0.05094239991158247,0.05057599954307079,0.0021561796362626453,20,,,,,,,0.20377600193023682,0.22121599316596985,0.20567199885845183,0.20440000295639038,0.003923541748760798,20,0.0435199998319149,0.044895999133586884,0.04406239986419678,0.044015999883413315,0.00042131688723495903,20,0.11648000031709671,0.11788800358772278,0.11705920062959194,0.11700799688696861,0.0004719217877995315,20,0.056223999708890915,0.05772799998521805,0.056900800205767155,0.05684800073504448,0.00040669927919005465,20,0.012543999589979649,0.013055999763309956,0.012787199998274445,0.012784000020474195,0.00016266585474418316,20,0.03606399893760681,0.03721600025892258,0.03658720031380654,0.03643200173974037,0.0003435006454162831,20,16,16,2048,10944,102400,True,False,False,3456,2,2048,10944,generic,generic,2816,,CUDA_EVENT,BF16,none
,,,,,,,,,,,,0.033695999532938004,0.08560000360012054,0.04078480014577508,0.03627200052142143,0.011226223046096034,40,0.19846400618553162,0.2707839906215668,0.2108080007135868,0.20496000349521637,0.01767770102272205,20,0.045471999794244766,0.06172800064086914,0.04827840030193329,0.04718399979174137,0.003423777348434937,20,,,,,,,0.2035519927740097,0.2303680032491684,0.20947360023856162,0.20524800568819046,0.007908309744096237,20,0.04287999868392944,0.04387199878692627,0.04329599980264902,0.043088000267744064,0.00035272660646368617,20,0.10486400127410889,0.10831999778747559,0.10586879961192608,0.10576000064611435,0.0007494013998174434,20,0.05491200089454651,0.05596800148487091,0.05536800026893616,0.05532800033688545,0.0003426954699564306,20,0.011807999573647976,0.012799999676644802,0.012158399960026146,0.012112000025808811,0.000200983146042992,20,0.03232000023126602,0.03379200026392937,0.0329007999971509,0.03275199979543686,0.00042019714958609723,20,16,16,2048,10944,102400,True,False,False,3424,2,2048,10944,generic,generic,2816,,CUDA_EVENT,BF16,none
,,,,,,,,,,,,0.028575999662280083,0.060864001512527466,0.03806879972107709,0.03638400137424469,0.005333563908385324,40,0.195360004901886,0.24691200256347656,0.20616000071167945,0.20316799730062485,0.010810983945378919,20,0.048576001077890396,0.05443200096487999,0.05036960002034903,0.04956800118088722,0.0015681460450481025,20,,,,,,,0.20268799364566803,0.2253440022468567,0.20801279917359353,0.2046400010585785,0.005619735475029751,20,0.0424639992415905,0.0435199998319149,0.04295680020004511,0.0429919995367527,0.00032150050150229917,20,0.11615999788045883,0.11820799857378006,0.11690079942345619,0.11683200299739838,0.0004896383324922125,20,0.05632000043988228,0.05772799998521805,0.05680480003356934,0.056703999638557434,0.0003749979555271718,20,0.012191999703645706,0.012703999876976013,0.012428799830377101,0.012415999546647072,0.00012895639645290802,20,0.03596799820661545,0.037248000502586365,0.03651200067251921,0.036448001861572266,0.00033008151251024423,20,16,16,2048,10944,102400,True,False,False,3392,2,2048,10944,generic,generic,2816,,CUDA_EVENT,BF16,none
,,,,,,,,,,,,0.03340800106525421,0.0676800012588501,0.0384567997418344,0.0347680002450943,0.006861894344915809,40,0.19699199497699738,0.251008003950119,0.20567839816212655,0.20425599813461304,0.01114273244169217,20,0.045823998749256134,0.04956800118088722,0.047675199992954734,0.04753600060939789,0.0011819780875031694,20,,,,,,,0.1976960003376007,0.2128639966249466,0.20179839804768562,0.1998559981584549,0.004149901738149272,20,0.04291199892759323,0.04387199878692627,0.043270399980247023,0.04320000112056732,0.0002994349099051893,20,0.10214400291442871,0.10480000078678131,0.10309759937226773,0.1029760017991066,0.0006563197284673589,20,0.05471999943256378,0.05612799897789955,0.05513760000467301,0.05496000126004219,0.0003976856688626832,20,0.011680000461637974,0.012256000190973282,0.011910400027409196,0.011839999817311764,0.00018033924075021144,20,0.03219199925661087,0.033440001308918,0.032556799799203874,0.032416000962257385,0.00037868301890614455,20,16,16,2048,10944,102400,True,False,False,3360,2,2048,10944,generic,generic,2816,,CUDA_EVENT,BF16,none
,,,,,,,,,,,,0.033824000507593155,0.06275200098752975,0.04002479994669557,0.037248000502586365,0.006160600728273663,40,0.1966720074415207,0.25046399235725403,0.20730559825897216,0.20496000349521637,0.01045822815980971,20,0.04771199822425842,0.05673599988222122,0.05083200018852949,0.05040000006556511,0.0020597537526024054,20,,,,,,,0.2014400064945221,0.2104319930076599,0.20424640029668809,0.20368000119924545,0.0025636578588465863,20,0.042399998754262924,0.04355200007557869,0.042849600315093994,0.04275200143456459,0.00031798949188203794,20,0.11695999652147293,0.12649600207805634,0.12066559903323651,0.12004799768328667,0.0024949668490248465,20,0.05648000165820122,0.06032000109553337,0.05808479990810156,0.05809599906206131,0.0010293496122782038,20,0.01235199999064207,0.012959999963641167,0.01260799989104271,0.012543999589979649,0.00018382602639044625,20,0.03302399814128876,0.035360001027584076,0.034137599915266034,0.03407999873161316,0.0006077979859922935,20,16,16,2048,10944,102400,True,False,False,3328,2,2048,10944,generic,generic,2816,,CUDA_EVENT,BF16,none
,,,,,,,,,,,,0.03478400036692619,0.05967999994754791,0.03996959989890456,0.03630400076508522,0.005870172755645348,40,0.19830399751663208,0.26265600323677063,0.208347200602293,0.2059200033545494,0.012985994136320372,20,0.04556800052523613,0.0533440001308918,0.04730079974979162,0.04684799909591675,0.001666099167362689,20,,,,,,,0.1976960003376007,0.21984000504016876,0.2045919992029667,0.20324800163507462,0.005554794286996722,20,0.041728001087903976,0.04297599941492081,0.04233919959515333,0.0421920008957386,0.0004359402603939776,20,0.1021760031580925,0.10463999956846237,0.10311200022697449,0.10305600240826607,0.000582441765723805,20,0.0541439987719059,0.055615998804569244,0.054705599695444106,0.05459199845790863,0.0003621054525220298,20,0.011552000418305397,0.012095999903976917,0.011804800061509014,0.011744000017642975,0.00018042429316846687,20,0.03200000151991844,0.033055998384952545,0.03232480008155107,0.03215999901294708,0.0003578097743658223,20,16,16,2048,10944,102400,True,False,False,3296,2,2048,10944,generic,generic,2816,,CUDA_EVENT,BF16,none
,,,,,,,,,,,,0.027871999889612198,0.06304000318050385,0.04227680005133152,0.037407999858260155,0.008416153940351206,40,0.19948799908161163,0.2582400143146515,0.2079680010676384,0.20587199926376343,0.011905482232231873,20,0.04831999912858009,0.05385600030422211,0.05046079978346825,0.05027199909090996,0.0012952255936461517,20,,,,,,,0.20127999782562256,0.22431999444961548,0.20824000090360642,0.20840000361204147,0.005948820703090845,20,0.04012800008058548,0.04150399938225746,0.04075039997696876,0.04068800061941147,0.0004248260033892292,20,0.12070400267839432,0.13091200590133667,0.1263472005724907,0.12655999511480331,0.0027970138602178766,20,0.05369599908590317,0.0551999993622303,0.05420960001647472,0.05406400002539158,0.000439283866463829,20,0.01206399966031313,0.012575999833643436,0.012315200036391616,0.012304000090807676,0.0001373672935419586,20,0.033663999289274216,0.036320000886917114,0.03486560005694628,0.03481600061058998,0.0006676796248572403,20,16,16,2048,10944,102400,True,False,False,3264,2,2048,10944,generic,generic,2816,,CUDA_EVENT,BF16,none
,,,,,,,,,,,,0.03420799970626831,0.0652799978852272,0.042708799708634615,0.03822399862110615,0.00872207103409674,40,0.20105600357055664,0.24515199661254883,0.20709760189056398,0.20524800568819046,0.00918089138123849,20,0.04575999826192856,0.050624001771211624,0.04771680030971766,0.04771200008690357,0.0013558444283491384,20,,,,,,,0.20243200659751892,0.21910400688648224,0.20837119966745377,0.2073119953274727,0.0046325177974963685,20,0.04057599976658821,0.04163200035691261,0.041097599640488626,0.04105599969625473,0.0003015648419564564,20,0.10224000364542007,0.10438399761915207,0.10295039974153042,0.10289600118994713,0.0005492081779912262,20,0.05423999950289726,0.055743999779224396,0.05468799993395805,0.05456000007688999,0.0004045182293410957,20,0.01158399973064661,0.012191999703645706,0.011812800029292702,0.011776000261306763,0.0001623112716110418,20,0.03190400078892708,0.033504001796245575,0.03245280012488365,0.0323840007185936,0.0004413537400886078,20,16,16,2048,10944,102400,True,False,False,3232,2,2048,10944,generic,generic,2816,,CUDA_EVENT,BF16,none
,,,,,,,,,,,,0.033952001482248306,0.06412799656391144,0.04504719991236925,0.0394080001860857,0.008245220371061726,40,0.19923199713230133,0.2524160146713257,0.20685600116848946,0.20510400086641312,0.011032500828213576,20,0.048767998814582825,0.055424001067876816,0.05147520005702973,0.051071999594569206,0.0016267334667717673,20,,,,,,,0.2025279998779297,0.2253119945526123,0.2123231992125511,0.21188800036907196,0.00613095973040979,20,0.04012800008058548,0.04156799986958504,0.04063200056552887,0.04049599915742874,0.0003871700004460018,20,0.11910399794578552,0.13817599415779114,0.1286799993366003,0.12937600165605545,0.004866797566606217,20,0.05366399884223938,0.05548800155520439,0.05421280022710562,0.05403200164437294,0.0004569701440505002,20,0.01190400030463934,0.012480000033974648,0.012139200000092387,0.012144000269472599,0.0001562029585634918,20,0.03385600075125694,0.037408001720905304,0.03581599965691566,0.03606399893760681,0.0011462467863312233,20,16,16,2048,10944,102400,True,False,False,3200,2,2048,10944,generic,generic,2816,,CUDA_EVENT,BF16,none
,,,,,,,,,,,,0.03311999887228012,0.06486400216817856,0.04232160029932856,0.042080000042915344,0.008616043834103694,40,0.19840000569820404,0.3566400110721588,0.21377599984407425,0.20499199628829956,0.03428475291281151,20,0.043807998299598694,0.05084799975156784,0.04585439991205931,0.045104000717401505,0.0018569509944823212,20,,,,,,,0.20265600085258484,0.22249600291252136,0.20906879976391793,0.20696000009775162,0.005832427300446453,20,0.040063999593257904,0.04124800115823746,0.04053600057959557,0.04038400016725063,0.0003532885160085061,20,0.10627199709415436,0.11971200257539749,0.11477119922637939,0.1156960017979145,0.0034315350522769665,20,0.053727999329566956,0.05488000065088272,0.05430879984050989,0.05419199913740158,0.0003355082106862713,20,0.011711999773979187,0.012512000277638435,0.011968000000342727,0.01193600008264184,0.00020514972367535538,20,0.029632000252604485,0.03081599995493889,0.029995200131088494,0.029872000217437744,0.0003679688141838713,20,16,16,2048,10944,102400,True,False,False,3168,2,2048,10944,generic,generic,2816,,CUDA_EVENT,BF16,none
,,,,,,,,,,,,0.03465599939227104,0.06614399701356888,0.04573119962587953,0.04422399960458279,0.010139943294760048,40,0.19942399859428406,0.2550719976425171,0.20697279945015906,0.205424003303051,0.011590865788461047,20,0.043487999588251114,0.04838399961590767,0.045747199840843675,0.0456480011343956,0.0013480850927153091,20,,,,,,,0.21452799439430237,0.23430399596691132,0.22417280003428458,0.22361600399017334,0.005140373712645181,20,0.03920000046491623,0.040383998304605484,0.039612799696624276,0.0395359992980957,0.0003201435735409561,20,0.10857599973678589,0.12067200243473053,0.11517439968883991,0.11539199948310852,0.0030613418495952227,20,0.05382400006055832,0.05507199838757515,0.054224000126123426,0.05411199852824211,0.00036309751089638937,20,0.01158399973064661,0.012191999703645706,0.011844799946993589,0.011807999573647976,0.000144629760831299,20,0.029440000653266907,0.03094400092959404,0.02995359990745783,0.029791999608278275,0.00043258936299912527,20,16,16,2048,10944,102400,True,False,False,3136,2,2048,10944,generic,generic,2816,,CUDA_EVENT,BF16,none
,,,,,,,,,,,,0.033376000821590424,0.06239999830722809,0.04375839987769723,0.040608000010252,0.010193172785780762,40,0.1976960003376007,0.24963200092315674,0.20638879910111427,0.20507200062274933,0.010592891399092409,20,0.04364800080657005,0.048128001391887665,0.04527359995990991,0.0448479987680912,0.0013351558538509025,20,,,,,,,0.2030079960823059,0.21904000639915466,0.21129439994692803,0.21031999588012695,0.00471607136645705,20,0.03929600119590759,0.04134399816393852,0.03986719995737076,0.039744000881910324,0.0004738026503448575,20,0.11139199882745743,0.12169600278139114,0.11564480066299439,0.1154399998486042,0.0027194710104090983,20,0.05363199859857559,0.05663999915122986,0.05455199982970953,0.05432000011205673,0.0009016890215989465,20,0.011552000418305397,0.012191999703645706,0.011838400037959218,0.011807999573647976,0.00017715253590699904,20,0.029440000653266907,0.0306560005992651,0.029886400140821934,0.02976000029593706,0.00038165618085850853,20,16,16,2048,10944,102400,True,False,False,3104,2,2048,10944,generic,generic,2816,,CUDA_EVENT,BF16,none
,,,,,,,,,,,,0.03315199911594391,0.06220800057053566,0.04459679974243045,0.04206399992108345,0.010871192684929734,40,0.19952000677585602,0.2519359886646271,0.2069760002195835,0.20531200617551804,0.01101796518639544,20,0.04371200129389763,0.047839999198913574,0.04540000017732382,0.044864000752568245,0.0013389184212809384,20,,,,,,,0.19340799748897552,0.20563200116157532,0.19994880259037018,0.20019200444221497,0.0042681390977413695,20,0.03932800143957138,0.04041599854826927,0.03979679998010397,0.03969600051641464,0.00034867877317243477,20,0.0926079973578453,0.09462399780750275,0.09358719997107982,0.09364799782633781,0.0005240973461440084,20,0.050592001527547836,0.0522879995405674,0.05113760009407997,0.05097600072622299,0.00043471470809973813,20,0.011744000017642975,0.012191999703645706,0.011926400009542704,0.011919999960809946,0.00011586466642734748,20,0.029120000079274178,0.030719999223947525,0.02974880002439022,0.02964800037443638,0.0005018261345116341,20,16,16,2048,10944,102400,True,False,False,3072,2,2048,10944,generic,generic,2816,,CUDA_EVENT,BF16,none
,,,,,,,,,,,,0.033055998384952545,0.06415999680757523,0.0448999997228384,0.04224000126123428,0.01149613325626458,40,0.19696000218391418,0.25171199440956116,0.20673599913716317,0.20497599989175797,0.011011508035724494,20,0.043327998369932175,0.047648001462221146,0.04569279979914427,0.04583999887108803,0.0011796639243709269,20,,,,,,,0.19302399456501007,0.20576000213623047,0.19941440001130104,0.1992800012230873,0.003867053555306789,20,0.0390079990029335,0.04012800008058548,0.039393600262701514,0.039344001561403275,0.00028701642290887634,20,0.09308800101280212,0.09520000219345093,0.0939520001411438,0.09390399977564812,0.0005861326522767854,20,0.05023999884724617,0.05190400034189224,0.051019199378788474,0.050944000482559204,0.0005337648598602222,20,0.011296000331640244,0.011744000017642975,0.01164640011265874,0.01166400033980608,0.00010392601421300667,20,0.029055999591946602,0.030848000198602676,0.029729600064456463,0.029680000618100166,0.0005231268094629845,20,16,16,2048,10944,102400,True,False,False,3040,2,2048,10944,generic,generic,2816,,CUDA_EVENT,BF16,none
,,,,,,,,,,,,0.03356799855828285,0.06137600168585777,0.04526960011571646,0.04265599884092808,0.01122448641699861,40,0.19737599790096283,0.2489600032567978,0.2064736008644104,0.20344000309705734,0.010863442825976628,20,0.043616000562906265,0.04879999905824661,0.045532800070941445,0.044895999133586884,0.0016500618042601335,20,,,,,,,0.19545599818229675,0.20745599269866943,0.20233119949698447,0.20347200334072113,0.004156690605051054,20,0.038656000047922134,0.03996799886226654,0.03911520000547171,0.03903999924659729,0.0003723941301861646,20,0.09273599833250046,0.09478399902582169,0.09358879998326301,0.09350400045514107,0.0006174649224212034,20,0.049984000623226166,0.05177599936723709,0.05093600023537874,0.0509600006043911,0.000483811370675429,20,0.011392000131309032,0.011744000017642975,0.011572800111025572,0.011568000074476004,9.720578849710476e-05,20,0.02921600081026554,0.0306560005992651,0.02981439996510744,0.02971199993044138,0.00045661435768475463,20,16,16,2048,10944,102400,True,False,False,3008,2,2048,10944,generic,generic,2816,,CUDA_EVENT,BF16,none
,,,,,,,,,,,,0.032735999673604965,0.0605119988322258,0.04553519999608398,0.042896000668406487,0.0119701848877006,40,0.1971520036458969,0.24553599953651428,0.20601439997553825,0.2038239985704422,0.009793084790459827,20,0.043616000562906265,0.04896000027656555,0.04568799994885921,0.045792000368237495,0.001296923388916896,20,,,,,,,0.19603200256824493,0.20681600272655487,0.20230240002274513,0.20292799919843674,0.0030656334004854403,20,0.038015998899936676,0.03948799893260002,0.038620799966156485,0.03859199956059456,0.00039164411850670393,20,0.09238400310277939,0.09542399644851685,0.0934768009930849,0.09334400296211243,0.000701688741953024,20,0.05027199909090996,0.05193600058555603,0.05090239979326725,0.05089600011706352,0.0004645070912813453,20,0.011296000331640244,0.011839999817311764,0.011520000034943223,0.011536000296473503,0.00013116096876332088,20,0.028960000723600388,0.030368000268936157,0.029664000123739244,0.029583999887108803,0.00043806124620063264,20,16,16,2048,10944,102400,True,False,False,2976,2,2048,10944,generic,generic,2816,,CUDA_EVENT,BF16,none
,,,,,,,,,,,,0.03471999987959862,0.06159999966621399,0.046270400006324056,0.045183999463915825,0.010975080800978807,40,0.19728000462055206,0.24755200743675232,0.2057728014886379,0.20419200509786606,0.010263191564765444,20,0.04358400031924248,0.048448000103235245,0.04521119985729456,0.044624000787734985,0.0013100584215692205,20,,,,,,,0.19625599682331085,0.20614400506019592,0.20203680023550988,0.20287999510765076,0.002725799339725359,20,0.037728000432252884,0.038975998759269714,0.03822399955242872,0.03807999938726425,0.00034502219752196445,20,0.09292799979448318,0.09881599992513657,0.09629439972341061,0.09644799679517746,0.0014261602228270213,20,0.04960000142455101,0.05158400163054466,0.05050560012459755,0.050464000552892685,0.0005027257962575855,20,0.011296000331640244,0.014720000326633453,0.011638400005176663,0.011471999809145927,0.0007156920726641322,20,0.030047999694943428,0.03254399821162224,0.030903999973088504,0.03063999954611063,0.0007758844097694013,20,16,16,2048,10944,102400,True,False,False,2944,2,2048,10944,generic,generic,2816,,CUDA_EVENT,BF16,none
,,,,,,,,,,,,0.03574400022625923,0.06054399907588959,0.04713599989190698,0.04654399864375591,0.010365597370193208,40,0.19865599274635315,0.2508159875869751,0.20746239870786667,0.20475199818611145,0.010576443829590469,20,0.043807998299598694,0.04940799996256828,0.045439999736845496,0.04499199986457825,0.0014534482262852102,20,,,,,,,0.19881600141525269,0.208064004778862,0.203616002202034,0.20340800285339355,0.002429746485956061,20,0.03753599897027016,0.038816001266241074,0.03792319986969232,0.037887999787926674,0.00032030430541120743,20,0.09523200243711472,0.10499200224876404,0.10004639960825443,0.10016000270843506,0.00263545746239648,20,0.04918399825692177,0.050783999264240265,0.05008479990065098,0.05008000135421753,0.0004088337999291642,20,0.011136000044643879,0.011711999773979187,0.011444800114259124,0.011440000031143427,0.00014778149505020833,20,0.029600000008940697,0.032416000962257385,0.030704000126570465,0.030671999789774418,0.0005914810316454669,20,16,16,2048,10944,102400,True,False,False,2912,2,2048,10944,generic,generic,2816,,CUDA_EVENT,BF16,none
,,,,,,,,,,,,0.03497600182890892,0.06159999966621399,0.04639840004965663,0.04584000073373318,0.010883060620153918,40,0.19843199849128723,0.266975998878479,0.20782559886574745,0.20424000173807144,0.014215905539495385,20,0.04307200014591217,0.05347200110554695,0.045502400025725365,0.045264000073075294,0.0022269446516603184,20,,,,,,,0.2014400064945221,0.2083200067281723,0.20385920032858848,0.20318400114774704,0.0018652301295828198,20,0.037856001406908035,0.0390079990029335,0.03822719976305962,0.038047999143600464,0.00036251945352584156,20,0.09020800143480301,0.09200000017881393,0.09108319990336895,0.09099199995398521,0.0004968020607716032,20,0.04931199923157692,0.05110400170087814,0.05012160055339336,0.05009600147604942,0.0005223064906332196,20,0.011136000044643879,0.011680000461637974,0.011326400050893425,0.011296000331640244,0.0001447005331874793,20,0.028672000393271446,0.030688000842928886,0.029492800030857323,0.029504000209271908,0.0005478709612601513,20,16,16,2048,10944,102400,True,False,False,2880,2,2048,10944,generic,generic,2816,,CUDA_EVENT,BF16,none
,,,,,,,,,,,,0.035232000052928925,0.06006399914622307,0.04698959998786449,0.04676800034940243,0.010480979437805564,40,0.19840000569820404,0.2470400035381317,0.20586079955101014,0.20398399978876114,0.010053284950198735,20,0.043327998369932175,0.04800000041723251,0.04524960033595562,0.04532800056040287,0.0013888695074161263,20,,,,,,,0.19315199553966522,0.19881600141525269,0.19551199898123742,0.19526400417089462,0.0012786755405048793,20,0.036607999354600906,0.03782400116324425,0.036956800147891045,0.03678400069475174,0.00036722020974838226,20,0.09008000046014786,0.09251199662685394,0.09104799963533879,0.09092799946665764,0.0005586607203936483,20,0.04931199923157692,0.05084799975156784,0.049905600026249886,0.04980799928307533,0.00042494689098291304,20,0.011008000001311302,0.011487999930977821,0.011203199997544289,0.011152000166475773,0.000133444267407568,20,0.028672000393271446,0.030239999294281006,0.029476800095289947,0.02940800040960312,0.0004436673833904104,20,16,16,2048,10944,102400,True,False,False,2848,2,2048,10944,generic,generic,2816,,CUDA_EVENT,BF16,none
,,,,,,,,,,,,0.030688000842928886,0.12544000148773193,0.04492000006139278,0.04331200011074543,0.01720231985734803,40,0.19836799800395966,0.2502399981021881,0.20694560036063195,0.20471999794244766,0.010591112314172908,20,0.04121600091457367,0.0451200008392334,0.04298240020871162,0.0427360013127327,0.0012252111051363223,20,,,,,,,0.19840000569820404,0.20467199385166168,0.2008592016994953,0.20059200376272202,0.001564739148286309,20,0.03686400130391121,0.03788800165057182,0.03724480010569096,0.03721600025892258,0.00026112921873426483,20,0.08876799792051315,0.09167999774217606,0.09029279947280884,0.09025600180029869,0.0008355167596055863,20,0.049695998430252075,0.05206400156021118,0.05070559997111559,0.050623999908566475,0.0005705052642901683,20,0.011008000001311302,0.011359999887645245,0.011193599877879023,0.01119999960064888,0.00010496780037496409,20,0.026176000013947487,0.028704000636935234,0.027488000132143496,0.02750399988144636,0.0006473180796773192,20,16,16,2048,10944,102400,True,False,False,2816,2,2048,10944,generic,generic,2816,,CUDA_EVENT,BF16,none
,,,,,,,,,,,,0.03094400092959404,0.05999999865889549,0.04321760013699531,0.042320000007748604,0.011590135097731984,40,0.19603200256824493,0.2512960135936737,0.20540960058569907,0.20398399978876114,0.011004162529220552,20,0.04089599847793579,0.0451200008392334,0.042724800296127796,0.04238400049507618,0.001195459124240776,20,,,,,,,0.19299200177192688,0.20262399315834045,0.19463680014014245,0.19388800114393234,0.002147968170089963,20,0.03577600046992302,0.036896001547575,0.036243199557065967,0.03612799942493439,0.00029751391552109964,20,0.08892799913883209,0.09404800087213516,0.0909328006207943,0.09105600044131279,0.0013269501148277494,20,0.04956800118088722,0.052319999784231186,0.05043519996106625,0.050335999578237534,0.0006724493280917387,20,0.010688000358641148,0.011455999687314034,0.01114079998806119,0.011136000044643879,0.0001735906911745684,20,0.026240000501275063,0.02828799933195114,0.027163199800997972,0.027087999507784843,0.000629780249645913,20,16,16,2048,10944,102400,True,False,False,2784,2,2048,10944,generic,generic,2816,,CUDA_EVENT,BF16,none
,,,,,,,,,,,,0.03206399828195572,0.06070400029420853,0.043812799733132124,0.043727999553084373,0.010991202366434309,40,0.19791999459266663,0.25091201066970825,0.205851199477911,0.2035520002245903,0.011189517013247016,20,0.04073600098490715,0.04608000069856644,0.04272159971296787,0.042608000338077545,0.0014225243655861977,20,,,,,,,0.1990080028772354,0.20367999374866486,0.2006991982460022,0.20055999606847763,0.0011969143735388206,20,0.03625600039958954,0.037151999771595,0.03653920032083988,0.03641600161790848,0.0002826657053629988,20,0.08767999708652496,0.09161599725484848,0.09008640050888062,0.09017600119113922,0.0009159271774173505,20,0.049375999718904495,0.05142400041222572,0.05020800046622753,0.05009600147604942,0.0005430582576510672,20,0.010944000445306301,0.011264000087976456,0.011076799966394902,0.011055999901145697,9.28964999140877e-05,20,0.026016000658273697,0.028255999088287354,0.026918399892747403,0.026688000187277794,0.0006240900328144154,20,16,16,2048,10944,102400,True,False,False,2752,2,2048,10944,generic,generic,2816,,CUDA_EVENT,BF16,none
,,,,,,,,,,,,0.0318400003015995,0.0676800012588501,0.04461119994521141,0.04400000162422657,0.011766708821743035,40,0.19833600521087646,0.2463040053844452,0.2073215998709202,0.20526400208473206,0.009809552403560476,20,0.041280001401901245,0.04684799909591675,0.04363519996404648,0.04360000044107437,0.0013263367678543123,20,,,,,,,0.19696000218391418,0.20160000026226044,0.1985552005469799,0.19830399751663208,0.0010869287688653705,20,0.03580800071358681,0.03683200106024742,0.03629760015755892,0.03622400015592575,0.0003077828564192361,20,0.08899199962615967,0.09276799857616425,0.09067199937999249,0.09059199690818787,0.001117963531171224,20,0.04700800031423569,0.04873599857091904,0.04789600018411875,0.04785599932074547,0.0004932439142081699,20,0.01065600011497736,0.011392000131309032,0.011112000001594425,0.011103999800980091,0.00016898752214570073,20,0.026208000257611275,0.02828799933195114,0.027041599992662667,0.02691200003027916,0.0005503138185227211,20,16,16,2048,10944,102400,True,False,False,2720,2,2048,10944,generic,generic,2816,,CUDA_EVENT,BF16,none
,,,,,,,,,,,,0.031039999797940254,0.05830400064587593,0.04321760004386306,0.042639998719096184,0.01148784625034432,40,0.1987520009279251,0.24995200335979462,0.20715359970927238,0.2054239958524704,0.010723298300633158,20,0.041600000113248825,0.04678399860858917,0.043144000321626665,0.04295999929308891,0.0011895163360469139,20,,,,,,,0.18969599902629852,0.21452799439430237,0.19572480022907257,0.19324799627065659,0.006150999728194134,20,0.03488000109791756,0.03641600161790848,0.03564160019159317,0.03561599925160408,0.00033571032961613953,20,0.08816000074148178,0.09417600184679031,0.09129280038177967,0.09112000092864037,0.0016489757394506116,20,0.04899200052022934,0.05036799982190132,0.049584000185132024,0.04944000020623207,0.0004072306743502435,20,0.010688000358641148,0.010944000445306301,0.010806400002911687,0.010784000158309937,7.511485992220514e-05,20,0.026240000501275063,0.027904000133275986,0.026883199997246265,0.026704000309109688,0.0004934541773825689,20,16,16,2048,10944,102400,True,False,False,2688,2,2048,10944,generic,generic,2816,,CUDA_EVENT,BF16,none
,,,,,,,,,,,,0.030912000685930252,0.057440001517534256,0.04303440023213625,0.04265599884092808,0.011345768881782587,40,0.1977279931306839,0.2539199888706207,0.20697759836912155,0.20551999658346176,0.011177344027268981,20,0.041280001401901245,0.045951999723911285,0.042561599798500535,0.04196799919009209,0.0013370668120814434,20,,,,,,,0.18931199610233307,0.21427200734615326,0.19868640080094338,0.195360004901886,0.00768233586069564,20,0.03440000116825104,0.03590400144457817,0.03503519985824823,0.035023998469114304,0.00040632154503419894,20,0.09011200070381165,0.09593600034713745,0.09277119971811772,0.09296000003814697,0.0015750338087838621,20,0.04460800066590309,0.04636799916625023,0.04522399958223104,0.045152001082897186,0.0004606077730499676,20,0.01065600011497736,0.010912000201642513,0.010801600106060506,0.01080000028014183,8.791269570658472e-05,20,0.026335999369621277,0.02876799926161766,0.02732960004359484,0.027248000726103783,0.0005070232926221125,20,16,16,2048,10944,102400,True,False,False,2656,2,2048,10944,generic,generic,2816,,CUDA_EVENT,BF16,none
,,,,,,,,,,,,0.03136000037193298,0.05692800134420395,0.043646400421857835,0.04323199950158596,0.011089710352337447,40,0.19673599302768707,0.2502399981021881,0.20533599928021432,0.20297599583864212,0.010985795561106565,20,0.04163200035691261,0.04636799916625023,0.04320160001516342,0.04259200021624565,0.0014908177033163149,20,,,,,,,0.19017599523067474,0.21529600024223328,0.1991744004189968,0.19702400267124176,0.007327864878043472,20,0.034015998244285583,0.03513599932193756,0.034403199702501296,0.03436800092458725,0.0003015311047090478,20,0.0873280018568039,0.09120000153779984,0.08933760002255439,0.08920000120997429,0.0009060914000506722,20,0.048895999789237976,0.05369599908590317,0.05037439987063408,0.05000000074505806,0.0012080836142767278,20,0.010495999827980995,0.010751999914646149,0.01061440003104508,0.010592000093311071,8.101740097833597e-05,20,0.026208000257611275,0.028351999819278717,0.0269424001686275,0.026959999464452267,0.0006173158984250467,20,16,16,2048,10944,102400,True,False,False,2624,2,2048,10944,generic,generic,2816,,CUDA_EVENT,BF16,none
,,,,,,,,,,,,0.03174399957060814,0.12025599926710129,0.04626479996368289,0.05352000147104263,0.016027102725581496,40,0.1969279944896698,0.3139840066432953,0.2076575994491577,0.20230399817228317,0.024589577293259873,20,0.04057599976658821,0.05135999992489815,0.043147199973464015,0.04227200150489807,0.002902441931537169,20,,,,,,,0.17814399302005768,0.1878719925880432,0.17997759878635405,0.1794240027666092,0.002038629814390052,20,0.03446400165557861,0.035360001027584076,0.034734399430453776,0.034623999148607254,0.0002616334992376262,20,0.11196800321340561,0.11763200163841248,0.11469280049204826,0.11454400047659874,0.001581048089518708,20,0.045184001326560974,0.046720001846551895,0.045822400227189065,0.04568000137805939,0.00043577324767383205,20,0.010528000071644783,0.010975999757647514,0.010766400024294853,0.010751999914646149,0.00011153050524564729,20,0.025407999753952026,0.028255999088287354,0.02704959996044636,0.027023999951779842,0.000712968377808845,20,16,16,2048,10944,102400,True,False,False,2592,2,2048,10944,generic,generic,2816,,CUDA_EVENT,BF16,none
,,,,,,,,,,,,0.03094400092959404,0.05718399956822395,0.043601599801331756,0.043215999379754066,0.011762304801060572,40,0.19993600249290466,0.24995200335979462,0.20712319985032082,0.20497599989175797,0.010479081928726779,20,0.03961599990725517,0.04399999976158142,0.04155679997056723,0.04153599962592125,0.0011793757098879489,20,,,,,,,0.18531200289726257,0.19033600389957428,0.1870176002383232,0.18691200017929077,0.0013172226204569524,20,0.033504001796245575,0.034432001411914825,0.03389760013669729,0.03384000062942505,0.00026755926195013124,20,0.07603199779987335,0.08463999629020691,0.07895040027797222,0.07769600301980972,0.002551015565595106,20,0.04915200173854828,0.05110400170087814,0.050257600471377374,0.050335999578237534,0.0005187035609679248,20,0.010239999741315842,0.010816000401973724,0.010532799968495965,0.010528000071644783,0.00014284881174753475,20,0.024224000051617622,0.02579200081527233,0.024915199913084506,0.024831999093294144,0.0004654213244060148,20,16,16,2048,10944,102400,True,False,False,2560,2,2048,10944,generic,generic,2816,,CUDA_EVENT,BF16,none
,,,,,,,,,,,,0.03177599981427193,0.06364800035953522,0.04328719973564148,0.04275199957191944,0.010758614454768058,40,0.20112000405788422,0.2507840096950531,0.21031520143151283,0.20590399950742722,0.012682927276285455,20,0.04121600091457367,0.06102399900555611,0.044076800160109994,0.04278399981558323,0.004389840118409072,20,,,,,,,0.17635199427604675,0.18544000387191772,0.1782208003103733,0.17761600017547607,0.0019269053283489206,20,0.033055998384952545,0.03411199897527695,0.03351360000669956,0.033440001308918,0.00029417379683915185,20,0.07430399954319,0.07587199658155441,0.07492160052061081,0.0748320035636425,0.00039982007732030744,20,0.04633599892258644,0.04835199937224388,0.047259200178086755,0.0472479984164238,0.0005918939228001447,20,0.010463999584317207,0.010751999914646149,0.010564799932762981,0.010528000071644783,8.837746139102601e-05,20,0.025280000641942024,0.026688000187277794,0.025953600089997052,0.02590399980545044,0.0004353029782538977,20,16,16,2048,10944,102400,True,False,False,2528,2,2048,10944,generic,generic,2816,,CUDA_EVENT,BF16,none
,,,,,,,,,,,,0.03014400042593479,0.06803199648857117,0.0438591999001801,0.0449760016053915,0.012393155636106034,40,0.19724799692630768,0.26444798707962036,0.2083983987569809,0.20558399707078934,0.013384023254468934,20,0.03996799886226654,0.044064000248909,0.04162399992346764,0.0414079986512661,0.0011768811347917668,20,,,,,,,0.17929600179195404,0.18649600446224213,0.18167679905891418,0.18119999766349792,0.0015981572276835743,20,0.033344000577926636,0.034304000437259674,0.03375359959900379,0.03363199904561043,0.0002932151778672807,20,0.07705599814653397,0.08796799927949905,0.0817391999065876,0.08167999982833862,0.0030738033707849994,20,0.04879999905824661,0.05116799846291542,0.050091199949383734,0.050143999978899956,0.0006285598977527784,20,0.010048000141978264,0.010528000071644783,0.010395199945196509,0.010400000028312206,0.00011235370531794694,20,0.02409599907696247,0.033504001796245575,0.02528960006311536,0.02478400059044361,0.0019289422800019117,20,16,16,2048,10944,102400,True,False,False,2496,2,2048,10944,generic,generic,2816,,CUDA_EVENT,BF16,none
,,,,,,,,,,,,0.03200000151991844,0.05455999821424484,0.04229120016098022,0.04161600023508072,0.009859549438725933,40,0.19855999946594238,0.24979199469089508,0.20588000118732452,0.2035360038280487,0.010308538364411807,20,0.041152000427246094,0.04608000069856644,0.04320640005171299,0.04318400099873543,0.0014914746807711125,20,,,,,,,0.1796479970216751,0.18380799889564514,0.1815119981765747,0.18145599961280823,0.0011386273167580628,20,0.032607998698949814,0.03417599946260452,0.03343519978225231,0.03340800106525421,0.00039012153627381014,20,0.07411199808120728,0.07558400183916092,0.07473280057311057,0.07462400197982788,0.0004186258265662691,20,0.044415999203920364,0.0488319993019104,0.04587679952383041,0.04567999951541424,0.0010336678708899635,20,0.009983999654650688,0.01056000031530857,0.010302399890497327,0.010319999884814024,0.00012163160239565432,20,0.02505600079894066,0.026623999699950218,0.02575679998844862,0.02566399984061718,0.0005051439705870196,20,16,16,2048,10944,102400,True,False,False,2464,2,2048,10944,generic,generic,2816,,CUDA_EVENT,BF16,none
,,,,,,,,,,,,0.030751999467611313,0.05788800120353699,0.043580800341442225,0.04303999990224838,0.012126638056344202,40,0.19593599438667297,0.24966399371623993,0.20532479807734488,0.2024799957871437,0.010802828255978343,20,0.03932800143957138,0.04444799944758415,0.041153600066900255,0.040991999208927155,0.0012686484376004442,20,,,,,,,0.17903999984264374,0.1828480064868927,0.18040319979190828,0.18027199804782867,0.001000398811804484,20,0.03251200169324875,0.033535998314619064,0.03295520003885031,0.032816000282764435,0.00030597680033225285,20,0.07507199794054031,0.08832000195980072,0.08133439980447292,0.0827840007841587,0.003920348164639431,20,0.044319998472929,0.04726399853825569,0.045624000020325184,0.04561600089073181,0.0007592753516775033,20,0.010143999941647053,0.010912000201642513,0.010575999971479177,0.010607999749481678,0.00016643075334081631,20,0.023871999233961105,0.02659199945628643,0.024966400023549794,0.024752000346779823,0.0007630910907834828,20,16,16,2048,10944,102400,True,False,False,2432,2,2048,10944,generic,generic,2816,,CUDA_EVENT,BF16,none
,,,,,,,,,,,,0.03171199932694435,0.06230400130152702,0.04269439978525043,0.0424639992415905,0.010340821782031887,40,0.1995519995689392,0.2499839961528778,0.20807840004563333,0.20630399882793427,0.010034815791185876,20,0.04070400074124336,0.04761600121855736,0.04258560035377741,0.042239999398589134,0.001502964971967324,20,,,,,,,0.16991999745368958,0.17440000176429749,0.1713711991906166,0.1708799973130226,0.0011509021279729093,20,0.03267199918627739,0.03376000002026558,0.033111999928951266,0.03302399814128876,0.0003272577934704129,20,0.0735040009021759,0.07478400319814682,0.07393280118703842,0.0737760029733181,0.0003869749827592705,20,0.04435199871659279,0.04604800045490265,0.045150399953126905,0.04504000023007393,0.0004464516009769327,20,0.010015999898314476,0.010463999584317207,0.010118400026112796,0.010080000385642052,0.00010642090594995266,20,0.025151999667286873,0.02675200067460537,0.025894400011748076,0.025791999883949757,0.00046884120822896354,20,16,16,2048,10944,102400,True,False,False,2400,2,2048,10944,generic,generic,2816,,CUDA_EVENT,BF16,none
,,,,,,,,,,,,0.030880000442266464,0.05843200162053108,0.04363680016249418,0.04323199950158596,0.012173637703382761,40,0.19897599518299103,0.24991999566555023,0.20760640054941176,0.20577599853277206,0.010269412266113134,20,0.0398080013692379,0.044319998472929,0.04155999999493361,0.04118399880826473,0.001372903159018004,20,,,,,,,0.17801600694656372,0.18412800133228302,0.1810111992061138,0.18095999956130981,0.0016522161558911968,20,0.0315839983522892,0.032896000891923904,0.032158400304615496,0.03198400139808655,0.00034233626973230707,20,0.07363200187683105,0.0753600001335144,0.07446400001645088,0.07446400076150894,0.00038850717417902983,20,0.04601600021123886,0.04972799867391586,0.04760799985378981,0.04740799963474274,0.0010408054587295523,20,0.010080000385642052,0.010463999584317207,0.01026240000501275,0.010255999863147736,0.00010856428383106091,20,0.023679999634623528,0.025472000241279602,0.024459199886769055,0.02431999985128641,0.00048427691823086527,20,16,16,2048,10944,102400,True,False,False,2368,2,2048,10944,generic,generic,2816,,CUDA_EVENT,BF16,none
,,,,,,,,,,,,0.031808000057935715,0.05488000065088272,0.0420808001421392,0.04156799986958504,0.009831974730669896,40,0.1974399983882904,0.2516160011291504,0.20735039934515953,0.20580800622701645,0.010924882495868303,20,0.041120000183582306,0.046112000942230225,0.04230240024626255,0.04185600019991398,0.0012972629325227452,20,,,,,,,0.16835199296474457,0.17679999768733978,0.17125279903411866,0.17030399292707443,0.00220082979168053,20,0.03155200183391571,0.03296000137925148,0.032014399766922,0.03182400017976761,0.00037297158972832796,20,0.07295999675989151,0.07433599978685379,0.07352159917354584,0.07345600053668022,0.0004006365699055306,20,0.04390399903059006,0.0461760014295578,0.04492479991167784,0.04499199986457825,0.0005936756833187575,20,0.009535999968647957,0.01017600018531084,0.010004800045862794,0.010048000141978264,0.0001335880562303733,20,0.024960000067949295,0.026367999613285065,0.02560639986768365,0.02550400048494339,0.0004230297153059752,20,16,16,2048,10944,102400,True,False,False,2336,2,2048,10944,generic,generic,2816,,CUDA_EVENT,BF16,none
,,,,,,,,,,,,0.03215999901294708,0.058880001306533813,0.044091999996453524,0.043407998979091644,0.010934810656781369,40,0.19910399615764618,0.2516480088233948,0.20754400119185448,0.20518400520086288,0.011010707880016445,20,0.03920000046491623,0.04323200136423111,0.040932800807058814,0.04055999964475632,0.0011187774020842021,20,,,,,,,0.16355200111865997,0.16742399334907532,0.16509920060634614,0.1648320034146309,0.0009926332732445732,20,0.030688000842928886,0.03161599859595299,0.031100799981504678,0.031055999919772148,0.00020858960213663088,20,0.06806399673223495,0.06943999975919724,0.06870239898562432,0.06854400038719177,0.0004429980031605643,20,0.04047999903559685,0.042080000042915344,0.04128959998488426,0.04123200103640556,0.0004421444857875504,20,0.009727999567985535,0.01027199998497963,0.009982400014996529,0.009967999998480082,0.0001297777646768263,20,0.023584000766277313,0.024800000712275505,0.024217600002884865,0.024143999442458153,0.000401800794770023,20,16,16,2048,10944,102400,True,False,False,2304,2,2048,10944,generic,generic,2816,,CUDA_EVENT,BF16,none
,,,,,,,,,,,,0.03206399828195572,0.05491200089454651,0.04279680009931326,0.042848000302910805,0.009835052541791746,40,0.20073600113391876,0.2513599991798401,0.2081584021449089,0.20603200048208237,0.010188010133224313,20,0.03977600112557411,0.04278400167822838,0.040968000143766406,0.040912000462412834,0.0007705210248927652,20,,,,,,,0.16396799683570862,0.17136000096797943,0.1658528007566929,0.16574399918317795,0.0016804394308471541,20,0.030432000756263733,0.03126399964094162,0.030734399892389776,0.030687999911606312,0.0002326280840576086,20,0.06809599697589874,0.06934399902820587,0.06850239858031273,0.06836799904704094,0.00038039668265359605,20,0.04070400074124336,0.04249599948525429,0.04132159985601902,0.04124800115823746,0.0004852087091365335,20,0.00979200005531311,0.010239999741315842,0.009993599960580468,0.009999999776482582,0.00011272907470056375,20,0.023455999791622162,0.02486399933695793,0.024148799758404494,0.024111999198794365,0.0004109570509578359,20,16,16,2048,10944,102400,True,False,False,2272,2,2048,10944,generic,generic,2816,,CUDA_EVENT,BF16,none
,,,,,,,,,,,,0.03129599988460541,0.05923200026154518,0.043970400281250474,0.04374399967491627,0.011274191599908936,40,0.19948799908161163,0.2890239953994751,0.20995999947190286,0.20563200116157532,0.01860473688822925,20,0.03968000039458275,0.04665600135922432,0.041150400415062904,0.040991999208927155,0.001588582469546697,20,,,,,,,0.16288000345230103,0.17075200378894806,0.165294399112463,0.1653279960155487,0.001842419216451421,20,0.030047999694943428,0.031007999554276466,0.03033600002527237,0.03030399978160858,0.00019855480427783962,20,0.06777600198984146,0.0692799985408783,0.06841599866747856,0.068207997828722,0.0004341869031583879,20,0.04057599976658821,0.04217600077390671,0.04122720044106245,0.041152000427246094,0.00043138034846990027,20,0.00979200005531311,0.01017600018531084,0.009988800017163157,0.010015999898314476,0.00010578170601388219,20,0.023391999304294586,0.03984000161290169,0.02484319992363453,0.024000000208616257,0.003466093437356453,20,16,16,2048,10944,102400,True,False,False,2240,2,2048,10944,generic,generic,2816,,CUDA_EVENT,BF16,none
,,,,,,,,,,,,0.03110400028526783,0.055743999779224396,0.04250800018198788,0.042320000007748604,0.009829121293400111,40,0.19945600628852844,0.2505919933319092,0.20795520022511482,0.20712000131607056,0.01022670669980339,20,0.03936000168323517,0.04479999840259552,0.04091359991580248,0.040511999279260635,0.0013701253595334523,20,,,,,,,0.16713599860668182,0.1720000058412552,0.1692704014480114,0.16920000314712524,0.0012560604766141976,20,0.029472000896930695,0.03033600002527237,0.02975679999217391,0.029680000618100166,0.0002517447109326722,20,0.06771200150251389,0.06905599683523178,0.06819519996643067,0.06811199709773064,0.0003986406490144041,20,0.040383998304605484,0.042399998754262924,0.041222399659454824,0.04105599969625473,0.0005357112341556521,20,0.00979200005531311,0.010015999898314476,0.009875199943780898,0.009871999733150005,6.511035097436356e-05,20,0.023360000923275948,0.024800000712275505,0.02406400004401803,0.02401600033044815,0.0004519823859655506,20,16,16,2048,10944,102400,True,False,False,2208,2,2048,10944,generic,generic,2816,,CUDA_EVENT,BF16,none
,,,,,,,,,,,,0.03209599852561951,0.0605119988322258,0.04456159975379705,0.04497599974274635,0.010626151580626844,40,0.19964799284934998,0.25248000025749207,0.20956480056047438,0.208064004778862,0.01082346782441871,20,0.03929600119590759,0.044895999133586884,0.04084000010043383,0.04070400074124336,0.001196939946771657,20,,,,,,,0.1706240028142929,0.17564800381660461,0.17296160012483597,0.1727999970316887,0.0013768360390735458,20,0.029184000566601753,0.030432000756263733,0.029552000295370816,0.0294560007750988,0.00031879756549150497,20,0.06739199906587601,0.06867200136184692,0.06786400079727173,0.06772800162434578,0.0003803660504960637,20,0.04201599955558777,0.04476799815893173,0.043871999718248844,0.04398399963974953,0.0007127457269369332,20,0.009727999567985535,0.010048000141978264,0.009873599931597709,0.009871999733150005,8.188192182470751e-05,20,0.023296000435948372,0.024927999824285507,0.023959999904036522,0.023871999233961105,0.0004461533207040477,20,16,16,2048,10944,102400,True,False,False,2176,2,2048,10944,generic,generic,2816,,CUDA_EVENT,BF16,none
,,,,,,,,,,,,0.03215999901294708,0.05580800026655197,0.043822400365024806,0.043775999918580055,0.0093073773838052,40,0.1993280053138733,0.2555840015411377,0.20857280045747756,0.20731200277805328,0.011067142699733147,20,0.039264000952243805,0.043327998369932175,0.0408592002466321,0.040880000218749046,0.001058676542914923,20,,,,,,,0.16867199540138245,0.18192000687122345,0.1744719997048378,0.17431999742984772,0.0025532491147494947,20,0.028831999748945236,0.029759999364614487,0.029183999821543693,0.029120000079274178,0.0002358031696766722,20,0.06726399809122086,0.06854400038719177,0.06772959977388382,0.06761600077152252,0.00039652577726162784,20,0.0432640016078949,0.04543999955058098,0.044225599803030494,0.044224001467227936,0.0006168182207189334,20,0.009631999768316746,0.01027199998497963,0.009830399975180626,0.009808000177145004,0.00013523556501610144,20,0.023391999304294586,0.02489599958062172,0.024051199946552516,0.023903999477624893,0.00041047410869764564,20,16,16,2048,10944,102400,True,False,False,2144,2,2048,10944,generic,generic,2816,,CUDA_EVENT,BF16,none
,,,,,,,,,,,,0.02879999950528145,0.052671998739242554,0.04004079992882907,0.04209600016474724,0.010061908760909568,40,0.19785599410533905,0.26128000020980835,0.20641759932041168,0.20414400100708008,0.012899174030295165,20,0.03907199949026108,0.043296001851558685,0.04092480018734932,0.04073600098490715,0.0012316011416203978,20,,,,,,,0.15593600273132324,0.16438399255275726,0.15752319991588593,0.15670400112867355,0.0018486850737817174,20,0.028736000880599022,0.02985600009560585,0.029140800051391125,0.029120000079274178,0.00032622360234002687,20,0.06691200286149979,0.07062400132417679,0.06790880039334297,0.0676800012588501,0.0007271307420869945,20,0.04211200028657913,0.04508800059556961,0.043508799932897094,0.04350399971008301,0.000772935709992961,20,0.009472000412642956,0.009759999811649323,0.009606400085613132,0.009600000455975533,6.907838060739917e-05,20,0.023840000852942467,0.024960000067949295,0.024182399921119212,0.024143999442458153,0.00030744986067470555,20,16,16,2048,10944,102400,True,False,False,2112,2,2048,10944,generic,generic,2816,,CUDA_EVENT,BF16,none
,,,,,,,,,,,,0.029343999922275543,0.05222399905323982,0.04048000010661781,0.04017600044608116,0.00995315757068744,40,0.19846400618553162,0.25068798661231995,0.20632479935884476,0.20292799919843674,0.011024831812676984,20,0.038975998759269714,0.04281599819660187,0.04042879976332188,0.039983998984098434,0.0012370972090978167,20,,,,,,,0.15507200360298157,0.15836800634860992,0.15668160021305083,0.1568799987435341,0.0008194180150408109,20,0.02816000021994114,0.029343999922275543,0.028699199948459864,0.02864000014960766,0.0003053066567861186,20,0.06649599969387054,0.07072000205516815,0.06729600094258785,0.06700800359249115,0.0008906123689179019,20,0.04249599948525429,0.04540799930691719,0.04381440002471208,0.04375999979674816,0.000868762949952042,20,0.00940799992531538,0.00979200005531311,0.00956800002604723,0.00955200009047985,9.163403704191021e-05,20,0.023423999547958374,0.02489599958062172,0.024060800112783907,0.024000000208616257,0.00041339481227709626,20,16,16,2048,10944,102400,True,False,False,2080,2,2048,10944,generic,generic,2816,,CUDA_EVENT,BF16,none
,,,,,,,,,,,,0.030368000268936157,0.060256000608205795,0.04097440014593303,0.040480000898242,0.009982443357789353,40,0.19971199333667755,0.2633279860019684,0.20742559880018235,0.2056640014052391,0.01308072085127334,20,0.03830400109291077,0.04451199993491173,0.040296000242233274,0.0399360004812479,0.0015206520547644126,20,,,,,,,0.15145599842071533,0.15833599865436554,0.15292479917407037,0.15246400237083435,0.0015536947073694705,20,0.027904000133275986,0.02879999950528145,0.028219200018793345,0.028176000341773033,0.00020446833254001337,20,0.060864001512527466,0.06207999959588051,0.06135519966483116,0.06120000034570694,0.00037826022328070724,20,0.0363520011305809,0.03811199963092804,0.037148799560964105,0.03705599904060364,0.0004791349992716171,20,0.009375999681651592,0.009824000298976898,0.009524800023064018,0.009503999724984169,0.00012930348506741217,20,0.022336000576615334,0.03705599904060364,0.02673280006274581,0.023760000243782997,0.0051329572901730345,20,16,16,2048,10944,102400,True,False,False,2048,2,2048,10944,generic,generic,2816,,CUDA_EVENT,BF16,none
,,,,,,,,,,,,0.030079999938607216,0.055776000022888184,0.04039440010674298,0.03985599987208843,0.009746617478483616,40,0.20044800639152527,0.2508479952812195,0.20884160101413726,0.20745600014925003,0.010395415026558052,20,0.0379519984126091,0.04572800174355507,0.040056000277400014,0.03944000042974949,0.0018700949250615188,20,,,,,,,0.15033599734306335,0.1544640064239502,0.15236320048570634,0.15200000256299973,0.001152901364509907,20,0.02783999964594841,0.02876799926161766,0.0280736000277102,0.027936000376939774,0.0002698455583777962,20,0.0607680007815361,0.06217600032687187,0.061254399828612804,0.061103999614715576,0.0003858091206820378,20,0.03606399893760681,0.03791999816894531,0.03688959963619709,0.03697599843144417,0.0004923839099700704,20,0.009216000325977802,0.009664000011980534,0.009465600131079555,0.009472000412642956,0.00010545441442847565,20,0.02223999984562397,0.03542400151491165,0.025057600252330302,0.02416000049561262,0.0034169571085646113,20,16,16,2048,10944,102400,True,False,False,2032,2,2048,10944,generic,generic,2816,,CUDA_EVENT,BF16,none
,,,,,,,,,,,,0.030751999467611313,0.0522879995405674,0.04043760001659393,0.040063999593257904,0.009150996774722548,40,0.19990399479866028,0.2510719895362854,0.20804639905691147,0.2062080055475235,0.010360931866883189,20,0.03779200091958046,0.04335999861359596,0.03927199989557266,0.038816001266241074,0.001349545163289618,20,,,,,,,0.14681600034236908,0.15033599734306335,0.14833760261535645,0.14822400361299515,0.0009817511293427096,20,0.027871999889612198,0.0289280004799366,0.0283071999438107,0.02816000021994114,0.00033932059427599007,20,0.06108799949288368,0.06252799928188324,0.06155520007014274,0.06140799820423126,0.00040317457661239093,20,0.036320000886917114,0.03807999938726425,0.03709280025213957,0.03699199855327606,0.0004924544249933981,20,0.00886400043964386,0.009727999567985535,0.009475199924781918,0.009503999724984169,0.0001674733575675851,20,0.022016000002622604,0.036639999598264694,0.02892000013962388,0.02851200010627508,0.005318847253047516,20,16,16,2048,10944,102400,True,False,False,2016,2,2048,10944,generic,generic,2816,,CUDA_EVENT,BF16,none
,,,,,,,,,,,,0.030368000268936157,0.05596800148487091,0.04123120028525591,0.043535999953746796,0.009146238721164593,40,0.20054399967193604,0.2515519857406616,0.20907520055770873,0.20633599907159805,0.01047642508280838,20,0.038336001336574554,0.04521600157022476,0.03976800031960011,0.0390079990029335,0.0016820524465604655,20,,,,,,,0.14713600277900696,0.15174399316310883,0.14887039810419084,0.14868800342082977,0.001254162105268933,20,0.027775999158620834,0.029120000079274178,0.02824800005182624,0.02820800058543682,0.00031138390663763225,20,0.06063999980688095,0.062144000083208084,0.06114879995584488,0.06099199876189232,0.00042233940184744696,20,0.035999998450279236,0.038015998899936676,0.03705599997192621,0.037087999284267426,0.0005026142129299641,20,0.008799999952316284,0.009664000011980534,0.00945120006799698,0.009472000412642956,0.00016666907901631084,20,0.022495999932289124,0.03811199963092804,0.029742399975657464,0.02816000021994114,0.0054135681627069275,20,16,16,2048,10944,102400,True,False,False,2000,2,2048,10944,generic,generic,2816,,CUDA_EVENT,BF16,none
,,,,,,,,,,,,0.031168000772595406,0.0517439991235733,0.0406680001411587,0.03996800072491169,0.00866270246171917,40,0.2011840045452118,0.2537600100040436,0.2083344005048275,0.20560000091791153,0.010794700359516355,20,0.037856001406908035,0.043935999274253845,0.039571200124919416,0.03924800083041191,0.0015475694965715516,20,,,,,,,0.15027199685573578,0.15583999454975128,0.1526016004383564,0.1523040011525154,0.001570370246987759,20,0.0272000003606081,0.028095999732613564,0.02756479987874627,0.02751999907195568,0.00021260134779669274,20,0.06067200005054474,0.061792001128196716,0.06107840053737164,0.060864001512527466,0.0003937558375686744,20,0.036159999668598175,0.03824000060558319,0.03717279992997646,0.03711999952793121,0.0004832188053815834,20,0.009312000125646591,0.009568000212311745,0.009438400063663721,0.009440000168979168,6.5950332333838e-05,20,0.02236800082027912,0.03811199963092804,0.028318400122225286,0.02721599955111742,0.005177798478244262,20,16,16,2048,10944,102400,True,False,False,1984,2,2048,10944,generic,generic,2816,,CUDA_EVENT,BF16,none
,,,,,,,,,,,,0.030912000685930252,0.0533440001308918,0.041198399802669886,0.04092800058424473,0.009238757879946087,40,0.20175999402999878,0.2580159902572632,0.20948959663510322,0.207567997276783,0.011575432097895745,20,0.03791999816894531,0.046720001846551895,0.039865600131452086,0.03935999982059002,0.0018443391600936505,20,,,,,,,0.14668799936771393,0.1499200016260147,0.14828799962997435,0.14847999811172485,0.0008035758661353247,20,0.02751999907195568,0.028416000306606293,0.02791039990261197,0.02779199928045273,0.000300459592439058,20,0.06063999980688095,0.06176000088453293,0.06102720014750958,0.060912000015378,0.0003362131204196585,20,0.036448001861572266,0.03811199963092804,0.03701119963079691,0.03670400008559227,0.0005542011243863956,20,0.009088000282645226,0.010784000158309937,0.009463999979197979,0.009391999803483486,0.00032990667227326324,20,0.02208000048995018,0.037728000432252884,0.0314256003126502,0.031568000093102455,0.004127373310498899,20,16,16,2048,10944,102400,True,False,False,1968,2,2048,10944,generic,generic,2816,,CUDA_EVENT,BF16,none
,,,,,,,,,,,,0.03139200061559677,0.052671998739242554,0.04112160000950098,0.04092799872159958,0.008885486984782195,40,0.19974400103092194,0.2520639896392822,0.20902240127325059,0.2075200006365776,0.010227011729967735,20,0.03798399865627289,0.04073600098490715,0.039316799864172934,0.03908799961209297,0.0009208150171503718,20,,,,,,,0.14640000462532043,0.15091200172901154,0.14824640080332757,0.14804799854755402,0.0011799768235089265,20,0.027135999873280525,0.02816000021994114,0.027663999982178212,0.02763199992477894,0.00024380983374783273,20,0.060864001512527466,0.061983998864889145,0.06123680006712675,0.06111999973654747,0.0003445429936346292,20,0.03622400015592575,0.038015998899936676,0.03700959980487824,0.036927999928593636,0.0004871438844778097,20,0.009247999638319016,0.009535999968647957,0.009374399995431304,0.009360000025480986,9.021225931923144e-05,20,0.021695999428629875,0.037567999213933945,0.030543999932706355,0.030224000103771687,0.004666621571998521,20,16,16,2048,10944,102400,True,False,False,1952,2,2048,10944,generic,generic,2816,,CUDA_EVENT,BF16,none
,,,,,,,,,,,,0.031168000772595406,0.05379199981689453,0.04058240014128387,0.04049600102007389,0.008743458199454431,40,0.19884799420833588,0.2624320089817047,0.20967039987444877,0.20742399990558624,0.012674036493844694,20,0.0382080003619194,0.0424639992415905,0.03994239997118711,0.039823999628424644,0.0010806147946921256,20,,,,,,,0.1464959979057312,0.15091200172901154,0.14847199916839598,0.1483839973807335,0.0012095781352458336,20,0.027008000761270523,0.028095999732613564,0.027470399998128413,0.02739199995994568,0.0003254690721515019,20,0.06047999858856201,0.0615679994225502,0.06081759966909885,0.06063999980688095,0.00037855836588661623,20,0.03667199984192848,0.041600000113248825,0.038713600300252435,0.039135999977588654,0.0014361761519005461,20,0.00886400043964386,0.009568000212311745,0.009291200060397386,0.009312000125646591,0.00013624445500773664,20,0.02470399998128414,0.039583999663591385,0.03164800005033612,0.03169600013643503,0.004855508342462457,20,16,16,2048,10944,102400,True,False,False,1936,2,2048,10944,generic,generic,2816,,CUDA_EVENT,BF16,none
,,,,,,,,,,,,0.028863999992609024,0.05881600081920624,0.04038480003364384,0.03960000071674585,0.010650991150514948,40,0.2006720006465912,0.24806399643421173,0.21009119972586632,0.20654399693012238,0.011958916061882647,20,0.03791999816894531,0.042527999728918076,0.039879999868571755,0.03964800015091896,0.0013257379584579274,20,,,,,,,0.1552640050649643,0.16156800091266632,0.15888000056147575,0.15993599593639374,0.0021603194633109855,20,0.025855999439954758,0.02687999978661537,0.026236800011247396,0.02619200013577938,0.00025437462859009716,20,0.06028800085186958,0.061824001371860504,0.06090240012854338,0.0607680007815361,0.0004074946025432786,20,0.033663999289274216,0.03564799949526787,0.034780799970030786,0.03480000048875809,0.00047376234244654445,20,0.009151999838650227,0.009440000168979168,0.009316800022497773,0.009312000125646591,7.921214874713016e-05,20,0.021727999672293663,0.03763199970126152,0.025057600066065788,0.022512000054121017,0.004354957232027391,20,16,16,2048,10944,102400,True,False,False,1920,2,2048,10944,generic,generic,2816,,CUDA_EVENT,BF16,none
,,,,,,,,,,,,0.029152000322937965,0.05471999943256378,0.03979279999621212,0.03924800083041191,0.009553326370401776,40,0.19977599382400513,0.25123199820518494,0.2084991991519928,0.20643199980258942,0.010423669757658212,20,0.03711999952793121,0.04012800008058548,0.03822719994932413,0.03811199963092804,0.0006882901887487961,20,,,,,,,0.14239999651908875,0.15167999267578125,0.14438880011439323,0.1444000005722046,0.0019550718478631903,20,0.0261439997702837,0.027168000116944313,0.02655840003862977,0.02643200010061264,0.00031621365455732504,20,0.05881600081920624,0.05993599817156792,0.059164800494909284,0.058960000053048134,0.00038184695074601016,20,0.0344959981739521,0.03622400015592575,0.03530079983174801,0.03519999980926514,0.0005013163450302824,20,0.009119999594986439,0.009503999724984169,0.009313599951565266,0.009279999881982803,0.00011514453392039136,20,0.02566399984061718,0.038176000118255615,0.03305920027196407,0.03372799977660179,0.0031373858317798636,20,16,16,2048,10944,102400,True,False,False,1904,2,2048,10944,generic,generic,2816,,CUDA_EVENT,BF16,none
,,,,,,,,,,,,0.028384000062942505,0.05379199981689453,0.04013839997351169,0.040063999593257904,0.010538138418543655,40,0.2009280025959015,0.26211199164390564,0.20920959934592248,0.20742399990558624,0.012568311376402533,20,0.03705599904060364,0.04211200028657913,0.03898239973932505,0.03855999931693077,0.0014918524465497836,20,,,,,,,0.14243200421333313,0.1472640037536621,0.14408160001039505,0.14406400173902512,0.0012776564583417472,20,0.026016000658273697,0.026623999699950218,0.026281600166112185,0.026271999813616276,0.00022033554281213508,20,0.05859199911355972,0.05984000116586685,0.05896959993988275,0.05878400057554245,0.00039485966661719136,20,0.03452799841761589,0.03619199991226196,0.03522559981793165,0.035151999443769455,0.0005037944334938471,20,0.009088000282645226,0.009440000168979168,0.009257599897682666,0.009247999638319016,9.971484721715467e-05,20,0.03174399957060814,0.03747199848294258,0.03540000002831221,0.03604799881577492,0.0014435109926502507,20,16,16,2048,10944,102400,True,False,False,1888,2,2048,10944,generic,generic,2816,,CUDA_EVENT,BF16,none
,,,,,,,,,,,,0.03097599931061268,0.05612799897789955,0.04117839983664453,0.04078399948775768,0.009471153550470674,40,0.19888000190258026,0.2510719895362854,0.2082591988146305,0.20659200102090836,0.010864561261472816,20,0.03699199855327606,0.04163200035691261,0.038543999567627905,0.038047999143600464,0.0013790665564795913,20,,,,,,,0.1404159963130951,0.14496000111103058,0.14209119975566864,0.1419999971985817,0.0011335537846721242,20,0.026208000257611275,0.027488000690937042,0.02653760015964508,0.026464000344276428,0.00030054467340322595,20,0.05846399813890457,0.05958399921655655,0.05886079967021942,0.058687999844551086,0.00034515558700774215,20,0.034752000123262405,0.036320000886917114,0.0355120001360774,0.03551999852061272,0.00043381841817764213,20,0.008991999551653862,0.009312000125646591,0.009183999942615628,0.009184000082314014,7.297131317194422e-05,20,0.03049599938094616,0.03711999952793121,0.03545919945463538,0.035840000957250595,0.0013183027098649404,20,16,16,2048,10944,102400,True,False,False,1872,2,2048,10944,generic,generic,2816,,CUDA_EVENT,BF16,none
,,,,,,,,,,,,0.028736000880599022,0.05548800155520439,0.03988960003480315,0.03961599990725517,0.010261949015438728,40,0.19846400618553162,0.25113600492477417,0.20846720039844513,0.20704000443220139,0.01083384789478195,20,0.037856001406908035,0.04185599833726883,0.039367999881505966,0.03892800025641918,0.0011441003859560398,20,,,,,,,0.1536960005760193,0.16486400365829468,0.15958720147609712,0.15889599919319153,0.002719903547726746,20,0.025151999667286873,0.026176000013947487,0.025388799980282782,0.025359999388456345,0.00020198058773023247,20,0.059808000922203064,0.061983998864889145,0.06055359989404678,0.06036800146102905,0.0005372852849338642,20,0.03392000123858452,0.03654399886727333,0.0350399998947978,0.0348959993571043,0.0007764867620733323,20,0.00902399979531765,0.00940799992531538,0.009179199999198317,0.009184000082314014,0.00010333321001135258,20,0.021663999184966087,0.03302399814128876,0.024539199750870468,0.02254399936646223,0.0034430166679600836,20,16,16,2048,10944,102400,True,False,False,1856,2,2048,10944,generic,generic,2816,,CUDA_EVENT,BF16,none
,,,,,,,,,,,,0.028863999992609024,0.0525440014898777,0.04037840012460947,0.04187200032174587,0.01034113293505343,40,0.1987520009279251,0.2531839907169342,0.2080095998942852,0.20585600286722183,0.010941902938033373,20,0.037248000502586365,0.04342399910092354,0.03882560059428215,0.038496000692248344,0.0012205429033632041,20,,,,,,,0.1406400054693222,0.14425599575042725,0.14197439923882485,0.14168000221252441,0.0010556645731595335,20,0.025631999596953392,0.02672000043094158,0.02605119990184903,0.02598400041460991,0.0003325382926970405,20,0.058111999183893204,0.059167999774217606,0.058454399928450584,0.05833600088953972,0.0003252527789519469,20,0.03452799841761589,0.03619199991226196,0.03545440007001162,0.035472000017762184,0.00045271513867664777,20,0.008991999551653862,0.009247999638319016,0.009131199913099408,0.009119999594986439,6.260484636857632e-05,20,0.029888000339269638,0.03625600039958954,0.03532960042357445,0.03587200120091438,0.0014762536766167937,20,16,16,2048,10944,102400,True,False,False,1840,2,2048,10944,generic,generic,2816,,CUDA_EVENT,BF16,none
,,,,,,,,,,,,0.028991999104619026,0.053599998354911804,0.0402983998414129,0.04198399931192398,0.01034712817803355,40,0.19961600005626678,0.25040000677108765,0.20826560035347938,0.206496000289917,0.010180865553829169,20,0.03779200091958046,0.042047999799251556,0.03928480036556721,0.038784001022577286,0.0013189387155672961,20,,,,,,,0.14204800128936768,0.14521600306034088,0.14373920038342475,0.14369600266218185,0.0009122692596347518,20,0.025119999423623085,0.025760000571608543,0.02544960007071495,0.02542399987578392,0.00018329620470675697,20,0.05814399942755699,0.0626240000128746,0.05895679984241724,0.05857599899172783,0.0010601326952000873,20,0.03455999866127968,0.036159999668598175,0.0352352000772953,0.03518399968743324,0.00047332965524255394,20,0.008960000239312649,0.00940799992531538,0.009123200085014105,0.009088000282645226,0.00010462578005254248,20,0.03340800106525421,0.03622400015592575,0.035625600069761273,0.035760000348091125,0.0005688530681398563,20,16,16,2048,10944,102400,True,False,False,1824,2,2048,10944,generic,generic,2816,,CUDA_EVENT,BF16,none
,,,,,,,,,,,,0.02876799926161766,0.052480001002550125,0.04027839992195368,0.04326399974524975,0.010336290355778021,40,0.2001280039548874,0.251583993434906,0.2080063998699188,0.20583999902009964,0.010679155052461016,20,0.03718400001525879,0.04076800122857094,0.038809600099921224,0.03846400044858456,0.0010728646196174966,20,,,,,,,0.13948799669742584,0.14531199634075165,0.14193120002746581,0.1417120024561882,0.0013905192645886552,20,0.02521600015461445,0.026335999369621277,0.02554559987038374,0.025472000241279602,0.00025801204754193665,20,0.05795200169086456,0.06543999910354614,0.0611904002726078,0.061455998569726944,0.0025024451838772037,20,0.033824000507593155,0.0352960005402565,0.034411200508475306,0.03433600068092346,0.00040795606163240774,20,0.008832000195980072,0.009344000369310379,0.009046399919316172,0.009039999917149544,0.00012356321849135121,20,0.03097599931061268,0.036448001861572266,0.034846399817615746,0.03526400029659271,0.0014464382008995255,20,16,16,2048,10944,102400,True,False,False,1808,2,2048,10944,generic,generic,2816,,CUDA_EVENT,BF16,none
,,,,,,,,,,,,0.02985600009560585,0.05663999915122986,0.04013520022854209,0.04126400128006935,0.009232400749913822,40,0.20006400346755981,0.25648000836372375,0.21019040122628213,0.20520000159740448,0.013785071487326678,20,0.03788800165057182,0.04249599948525429,0.03971520010381937,0.03939200006425381,0.0013460897289004558,20,,,,,,,0.1340479999780655,0.14271999895572662,0.13738079965114594,0.13742399960756302,0.0022042236358755215,20,0.02505600079894066,0.026367999613285065,0.025382399931550025,0.025295999832451344,0.0003128152326204476,20,0.058880001306533813,0.060447998344898224,0.05932640004903078,0.059248000383377075,0.0003796383431129409,20,0.0344959981739521,0.03641600161790848,0.035443200170993804,0.03534400090575218,0.0005334892605739846,20,0.008895999751985073,0.009184000082314014,0.00905119995586574,0.009056000038981438,8.422451683521511e-05,20,0.03561599925160408,0.038975998759269714,0.03667839970439672,0.03657599911093712,0.0006894198211135904,20,16,16,2048,10944,102400,True,False,False,1792,2,2048,10944,generic,generic,2816,,CUDA_EVENT,BF16,none
,,,,,,,,,,,,0.029952000826597214,0.049855999648571014,0.039460799936205146,0.03907199949026108,0.008610380588824207,40,0.19926400482654572,0.24383999407291412,0.2079167991876602,0.20600000023841858,0.00911690139201994,20,0.03574400022625923,0.04793599992990494,0.03821759968996048,0.03747199848294258,0.002662528823949651,20,,,,,,,0.13955199718475342,0.14473600685596466,0.14140159860253335,0.1411999985575676,0.0011434632800266323,20,0.02470399998128414,0.025728000327944756,0.024975999910384416,0.024960000067949295,0.00021093315317259292,20,0.05417599901556969,0.055456001311540604,0.0547903997823596,0.05471999943256378,0.00038766270563928755,20,0.03347200155258179,0.03542400151491165,0.03426399976015091,0.03420799970626831,0.0005403053024207286,20,0.008576000109314919,0.009535999968647957,0.009079999988898635,0.009088000282645226,0.00019303049923007542,20,0.0315839983522892,0.03510399907827377,0.034251200035214424,0.03440000116825104,0.0006863444078966393,20,16,16,2048,10944,102400,True,False,False,1776,2,2048,10944,generic,generic,2816,,CUDA_EVENT,BF16,none
,,,,,,,,,,,,0.03097599931061268,0.051263999193906784,0.0394960000179708,0.03876800090074539,0.00782651512136394,40,0.19961600005626678,0.24886399507522583,0.20709759891033172,0.20529600232839584,0.010221846010669068,20,0.03625600039958954,0.041120000183582306,0.03808160051703453,0.037615999579429626,0.001475490498030505,20,,,,,,,0.13731199502944946,0.1414719969034195,0.13944639936089515,0.13951999694108963,0.0010327672322170587,20,0.025087999179959297,0.025919999927282333,0.02530399998649955,0.025248000398278236,0.00018351239406035766,20,0.05407999828457832,0.055424001067876816,0.05460799969732762,0.054496001452207565,0.0003960122014724827,20,0.03446400165557861,0.03641600161790848,0.03512000013142824,0.03494399972259998,0.0004945527628229309,20,0.008895999751985073,0.009247999638319016,0.009091200027614831,0.009088000282645226,9.857876388531566e-05,20,0.033952001482248306,0.034591998904943466,0.0343343997374177,0.03433600068092346,0.0001762830176366571,20,16,16,2048,10944,102400,True,False,False,1760,2,2048,10944,generic,generic,2816,,CUDA_EVENT,BF16,none
,,,,,,,,,,,,0.03152000159025192,0.05612799897789955,0.04041679985821247,0.04281600005924702,0.007939851931861492,40,0.20083199441432953,0.2500160038471222,0.2076752007007599,0.2046400010585785,0.011215251355020987,20,0.03593600168824196,0.0414079986512661,0.037734399922192095,0.03707199916243553,0.0016194212215538471,20,,,,,,,0.13753600418567657,0.14159999787807465,0.13916000053286554,0.13889600336551666,0.00100740837453113,20,0.024671999737620354,0.025472000241279602,0.02503519980236888,0.025008000433444977,0.00022222731569289137,20,0.053888000547885895,0.05686400085687637,0.054609599709510806,0.05438400059938431,0.0006708926222487342,20,0.03331200033426285,0.034752000123262405,0.03410560023039579,0.03403200022876263,0.00039654140480353437,20,0.008767999708652496,0.009151999838650227,0.008993599889799952,0.008991999551653862,0.00010092681125267809,20,0.03372799977660179,0.03478400036692619,0.03420479986816645,0.0342399999499321,0.00023512943695038567,20,16,16,2048,10944,102400,True,False,False,1744,2,2048,10944,generic,generic,2816,,CUDA_EVENT,BF16,none
,,,,,,,,,,,,0.03142400085926056,0.04982399940490723,0.039692800305783746,0.03975999914109707,0.007247557550589675,40,0.1982399970293045,0.2520639896392822,0.20549439936876296,0.20390399545431137,0.011079187023956,20,0.03705599904060364,0.04163200035691261,0.039105600118637084,0.03900800086557865,0.0011430980929238205,20,,,,,,,0.13247999548912048,0.13583999872207642,0.13418879956007004,0.13414399325847626,0.0009681470650218217,20,0.024447999894618988,0.025280000641942024,0.024795200023800135,0.02473600022494793,0.00022611008247290843,20,0.05875200033187866,0.059808000922203064,0.05915520004928112,0.05907199904322624,0.0003550988142992828,20,0.0342399999499321,0.035840000957250595,0.035051200166344644,0.034912001341581345,0.0004503113302273152,20,0.008799999952316284,0.00940799992531538,0.008975999942049385,0.008975999895483255,0.00012414179734339774,20,0.0360959991812706,0.03683200106024742,0.03643839992582798,0.036480000242590904,0.00020342029034198716,20,16,16,2048,10944,102400,True,False,False,1728,2,2048,10944,generic,generic,2816,,CUDA_EVENT,BF16,none
,,,,,,,,,,,,0.03174399957060814,0.05571199953556061,0.04060239987447858,0.04012800008058548,0.007771300226824131,40,0.19702400267124176,0.2433599978685379,0.20705440044403076,0.20361600071191788,0.010867778746103316,20,0.03622400015592575,0.041152000427246094,0.03763999976217747,0.03731199912726879,0.0013267416474987469,20,,,,,,,0.13184000551700592,0.13574400544166565,0.13424799963831902,0.13424000144004822,0.0009325053758224756,20,0.024191999807953835,0.025439999997615814,0.024563200119882823,0.024464000016450882,0.0003381113841039077,20,0.05392000079154968,0.05750399827957153,0.054870400205254556,0.0546719990670681,0.0010236547325548461,20,0.032127998769283295,0.033535998314619064,0.032905600033700466,0.032816000282764435,0.00042224249737769255,20,0.008799999952316284,0.015615999698638916,0.009265600005164742,0.008911999873816967,0.0014615095005659972,20,0.034015998244285583,0.03561599925160408,0.034470399655401704,0.034352000802755356,0.000373674504083939,20,16,16,2048,10944,102400,True,False,False,1712,2,2048,10944,generic,generic,2816,,CUDA_EVENT,BF16,none
,,,,,,,,,,,,0.03215999901294708,0.05270399898290634,0.04076559953391552,0.04041599854826927,0.007523074895571947,40,0.1987839937210083,0.258976012468338,0.208262400329113,0.20660799741744995,0.012298838044826715,20,0.03625600039958954,0.03961599990725517,0.037735999748110774,0.03750399872660637,0.0009461331173520498,20,,,,,,,0.13318400084972382,0.13619199395179749,0.13434239849448204,0.13420800119638443,0.0008203237030480941,20,0.02396799996495247,0.02505600079894066,0.02428960017859936,0.02425600029528141,0.00027199551565470874,20,0.05395200103521347,0.05478399991989136,0.054231999814510344,0.05411199852824211,0.0002886876327086822,20,0.032416000962257385,0.033695999532938004,0.03294879999011755,0.03286400064826012,0.00037771874872097463,20,0.00854399986565113,0.014688000082969666,0.009224000060930848,0.008895999751985073,0.001275065497334239,20,0.03372799977660179,0.03484800085425377,0.034310399927198885,0.034304000437259674,0.00027164198290808043,20,16,16,2048,10944,102400,True,False,False,1696,2,2048,10944,generic,generic,2816,,CUDA_EVENT,BF16,none
,,,,,,,,,,,,0.02956799976527691,0.05407999828457832,0.04005039986222982,0.03872000053524971,0.00950349071688397,40,0.19702400267124176,0.2503040134906769,0.20627040043473244,0.20422399789094925,0.010680519573424306,20,0.03590400144457817,0.04108799993991852,0.038003200106322764,0.037936000153422356,0.0015896431832466158,20,,,,,,,0.13254399597644806,0.13699199259281158,0.13448639959096909,0.13441599905490875,0.0012633766573424197,20,0.023520000278949738,0.02486399933695793,0.024035200010985136,0.024000000208616257,0.0003090775142132877,20,0.053599998354911804,0.05974400043487549,0.0554367994889617,0.054576000198721886,0.001948203516139978,20,0.032416000962257385,0.033952001482248306,0.032827199809253214,0.03268799930810928,0.0003992026905172017,20,0.008767999708652496,0.014527999795973301,0.009243200020864605,0.008895999751985073,0.0012325307477360334,20,0.03385600075125694,0.03478400036692619,0.03432959970086813,0.034352000802755356,0.0002099843329532357,20,16,16,2048,10944,102400,True,False,False,1680,2,2048,10944,generic,generic,2816,,CUDA_EVENT,BF16,none
,,,,,,,,,,,,0.031231999397277832,0.05257600173354149,0.040484000090509654,0.03945600055158138,0.008607548435142423,40,0.19763199985027313,0.2502720057964325,0.2082336001098156,0.20630399882793427,0.010527291794873491,20,0.03836800158023834,0.04179200157523155,0.03980159983038902,0.03948799893260002,0.0011558426719566362,20,,,,,,,0.13305599987506866,0.13635200262069702,0.13462240025401115,0.13446400314569473,0.000894770617993275,20,0.022943999618291855,0.024288000538945198,0.02372639989480376,0.023679999634623528,0.00028576480541322075,20,0.0589120015501976,0.05993599817156792,0.0593232000246644,0.05923200026154518,0.00030614366760903266,20,0.03110400028526783,0.034143999218940735,0.031836800277233124,0.03147200122475624,0.0007577918004744966,20,0.008736000396311283,0.01104000024497509,0.008952000038698315,0.008816000074148178,0.0004895974043185063,20,0.03580800071358681,0.038336001336574554,0.03655840028077364,0.036447999998927116,0.0005241044257290979,20,16,16,2048,10944,102400,True,False,False,1664,2,2048,10944,generic,generic,2816,,CUDA_EVENT,BF16,none
,,,,,,,,,,,,0.03014400042593479,0.05027199909090996,0.03937040017917752,0.03868800029158592,0.008433351997304401,40,0.19625599682331085,0.2486719936132431,0.20660799816250802,0.20475199818611145,0.010436295401720723,20,0.03532800078392029,0.04044799879193306,0.037016000226140024,0.03678400069475174,0.001165251492299431,20,,,,,,,0.1329919993877411,0.14192000031471252,0.13483839929103852,0.13422399759292603,0.0020964549955388317,20,0.02319999970495701,0.023903999477624893,0.023539199959486723,0.023552000522613525,0.00020172701762282525,20,0.050912000238895416,0.052352000027894974,0.051449600234627725,0.05135999992489815,0.00038167317855060536,20,0.03200000151991844,0.033344000577926636,0.032489600032567977,0.0323840007185936,0.0003563514316205167,20,0.00863999966531992,0.01548799965530634,0.009974399907514453,0.008944000117480755,0.001930268538306328,20,0.03254399821162224,0.03433600068092346,0.033486399613320825,0.03359999880194664,0.00039652588924698546,20,16,16,2048,10944,102400,True,False,False,1648,2,2048,10944,generic,generic,2816,,CUDA_EVENT,BF16,none
,,,,,,,,,,,,0.03062400035560131,0.04995200037956238,0.039632800174877046,0.03891200013458729,0.008006531759198373,40,0.1993280053138733,0.2513279914855957,0.20678079947829248,0.20496000349521637,0.010542926736857009,20,0.03670400008559227,0.04620800167322159,0.03839359991252422,0.037808001041412354,0.002091405358174835,20,,,,,,,0.13337600231170654,0.13673600554466248,0.1350383996963501,0.1350720003247261,0.001013519336143121,20,0.02287999913096428,0.02377600036561489,0.02323839981108904,0.023151999339461327,0.00024320000635635327,20,0.05344000086188316,0.05500800162553787,0.054009600169956686,0.053807999938726425,0.0004890455366979377,20,0.03235200047492981,0.03372799977660179,0.032846399769186976,0.03271999955177307,0.00038272818768999857,20,0.00863999966531992,0.017920000478625298,0.009305600030347704,0.008799999952316284,0.0019856922914412082,20,0.03356799855828285,0.03929600119590759,0.03447040002793074,0.03428800031542778,0.0011474402102412266,20,16,16,2048,10944,102400,True,False,False,1632,2,2048,10944,generic,generic,2816,,CUDA_EVENT,BF16,none
,,,,,,,,,,,,0.03155200183391571,0.05951999872922897,0.04020399982109666,0.03985599987208843,0.00798303025170013,40,0.1990080028772354,0.2537919878959656,0.2073664002120495,0.20451200008392334,0.01172655309213214,20,0.03545600175857544,0.04054399952292442,0.037220800295472145,0.03713599964976311,0.0013280682623714416,20,,,,,,,0.12518399953842163,0.13683199882507324,0.12758079990744592,0.12707199901342392,0.0023278957659918823,20,0.022816000506281853,0.02412799932062626,0.023507200181484222,0.023471999913454056,0.00031457772406322926,20,0.05052800104022026,0.05222399905323982,0.05143360011279583,0.05127999931573868,0.00041699575624622084,20,0.030719999223947525,0.03519999980926514,0.031224000081419945,0.030991999432444572,0.0009364511783537976,20,0.008704000152647495,0.020031999796628952,0.011467200051993132,0.01006399979814887,0.0031652073892852626,20,0.03276799991726875,0.034015998244285583,0.03328479956835508,0.033263999968767166,0.000304298560452762,20,16,16,2048,10944,102400,True,False,False,1616,2,2048,10944,generic,generic,2816,,CUDA_EVENT,BF16,none
,,,,,,,,,,,,0.03129599988460541,0.050335999578237534,0.03988640001043677,0.03952000103890896,0.007612274500638075,40,0.19891199469566345,0.2560960054397583,0.20754880085587502,0.2054079994559288,0.011599535245820913,20,0.03843199834227562,0.042527999728918076,0.040059199742972854,0.03972800076007843,0.0012630187212714808,20,,,,,,,0.13228799402713776,0.1372479945421219,0.13442879989743234,0.13447999954223633,0.0012808752086859326,20,0.02239999920129776,0.02316799946129322,0.022716799937188625,0.0226879995316267,0.0001593264904124533,20,0.058559998869895935,0.06028800085186958,0.05933120027184487,0.05931200087070465,0.00048802885972818984,20,0.03081599995493889,0.03392000123858452,0.032347199972718954,0.03246399946510792,0.0009138943239402232,20,0.008576000109314919,0.009088000282645226,0.008787200134247542,0.008767999708652496,0.00011511110411005791,20,0.03606399893760681,0.03728000074625015,0.036691199988126755,0.036687999963760376,0.00031862102303088514,20,16,16,2048,10944,102400,True,False,False,1600,2,2048,10944,generic,generic,2816,,CUDA_EVENT,BF16,none
,,,,,,,,,,,,0.03167999908328056,0.06035200133919716,0.04096480011940003,0.04440000094473362,0.008176023958180791,40,0.19881600141525269,0.2512640058994293,0.20833439975976945,0.2051679939031601,0.011402268560003153,20,0.03516799956560135,0.046751998364925385,0.038153599947690964,0.036639999598264694,0.003328293578089238,20,,,,,,,0.12460800260305405,0.13385599851608276,0.127352000400424,0.12673600018024445,0.0026583091048744934,20,0.022655999287962914,0.023840000852942467,0.023257600050419568,0.02319999970495701,0.0002984077494470917,20,0.050655998289585114,0.05164799839258194,0.051051199436187744,0.05089600011706352,0.0003399051926115508,20,0.0307839997112751,0.034912001341581345,0.03153119999915362,0.031199999153614044,0.0010878718613944265,20,0.008927999995648861,0.021088000386953354,0.01475199982523918,0.015087999869138002,0.0036822391960219083,20,0.03283200040459633,0.033984001725912094,0.03339200001209974,0.03340800106525421,0.00028433265663647706,20,16,16,2048,10944,102400,True,False,False,1584,2,2048,10944,generic,generic,2816,,CUDA_EVENT,BF16,none
,,,,,,,,,,,,0.029952000826597214,0.055456001311540604,0.03922640015371144,0.03872000053524971,0.008542234866151787,40,0.1985280066728592,0.2520639896392822,0.20713119953870773,0.20534399896860123,0.010836116909052482,20,0.03651199862360954,0.04025600105524063,0.03824800029397011,0.03840000182390213,0.0011341676821945308,20,,,,,,,0.12787200510501862,0.13177600502967834,0.1293744020164013,0.12902399897575378,0.0010151355243670731,20,0.02287999913096428,0.02393599972128868,0.023251199908554555,0.023120000027120113,0.00032921142243812034,20,0.052352000027894974,0.05392000079154968,0.05292640011757612,0.05278399959206581,0.0005117472910530297,20,0.03203200176358223,0.033535998314619064,0.03250559978187084,0.0323840007185936,0.00037230155805580275,20,0.008511999621987343,0.01836800016462803,0.011001600092276931,0.00913600018247962,0.0029642021018082302,20,0.033695999532938004,0.03513599932193756,0.034398400038480756,0.03436800092458725,0.00034083768091097325,20,16,16,2048,10944,102400,True,False,False,1568,2,2048,10944,generic,generic,2816,,CUDA_EVENT,BF16,none
,,,,,,,,,,,,0.02921600081026554,0.05087999999523163,0.03873360031284392,0.03811200149357319,0.008463996701265755,40,0.1979839950799942,0.251008003950119,0.20607679933309556,0.20343999564647675,0.010935009773342974,20,0.03519999980926514,0.04249599948525429,0.03709120005369186,0.03659200109541416,0.0017917681670405264,20,,,,,,,0.12428800016641617,0.12806400656700134,0.12586400136351586,0.12569600343704224,0.0009053167356662509,20,0.022336000576615334,0.023360000923275948,0.02275360021740198,0.02271999977529049,0.00028414768466351317,20,0.05040000006556511,0.05145600065588951,0.05081919990479946,0.05067199841141701,0.0003133545353637399,20,0.03094400092959404,0.036320000886917114,0.03180320002138615,0.031247999519109726,0.001435451374257371,20,0.008576000109314919,0.024288000538945198,0.014942400017753243,0.01387199992313981,0.00374587953713698,20,0.03286400064826012,0.033984001725912094,0.03343519996851683,0.03345600143074989,0.0002896446302326703,20,16,16,2048,10944,102400,True,False,False,1552,2,2048,10944,generic,generic,2816,,CUDA_EVENT,BF16,none
,,,,,,,,,,,,0.02953599952161312,0.05081599950790405,0.0392752000130713,0.038863999769091606,0.008909421733960641,40,0.1977279931306839,0.24991999566555023,0.2082719996571541,0.20643199980258942,0.010214685305973902,20,0.03513599932193756,0.04044799879193306,0.03717920016497374,0.03694400005042553,0.0015290600465448657,20,,,,,,,0.12070400267839432,0.1247360035777092,0.1223568007349968,0.12188799679279327,0.0011829739339971623,20,0.02252800017595291,0.02332800067961216,0.022787199914455415,0.022735999897122383,0.00017229559888222201,20,0.04870399832725525,0.05270399898290634,0.049228799715638163,0.04899200052022934,0.0008520896495724208,20,0.029279999434947968,0.04118400067090988,0.032995199970901015,0.03347199968993664,0.0034604846225788238,20,0.015296000055968761,0.023711999878287315,0.019950399966910483,0.020080000162124634,0.0018919951103617107,20,0.03232000023126602,0.033376000821590424,0.03288799989968538,0.03292800113558769,0.0002822311850692784,20,16,16,2048,10944,102400,True,False,False,1536,2,2048,10944,generic,generic,2816,,CUDA_EVENT,BF16,none
,,,,,,,,,,,,0.031136000528931618,0.060127999633550644,0.040550400083884594,0.03988800011575222,0.008770099716405905,40,0.1998720020055771,0.25094398856163025,0.2067280001938343,0.20497599989175797,0.010494479237395141,20,0.03455999866127968,0.04700800031423569,0.03682879991829395,0.03627200052142143,0.002567886042832312,20,,,,,,,0.11993599683046341,0.12364800274372101,0.12152799926698207,0.12123199924826622,0.0008818827772976334,20,0.022143999114632607,0.022975999861955643,0.022529599908739328,0.022512000054121017,0.0001536252200826134,20,0.04864000156521797,0.04927999898791313,0.04887999966740608,0.048815999180078506,0.00017945709619122081,20,0.029152000322937965,0.04201599955558777,0.033321600034832956,0.032496001571416855,0.0033366055523455615,20,0.016416000202298164,0.023615999147295952,0.020366400107741357,0.020799999125301838,0.0017093652077520768,20,0.03235200047492981,0.03347200155258179,0.03288639988750219,0.03303999826312065,0.00033195210823034347,20,16,16,2048,10944,102400,True,False,False,1520,2,2048,10944,generic,generic,2816,,CUDA_EVENT,BF16,none
,,,,,,,,,,,,0.031072000041604042,0.05820799991488457,0.0406423996668309,0.039583999663591385,0.008512776865035512,40,0.19603200256824493,0.2608320116996765,0.2068672001361847,0.20483200252056122,0.0131140358490276,20,0.03452799841761589,0.04774399846792221,0.037316800095140934,0.03670400008559227,0.002831814851581783,20,,,,,,,0.12012799829244614,0.14310400187969208,0.12284959964454174,0.12179199978709221,0.004806400939503836,20,0.021888000890612602,0.022943999618291855,0.022335999924689532,0.022223999723792076,0.0002867527210919768,20,0.048448000103235245,0.04950400069355965,0.04879039973020553,0.04871999844908714,0.00024330523609688673,20,0.02908799983561039,0.040863998234272,0.03308800021186471,0.03324800170958042,0.003135281402664959,20,0.015456000342965126,0.028672000393271446,0.020472000073641538,0.020480000413954258,0.0027260707345545857,20,0.03267199918627739,0.033440001308918,0.03299040012061596,0.032944001257419586,0.00022773473559888633,20,16,16,2048,10944,102400,True,False,False,1504,2,2048,10944,generic,generic,2816,,CUDA_EVENT,BF16,none
,,,,,,,,,,,,0.0315839983522892,0.05283199995756149,0.04111040011048317,0.04038400016725063,0.008779187529126379,40,0.19804799556732178,0.24969600141048431,0.20833760052919387,0.20572800189256668,0.010454980378534153,20,0.0344959981739521,0.038784001022577286,0.036435199715197084,0.036687999963760376,0.001070370623331308,20,,,,,,,0.11939200013875961,0.12323199957609177,0.12105280011892319,0.12113599851727486,0.0009172844184165542,20,0.02179200015962124,0.02252800017595291,0.022158400062471627,0.022127999924123287,0.00019867722270977998,20,0.04838399961590767,0.05071999877691269,0.048803200200200084,0.048608001321554184,0.0005126892705171807,20,0.029055999591946602,0.04195199906826019,0.03361279964447021,0.033743999898433685,0.003001736415185285,20,0.017343999817967415,0.028575999662280083,0.021009600069373847,0.021119999699294567,0.002239759335235741,20,0.032127998769283295,0.041471999138593674,0.033211199566721916,0.032735999673604965,0.001925758640502353,20,16,16,2048,10944,102400,True,False,False,1488,2,2048,10944,generic,generic,2816,,CUDA_EVENT,BF16,none
,,,,,,,,,,,,0.029343999922275543,0.05430399999022484,0.03937999997287989,0.038719999603927135,0.009217023848798621,40,0.19942399859428406,0.24691200256347656,0.20621280148625373,0.20473600178956985,0.009871869529105785,20,0.03471999987959862,0.04131200164556503,0.0364384001120925,0.03593599982559681,0.0016611393173636853,20,,,,,,,0.11926399916410446,0.1239359974861145,0.12112639993429183,0.12107199802994728,0.0012804239988933978,20,0.021568000316619873,0.022304000332951546,0.021875200048089027,0.02184000052511692,0.0001565711557996279,20,0.04838399961590767,0.054496001452207565,0.04900480043143034,0.048656001687049866,0.0012789757863060204,20,0.029184000566601753,0.04371200129389763,0.03428959995508194,0.03252799995243549,0.004080301127760463,20,0.018303999677300453,0.02611199952661991,0.020915200095623733,0.02044800017029047,0.0018724621325800115,20,0.03235200047492981,0.03388800099492073,0.03280480019748211,0.03275199979543686,0.0003530566338320465,20,16,16,2048,10944,102400,True,False,False,1472,2,2048,10944,generic,generic,2816,,CUDA_EVENT,BF16,none
,,,,,,,,,,,,0.02940800040960312,0.05196800082921982,0.03955840021371841,0.03929600119590759,0.009159630949877484,40,0.19830399751663208,0.25600001215934753,0.20729919970035554,0.2049119994044304,0.01151643283388343,20,0.03468799963593483,0.04022400081157684,0.03646719995886087,0.035999998450279236,0.0015113832034627556,20,,,,,,,0.11878400295972824,0.1236800029873848,0.12093280032277107,0.1207680031657219,0.0011908247399101707,20,0.02131200022995472,0.022175999358296394,0.02171679986640811,0.021695999428629875,0.00022723943299457895,20,0.04816000163555145,0.04918399825692177,0.04852799996733666,0.04846400022506714,0.00028702081097204204,20,0.029120000079274178,0.04335999861359596,0.034879999794065954,0.03481599874794483,0.0040558526768855255,20,0.016575999557971954,0.02566399984061718,0.021227200143039228,0.02107200026512146,0.0016284911695942832,20,0.03209599852561951,0.03468799963593483,0.03279680013656616,0.03276799991726875,0.0005113896022828721,20,16,16,2048,10944,102400,True,False,False,1456,2,2048,10944,generic,generic,2816,,CUDA_EVENT,BF16,none
,,,,,,,,,,,,0.029600000008940697,0.0498879998922348,0.03843600028194487,0.03830400109291077,0.007779693577311631,40,0.19939200580120087,0.2545279860496521,0.2073695994913578,0.20425599813461304,0.011414707389293207,20,0.03510399907827377,0.03929600119590759,0.036815999820828435,0.036687999963760376,0.0012265020507510023,20,,,,,,,0.11574400216341019,0.11926399916410446,0.11759040020406246,0.11761600151658058,0.000976975040272988,20,0.021376000717282295,0.022495999932289124,0.021750400122255088,0.02171199955046177,0.000262146110526038,20,0.04793599992990494,0.05206400156021118,0.04887040015310049,0.048496000468730927,0.0010577250052670021,20,0.03497600182890892,0.04899200052022934,0.04003679994493723,0.03972800076007843,0.003554799064188221,20,0.01775999926030636,0.02489599958062172,0.020399999991059303,0.020240000449121,0.0017627180025796673,20,0.03244800120592117,0.04076800122857094,0.033383999951183796,0.03308799862861633,0.0017215846447294495,20,16,16,2048,10944,102400,True,False,False,1440,2,2048,10944,generic,generic,2816,,CUDA_EVENT,BF16,none
,,,,,,,,,,,,0.030112000182271004,0.0496320016682148,0.03890400012023747,0.04057600162923336,0.007626019325145603,40,0.197952002286911,0.24406400322914124,0.20711519941687584,0.20451200008392334,0.009451709995366112,20,0.03516799956560135,0.03961599990725517,0.036800000071525577,0.036607999354600906,0.0011450456653681511,20,,,,,,,0.11513599753379822,0.11961600184440613,0.11683999933302402,0.11687999963760376,0.0010642530269036302,20,0.021088000386953354,0.021695999428629875,0.02149759968742728,0.02147199958562851,0.0001851026589636757,20,0.04806400090456009,0.0560000017285347,0.048944000340998176,0.04846400022506714,0.0016733739928637276,20,0.032287999987602234,0.04303999990224838,0.038062399812042715,0.038335999473929405,0.0030012429472167194,20,0.01833599992096424,0.024607999250292778,0.02124639991670847,0.021200000308454037,0.0017329844703917613,20,0.03219199925661087,0.033984001725912094,0.03284159991890192,0.03276799991726875,0.00041502692598993434,20,16,16,2048,10944,102400,True,False,False,1424,2,2048,10944,generic,generic,2816,,CUDA_EVENT,BF16,none
,,,,,,,,,,,,0.028575999662280083,0.052799999713897705,0.03759920005686581,0.03723200038075447,0.007782435212865866,40,0.19763199985027313,0.2510719895362854,0.20695679858326912,0.2043839991092682,0.01082647539305914,20,0.03433600068092346,0.03807999938726425,0.03595360033214092,0.03598400019109249,0.0011096886001510486,20,,,,,,,0.12188799679279327,0.13315199315547943,0.12550880014896393,0.12465600296854973,0.0029994636104817593,20,0.020416000857949257,0.021536000072956085,0.020908800046890975,0.020800000056624413,0.00030398305641578775,20,0.04483199864625931,0.05644800141453743,0.05105919968336821,0.051472000777721405,0.004098217169860079,20,0.029600000008940697,0.04383999854326248,0.03323200009763241,0.030224000103771687,0.0043649513101320985,20,0.009440000168979168,0.02595200017094612,0.01701279985718429,0.01697599980980158,0.00422483955357073,20,0.0318400003015995,0.03280000016093254,0.032278400100767615,0.03223999962210655,0.00027417495064948293,20,16,16,2048,10944,102400,True,False,False,1408,2,2048,10944,generic,generic,2816,,CUDA_EVENT,BF16,none
,,,,,,,,,,,,0.028863999992609024,0.0488319993019104,0.03689359989948571,0.036495999433100224,0.007551611475721738,40,0.19817599654197693,0.2486400008201599,0.20586559996008874,0.20390400290489197,0.01029524130831483,20,0.03379200026392937,0.03855999931693077,0.035771200247108934,0.03537600114941597,0.0013617598631559431,20,,,,,,,0.11462400108575821,0.11849600076675415,0.11643359996378422,0.11656000092625618,0.0008464269478692891,20,0.020191999152302742,0.02143999934196472,0.020857599936425684,0.020848000422120094,0.0002803609807204947,20,0.04476799815893173,0.05087999999523163,0.045417599752545355,0.04499199986457825,0.0013663701384742481,20,0.03526400029659271,0.04281599819660187,0.04028479997068644,0.041600000113248825,0.0026335414417934743,20,0.018079999834299088,0.02582399919629097,0.021575999911874533,0.021424000151455402,0.0017159243022377185,20,0.03167999908328056,0.03280000016093254,0.03223199974745512,0.03222399950027466,0.0002688521118005634,20,16,16,2048,10944,102400,True,False,False,1392,2,2048,10944,generic,generic,2816,,CUDA_EVENT,BF16,none
,,,,,,,,,,,,0.028896000236272812,0.046879999339580536,0.03710719966329634,0.03652799967676401,0.007509145429911693,40,0.1987839937210083,0.24489599466323853,0.20638079941272736,0.20428800582885742,0.009145722468486656,20,0.03411199897527695,0.04169600084424019,0.03605599980801344,0.03556800074875355,0.0018018554737713383,20,,,,,,,0.11510399729013443,0.12147200107574463,0.11649760082364083,0.11608000099658966,0.0014388434954192195,20,0.020320000126957893,0.05008000135421753,0.02208000011742115,0.02051199972629547,0.006428090637562851,20,0.04473600164055824,0.06982400268316269,0.05281600020825863,0.053328000009059906,0.005124693162568484,20,0.030848000198602676,0.043296001851558685,0.03634400013834238,0.0358240008354187,0.0035140298429571135,20,0.018015999346971512,0.024191999807953835,0.02042239997535944,0.020368000492453575,0.0013300071278228246,20,0.031647998839616776,0.03267199918627739,0.031985599920153616,0.03200000151991844,0.0002454788310128295,20,16,16,2048,10944,102400,True,False,False,1376,2,2048,10944,generic,generic,2816,,CUDA_EVENT,BF16,none
,,,,,,,,,,,,0.029279999434947968,0.05193600058555603,0.03806719994172454,0.037151999771595,0.00798821480239265,40,0.19830399751663208,0.24860799312591553,0.20670559927821158,0.2048959955573082,0.010208277416642873,20,0.03411199897527695,0.03932800143957138,0.03583680018782616,0.0352960005402565,0.0017344741559773104,20,,,,,,,0.11507199704647064,0.12003199756145477,0.1164735995233059,0.11603199690580368,0.001292919224645675,20,0.020096000283956528,0.020800000056624413,0.02040800014510751,0.02038400061428547,0.00018955112793500232,20,0.04444799944758415,0.04761600121855736,0.045182399824261664,0.044863998889923096,0.000864443340588084,20,0.03574400022625923,0.04287999868392944,0.040704000182449816,0.0416640006005764,0.002091684374728149,20,0.01961600035429001,0.023744000121951103,0.0219824000261724,0.022223999723792076,0.0011550392538657841,20,0.03167999908328056,0.033824000507593155,0.03224960006773472,0.032175999134778976,0.0004432435395000407,20,16,16,2048,10944,102400,True,False,False,1360,2,2048,10944,generic,generic,2816,,CUDA_EVENT,BF16,none
,,,,,,,,,,,,0.029184000566601753,0.05027199909090996,0.03883760031312704,0.04030400142073631,0.008355761281750973,40,0.197952002286911,0.2486719936132431,0.2060368001461029,0.20481599867343903,0.010317516141675162,20,0.03385600075125694,0.037408001720905304,0.0353679995983839,0.03545599989593029,0.0009265025780920476,20,,,,,,,0.12095999717712402,0.1329279989004135,0.12536800056695938,0.12449600175023079,0.002960266112104961,20,0.01945599913597107,0.02067199908196926,0.019835199974477292,0.01974399946630001,0.00027993591731460956,20,0.044704001396894455,0.05753599852323532,0.05147839952260256,0.052719999104738235,0.004049575428727583,20,0.02924799919128418,0.04399999976158142,0.03376479996368289,0.03081599995493889,0.004815391662803515,20,0.00854399986565113,0.024032000452280045,0.018579200189560652,0.020336000248789787,0.004622459678416901,20,0.031488001346588135,0.03280000016093254,0.032104000262916085,0.032207999378442764,0.0003359049416931904,20,16,16,2048,10944,102400,True,False,False,1344,2,2048,10944,generic,generic,2816,,CUDA_EVENT,BF16,none
,,,,,,,,,,,,0.0297279991209507,0.05475199967622757,0.039351199939846995,0.03798400051891804,0.00916067011166928,40,0.19859200716018677,0.24512000381946564,0.20694559961557388,0.2051360011100769,0.009520769587597736,20,0.03436800092458725,0.039103999733924866,0.03613440003246069,0.03553599864244461,0.001564063331424923,20,,,,,,,0.10751999914646149,0.11158400028944016,0.10947520025074482,0.10937600210309029,0.0012604060717481603,20,0.020287999883294106,0.020927999168634415,0.020473600085824727,0.020416000857949257,0.00018203459203866478,20,0.04598399996757507,0.06111999973654747,0.053991999663412574,0.053567999973893166,0.004522188891314031,20,0.03497600182890892,0.040672000497579575,0.037947200052440164,0.0383519995957613,0.0018818683764031197,20,0.022431999444961548,0.025407999753952026,0.024030399695038795,0.024063999764621258,0.0009014392834270608,20,0.031039999797940254,0.033215999603271484,0.031872000079602,0.03175999969244003,0.000524253420587584,20,16,16,2048,10944,102400,True,False,False,1328,2,2048,10944,generic,generic,2816,,CUDA_EVENT,BF16,none
,,,,,,,,,,,,0.028991999104619026,0.05628800019621849,0.03855280019342899,0.03710400126874447,0.008729443666650715,40,0.199072003364563,0.26627200841903687,0.20687040239572524,0.20412800461053848,0.013840436305150944,20,0.03404799848794937,0.042208001017570496,0.03608159981667995,0.03540799953043461,0.0021039478068085584,20,,,,,,,0.1072319969534874,0.11142399907112122,0.10935359969735145,0.10918400064110756,0.0012089523689597776,20,0.0197759997099638,0.02070399932563305,0.020281600020825862,0.02027199976146221,0.00020404858922677961,20,0.044704001396894455,0.061983998864889145,0.05099679976701736,0.049167999997735023,0.005068190028939577,20,0.03759999945759773,0.040192000567913055,0.039555199816823004,0.039744000881910324,0.0006043596912318854,20,0.020447999238967896,0.02828799933195114,0.023406399693340064,0.023183999583125114,0.0018243221471967784,20,0.03152000159025192,0.03280000016093254,0.03207519967108965,0.03206399828195572,0.0002993794868569514,20,16,16,2048,10944,102400,True,False,False,1312,2,2048,10944,generic,generic,2816,,CUDA_EVENT,BF16,none
,,,,,,,,,,,,0.029600000008940697,0.05011200159788132,0.038487199973315,0.03750399872660637,0.008131019889306847,40,0.19776000082492828,0.252703994512558,0.20681919753551484,0.20483200252056122,0.011253562277853213,20,0.03379200026392937,0.039135999977588654,0.03566400017589331,0.03524800017476082,0.0014188852819317806,20,,,,,,,0.1058880016207695,0.11135999858379364,0.10826559960842133,0.10779200121760368,0.0013793106766463784,20,0.01942400075495243,0.02051199972629547,0.019814399909228085,0.019807999953627586,0.00023265569577179206,20,0.0490880012512207,0.059808000922203064,0.0536752000451088,0.05395199917256832,0.0029426129404133525,20,0.03596799820661545,0.04633599892258644,0.03904959987848997,0.03903999924659729,0.002218596904841316,20,0.02163200080394745,0.029152000322937965,0.02363200020045042,0.02310399990528822,0.0018969415931696608,20,0.03097599931061268,0.03296000137925148,0.03181600030511618,0.03163199871778488,0.0005558133085745502,20,16,16,2048,10944,102400,True,False,False,1296,2,2048,10944,generic,generic,2816,,CUDA_EVENT,BF16,none
,,,,,,,,,,,,0.027488000690937042,0.04851200059056282,0.036461600102484226,0.03644800093024969,0.00788795106238953,40,0.19670400023460388,0.24822400510311127,0.20532639920711518,0.20419199764728546,0.010535801327139509,20,0.03376000002026558,0.04668800160288811,0.036180800199508666,0.03566399961709976,0.0027331689268392297,20,,,,,,,0.10281600058078766,0.10838399827480316,0.10488959960639477,0.10447999835014343,0.0015046672219352283,20,0.020096000283956528,0.02115200087428093,0.020471999980509283,0.020432000048458576,0.0002851188933227668,20,0.045823998749256134,0.05772799998521805,0.05081440005451441,0.050095999613404274,0.003452108869602333,20,0.04243199899792671,0.044224001467227936,0.04346400033682585,0.04347199946641922,0.0004276375830623584,20,0.01788800023496151,0.0225600004196167,0.020428800117224456,0.020175999961793423,0.0012380486103291907,20,0.030880000442266464,0.03215999901294708,0.03139360025525093,0.0313120000064373,0.00033706116790004385,20,16,16,2048,10944,102400,True,False,False,1280,2,2048,10944,generic,generic,2816,,CUDA_EVENT,BF16,none
,,,,,,,,,,,,0.028255999088287354,0.04915200173854828,0.03686080020852387,0.03681600093841553,0.0075686522740123436,40,0.1968960016965866,0.2500160038471222,0.20609120056033134,0.20454400032758713,0.010709891337992125,20,0.03379200026392937,0.04064000025391579,0.03574240040034056,0.03553600050508976,0.0015224562388475476,20,,,,,,,0.10684800148010254,0.11123199760913849,0.10838240012526512,0.10831999778747559,0.00100611666950816,20,0.018783999606966972,0.019872000440955162,0.019297599978744983,0.019279999658465385,0.0002863016313001232,20,0.044576000422239304,0.0589120015501976,0.049220800213515756,0.048736000433564186,0.0031743658411060947,20,0.040031999349594116,0.04095999896526337,0.040449599735438824,0.040431998670101166,0.0002905614173686161,20,0.020959999412298203,0.02755199931561947,0.023198399972170592,0.02316799946129322,0.0014110321456064397,20,0.030751999467611313,0.03811199963092804,0.031539199966937305,0.031183999963104725,0.0015216462257749653,20,16,16,2048,10944,102400,True,False,False,1264,2,2048,10944,generic,generic,2816,,CUDA_EVENT,BF16,none
,,,,,,,,,,,,0.02796800062060356,0.051072001457214355,0.037466399883851406,0.0376800000667572,0.008262725607706257,40,0.1971520036458969,0.24982400238513947,0.206513599306345,0.20447999984025955,0.010499787739970803,20,0.033440001308918,0.04108799993991852,0.035774399898946284,0.035232000052928925,0.0017434120888965513,20,,,,,,,0.1042879968881607,0.10940799862146378,0.10659680031239986,0.10678400099277496,0.0013852806840708154,20,0.019328000023961067,0.020191999152302742,0.019664000254124403,0.019632000476121902,0.00022638720569114878,20,0.04495999962091446,0.061664000153541565,0.05091839972883463,0.05019200034439564,0.0036226854950597454,20,0.039872001856565475,0.04124800115823746,0.04054080005735159,0.04044799879193306,0.00040017881556508086,20,0.019872000440955162,0.02691200003027916,0.022889600321650504,0.022832000628113747,0.0016371714555804763,20,0.030592000111937523,0.03177599981427193,0.03117119986563921,0.03115200065076351,0.0002856613936426105,20,16,16,2048,10944,102400,True,False,False,1248,2,2048,10944,generic,generic,2816,,CUDA_EVENT,BF16,none
,,,,,,,,,,,,0.02831999957561493,0.04873599857091904,0.03649280001409352,0.03691199980676174,0.00715693370731386,40,0.19654400646686554,0.24995200335979462,0.2050272010266781,0.20334400236606598,0.010890493516480339,20,0.033695999532938004,0.03872000053524971,0.03548000007867813,0.03508799895644188,0.0014093403554447431,20,,,,,,,0.10655999928712845,0.11049599945545197,0.10799679979681968,0.1077600009739399,0.0009520684335463036,20,0.01865600049495697,0.019360000267624855,0.01892480030655861,0.01894400082528591,0.00020045376996333792,20,0.044863998889923096,0.05321599915623665,0.04870719984173775,0.04830400086939335,0.002415330400929283,20,0.038784001022577286,0.039872001856565475,0.03920959997922182,0.039184000343084335,0.00029763456820498867,20,0.022048000246286392,0.03062400035560131,0.02444960009306669,0.024368000216782093,0.0018784156935971,20,0.031168000772595406,0.032255999743938446,0.031604799907654524,0.031599998474121094,0.0002955930776897247,20,16,16,2048,10944,102400,True,False,False,1232,2,2048,10944,generic,generic,2816,,CUDA_EVENT,BF16,none
,,,,,,,,,,,,0.02755199931561947,0.04668800160288811,0.03635840001516044,0.03683200106024742,0.007710108320520972,40,0.19843199849128723,0.24771200120449066,0.20574880093336106,0.20425600558519363,0.010300582296383094,20,0.033535998314619064,0.038943998515605927,0.03565599992871284,0.035631999373435974,0.0013352043169775004,20,,,,,,,0.10662399977445602,0.1154559999704361,0.10871839970350265,0.10841599851846695,0.0020211862017796237,20,0.018783999606966972,0.01974399946630001,0.019164800085127352,0.01913600042462349,0.0002459840281582754,20,0.04297599941492081,0.050592001527547836,0.04705120027065277,0.04699200019240379,0.002068083565493837,20,0.04281599819660187,0.04435199871659279,0.04352000020444393,0.043455999344587326,0.00041303540321315944,20,0.018688000738620758,0.023135999217629433,0.020694399904459714,0.020560000091791153,0.0011762816158421,20,0.030688000842928886,0.03200000151991844,0.03129440015181899,0.031231999397277832,0.0003353863150858957,20,16,16,2048,10944,102400,True,False,False,1216,2,2048,10944,generic,generic,2816,,CUDA_EVENT,BF16,none
,,,,,,,,,,,,0.029600000008940697,0.055296000093221664,0.038204000098630786,0.03963200002908707,0.007868409766160038,40,0.1990080028772354,0.25171199440956116,0.2091311991214752,0.20529600232839584,0.01386679936093185,20,0.03315199911594391,0.038176000118255615,0.03506400007754564,0.03529599867761135,0.0012928111903201757,20,,,,,,,0.10646399855613708,0.11062400043010712,0.10802720040082932,0.10772800073027611,0.0009995215361415736,20,0.018303999677300453,0.01926399953663349,0.018688000086694957,0.018640000373125076,0.000304756720579799,20,0.04569600149989128,0.058400001376867294,0.04974559992551804,0.04923199862241745,0.0028773407036637886,20,0.0387520007789135,0.04054399952292442,0.0392960000783205,0.03923200070858002,0.00042609303065532854,20,0.02287999913096428,0.028095999732613564,0.024484800081700085,0.02420799992978573,0.0012296196691868018,20,0.030239999294281006,0.03142400085926056,0.030975999869406225,0.030991999432444572,0.0002627121269209525,20,16,16,2048,10944,102400,True,False,False,1200,2,2048,10944,generic,generic,2816,,CUDA_EVENT,BF16,none
,,,,,,,,,,,,0.029632000252604485,0.048767998814582825,0.03750399989075959,0.03665599972009659,0.007071337439448834,40,0.1968960016965866,0.2497279942035675,0.20518239885568618,0.20297599583864212,0.010627995543416199,20,0.03372799977660179,0.03782400116324425,0.035620800033211705,0.03563200123608112,0.0012747201816431452,20,,,,,,,0.10751999914646149,0.11584000289440155,0.11191840022802353,0.1117280013859272,0.0020444597289481182,20,0.0180479995906353,0.019231999292969704,0.018478400073945522,0.018464000895619392,0.00025022986085829023,20,0.04102399945259094,0.0504320003092289,0.046247999928891656,0.04670399986207485,0.003021668988074983,20,0.03888000175356865,0.04092799872159958,0.040315200388431546,0.040463998913764954,0.0004629804727396248,20,0.021663999184966087,0.03376000002026558,0.02435360001400113,0.02417599968612194,0.0025885107033640628,20,0.030527999624609947,0.03187200054526329,0.031051200069487094,0.030991999432444572,0.0002885818629089421,20,16,16,2048,10944,102400,True,False,False,1184,2,2048,10944,generic,generic,2816,,CUDA_EVENT,BF16,none
,,,,,,,,,,,,0.030688000842928886,0.05161599814891815,0.0386376001406461,0.04038400016725063,0.007205597291938679,40,0.1966399997472763,0.2518399953842163,0.20481279939413072,0.20292799919843674,0.011257126214068824,20,0.0331839993596077,0.03939199820160866,0.03451519999653101,0.033984001725912094,0.0014786422701556045,20,,,,,,,0.1058880016207695,0.11264000087976456,0.10857600010931492,0.10868800058960915,0.0018079292471456614,20,0.01772800087928772,0.01894400082528591,0.018116800021380185,0.0180479995906353,0.00029645810143929944,20,0.04233599826693535,0.05708799883723259,0.04887840021401644,0.04798400029540062,0.0031099403782032567,20,0.03852799907326698,0.042080000042915344,0.039307200163602826,0.03924800083041191,0.000699862546832742,20,0.021983999758958817,0.033663999289274216,0.025103999860584737,0.024608000181615353,0.002428407715484902,20,0.030527999624609947,0.03145600110292435,0.030992000084370374,0.03096000012010336,0.00027851037311469744,20,16,16,2048,10944,102400,True,False,False,1168,2,2048,10944,generic,generic,2816,,CUDA_EVENT,BF16,none
,,,,,,,,,,,,0.029055999591946602,0.04742399975657463,0.037226400012150405,0.0359680000692606,0.007214663860262389,40,0.1982080042362213,0.2542400062084198,0.20661120116710663,0.20424000173807144,0.01148385244393402,20,0.03372799977660179,0.04419200122356415,0.03605279996991158,0.03579200059175491,0.002240852013477758,20,,,,,,,0.09865599870681763,0.11241599917411804,0.1025152001529932,0.10144000127911568,0.0036405031822718432,20,0.01820800080895424,0.01894400082528591,0.01859040018171072,0.018592000007629395,0.00018340061775268477,20,0.04870399832725525,0.06496000289916992,0.056783999875187875,0.05705600045621395,0.0038745585298427926,20,0.037567999213933945,0.0390079990029335,0.03839359991252422,0.038416000083088875,0.0003663411182001425,20,0.02316799946129322,0.029632000252604485,0.025385600049048662,0.025104000233113766,0.0016420428299070635,20,0.030527999624609947,0.03497600182890892,0.031270400248467924,0.031136000528931618,0.0008996272186531602,20,16,16,2048,10944,102400,True,False,False,1152,2,2048,10944,generic,generic,2816,,CUDA_EVENT,BF16,none
,,,,,,,,,,,,0.029440000653266907,0.04915200173854828,0.0375087998341769,0.041152000427246094,0.006892589710461979,40,0.19855999946594238,0.25760000944137573,0.2066352017223835,0.20422400534152985,0.01205160381771269,20,0.03280000016093254,0.04105599969625473,0.03478720039129257,0.03436800092458725,0.00189398066529465,20,,,,,,,0.09852799773216248,0.1096000000834465,0.10238560028374195,0.10201600193977356,0.002601021015054852,20,0.017343999817967415,0.019328000023961067,0.018417600076645613,0.01848000008612871,0.0003896221347545015,20,0.04358400031924248,0.05500800162553787,0.051806400343775746,0.052928000688552856,0.003087352659698285,20,0.037856001406908035,0.03923200070858002,0.03845119997859001,0.03839999996125698,0.00038855982771101856,20,0.02380800060927868,0.03244800120592117,0.025953600089997052,0.025824000127613544,0.001728280962316571,20,0.029600000008940697,0.030719999223947525,0.03005119999870658,0.030031999573111534,0.00025377013998289935,20,16,16,2048,10944,102400,True,False,False,1136,2,2048,10944,generic,generic,2816,,CUDA_EVENT,BF16,none
,,,,,,,,,,,,0.02860799990594387,0.04995200037956238,0.03665999993681908,0.035631999373435974,0.007496821081408499,40,0.19708800315856934,0.2650879919528961,0.2065088003873825,0.20422399789094925,0.013798895088183633,20,0.03324799984693527,0.04032000154256821,0.035415999963879584,0.03500800020992756,0.0016009237712409617,20,,,,,,,0.0990080013871193,0.10540799796581268,0.10177760012447834,0.10155199840664864,0.0017976045281823186,20,0.01724799908697605,0.018464000895619392,0.01802240014076233,0.017952000722289085,0.0003040169744584054,20,0.0570559985935688,0.06457599997520447,0.0600976001471281,0.0602400004863739,0.0022480877756796552,20,0.03619199991226196,0.03923200070858002,0.03778239991515875,0.03795200027525425,0.0008997692529081606,20,0.02319999970495701,0.02816000021994114,0.025302400067448615,0.025248000398278236,0.0010871102823042601,20,0.03017600066959858,0.03200000151991844,0.0310592002235353,0.031072000041604042,0.00041996890149871726,20,16,16,2048,10944,102400,True,False,False,1120,2,2048,10944,generic,generic,2816,,CUDA_EVENT,BF16,none
,,,,,,,,,,,,0.027936000376939774,0.04918399825692177,0.03610319998115301,0.035520000383257866,0.007166576403271149,40,0.19753600656986237,0.25283199548721313,0.2062495991587639,0.20430400222539902,0.011789630869175604,20,0.033504001796245575,0.037696000188589096,0.034878399968147275,0.0348959993571043,0.000995990880035745,20,,,,,,,0.09849599748849869,0.1035199984908104,0.10140479914844036,0.10140799731016159,0.0013347067708467627,20,0.017343999817967415,0.018303999677300453,0.017756800074130295,0.017760000191628933,0.0002724511993589143,20,0.04979199916124344,0.05958399921655655,0.054683200083673,0.05443199910223484,0.0028142043200042235,20,0.03814399987459183,0.039583999663591385,0.038622399978339675,0.03854399919509888,0.00032999943552296143,20,0.02304000034928322,0.027295999228954315,0.025660800002515315,0.025631999596953392,0.0011266046673592657,20,0.029759999364614487,0.0307839997112751,0.030220799893140794,0.030224000103771687,0.000256878427657437,20,16,16,2048,10944,102400,True,False,False,1104,2,2048,10944,generic,generic,2816,,CUDA_EVENT,BF16,none
,,,,,,,,,,,,0.02879999950528145,0.052032001316547394,0.037907200027257205,0.036799998953938484,0.008276071191103549,40,0.20022399723529816,0.2556160092353821,0.2067472018301487,0.20424000173807144,0.011373426018964636,20,0.03347200155258179,0.03830400109291077,0.03571520000696182,0.035439999774098396,0.0012005713209288598,20,,,,,,,0.09916800260543823,0.11273600161075592,0.10177920050919056,0.10142400115728378,0.002786121951258936,20,0.01692800037562847,0.0180479995906353,0.017435199953615664,0.01744000054895878,0.0002693087917948356,20,0.044256001710891724,0.05833600088953972,0.055382400006055835,0.05628800019621849,0.003241697788568469,20,0.03782400116324425,0.038975998759269714,0.03840800002217293,0.03838399983942509,0.0003322266531328932,20,0.023423999547958374,0.028991999104619026,0.025683199893683194,0.02537599951028824,0.0015365132197123952,20,0.031136000528931618,0.04521600157022476,0.03229440022259951,0.03161599859595299,0.0029842915678173587,20,16,16,2048,10944,102400,True,False,False,1088,2,2048,10944,generic,generic,2816,,CUDA_EVENT,BF16,none
,,,,,,,,,,,,0.028896000236272812,0.055135998874902725,0.03698320016264915,0.03931199945509434,0.007027778352666199,40,0.19814400374889374,0.2532159984111786,0.20662079975008965,0.20345600694417953,0.01224272059208537,20,0.03286400064826012,0.04227200150489807,0.035398400574922564,0.03465600125491619,0.002208292188588573,20,,,,,,,0.1003199964761734,0.1103999987244606,0.10538879968225956,0.10486400127410889,0.0025042003431799717,20,0.016448000445961952,0.017664000391960144,0.016950399801135062,0.016896000131964684,0.00027380101014374284,20,0.050783999264240265,0.06406400352716446,0.05748800039291382,0.05704000033438206,0.003806675747429957,20,0.03702399879693985,0.04185599833726883,0.038990399613976476,0.038896000012755394,0.0011812063918826886,20,0.021503999829292297,0.02937600016593933,0.025120000168681145,0.02518399991095066,0.0017215882281271665,20,0.029664000496268272,0.0307839997112751,0.030294400174170732,0.03033600002527237,0.00027473443955534856,20,16,16,2048,10944,102400,True,False,False,1072,2,2048,10944,generic,generic,2816,,CUDA_EVENT,BF16,none
,,,,,,,,,,,,0.029472000896930695,0.045791998505592346,0.03656879966147244,0.03598400019109249,0.006215514577950185,40,0.1993280053138733,0.26121601462364197,0.20672800093889238,0.20420800149440765,0.01278769266991533,20,0.03280000016093254,0.037567999213933945,0.034761600010097024,0.03447999991476536,0.0012186958397997555,20,,,,,,,0.0990080013871193,0.11107199639081955,0.10300959944725037,0.10211199894547462,0.0032287411181703344,20,0.016448000445961952,0.017343999817967415,0.01691040014848113,0.01692800037562847,0.00021261942960258803,20,0.05849599838256836,0.06777600198984146,0.0642511997371912,0.06430399790406227,0.0025864687467230365,20,0.031488001346588135,0.037408001720905304,0.034099199995398524,0.03379200026392937,0.0019439152801020813,20,0.02252800017595291,0.02739199995994568,0.025039999932050704,0.02510399930179119,0.0011663329922900652,20,0.03017600066959858,0.03203200176358223,0.031049600150436164,0.031120000407099724,0.0004578464241188649,20,16,16,2048,10944,102400,True,False,False,1056,2,2048,10944,generic,generic,2816,,CUDA_EVENT,BF16,none
,,,,,,,,,,,,0.02956799976527691,0.058240000158548355,0.03746320018544793,0.036927999928593636,0.007419695151043554,40,0.19766399264335632,0.2535359859466553,0.206854397803545,0.20475199818611145,0.011325346779901544,20,0.0331839993596077,0.03907199949026108,0.035284800082445146,0.03468799963593483,0.001698482093268681,20,,,,,,,0.08640000224113464,0.0920960009098053,0.0890480000525713,0.08900799974799156,0.0013730148915255664,20,0.017696000635623932,0.01817600056529045,0.01791680008172989,0.01788800023496151,0.00014834336181654013,20,0.06348799914121628,0.06800000369548798,0.06648000031709671,0.0666080005466938,0.001145605284057543,20,0.029920000582933426,0.036031998693943024,0.032817599922418596,0.03262399882078171,0.0016726382158569095,20,0.024607999250292778,0.030400000512599945,0.02670079981908202,0.026607999578118324,0.0013210384346456746,20,0.02937600016593933,0.031072000041604042,0.030190400220453738,0.030192000791430473,0.0003915884198861413,20,16,16,2048,10944,102400,True,False,False,1040,2,2048,10944,generic,generic,2816,,CUDA_EVENT,BF16,none
,,,,,,,,,,,,0.02703999914228916,0.04707200080156326,0.03508719997480512,0.03542400058358908,0.007184381269851702,40,0.19814400374889374,0.24486400187015533,0.20656319931149483,0.2045919969677925,0.009615342000655596,20,0.03283200040459633,0.0387520007789135,0.034815999865531924,0.03425600007176399,0.001700010945516615,20,,,,,,,0.0888959988951683,0.09254399687051773,0.09062080010771752,0.09047999978065491,0.0011051773753813583,20,0.017664000391960144,0.01817600056529045,0.01790400017052889,0.017904000356793404,0.00012164214221962705,20,0.05167999863624573,0.0589120015501976,0.05531839970499277,0.054495999589562416,0.0022551285852998966,20,0.03596799820661545,0.03743999823927879,0.03670079987496137,0.036720000207424164,0.00040387271009153174,20,0.025407999753952026,0.028736000880599022,0.02724960008636117,0.027408000081777573,0.0010402449476450686,20,0.029279999434947968,0.030688000842928886,0.029833600018173458,0.029872000217437744,0.00037429075459760743,20,16,16,2048,10944,102400,True,False,False,1024,2,2048,10944,generic,generic,2816,,CUDA_EVENT,BF16,none
,,,,,,,,,,,,0.027008000761270523,0.04521600157022476,0.0351088001858443,0.0347040006890893,0.006974853353186852,40,0.19993600249290466,0.25113600492477417,0.20670399889349939,0.20415999740362167,0.0106284315180346,20,0.03280000016093254,0.03807999938726425,0.03432479966431856,0.033695999532938004,0.0015177678246133537,20,,,,,,,0.08972799777984619,0.09344000369310379,0.09147520028054715,0.09134400263428688,0.0009733691562365851,20,0.017343999817967415,0.018144000321626663,0.01769759999588132,0.01772800087928772,0.0001966049041527813,20,0.049536000937223434,0.05164799839258194,0.05067360009998083,0.05065600015223026,0.0005336879801261113,20,0.03587200120091438,0.03728000074625015,0.03650400005280972,0.036447999998927116,0.0003829152635894837,20,0.025631999596953392,0.03308799862861633,0.02766239969059825,0.027408000081777573,0.0016041695272668844,20,0.02860799990594387,0.029888000339269638,0.029123200010508297,0.029056000523269176,0.00042463657922946663,20,16,16,2048,10944,102400,True,False,False,1016,2,2048,10944,generic,generic,2816,,CUDA_EVENT,BF16,none
,,,,,,,,,,,,0.02848000079393387,0.045471999794244766,0.035774399898946284,0.03524800110608339,0.006446601967529933,40,0.19977599382400513,0.26444798707962036,0.20822879895567895,0.20504000037908554,0.013337224855884164,20,0.0326399989426136,0.040511999279260635,0.03485759999603033,0.034592000767588615,0.0019311963494617517,20,,,,,,,0.09814400225877762,0.11420799791812897,0.10832480005919934,0.10817600041627884,0.004111660573392438,20,0.015904000028967857,0.016704000532627106,0.016268800105899574,0.016272000037133694,0.0002111516156478412,20,0.037856001406908035,0.05753599852323532,0.04788800030946731,0.048048000782728195,0.005472406772150746,20,0.036448001861572266,0.037728000432252884,0.036923200078308585,0.03691200166940689,0.00028982082703273883,20,0.025887999683618546,0.03510399907827377,0.028156799916177987,0.02783999964594841,0.0019084960865856882,20,0.029055999591946602,0.03049599938094616,0.029695999808609486,0.029743999242782593,0.00038024836674362117,20,16,16,2048,10944,102400,True,False,False,1008,2,2048,10944,generic,generic,2816,,CUDA_EVENT,BF16,none
,,,,,,,,,,,,0.028672000393271446,0.04960000142455101,0.03626639991998672,0.03667199984192848,0.0068379679212351475,40,0.19993600249290466,0.2499839961528778,0.20807360112667084,0.205935999751091,0.010209905235513,20,0.032735999673604965,0.03728000074625015,0.034606399945914745,0.034143999218940735,0.0014254363548725688,20,,,,,,,0.09663999825716019,0.11641599982976913,0.1067728005349636,0.10619200021028519,0.005340925704197433,20,0.01568000018596649,0.016704000532627106,0.016240000165998934,0.01624000072479248,0.0002247986840970256,20,0.03481600061058998,0.055456001311540604,0.04958399999886751,0.05113600008189678,0.005028568368540153,20,0.03551999852061272,0.036896001547575,0.03611040003597736,0.03611199930310249,0.00037977396252359606,20,0.026016000658273697,0.030719999223947525,0.028243200108408927,0.027936000376939774,0.0012633880458774237,20,0.028416000306606293,0.029440000653266907,0.02897440008819103,0.02900799922645092,0.0003058428997136556,20,16,16,2048,10944,102400,True,False,False,1000,2,2048,10944,generic,generic,2816,,CUDA_EVENT,BF16,none
,,,,,,,,,,,,0.028511999174952507,0.047839999198913574,0.036302399914711715,0.035711999982595444,0.006713455530968782,40,0.19996799528598785,0.25760000944137573,0.2095823995769024,0.20744000375270844,0.011594037269150845,20,0.0331839993596077,0.037696000188589096,0.03458559978753328,0.03420799970626831,0.0012621798996700732,20,,,,,,,0.0902400016784668,0.09574399888515472,0.0928703997284174,0.0926079973578453,0.001441585461522947,20,0.017055999487638474,0.017823999747633934,0.01747839991003275,0.017487999983131886,0.00015232809217050617,20,0.050144001841545105,0.05603199824690819,0.05130879953503609,0.051183998584747314,0.001201061636622156,20,0.035551998764276505,0.03747199848294258,0.03662240002304316,0.036687999963760376,0.00042890471027596014,20,0.02550400048494339,0.03062400035560131,0.027838400099426508,0.027712000533938408,0.0012052779257860527,20,0.02879999950528145,0.030047999694943428,0.029468800127506255,0.029472000896930695,0.00033894339339458776,20,16,16,2048,10944,102400,True,False,False,992,2,2048,10944,generic,generic,2816,,CUDA_EVENT,BF16,none
,,,,,,,,,,,,0.028351999819278717,0.04623999819159508,0.03663999997079372,0.039184000343084335,0.006807935000036327,40,0.20214399695396423,0.26230400800704956,0.21088639944791793,0.20775999873876572,0.012583224852722267,20,0.032607998698949814,0.038495998829603195,0.035113600082695484,0.035151999443769455,0.0016849784555984142,20,,,,,,,0.09510400146245956,0.118367999792099,0.10609760023653507,0.10673600062727928,0.006166296322697017,20,0.015647999942302704,0.017152000218629837,0.016108800005167723,0.01601599995046854,0.0003769213750575257,20,0.04553600028157234,0.05907199904322624,0.0523504002019763,0.052352000027894974,0.004195045475884714,20,0.0350399985909462,0.03699199855327606,0.03630880005657673,0.03625600039958954,0.00047542099144727893,20,0.025407999753952026,0.031039999797940254,0.028158400021493436,0.02828799933195114,0.0015315093828999803,20,0.028831999748945236,0.03139200061559677,0.029355200100690128,0.029264000244438648,0.0005553891013717835,20,16,16,2048,10944,102400,True,False,False,984,2,2048,10944,generic,generic,2816,,CUDA_EVENT,BF16,none
,,,,,,,,,,,,0.02860799990594387,0.04995200037956238,0.036619199765846135,0.03630400076508522,0.007111111802196396,40,0.20160000026226044,0.2712959945201874,0.2111503981053829,0.20803199708461761,0.014358661390218451,20,0.03315199911594391,0.04243199899792671,0.035267199762165545,0.034544000402092934,0.002391256507643528,20,,,,,,,0.09923200309276581,0.11772800236940384,0.11060959994792938,0.11129599809646606,0.00529079509127543,20,0.01532800029963255,0.016896000131964684,0.015955200092867015,0.015936000272631645,0.0003550989653667488,20,0.04227200150489807,0.0607680007815361,0.05176960006356239,0.051840001717209816,0.0052999723747541895,20,0.03465599939227104,0.03753599897027016,0.03658560011535883,0.03665599972009659,0.0005755643801242517,20,0.02566399984061718,0.03590400144457817,0.028332800045609473,0.02777600008994341,0.0020628812419833265,20,0.029311999678611755,0.031039999797940254,0.029977599903941155,0.029968000017106533,0.0003951191670051773,20,16,16,2048,10944,102400,True,False,False,976,2,2048,10944,generic,generic,2816,,CUDA_EVENT,BF16,none
,,,,,,,,,,,,0.028704000636935234,0.04553600028157234,0.03612640011124313,0.03566399961709976,0.006672391126087668,40,0.19990399479866028,0.2460480034351349,0.20878879949450493,0.2070080041885376,0.009461899951557046,20,0.03276799991726875,0.0387520007789135,0.0351231999695301,0.03510399907827377,0.0015490251423680638,20,,,,,,,0.09795200079679489,0.11641599982976913,0.10598559938371181,0.10580800101161003,0.005648325634311201,20,0.015647999942302704,0.016416000202298164,0.0159599999897182,0.015936000272631645,0.000213436699509897,20,0.03961599990725517,0.059776000678539276,0.0516992000862956,0.05254399962723255,0.005503054846010845,20,0.03532800078392029,0.036928001791238785,0.03601280003786087,0.03604799881577492,0.00041543359348393717,20,0.025536000728607178,0.029920000582933426,0.02793440008535981,0.027759999968111515,0.001131844768658495,20,0.028416000306606293,0.029759999364614487,0.028935999982059,0.02884799987077713,0.00035487906108026915,20,16,16,2048,10944,102400,True,False,False,968,2,2048,10944,generic,generic,2816,,CUDA_EVENT,BF16,none
,,,,,,,,,,,,0.028255999088287354,0.04684799909591675,0.036508799996227026,0.03855999931693077,0.006819866472701619,40,0.20070399343967438,0.24819199740886688,0.20966559797525405,0.20679999887943268,0.009817307965848907,20,0.033535998314619064,0.03923200070858002,0.035824000649154183,0.035392001271247864,0.001569778699004075,20,,,,,,,0.08265600353479385,0.09139200299978256,0.08652160055935383,0.08646400272846222,0.0023255129288522313,20,0.016863999888300896,0.017920000478625298,0.01719679990783334,0.017152000218629837,0.00023305155858846575,20,0.057920001447200775,0.06473600119352341,0.06160640083253384,0.0625120010226965,0.002154805270606044,20,0.032127998769283295,0.04198399931192398,0.035107200220227244,0.03502400033175945,0.0017949089847141078,20,0.026623999699950218,0.03232000023126602,0.02881120014935732,0.028656000271439552,0.0013599538734792352,20,0.029023999348282814,0.031136000528931618,0.0299167999997735,0.02985600009560585,0.00047018243517527974,20,16,16,2048,10944,102400,True,False,False,960,2,2048,10944,generic,generic,2816,,CUDA_EVENT,BF16,none
,,,,,,,,,,,,0.02831999957561493,0.04960000142455101,0.03603920000605285,0.035376000218093395,0.007095246813593895,40,0.19593599438667297,0.2515519857406616,0.2047824002802372,0.20359999686479568,0.011548054139080556,20,0.032255999743938446,0.042847998440265656,0.03581280037760735,0.03625600039958954,0.0025400879624186993,20,,,,,,,0.07964800298213959,0.0830719992518425,0.08121280074119568,0.08128000050783157,0.0008916404103731512,20,0.015263999812304974,0.0163199994713068,0.01599199981428683,0.01601599995046854,0.00023793772902815276,20,0.049984000623226166,0.054655998945236206,0.05262560024857521,0.0522879995405674,0.0010632223861069064,20,0.03446400165557861,0.03657599911093712,0.03552160020917654,0.035599999129772186,0.0005654563677195129,20,0.025919999927282333,0.03155200183391571,0.028353600203990935,0.02851200010627508,0.0013003770389845679,20,0.027904000133275986,0.0331839993596077,0.02894879998639226,0.02875200007110834,0.0010743744772486635,20,16,16,2048,10944,102400,True,False,False,952,2,2048,10944,generic,generic,2816,,CUDA_EVENT,BF16,none
,,,,,,,,,,,,0.02816000021994114,0.045823998749256134,0.03589520002715289,0.03759999945759773,0.0066441124027251455,40,0.19392000138759613,0.24687999486923218,0.2043072000145912,0.20291199535131454,0.010495941880499356,20,0.032575998455286026,0.03699199855327606,0.034494399838149545,0.03404800035059452,0.0010965064964144585,20,,,,,,,0.0799039974808693,0.08339200168848038,0.08084959946572781,0.08073599636554718,0.0008003509914440798,20,0.015424000099301338,0.016287999227643013,0.015833600191399455,0.015776000916957855,0.00023679984607657715,20,0.05676800012588501,0.0615679994225502,0.05967200007289648,0.0599839985370636,0.0015323581631273024,20,0.03286400064826012,0.03564799949526787,0.03488000016659498,0.035072000697255135,0.0007198221499986754,20,0.025919999927282333,0.03673600032925606,0.028127999790012837,0.027327999472618103,0.002314686525774916,20,0.028543999418616295,0.029759999364614487,0.02904000012204051,0.0289280004799366,0.00032151637569328566,20,16,16,2048,10944,102400,True,False,False,944,2,2048,10944,generic,generic,2816,,CUDA_EVENT,BF16,none
,,,,,,,,,,,,0.028863999992609024,0.046271998435258865,0.03610880002379417,0.03585600107908249,0.006412674696190316,40,0.19580799341201782,0.24236799776554108,0.20530399903655053,0.2035359963774681,0.00931154289541237,20,0.03244800120592117,0.03811199963092804,0.03419679999351501,0.03412799909710884,0.0014629032309867406,20,,,,,,,0.07942400127649307,0.08265600353479385,0.08107680007815361,0.08105599880218506,0.0009272982347517478,20,0.015456000342965126,0.016896000131964684,0.01593920006416738,0.015855999663472176,0.00032788678190178615,20,0.05302400141954422,0.05603199824690819,0.05433440022170544,0.054448001086711884,0.0006819436461558718,20,0.03471999987959862,0.03606399893760681,0.03522719983011484,0.03510399907827377,0.0003308983905083724,20,0.026335999369621277,0.030527999624609947,0.028108800016343593,0.02801600005477667,0.0010904631527052485,20,0.028255999088287354,0.029311999678611755,0.02868319982662797,0.028672000393271446,0.0002560549355076104,20,16,16,2048,10944,102400,True,False,False,936,2,2048,10944,generic,generic,2816,,CUDA_EVENT,BF16,none
,,,,,,,,,,,,0.028063999488949776,0.04467200115323067,0.03567839995957911,0.03737599961459637,0.006396995311755683,40,0.1960960030555725,0.2874560058116913,0.20586080104112625,0.2003360018134117,0.01910473317161652,20,0.03311999887228012,0.03750399872660637,0.035118399374186995,0.035023998469114304,0.0012705038194408044,20,,,,,,,0.07878399640321732,0.081727996468544,0.0801983993500471,0.08006399869918823,0.0007563518787265503,20,0.015359999611973763,0.01616000011563301,0.01577600007876754,0.015807999297976494,0.00020162551152224956,20,0.050912000238895416,0.06032000109553337,0.057140799798071386,0.05891199968755245,0.003016927687005617,20,0.03455999866127968,0.03532800078392029,0.03485440015792847,0.03481600061058998,0.00020050532396911054,20,0.02595200017094612,0.036448001861572266,0.028158400021493436,0.02755199931561947,0.0021412397735608045,20,0.030047999694943428,0.031007999554276466,0.030443200003355743,0.03043199982494116,0.0002869804130276619,20,16,16,2048,10944,102400,True,False,False,928,2,2048,10944,generic,generic,2816,,CUDA_EVENT,BF16,none
,,,,,,,,,,,,0.02921600081026554,0.05350400134921074,0.03687120019458234,0.037328001111745834,0.00676358246244931,40,0.19855999946594238,0.24723200500011444,0.20619680136442184,0.2045919969677925,0.01003770933549492,20,0.03219199925661087,0.03766399994492531,0.03438080009073019,0.03408000059425831,0.0014461169742856273,20,,,,,,,0.07929600030183792,0.08767999708652496,0.08105600066483021,0.08060800284147263,0.0017871635725343763,20,0.015039999969303608,0.01616000011563301,0.01568000018596649,0.01568000018596649,0.0002428629697052231,20,0.05395200103521347,0.06454399973154068,0.05682240016758442,0.056672001257538795,0.0022979273410815696,20,0.03388800099492073,0.03651199862360954,0.03508640024811029,0.03497599996626377,0.0006292267640007098,20,0.025280000641942024,0.030432000756263733,0.027963200211524965,0.028144000098109245,0.0013985968339887465,20,0.028192000463604927,0.03139200061559677,0.028940800204873086,0.02868800051510334,0.0007381812405308973,20,16,16,2048,10944,102400,True,False,False,920,2,2048,10944,generic,generic,2816,,CUDA_EVENT,BF16,none
,,,,,,,,,,,,0.028511999174952507,0.04447999969124794,0.03569039995782077,0.03535999916493893,0.006216824304619659,40,0.19651199877262115,0.2516480088233948,0.20489759966731072,0.2029919996857643,0.011350657564192792,20,0.032255999743938446,0.03625600039958954,0.033712000213563444,0.03336000069975853,0.0011681756753466077,20,,,,,,,0.07740800082683563,0.07977599650621414,0.07850080020725728,0.07857600226998329,0.0006483672319355716,20,0.015135999768972397,0.016575999557971954,0.015811199927702545,0.015743999741971493,0.00037013647884728053,20,0.05827200040221214,0.06361600011587143,0.0602335998788476,0.06014399975538254,0.0013913600026984484,20,0.03254399821162224,0.035071998834609985,0.03429439999163151,0.03449600003659725,0.0006695652294361862,20,0.026559999212622643,0.029823999851942062,0.027796799875795843,0.027807999402284622,0.0008051848303629177,20,0.02860799990594387,0.031072000041604042,0.029668799974024294,0.029664000496268272,0.0006104602465511804,20,16,16,2048,10944,102400,True,False,False,912,2,2048,10944,generic,generic,2816,,CUDA_EVENT,BF16,none
,,,,,,,,,,,,0.028831999748945236,0.04771199822425842,0.03660799995996058,0.03641599975526333,0.006340358020459812,40,0.20108799636363983,0.24719999730587006,0.21057119891047477,0.2075520008802414,0.011609904327327787,20,0.03248000144958496,0.03811199963092804,0.03485439997166395,0.03447999991476536,0.001743298308065056,20,,,,,,,0.07715199887752533,0.08051200211048126,0.07835359983146191,0.07838400080800056,0.0008125405093647686,20,0.015168000012636185,0.015904000028967857,0.015542400162667036,0.015584000386297703,0.0002036720142661582,20,0.05471999943256378,0.061184000223875046,0.05847679991275072,0.05827200040221214,0.0015780380301277,20,0.03385600075125694,0.03516799956560135,0.03456639982759953,0.03460799902677536,0.0003157479958920185,20,0.02627200074493885,0.0342399999499321,0.028217599913477897,0.02777600008994341,0.0017154088883172811,20,0.028991999104619026,0.03215999901294708,0.029671999998390673,0.0294560007750988,0.0006736645342854929,20,16,16,2048,10944,102400,True,False,False,904,2,2048,10944,generic,generic,2816,,CUDA_EVENT,BF16,none
,,,,,,,,,,,,0.028511999174952507,0.04464000090956688,0.035808000015094876,0.03564799949526787,0.006312145024013869,40,0.20102399587631226,0.2503359913825989,0.20957439988851548,0.20720000565052032,0.010007420317285647,20,0.03251200169324875,0.03830400109291077,0.03456960003823042,0.03387200087308884,0.0017020001440920442,20,,,,,,,0.08575999736785889,0.0904960036277771,0.08778239972889423,0.08753599971532822,0.0011581881945472413,20,0.014944000169634819,0.01548799965530634,0.015203200047835708,0.015184000134468079,0.0001599677943237112,20,0.048767998814582825,0.05116799846291542,0.049939199537038806,0.04995200037956238,0.0006229239627262786,20,0.033952001482248306,0.03862399980425835,0.0354160001501441,0.0350399985909462,0.001312268361396855,20,0.024159999564290047,0.029440000653266907,0.027017599996179344,0.02711999975144863,0.001519380223295934,20,0.028384000062942505,0.030112000182271004,0.02890560021623969,0.02875200007110834,0.0004458346884124646,20,16,16,2048,10944,102400,True,False,False,896,2,2048,10944,generic,generic,2816,,CUDA_EVENT,BF16,none
,,,,,,,,,,,,0.028384000062942505,0.04816000163555145,0.035998400021344426,0.03579200059175491,0.006852611487786963,40,0.20175999402999878,0.28095999360084534,0.2120239980518818,0.20926400274038315,0.016158157391540313,20,0.03276799991726875,0.04092799872159958,0.03470400013029575,0.03441599942743778,0.00183688063149954,20,,,,,,,0.07705599814653397,0.08246400207281113,0.0780479997396469,0.07753600180149078,0.0012019397633258268,20,0.015231999568641186,0.01571200042963028,0.01542719998396933,0.015440000221133232,0.00013344433552384314,20,0.05241600051522255,0.05782400071620941,0.05424959976226092,0.05427199974656105,0.0012208785263899753,20,0.033663999289274216,0.0390079990029335,0.0348047997802496,0.03457599878311157,0.0010992021561699284,20,0.026208000257611275,0.03436800092458725,0.028129600174725055,0.02801600005477667,0.0017828474310359428,20,0.02768000029027462,0.035711999982595444,0.028758399840444326,0.028271999210119247,0.0017311409044392743,20,16,16,2048,10944,102400,True,False,False,888,2,2048,10944,generic,generic,2816,,CUDA_EVENT,BF16,none
,,,,,,,,,,,,0.02908799983561039,0.04508800059556961,0.036105600045993926,0.035552000626921654,0.005888283468708733,40,0.19916799664497375,0.256415992975235,0.20896479934453965,0.20668799430131912,0.011608447187267747,20,0.032575998455286026,0.0395519994199276,0.034870400093495846,0.03433599881827831,0.002079091564563451,20,,,,,,,0.0772159993648529,0.08886399865150452,0.07910079956054687,0.07833600044250488,0.002467216236346772,20,0.015104000456631184,0.024512000381946564,0.015873599937185644,0.015343999955803156,0.0020023021229227385,20,0.05273599922657013,0.05721599981188774,0.05456639938056469,0.054367998614907265,0.0012584831318916993,20,0.03376000002026558,0.03638400137424469,0.0347120001912117,0.034512000158429146,0.0007678585044078826,20,0.025536000728607178,0.029472000896930695,0.028017599880695344,0.028144000098109245,0.0010960396282640608,20,0.027936000376939774,0.031039999797940254,0.028443200141191484,0.028224000707268715,0.0006533232282090523,20,16,16,2048,10944,102400,True,False,False,880,2,2048,10944,generic,generic,2816,,CUDA_EVENT,BF16,none
,,,,,,,,,,,,0.029440000653266907,0.045024000108242035,0.036480000149458645,0.03614399954676628,0.006133799911522173,40,0.2006080001592636,0.2550719976425171,0.20949440076947212,0.20683199912309647,0.01090848937074975,20,0.0323840007185936,0.0360959991812706,0.03394399993121624,0.033983999863266945,0.000928489566653131,20,,,,,,,0.0764480009675026,0.08003199845552444,0.07770079970359803,0.07752000167965889,0.0009214256825248304,20,0.014879999682307243,0.015936000272631645,0.015179200051352381,0.01512000011280179,0.000225202536354127,20,0.05484800040721893,0.05721599981188774,0.056070400215685365,0.05604800023138523,0.0006021271647353712,20,0.03347200155258179,0.037376001477241516,0.034820800088346,0.03444800153374672,0.0010603678116110464,20,0.0261439997702837,0.029600000008940697,0.02770559983327985,0.02766399923712015,0.0009887742439934086,20,0.02812799997627735,0.0352960005402565,0.029273599945008756,0.028704000636935234,0.0015634417287201177,20,16,16,2048,10944,102400,True,False,False,872,2,2048,10944,generic,generic,2816,,CUDA_EVENT,BF16,none
,,,,,,,,,,,,0.028224000707268715,0.050144001841545105,0.03610559990629554,0.03601600043475628,0.006728631336362895,40,0.20047999918460846,0.2518399953842163,0.21056480035185815,0.20793600380420685,0.010400797919790294,20,0.03200000151991844,0.03788800165057182,0.03450080007314682,0.034223999828100204,0.001763698886624485,20,,,,,,,0.07360000163316727,0.07667200267314911,0.07500960044562817,0.07476800307631493,0.0009467069566901585,20,0.014944000169634819,0.016416000202298164,0.015449600107967854,0.015343999955803156,0.00033079413129894815,20,0.05580800026655197,0.0575999990105629,0.05675359964370728,0.05657599866390228,0.0005907853881765863,20,0.03311999887228012,0.04217600077390671,0.03461440019309521,0.03425600007176399,0.001784559043957987,20,0.027712000533938408,0.03347200155258179,0.028966400120407344,0.028591999784111977,0.0012914925234537042,20,0.028736000880599022,0.030368000268936157,0.029360000044107437,0.02932799980044365,0.00038473272110937365,20,16,16,2048,10944,102400,True,False,False,864,2,2048,10944,generic,generic,2816,,CUDA_EVENT,BF16,none
,,,,,,,,,,,,0.02921600081026554,0.04540799930691719,0.03644080003723502,0.037887999787926674,0.006270422235248578,40,0.2011519968509674,0.25622400641441345,0.2097199998795986,0.20710399746894836,0.011348452770578173,20,0.031808000057935715,0.044064000248909,0.03455519992858171,0.034063998609781265,0.0024158470847403506,20,,,,,,,0.07379200309515,0.07862400263547897,0.07518559955060482,0.07499199733138084,0.0011532648761584103,20,0.014879999682307243,0.01539199985563755,0.015067200036719441,0.015023999847471714,0.00013435239234859788,20,0.05385600030422211,0.05984000116586685,0.05768640004098415,0.05777600035071373,0.001727529025163183,20,0.033440001308918,0.03488000109791756,0.033955199830234054,0.03384000062942505,0.0003737159219419408,20,0.026815999299287796,0.030719999223947525,0.028548799734562636,0.028479999862611294,0.0009370196214889242,20,0.029023999348282814,0.029920000582933426,0.02947839992120862,0.02947199996560812,0.0002471677715476322,20,16,16,2048,10944,102400,True,False,False,856,2,2048,10944,generic,generic,2816,,CUDA_EVENT,BF16,none
,,,,,,,,,,,,0.029279999434947968,0.05363199859857559,0.037028800183907154,0.03635199926793575,0.006883874559956546,40,0.20003199577331543,0.2459840029478073,0.2087792009115219,0.20651200413703918,0.009301295809193937,20,0.03232000023126602,0.037087999284267426,0.03461440037935972,0.034384001046419144,0.0014736021131899948,20,,,,,,,0.07427199929952621,0.07660800218582153,0.07542879991233349,0.07532799988985062,0.0006166358097544156,20,0.014688000082969666,0.0161920003592968,0.015043200133368373,0.014976000413298607,0.00032300989973498126,20,0.055615998804569244,0.05999999865889549,0.05753760002553463,0.05756800062954426,0.0010089631548525642,20,0.03308799862861633,0.03452799841761589,0.03385279960930347,0.033904001116752625,0.0003328462389291182,20,0.026240000501275063,0.0315839983522892,0.02826399989426136,0.028239999897778034,0.0010948896001076753,20,0.028575999662280083,0.030751999467611313,0.02924959985539317,0.029184000566601753,0.00045721649072551766,20,16,16,2048,10944,102400,True,False,False,848,2,2048,10944,generic,generic,2816,,CUDA_EVENT,BF16,none
,,,,,,,,,,,,0.028416000306606293,0.04668800160288811,0.03627039999701083,0.037727998569607735,0.006720197893636026,40,0.2009280025959015,0.2540160119533539,0.20846880078315735,0.20608000457286835,0.011173714169758578,20,0.03232000023126602,0.03868800029158592,0.03418719992041588,0.03376000002026558,0.0017183217036663427,20,,,,,,,0.0737600028514862,0.0764160007238388,0.07500800006091594,0.07488000020384789,0.0007911186228362659,20,0.014592000283300877,0.015039999969303608,0.014883199986070395,0.014928000047802925,0.00012430666182217622,20,0.04819199815392494,0.05036799982190132,0.04894079994410276,0.0488319993019104,0.0005613607280257744,20,0.03308799862861633,0.03596799820661545,0.034278400242328644,0.033984001725912094,0.0009441139968732929,20,0.02534399926662445,0.029791999608278275,0.027915200125426053,0.028239999897778034,0.0009927881479984918,20,0.02876799926161766,0.030719999223947525,0.029422400053590536,0.02937600016593933,0.0004489673093787292,20,16,16,2048,10944,102400,True,False,False,840,2,2048,10944,generic,generic,2816,,CUDA_EVENT,BF16,none
,,,,,,,,,,,,0.028704000636935234,0.05113599821925163,0.036659199930727485,0.035919999703764915,0.00732887258757077,40,0.19916799664497375,0.2508159875869751,0.208279999345541,0.20643199980258942,0.010651916914727536,20,0.034272000193595886,0.047200001776218414,0.036899199895560744,0.03574400022625923,0.0030727818291863044,20,,,,,,,0.09334400296211243,0.11100800335407257,0.10186080038547515,0.10129600018262863,0.005277297017518131,20,0.013887999579310417,0.015519999898970127,0.01450399998575449,0.014527999795973301,0.0003831825031001199,20,0.038176000118255615,0.05567999929189682,0.049908799678087236,0.0504320003092289,0.0037999953067229344,20,0.03376000002026558,0.039103999733924866,0.035739199817180635,0.03484800085425377,0.0018028606931242755,20,0.024000000208616257,0.030368000268936157,0.027164799999445675,0.027248000726103783,0.0014202702297374144,20,0.032127998769283295,0.03324799984693527,0.0327583996579051,0.03276799991726875,0.0003211341289084085,20,16,16,2048,10944,102400,True,False,False,832,2,2048,10944,generic,generic,2816,,CUDA_EVENT,BF16,none
,,,,,,,,,,,,0.02864000014960766,0.04726399853825569,0.03610799987800419,0.03561599925160408,0.006970503071772018,40,0.20076799392700195,0.2550719976425171,0.20815999805927277,0.2054399996995926,0.011249558462092718,20,0.0326399989426136,0.037567999213933945,0.03444320000708103,0.03416000120341778,0.0014137798080152456,20,,,,,,,0.07388799637556076,0.07811199873685837,0.07552639916539192,0.07524799928069115,0.0011918702058508915,20,0.014368000440299511,0.015135999768972397,0.014745600009337067,0.014688000082969666,0.0001924261085561514,20,0.05193600058555603,0.05526399984955788,0.053420799970626834,0.05345600098371506,0.0009625780534544741,20,0.033215999603271484,0.03734400123357773,0.034643200039863584,0.034015998244285583,0.0013364893371967579,20,0.025280000641942024,0.031647998839616776,0.027806400042027234,0.02750399988144636,0.0015937949191736525,20,0.027456000447273254,0.029023999348282814,0.028049599938094617,0.027936000376939774,0.0003742048263957364,20,16,16,2048,10944,102400,True,False,False,824,2,2048,10944,generic,generic,2816,,CUDA_EVENT,BF16,none
,,,,,,,,,,,,0.028255999088287354,0.1499200016260147,0.038623999897390605,0.03558399993926287,0.019044171858561186,40,0.19756799936294556,0.2500160038471222,0.20460960119962693,0.2014240026473999,0.01101806310790927,20,0.0323840007185936,0.03699199855327606,0.033937600068748,0.033536000177264214,0.001319994289033219,20,,,,,,,0.0713919997215271,0.0753600001335144,0.07284160032868385,0.07286400347948074,0.000960111300762922,20,0.0144640002399683,0.014944000169634819,0.014720000000670553,0.014719999860972166,0.00015806835545483715,20,0.052480001002550125,0.05571199953556061,0.054283199831843376,0.054336000233888626,0.0007630020842461159,20,0.0326399989426136,0.03379200026392937,0.03319520000368357,0.03319999948143959,0.00028266610073710686,20,0.0272000003606081,0.029791999608278275,0.028473599907010795,0.0284639997407794,0.0007135784883401452,20,0.027712000533938408,0.03519999980926514,0.0291295999661088,0.028591999784111977,0.0018353080899023554,20,16,16,2048,10944,102400,True,False,False,816,2,2048,10944,generic,generic,2816,,CUDA_EVENT,BF16,none
,,,,,,,,,,,,0.02848000079393387,0.048767998814582825,0.03617519997060299,0.035840000957250595,0.006951866338484328,40,0.19740800559520721,0.2510400116443634,0.20562560111284256,0.20404800027608871,0.010920686499521387,20,0.031968001276254654,0.036928001791238785,0.033825600147247316,0.033135998994112015,0.0015307740858145407,20,,,,,,,0.07155200093984604,0.07606399804353714,0.07329120002686977,0.07313599810004234,0.0011390504058685755,20,0.014240000396966934,0.014911999925971031,0.014550399966537952,0.014511999674141407,0.00019598523924397224,20,0.05286400020122528,0.05536000058054924,0.0541551997885108,0.05408000014722347,0.000668966690956168,20,0.03248000144958496,0.03481600061058998,0.033593600429594514,0.033424001187086105,0.0006763739661652636,20,0.02707199938595295,0.0326399989426136,0.02935520000755787,0.029360000044107437,0.0014580301297670373,20,0.02783999964594841,0.029023999348282814,0.028435199987143278,0.028464000672101974,0.00032827701381398416,20,16,16,2048,10944,102400,True,False,False,808,2,2048,10944,generic,generic,2816,,CUDA_EVENT,BF16,none
,,,,,,,,,,,,0.027936000376939774,0.04742399975657463,0.035152800008654596,0.03387200087308884,0.0066543574684097525,40,0.1979839950799942,0.25231999158859253,0.20622399896383287,0.20319999754428864,0.011387869671667349,20,0.03286400064826012,0.038656000047922134,0.03470240030437708,0.034143999218940735,0.0015248757724138722,20,,,,,,,0.07267200201749802,0.07782399654388428,0.07475999966263772,0.07427199929952621,0.0013372733103522519,20,0.013919999822974205,0.01539199985563755,0.014236800046637655,0.014128000009804964,0.00030708326349013606,20,0.06070400029420853,0.0655680000782013,0.062081600166857244,0.061872001737356186,0.001103766657757412,20,0.031168000772595406,0.03811199963092804,0.03488959996029735,0.03468800149857998,0.0017237608843999352,20,0.025472000241279602,0.03513599932193756,0.028403199929744005,0.02782400045543909,0.0022451458070315436,20,0.030239999294281006,0.03404799848794937,0.031188799999654293,0.030928000807762146,0.0008276979575941538,20,16,16,2048,10944,102400,True,False,False,800,2,2048,10944,generic,generic,2816,,CUDA_EVENT,BF16,none
,,,,,,,,,,,,0.028192000463604927,0.04819199815392494,0.03547759987413883,0.03526400122791529,0.006315499464751468,40,0.19660800695419312,0.286624014377594,0.20765760093927382,0.20415999740362167,0.018502985885017153,20,0.03142400085926056,0.04428799822926521,0.03433120008558035,0.03380800038576126,0.0026203927337781333,20,,,,,,,0.07142399996519089,0.0790719985961914,0.07312480062246322,0.07281600311398506,0.0016579972319585804,20,0.013663999736309052,0.019231999292969704,0.014219199912622571,0.013887999579310417,0.0011747649410896036,20,0.05222399905323982,0.058240000158548355,0.05372000019997358,0.053727999329566956,0.0012665645369771261,20,0.0326399989426136,0.04025600105524063,0.03396159969270229,0.0331679992377758,0.0019346138428291287,20,0.027648000046610832,0.03545600175857544,0.029243200086057186,0.028783999383449554,0.0016343915951293302,20,0.02755199931561947,0.031328000128269196,0.028286400064826012,0.028095999732613564,0.0007765838180225659,20,16,16,2048,10944,102400,True,False,False,792,2,2048,10944,generic,generic,2816,,CUDA_EVENT,BF16,none
,,,,,,,,,,,,0.027904000133275986,0.04854400083422661,0.03539200001396239,0.034688000567257404,0.007039818236344774,40,0.19702400267124176,0.30531200766563416,0.2083920009434223,0.20334400236606598,0.02263217635396001,20,0.03270399942994118,0.04259200021624565,0.03470720034092665,0.033824000507593155,0.0023000723542353973,20,,,,,,,0.07075200229883194,0.07654400169849396,0.07259519994258881,0.0721919983625412,0.0013331910668506316,20,0.013504000380635262,0.03190400078892708,0.014678400056436659,0.013728000223636627,0.003955206640664517,20,0.04633599892258644,0.05011200159788132,0.04758399985730648,0.04742399975657463,0.0008037676519110369,20,0.032575998455286026,0.034912001341581345,0.033771200105547905,0.03380800038576126,0.0006831289429503567,20,0.02595200017094612,0.03014400042593479,0.028500800020992756,0.02860799990594387,0.001091020638156799,20,0.029440000653266907,0.03686400130391121,0.03060480011627078,0.03009600006043911,0.00159440320216109,20,16,16,2048,10944,102400,True,False,False,784,2,2048,10944,generic,generic,2816,,CUDA_EVENT,BF16,none
,,,,,,,,,,,,0.02783999964594841,0.047040000557899475,0.03559120008721948,0.035680001601576805,0.006478805001034497,40,0.19766399264335632,0.24534399807453156,0.20366559997200967,0.2016960009932518,0.009885423300177682,20,0.03219199925661087,0.03667199984192848,0.03400959987193346,0.033695999532938004,0.0013084674849246883,20,,,,,,,0.0708480030298233,0.07382400333881378,0.07218880020081997,0.07204799726605415,0.0008262510009753926,20,0.013439999893307686,0.0180479995906353,0.013964799977838994,0.013648000080138445,0.0009819568226963364,20,0.04646399989724159,0.051231998950242996,0.047939199954271317,0.04753600060939789,0.0012045735584849686,20,0.032255999743938446,0.035392001271247864,0.03399200011044741,0.0342399999499321,0.000903787926973703,20,0.025728000327944756,0.034752000123262405,0.028561600111424924,0.028336000628769398,0.00184841144110985,20,0.02860799990594387,0.030368000268936157,0.02913119988515973,0.029008000157773495,0.0004401918845322837,20,16,16,2048,10944,102400,True,False,False,776,2,2048,10944,generic,generic,2816,,CUDA_EVENT,BF16,none
,,,,,,,,,,,,0.02831999957561493,0.046879999339580536,0.03607040005736053,0.03564800042659044,0.006823230601380487,40,0.19443200528621674,0.24406400322914124,0.20324960052967073,0.20132800191640854,0.00999280455261161,20,0.03244800120592117,0.037408001720905304,0.03424960039556026,0.03401600010693073,0.001381648112194248,20,,,,,,,0.0689919963479042,0.07552000135183334,0.07043680064380169,0.06988800317049026,0.0014391919282910274,20,0.013344000093638897,0.015744000673294067,0.013888000091537834,0.01369599997997284,0.0005278546151881572,20,0.05423999950289726,0.058079998940229416,0.0564479997381568,0.056543998420238495,0.0009420727401560009,20,0.03177599981427193,0.03324799984693527,0.03244000021368265,0.032416000962257385,0.0003375768501771735,20,0.028224000707268715,0.03235200047492981,0.02940160036087036,0.029008000157773495,0.0009954315104039918,20,0.027456000447273254,0.0289280004799366,0.028153599984943867,0.02816000021994114,0.0003879266608614291,20,16,16,2048,10944,102400,True,False,False,768,2,2048,10944,generic,generic,2816,,CUDA_EVENT,BF16,none
,,,,,,,,,,,,0.027904000133275986,0.04681599885225296,0.03514800015836954,0.034448000602424145,0.0063848126652030195,40,0.1945600062608719,0.251583993434906,0.20346080064773558,0.2012000009417534,0.011752249592947824,20,0.031936001032590866,0.03903999924659729,0.034305600263178346,0.03363199904561043,0.0017004159859890242,20,,,,,,,0.06883200258016586,0.07171200215816498,0.06983999982476234,0.0697920024394989,0.0007241133062493358,20,0.013279999606311321,0.016224000602960587,0.01392319998703897,0.013632000423967838,0.0006788904543346111,20,0.04995200037956238,0.053408000618219376,0.05158559996634722,0.05150400102138519,0.0008626640499051373,20,0.03155200183391571,0.03363199904561043,0.03280320037156344,0.032816000282764435,0.0005080747635736554,20,0.027264000847935677,0.03110400028526783,0.029523200169205666,0.029680000618100166,0.0010413725839478014,20,0.02659199945628643,0.029120000079274178,0.02744799982756376,0.027327999472618103,0.0005231658096920095,20,16,16,2048,10944,102400,True,False,False,760,2,2048,10944,generic,generic,2816,,CUDA_EVENT,BF16,none
,,,,,,,,,,,,0.02879999950528145,0.05283199995756149,0.0370983999222517,0.03862399980425835,0.007174580433995753,40,0.19539199769496918,0.24959999322891235,0.20345439985394478,0.20192000269889832,0.011017852138278918,20,0.031936001032590866,0.036479998379945755,0.034041600115597245,0.03380800038576126,0.00126618937338283,20,,,,,,,0.0681919977068901,0.0727040022611618,0.0698319997638464,0.06955200061202049,0.0011526615799057885,20,0.013311999849975109,0.014399999752640724,0.013588799955323338,0.013567999936640263,0.00022130370723464845,20,0.05075199902057648,0.05315199866890907,0.051911999471485615,0.05177599936723709,0.0006897374364120348,20,0.032127998769283295,0.03836800158023834,0.0333503995090723,0.03286399878561497,0.0013434899061599897,20,0.02735999971628189,0.03190400078892708,0.029110399913042782,0.02894399967044592,0.0012957867496269076,20,0.026815999299287796,0.02831999957561493,0.027534399926662446,0.027615999802947044,0.00047404052158172465,20,16,16,2048,10944,102400,True,False,False,752,2,2048,10944,generic,generic,2816,,CUDA_EVENT,BF16,none
,,,,,,,,,,,,0.027807999402284622,0.04543999955058098,0.03486719997599721,0.034512000158429146,0.006118847661695068,40,0.19523200392723083,0.25865599513053894,0.2047007992863655,0.20231999456882477,0.012931630148305808,20,0.032896000891923904,0.038816001266241074,0.034480000101029876,0.03395199961960316,0.0015949845692048625,20,,,,,,,0.06678400188684464,0.06992000341415405,0.06817760057747364,0.06806399673223495,0.0008795917305645022,20,0.01321600005030632,0.015552000142633915,0.013764800131320953,0.013488000258803368,0.0006281522919055377,20,0.0514880008995533,0.053568001836538315,0.05260640010237694,0.05257599987089634,0.0005034765575038351,20,0.03142400085926056,0.03488000109791756,0.032836799323558805,0.03268799930810928,0.0007611883125813404,20,0.02672000043094158,0.039712000638246536,0.029187200218439104,0.02884799987077713,0.0026215774660955458,20,0.02707199938595295,0.03014400042593479,0.02790879998356104,0.027664000168442726,0.0007107513316084294,20,16,16,2048,10944,102400,True,False,False,744,2,2048,10944,generic,generic,2816,,CUDA_EVENT,BF16,none
,,,,,,,,,,,,0.02876799926161766,0.04623999819159508,0.03619439997710287,0.035535999573767185,0.006805751516390926,40,0.20041599869728088,0.25494399666786194,0.20740639939904212,0.20510400086641312,0.011267927923711235,20,0.031647998839616776,0.03705599904060364,0.034110399708151815,0.033855998888611794,0.0014451985847026545,20,,,,,,,0.06838399916887283,0.07292799651622772,0.06958400085568428,0.06942399963736534,0.0010629339379902363,20,0.013183999806642532,0.014879999682307243,0.013648000033572315,0.013536000158637762,0.00042265439594392056,20,0.0517439991235733,0.0544000007212162,0.05311200022697449,0.05305600166320801,0.0006554050740035106,20,0.0318400003015995,0.034912001341581345,0.0327648002654314,0.03248000144958496,0.0008795576155601537,20,0.026496000587940216,0.03142400085926056,0.029185600019991396,0.029343999922275543,0.0011831552936408575,20,0.027775999158620834,0.028991999104619026,0.028259199950844048,0.028176000341773033,0.00028993125979393067,20,16,16,2048,10944,102400,True,False,False,736,2,2048,10944,generic,generic,2816,,CUDA_EVENT,BF16,none
,,,,,,,,,,,,0.028095999732613564,0.04438399896025658,0.03472959999926388,0.0343039995059371,0.006105270440024125,40,0.19836799800395966,0.2536959946155548,0.20650239959359168,0.20377600193023682,0.01133740328147322,20,0.03209599852561951,0.03759999945759773,0.03427839949727059,0.03407999873161316,0.001508744815486343,20,,,,,,,0.066880002617836,0.07052800059318542,0.06839680038392544,0.06788800284266472,0.0011082994550048225,20,0.013024000450968742,0.01616000011563301,0.013923199940472841,0.013712000101804733,0.0008817669649842502,20,0.0551999993622303,0.0586559996008873,0.056721599958837035,0.05681600049138069,0.0008137993819309437,20,0.0315839983522892,0.0331839993596077,0.03242719974368811,0.03248000144958496,0.0003877516350491555,20,0.02707199938595295,0.03033600002527237,0.029159999918192625,0.029279999434947968,0.0008875530808021384,20,0.027648000046610832,0.029440000653266907,0.028614399954676628,0.028624000027775764,0.000442086764851127,20,16,16,2048,10944,102400,True,False,False,728,2,2048,10944,generic,generic,2816,,CUDA_EVENT,BF16,none
,,,,,,,,,,,,0.02675200067460537,0.045343998819589615,0.03440319993533194,0.033983999863266945,0.006208906191878868,40,0.19513599574565887,0.26124799251556396,0.20565599873661994,0.20270399749279022,0.013353035118788775,20,0.03142400085926056,0.04022400081157684,0.03390399999916553,0.03331200033426285,0.0021516404212700868,20,,,,,,,0.06543999910354614,0.0711359977722168,0.06748959980905056,0.06699199974536896,0.0013196444321591076,20,0.013151999562978745,0.09001599997282028,0.018126399954780936,0.014192000031471252,0.01651755402927192,20,0.05392000079154968,0.060256000608205795,0.05598240029066801,0.055824000388383865,0.0012727182102979793,20,0.031328000128269196,0.03328000009059906,0.03173920009285212,0.03163199871778488,0.00042947689815547185,20,0.027488000690937042,0.03308799862861633,0.02931359987705946,0.029199999757111073,0.0011589774732333915,20,0.027583999559283257,0.02921600081026554,0.028183999937027693,0.028063999488949776,0.000398637940049118,20,16,16,2048,10944,102400,True,False,False,720,2,2048,10944,generic,generic,2816,,CUDA_EVENT,BF16,none
,,,,,,,,,,,,0.02735999971628189,0.044064000248909,0.03455759999342263,0.03419199958443642,0.006403836272360641,40,0.19782400131225586,0.25385600328445435,0.20590399950742722,0.20348799973726273,0.011534709649394197,20,0.03215999901294708,0.037408001720905304,0.03411359973251819,0.03379200026392937,0.0014939744952780075,20,,,,,,,0.06643199920654297,0.07027199864387512,0.06762560047209262,0.06727999821305275,0.0009521860389795811,20,0.013024000450968742,0.017343999817967415,0.014102400047704577,0.013584000058472157,0.001140390395836668,20,0.056832000613212585,0.05881600081920624,0.05768480021506548,0.05774400010704994,0.0006628150165657824,20,0.031231999397277832,0.03807999938726425,0.03227999992668629,0.03200000151991844,0.0013899155220479316,20,0.02812799997627735,0.030880000442266464,0.02925919983536005,0.029343999922275543,0.000765949063444822,20,0.028672000393271446,0.0306560005992651,0.02920959983021021,0.02908799983561039,0.0004276044087952781,20,16,16,2048,10944,102400,True,False,False,712,2,2048,10944,generic,generic,2816,,CUDA_EVENT,BF16,none
,,,,,,,,,,,,0.027807999402284622,0.04755200073122978,0.03534159995615482,0.03508800081908703,0.006224205212793467,40,0.19808000326156616,0.24905599653720856,0.20529600009322166,0.203855998814106,0.010517672278786002,20,0.032896000891923904,0.03788800165057182,0.0353328000754118,0.03510399907827377,0.0013228151678161063,20,,,,,,,0.06831999868154526,0.07187200337648392,0.06973120011389256,0.06955200061202049,0.0009891525044842257,20,0.013088000006973743,0.014816000126302242,0.013457599934190512,0.013327999971807003,0.0003967839780668962,20,0.05526399984955788,0.06019200012087822,0.05751200001686811,0.05713599920272827,0.0012398448946336767,20,0.032127998769283295,0.03542400151491165,0.032974399998784064,0.03268799930810928,0.0009738458834530115,20,0.026176000013947487,0.03097599931061268,0.029508800059556962,0.029551999643445015,0.0011907385349317374,20,0.029343999922275543,0.030432000756263733,0.029849600046873093,0.029888000339269638,0.00028417006183658504,20,16,16,2048,10944,102400,True,False,False,704,2,2048,10944,generic,generic,2816,,CUDA_EVENT,BF16,none
,,,,,,,,,,,,0.028896000236272812,0.044704001396894455,0.03573120003566146,0.034815999679267406,0.00613260952460222,40,0.19760000705718994,0.29254400730133057,0.20770240053534508,0.2040639966726303,0.019703807881564426,20,0.03286400064826012,0.044096000492572784,0.03536000028252602,0.03473600000143051,0.002794573008959528,20,,,,,,,0.06457599997520447,0.06886400282382965,0.066304000467062,0.06627199798822403,0.0011148684349755952,20,0.013151999562978745,0.02300800010561943,0.015748799964785575,0.015311999712139368,0.0022112504248351806,20,0.04918399825692177,0.051552001386880875,0.05009600017219782,0.049904000014066696,0.0006311796996179221,20,0.03145600110292435,0.032607998698949814,0.0319839995354414,0.0319839995354414,0.0003103334572370143,20,0.02864000014960766,0.031808000057935715,0.03009759997949004,0.030128000304102898,0.0008331975719906318,20,0.026464000344276428,0.027744000777602196,0.027081600110977887,0.02699200063943863,0.00039505430449370606,20,16,16,2048,10944,102400,True,False,False,696,2,2048,10944,generic,generic,2816,,CUDA_EVENT,BF16,none
,,,,,,,,,,,,0.028224000707268715,0.044064000248909,0.03533679996617138,0.03500800020992756,0.006113654141035267,40,0.19776000082492828,0.2621760070323944,0.20679360181093215,0.20452800393104553,0.013102663081349337,20,0.0331839993596077,0.043807998299598694,0.03500000014901161,0.033952001482248306,0.0025525463861528434,20,,,,,,,0.06566400080919266,0.07011199742555618,0.06729119978845119,0.06684800237417221,0.0013629998563223422,20,0.012864000163972378,0.026399999856948853,0.01573439999483526,0.014783999882638454,0.003235057538896385,20,0.05071999877691269,0.05196800082921982,0.05146400015801191,0.05152000114321709,0.0003471485327087565,20,0.03129599988460541,0.033695999532938004,0.032313599810004236,0.032287999987602234,0.0005260666408157612,20,0.027904000133275986,0.0350399985909462,0.0300735997967422,0.02985600009560585,0.0016957461937518923,20,0.027168000116944313,0.02879999950528145,0.02793600019067526,0.027984000742435455,0.00044108947966997435,20,16,16,2048,10944,102400,True,False,False,688,2,2048,10944,generic,generic,2816,,CUDA_EVENT,BF16,none
,,,,,,,,,,,,0.02800000086426735,0.04598399996757507,0.03537600007839501,0.03526400029659271,0.006285418236849012,40,0.1980160027742386,0.25231999158859253,0.2057040013372898,0.20359999686479568,0.01119710795037825,20,0.03232000023126602,0.03641600161790848,0.03408320005983114,0.034064000472426414,0.0011594383148926296,20,,,,,,,0.06457599997520447,0.06860800087451935,0.06603360027074814,0.0658080019056797,0.0009291841419255283,20,0.013088000006973743,0.01881599985063076,0.015347199887037278,0.014944000169634819,0.0015181090552615214,20,0.05027199909090996,0.05289600044488907,0.05175840016454458,0.05164799839258194,0.0006713505396126778,20,0.03110400028526783,0.033984001725912094,0.03241920014843345,0.03240000084042549,0.0006879551357134478,20,0.027583999559283257,0.03984000161290169,0.029689600132405757,0.029023999348282814,0.0024581253513952265,20,0.026847999542951584,0.029120000079274178,0.027536000218242408,0.027424000203609467,0.0005984514071937236,20,16,16,2048,10944,102400,True,False,False,680,2,2048,10944,generic,generic,2816,,CUDA_EVENT,BF16,none
,,,,,,,,,,,,0.027807999402284622,0.05008000135421753,0.03580560004338622,0.0382080003619194,0.006831368277297858,40,0.19657599925994873,0.2502399981021881,0.20620160028338433,0.20377600193023682,0.010727016208026326,20,0.0326399989426136,0.03923200070858002,0.034553599916398524,0.03404799848794937,0.001911008664409581,20,,,,,,,0.06384000182151794,0.06784000247716904,0.0654336005449295,0.06507200002670288,0.0011558425750102113,20,0.01369599997997284,0.02287999913096428,0.016559999948367477,0.016080000437796116,0.002123736828788102,20,0.04495999962091446,0.048448000103235245,0.046713600121438506,0.046512000262737274,0.0010794769463659273,20,0.03049599938094616,0.03299200162291527,0.031689600367099044,0.03150400146842003,0.0006114516147404333,20,0.027936000376939774,0.03513599932193756,0.029919999931007624,0.02977599948644638,0.001472521442403015,20,0.026367999613285065,0.028224000707268715,0.027211200073361398,0.027343999594449997,0.0004458548729651529,20,16,16,2048,10944,102400,True,False,False,672,2,2048,10944,generic,generic,2816,,CUDA_EVENT,BF16,none
,,,,,,,,,,,,0.027583999559283257,0.04809600114822388,0.035650400118902324,0.03502400033175945,0.0070569411346743955,40,0.1990399956703186,0.2553279995918274,0.20735359862446784,0.20494399964809418,0.011624000466057445,20,0.032127998769283295,0.035679999738931656,0.03342400025576353,0.03315199911594391,0.0009249881100319999,20,,,,,,,0.06377600133419037,0.06723199784755707,0.06488480009138584,0.06481600180268288,0.0009593738888634426,20,0.013407999649643898,0.018144000321626663,0.016024000057950617,0.016143999993801117,0.0012958964068055829,20,0.04800000041723251,0.050303999334573746,0.0494159996509552,0.04939199984073639,0.0005381213025633069,20,0.030400000512599945,0.03254399821162224,0.03163999989628792,0.03167999908328056,0.0004447739019000951,20,0.027904000133275986,0.031328000128269196,0.029601600021123886,0.029519999399781227,0.0008204413082745622,20,0.026176000013947487,0.033695999532938004,0.027540799975395203,0.027055999264121056,0.0016352992484109032,20,16,16,2048,10944,102400,True,False,False,664,2,2048,10944,generic,generic,2816,,CUDA_EVENT,BF16,none
,,,,,,,,,,,,0.02783999964594841,0.04912000149488449,0.03548319991677999,0.035599999129772186,0.006904438620681637,40,0.19625599682331085,0.2521919906139374,0.2062207989394665,0.20468799769878387,0.010969327308673447,20,0.03200000151991844,0.040832001715898514,0.03449440021067858,0.0340960007160902,0.002086794503204917,20,,,,,,,0.06387200206518173,0.0663679987192154,0.06498400010168552,0.06499200314283371,0.0007655875888756061,20,0.013439999893307686,0.02332800067961216,0.017011200124397875,0.01692800037562847,0.0019587923030646793,20,0.044415999203920364,0.05113599821925163,0.04876479990780354,0.04942400008440018,0.0018384796644450214,20,0.031488001346588135,0.03750399872660637,0.03263199999928475,0.03235200047492981,0.0011795753400715855,20,0.02755199931561947,0.03081599995493889,0.02941600000485778,0.029632000252604485,0.0008668323843474673,20,0.027488000690937042,0.029279999434947968,0.028350399900227786,0.028335999697446823,0.0004002526558835795,20,16,16,2048,10944,102400,True,False,False,656,2,2048,10944,generic,generic,2816,,CUDA_EVENT,BF16,none
,,,,,,,,,,,,0.027456000447273254,0.045152001082897186,0.03509920020587742,0.03636799938976765,0.006012278130757028,40,0.19686399400234222,0.25356799364089966,0.20549920126795768,0.20254399627447128,0.011552642363239673,20,0.03203200176358223,0.03907199949026108,0.034097599983215335,0.033743999898433685,0.0017695007252924294,20,,,,,,,0.0628800019621849,0.066880002617836,0.06465760022401809,0.06454399973154068,0.0010160928958599233,20,0.014399999752640724,0.01961600035429001,0.01699200002476573,0.01697599980980158,0.0013770414477235068,20,0.04927999898791313,0.05119999870657921,0.05027840007096529,0.05027199909090996,0.0006255652824212557,20,0.031647998839616776,0.03452799841761589,0.032846399769186976,0.03284800052642822,0.0006970913747159099,20,0.02768000029027462,0.031808000057935715,0.029868800099939107,0.029952000826597214,0.001093417004518784,20,0.02703999914228916,0.03500799834728241,0.02807679995894432,0.02763199992477894,0.0016573216540018813,20,16,16,2048,10944,102400,True,False,False,648,2,2048,10944,generic,generic,2816,,CUDA_EVENT,BF16,none
,,,,,,,,,,,,0.028031999245285988,0.05299200117588043,0.03589119999669492,0.035311998799443245,0.00705367348115133,40,0.19776000082492828,0.2535040080547333,0.20793120115995406,0.2062399983406067,0.01110818372507408,20,0.03203200176358223,0.03872000053524971,0.03458879999816418,0.03417599946260452,0.0016441867471689246,20,,,,,,,0.06921599805355072,0.08083199709653854,0.0711983997374773,0.07068800181150436,0.002493608301605002,20,0.013632000423967838,0.02521600015461445,0.016870400076732038,0.016063999384641647,0.0025429351296707287,20,0.047680001705884933,0.05008000135421753,0.048921599984169006,0.04896000027656555,0.0006226119444112013,20,0.0331839993596077,0.03574400022625923,0.03447839971631765,0.03444800153374672,0.0006970182137101854,20,0.02739199995994568,0.03161599859595299,0.029374399967491627,0.02932799980044365,0.0010958526687200258,20,0.026464000344276428,0.03302399814128876,0.02798559991642833,0.027744000777602196,0.0016287485049620827,20,16,16,2048,10944,102400,True,False,False,640,2,2048,10944,generic,generic,2816,,CUDA_EVENT,BF16,none
,,,,,,,,,,,,0.028031999245285988,0.04479999840259552,0.03505680002272129,0.034671999514102936,0.006115224244599895,40,0.19881600141525269,0.2500160038471222,0.2064479999244213,0.2043680027127266,0.01053908100529334,20,0.032255999743938446,0.03884800150990486,0.034099199995398524,0.033695999532938004,0.0016003971732347331,20,,,,,,,0.06265600025653839,0.06892800331115723,0.06464640013873577,0.0644799992442131,0.001468330086031521,20,0.014783999882638454,0.018271999433636665,0.01651680013164878,0.016751999966800213,0.0011593222830938682,20,0.047200001776218414,0.04995200037956238,0.04888000041246414,0.048976000398397446,0.0006521642350881163,20,0.033055998384952545,0.034912001341581345,0.034100799821317196,0.03412799909710884,0.0005171020598394198,20,0.02755199931561947,0.030559999868273735,0.029059199802577495,0.029071999713778496,0.0009676443557601475,20,0.026240000501275063,0.03625600039958954,0.027852800115942954,0.027456000447273254,0.0020106444146539026,20,16,16,2048,10944,102400,True,False,False,632,2,2048,10944,generic,generic,2816,,CUDA_EVENT,BF16,none
,,,,,,,,,,,,0.027424000203609467,0.04473600164055824,0.034726399648934606,0.03404800035059452,0.006305036155426144,40,0.1979839950799942,0.2924480140209198,0.2108064003288746,0.20465600490570068,0.022597206531812717,20,0.031968001276254654,0.039455998688936234,0.03377600014209747,0.03324799984693527,0.0016855675185397838,20,,,,,,,0.060736000537872314,0.06464000046253204,0.06226720027625561,0.06224000081419945,0.0009573445959803106,20,0.015519999898970127,0.021344000473618507,0.018574400106444955,0.018672000616788864,0.0015873248485466405,20,0.04758400097489357,0.050624001771211624,0.04891200009733439,0.04894400015473366,0.000708675435276819,20,0.03014400042593479,0.031936001032590866,0.03107840018346906,0.031120000407099724,0.00047642394235254947,20,0.02876799926161766,0.03136000037193298,0.029761600028723478,0.029600000008940697,0.0007036709963168756,20,0.02687999978661537,0.033344000577926636,0.027796799968928098,0.027552000246942043,0.0013383606606431554,20,16,16,2048,10944,102400,True,False,False,624,2,2048,10944,generic,generic,2816,,CUDA_EVENT,BF16,none
,,,,,,,,,,,,0.028672000393271446,0.04934399947524071,0.03558479994535446,0.03515200037509203,0.006179507693434114,40,0.19516800343990326,0.2516160011291504,0.20450399890542031,0.2017280012369156,0.011729778302195149,20,0.03267199918627739,0.03868800029158592,0.034438399598002434,0.03411199897527695,0.0013454696046140487,20,,,,,,,0.060736000537872314,0.06515199691057205,0.062284800224006176,0.06168000027537346,0.0013319613003525807,20,0.015744000673294067,0.022624000906944275,0.018262400198727845,0.017727999947965145,0.001809998336228465,20,0.04793599992990494,0.05119999870657921,0.04945919960737229,0.04947200044989586,0.0007255182832691751,20,0.03017600066959858,0.03215999901294708,0.031422400288283824,0.031408000737428665,0.0005038830392810298,20,0.028255999088287354,0.03129599988460541,0.029630399961024522,0.02953599952161312,0.0007169339954812201,20,0.02672000043094158,0.02831999957561493,0.02741600004956126,0.027343999594449997,0.0004306201394549355,20,16,16,2048,10944,102400,True,False,False,616,2,2048,10944,generic,generic,2816,,CUDA_EVENT,BF16,none
,,,,,,,,,,,,0.027583999559283257,0.050144001841545105,0.03524880018085241,0.03440000116825104,0.006667079291854564,40,0.19737599790096283,0.25276800990104675,0.20574720054864884,0.20339199900627136,0.011408993767638048,20,0.032255999743938446,0.03750399872660637,0.034716800041496756,0.03478400036692619,0.0013898427797072173,20,,,,,,,0.0639680027961731,0.06707199662923813,0.06535840034484863,0.0650080032646656,0.0008783671887831228,20,0.01283199992030859,0.018688000738620758,0.01614719987846911,0.016335999593138695,0.0014093594376626858,20,0.04975999891757965,0.05260799825191498,0.05118239969015122,0.051152000203728676,0.0006330400554412431,20,0.033695999532938004,0.036320000886917114,0.03453280031681061,0.034591998904943466,0.0005953442416919782,20,0.02723200060427189,0.03094400092959404,0.029120000079274178,0.028975999914109707,0.0010764564852674403,20,0.027327999472618103,0.028543999418616295,0.0276911998167634,0.02759999968111515,0.000352330832107129,20,16,16,2048,10944,102400,True,False,False,608,2,2048,10944,generic,generic,2816,,CUDA_EVENT,BF16,none
,,,,,,,,,,,,0.027648000046610832,0.04399999976158142,0.035217600082978605,0.0380800012499094,0.006161520562970801,40,0.19737599790096283,0.2596159875392914,0.20632799863815307,0.2035199999809265,0.012611351043899465,20,0.032287999987602234,0.03587200120091438,0.033894399926066396,0.033615998923778534,0.0009544693837145837,20,,,,,,,0.05961599946022034,0.06329599767923355,0.0611344002187252,0.060815999284386635,0.0010122057639572002,20,0.016767999157309532,0.03030399978160858,0.019819199852645398,0.01934400014579296,0.0028384427942178938,20,0.050144001841545105,0.054976001381874084,0.052142400108277795,0.051920000463724136,0.0011355027700141055,20,0.031199999153614044,0.03407999873161316,0.03204959947615862,0.031856000423431396,0.0006572454017064994,20,0.02860799990594387,0.0342399999499321,0.03001920022070408,0.029392000287771225,0.0013658378596518098,20,0.02630399912595749,0.02828799933195114,0.027307199966162442,0.027280000038444996,0.0005986031594888207,20,16,16,2048,10944,102400,True,False,False,600,2,2048,10944,generic,generic,2816,,CUDA_EVENT,BF16,none
,,,,,,,,,,,,0.027327999472618103,0.0451200008392334,0.03515519993379712,0.03787199966609478,0.006449436285463617,40,0.19491200149059296,0.2618879973888397,0.2039103999733925,0.20148800313472748,0.01370783951211927,20,0.03145600110292435,0.038975998759269714,0.03428479991853237,0.03385600075125694,0.001869780775191635,20,,,,,,,0.06067200005054474,0.06415999680757523,0.06198399998247624,0.06172800064086914,0.0010128391278231396,20,0.016767999157309532,0.022784000262618065,0.018795199878513812,0.018687999807298183,0.0015170591312352977,20,0.05222399905323982,0.05491200089454651,0.05323520004749298,0.053247999399900436,0.0006171440097463518,20,0.03171199932694435,0.03347200155258179,0.032614399865269664,0.032655999064445496,0.0004442818997305857,20,0.02768000029027462,0.03161599859595299,0.02966559985652566,0.029904000461101532,0.0010573796060166063,20,0.026367999613285065,0.028575999662280083,0.027396799996495247,0.027280000038444996,0.0005746005147036666,20,16,16,2048,10944,102400,True,False,False,592,2,2048,10944,generic,generic,2816,,CUDA_EVENT,BF16,none
,,,,,,,,,,,,0.02755199931561947,0.05347200110554695,0.03499599993228912,0.03390400018543005,0.006422236097821103,40,0.19590400159358978,0.2529599964618683,0.20524959936738013,0.2027679979801178,0.011667106302550639,20,0.03187200054526329,0.04047999903559685,0.034428799897432326,0.03380799852311611,0.002129692781544317,20,,,,,,,0.05974400043487549,0.06377600133419037,0.06153279989957809,0.061503998935222626,0.0010410038679731992,20,0.0161920003592968,0.023072000592947006,0.01945919990539551,0.019360000267624855,0.0017885939188664476,20,0.05167999863624573,0.05455999821424484,0.05287679992616177,0.05276799947023392,0.0008744492925026541,20,0.03152000159025192,0.033984001725912094,0.03277120012789965,0.03268799930810928,0.0005657666651630604,20,0.02768000029027462,0.03827200084924698,0.030073600262403487,0.029872000217437744,0.002238710647066244,20,0.02691200003027916,0.028511999174952507,0.027652799617499113,0.02766399923712015,0.0004405406139429594,20,16,16,2048,10944,102400,True,False,False,584,2,2048,10944,generic,generic,2816,,CUDA_EVENT,BF16,none
,,,,,,,,,,,,0.027904000133275986,0.04598399996757507,0.03547840006649494,0.034976000897586346,0.006447838179082251,40,0.19766399264335632,0.2868160009384155,0.20791200026869774,0.20401600003242493,0.01843575242930509,20,0.032575998455286026,0.042047999799251556,0.03461760003119707,0.034112000837922096,0.0020408273867564756,20,,,,,,,0.05913599953055382,0.06531199812889099,0.06055999994277954,0.060127999633550644,0.0015282302773103925,20,0.01772800087928772,0.030208000913262367,0.02108960021287203,0.020256000570952892,0.002998666161685385,20,0.05145600065588951,0.05596800148487091,0.05373120047152043,0.05342400074005127,0.0011983949285191576,20,0.030208000913262367,0.03363199904561043,0.030761599726974963,0.03057599999010563,0.000732100780462606,20,0.028351999819278717,0.03440000116825104,0.0296896000392735,0.029248000122606754,0.0013124918443909533,20,0.02751999907195568,0.03081599995493889,0.028238399978727104,0.02807999961078167,0.0006956946655676854,20,16,16,2048,10944,102400,True,False,False,576,2,2048,10944,generic,generic,2816,,CUDA_EVENT,BF16,none
,,,,,,,,,,,,0.02860799990594387,0.04524800181388855,0.035752800107002256,0.034976000897586346,0.006303902754927879,40,0.19625599682331085,0.2511039972305298,0.20456319823861122,0.2019839957356453,0.011208469108615626,20,0.03280000016093254,0.03654399886727333,0.03408959992229939,0.03379200026392937,0.0009957145087869023,20,,,,,,,0.05881600081920624,0.06329599767923355,0.060648000054061416,0.06043200008571148,0.0012100007412033432,20,0.017472000792622566,0.03129599988460541,0.020513600017875434,0.019519999623298645,0.0030238640846487535,20,0.04598399996757507,0.04873599857091904,0.0473855996504426,0.04742399975657463,0.000655148447812673,20,0.029503999277949333,0.03155200183391571,0.0306640001013875,0.030704000033438206,0.00045332576336838643,20,0.027904000133275986,0.030880000442266464,0.029545600060373545,0.029600000008940697,0.0007544199427341255,20,0.026335999369621277,0.03129599988460541,0.027255999855697155,0.026991999708116055,0.0010383926368484338,20,16,16,2048,10944,102400,True,False,False,568,2,2048,10944,generic,generic,2816,,CUDA_EVENT,BF16,none
,,,,,,,,,,,,0.027615999802947044,0.044576000422239304,0.03497600005939603,0.035072000697255135,0.0060925639313599254,40,0.19472000002861023,0.2500160038471222,0.20479840114712716,0.2022560015320778,0.01249373465618741,20,0.03215999901294708,0.04041599854826927,0.034780799970030786,0.034272000193595886,0.001859827557827631,20,,,,,,,0.05910399928689003,0.061824001371860504,0.06009760033339262,0.06000000052154064,0.0007007545071648729,20,0.018239999189972878,0.023264000192284584,0.020849599968641996,0.0208959998562932,0.0012904961324757256,20,0.04726399853825569,0.04934399947524071,0.04784480016678572,0.04779199883341789,0.0004846999839590504,20,0.0297279991209507,0.0318400003015995,0.030966400075703858,0.030976000241935253,0.0005062784831289724,20,0.02831999957561493,0.030239999294281006,0.029550400003790854,0.02961600013077259,0.0005201820105550875,20,0.02687999978661537,0.029279999434947968,0.027598399948328734,0.027535999193787575,0.00048334555968855916,20,16,16,2048,10944,102400,True,False,False,560,2,2048,10944,generic,generic,2816,,CUDA_EVENT,BF16,none
,,,,,,,,,,,,0.027264000847935677,0.046879999339580536,0.034706399962306025,0.0341760003939271,0.006579490659882735,40,0.19571200013160706,0.25088000297546387,0.20381280034780502,0.2011999934911728,0.011350614280516062,20,0.03283200040459633,0.03763199970126152,0.03476000037044287,0.034463999792933464,0.00131872893319302,20,,,,,,,0.05724800005555153,0.06092799827456474,0.058934399858117104,0.059039998799562454,0.0009233041743109236,20,0.018592000007629395,0.02521600015461445,0.022035199962556363,0.022079999558627605,0.0020125023692081473,20,0.04707200080156326,0.05206400156021118,0.047969600185751915,0.04769599996507168,0.0010423592962597336,20,0.030271999537944794,0.031936001032590866,0.031187199987471104,0.031183999963104725,0.00046354749407250803,20,0.02879999950528145,0.031231999397277832,0.029873600136488675,0.029680000618100166,0.0006961358291353404,20,0.026784000918269157,0.02816000021994114,0.02739360025152564,0.027343999594449997,0.00038962217376459343,20,16,16,2048,10944,102400,True,False,False,552,2,2048,10944,generic,generic,2816,,CUDA_EVENT,BF16,none
,,,,,,,,,,,,0.02739199995994568,0.04467200115323067,0.03535679979249835,0.039824001491069794,0.0066158937873708485,40,0.19644799828529358,0.24512000381946564,0.20380960106849672,0.20183999836444855,0.0100698085842092,20,0.03235200047492981,0.037087999284267426,0.03415040019899607,0.03376000002026558,0.001275174766852913,20,,,,,,,0.05846399813890457,0.06838399916887283,0.06014079973101616,0.05984000116586685,0.002059751331939106,20,0.016095999628305435,0.028672000393271446,0.020929599925875664,0.020767999812960625,0.002667588733096925,20,0.04492799937725067,0.0488319993019104,0.046876800060272214,0.04689599946141243,0.001141682743012627,20,0.031199999153614044,0.03283200040459633,0.03194079976528883,0.031968001276254654,0.0003609444806143624,20,0.028672000393271446,0.031808000057935715,0.029927999898791312,0.029872000217437744,0.0009128628971468027,20,0.026976000517606735,0.02844800055027008,0.02771840002387762,0.027712000533938408,0.0003955076243803466,20,16,16,2048,10944,102400,True,False,False,544,2,2048,10944,generic,generic,2816,,CUDA_EVENT,BF16,none
,,,,,,,,,,,,0.027264000847935677,0.04275200143456459,0.03433519979007542,0.03374399896711111,0.006179996503550355,40,0.19539199769496918,0.28198400139808655,0.20570559948682784,0.2017119973897934,0.01791169061871579,20,0.03206399828195572,0.04358400031924248,0.03404959999024868,0.033583998680114746,0.0024511140403069157,20,,,,,,,0.0570559985935688,0.060575999319553375,0.058155199885368346,0.05787200108170509,0.0008486505369702945,20,0.018239999189972878,0.02707199938595295,0.022078400198370218,0.022048000246286392,0.001994975604674864,20,0.04524800181388855,0.053408000618219376,0.04627040009945631,0.04577599838376045,0.0017108925501483337,20,0.03152000159025192,0.03276799991726875,0.03205919992178678,0.03195200115442276,0.00038350264240678676,20,0.02796800062060356,0.031007999554276466,0.029462400078773498,0.029584000818431377,0.0008572236141615197,20,0.02505600079894066,0.02860799990594387,0.026873600110411643,0.026815999299287796,0.000938784198750874,20,16,16,2048,10944,102400,True,False,False,536,2,2048,10944,generic,generic,2816,,CUDA_EVENT,BF16,none
,,,,,,,,,,,,0.027168000116944313,0.046112000942230225,0.03498320006765425,0.03502400033175945,0.006713187149265109,40,0.19433599710464478,0.2850880026817322,0.20520800054073335,0.20147199928760529,0.018756300246403207,20,0.031808000057935715,0.041439998894929886,0.03399839960038662,0.033568000420928,0.0020614922899013536,20,,,,,,,0.05587200075387955,0.06233600154519081,0.057171200029551984,0.05700800009071827,0.0013341890961087368,20,0.021023999899625778,0.02812799997627735,0.023331200145184992,0.022832000628113747,0.0015775028129237183,20,0.043935999274253845,0.04835199937224388,0.0461472000926733,0.04614400118589401,0.0014309727402598167,20,0.02937600016593933,0.0306560005992651,0.030086399987339973,0.030160000547766685,0.00030249734665779734,20,0.02831999957561493,0.03235200047492981,0.029910400044173002,0.02967999968677759,0.0010806860662319181,20,0.02672000043094158,0.029952000826597214,0.027473599929362536,0.027216000482439995,0.0007030885130041963,20,16,16,2048,10944,102400,True,False,False,528,2,2048,10944,generic,generic,2816,,CUDA_EVENT,BF16,none
,,,,,,,,,,,,0.02687999978661537,0.04492799937725067,0.03448480009101331,0.0348959993571043,0.006331293589763607,40,0.1952960044145584,0.2617279887199402,0.20374079793691635,0.201152004301548,0.013701652394204624,20,0.03190400078892708,0.037376001477241516,0.03381440006196499,0.033296000212430954,0.001578028609847862,20,,,,,,,0.056063998490571976,0.05939200147986412,0.057344000227749346,0.05689600110054016,0.001016926008769912,20,0.020096000283956528,0.02691200003027916,0.023731200024485588,0.02396799996495247,0.0019120205622875721,20,0.04608000069856644,0.04822399839758873,0.04682240001857281,0.04667200148105621,0.000540278693754312,20,0.02969600073993206,0.03171199932694435,0.03051039995625615,0.030447999946773052,0.0005308986697994271,20,0.027775999158620834,0.03171199932694435,0.029742400161921978,0.029424000531435013,0.0009753690044031662,20,0.026176000013947487,0.028063999488949776,0.026875200122594832,0.026736000552773476,0.0005490845010608658,20,16,16,2048,10944,102400,True,False,False,520,2,2048,10944,generic,generic,2816,,CUDA_EVENT,BF16,none
,,,,,,,,,,,,0.02739199995994568,0.0432640016078949,0.03441920024342835,0.03652799874544144,0.00590761426000863,40,0.19334399700164795,0.2524160146713257,0.20152319893240928,0.19913599640130997,0.012115536395411105,20,0.03222399950027466,0.04134399816393852,0.034575999900698665,0.033904001116752625,0.0025737328706589373,20,,,,,,,0.05711999908089638,0.06035200133919716,0.058812799863517284,0.05897599831223488,0.0009260618100874816,20,0.01833599992096424,0.027648000046610832,0.02214400004595518,0.021568000316619873,0.0021174714716672744,20,0.04467200115323067,0.04787199944257736,0.04544799979776144,0.0453759990632534,0.0006598423328310219,20,0.030208000913262367,0.03152000159025192,0.030739200115203858,0.0306560005992651,0.00034187651235886136,20,0.029120000079274178,0.03139200061559677,0.02991840001195669,0.029904000461101532,0.0005624609846402721,20,0.026847999542951584,0.034591998904943466,0.02797919986769557,0.02759999968111515,0.0015842511160347108,20,16,16,2048,10944,102400,True,False,False,512,2,2048,10944,generic,generic,2816,,CUDA_EVENT,BF16,none
,,,,,,,,,,,,0.027135999873280525,0.04588799923658371,0.03499679979868233,0.037024000659585,0.006139784062113233,40,0.19459199905395508,0.2504960000514984,0.2027039997279644,0.19991999864578247,0.01168511279767279,20,0.03215999901294708,0.03884800150990486,0.0340896001085639,0.033695999532938004,0.0016293345946448979,20,,,,,,,0.05478399991989136,0.05820799991488457,0.05632160007953644,0.05619199946522713,0.0009714240614349666,20,0.02099199965596199,0.02848000079393387,0.024099200125783683,0.023984000086784363,0.0016619650351436257,20,0.04499199986457825,0.048287998884916306,0.04588479995727539,0.045823998749256134,0.0007989044979800804,20,0.030400000512599945,0.03167999908328056,0.031144000217318536,0.031088000163435936,0.0003303716849192934,20,0.02828799933195114,0.04198399931192398,0.030087999906390904,0.029311999678611755,0.0028586027321762697,20,0.02595200017094612,0.028095999732613564,0.02673279996961355,0.026575999334454536,0.00047088957243987935,20,16,16,2048,10944,102400,True,False,False,504,2,2048,10944,generic,generic,2816,,CUDA_EVENT,BF16,none
,,,,,,,,,,,,0.027807999402284622,0.04464000090956688,0.03464240017347038,0.036847999319434166,0.005833675230608928,40,0.1936960071325302,0.26364800333976746,0.20328799933195113,0.2011839970946312,0.014263682371699435,20,0.03136000037193298,0.03884800150990486,0.03376640006899834,0.03355200029909611,0.0016110849275511538,20,,,,,,,0.05580800026655197,0.06019200012087822,0.05807200018316507,0.058159999549388885,0.0012288525024014558,20,0.020096000283956528,0.026847999542951584,0.022974400129169226,0.022607999853789806,0.00163311256465072,20,0.04527999833226204,0.047168001532554626,0.046182399801909926,0.04609600082039833,0.00044715402222922167,20,0.03129599988460541,0.03356799855828285,0.03203200027346611,0.031936001032590866,0.0005311417098936267,20,0.02783999964594841,0.03097599931061268,0.02971359994262457,0.029791999608278275,0.0006298780093619863,20,0.026688000187277794,0.034591998904943466,0.027774399798363446,0.027487999759614468,0.001635117571805929,20,16,16,2048,10944,102400,True,False,False,496,2,2048,10944,generic,generic,2816,,CUDA_EVENT,BF16,none
,,,,,,,,,,,,0.027583999559283257,0.045823998749256134,0.034688799921423194,0.03755199909210205,0.0060083546373870126,40,0.19363200664520264,0.25644800066947937,0.2023551993072033,0.2001280039548874,0.012928893059086842,20,0.03206399828195572,0.03667199984192848,0.03351679965853691,0.03288000077009201,0.0013647694049729344,20,,,,,,,0.054655998945236206,0.06480000168085098,0.056571200117468835,0.05617599934339523,0.0021481104040202183,20,0.021824000403285027,0.03177599981427193,0.02473600022494793,0.02479999978095293,0.0022454332420338047,20,0.046112000942230225,0.04848000034689903,0.04723039958626032,0.04721600003540516,0.0006829937078101511,20,0.03136000037193298,0.03315199911594391,0.032304000295698646,0.03235200047492981,0.00047737910944312085,20,0.027775999158620834,0.03232000023126602,0.02952800001949072,0.029439999721944332,0.001188224811391676,20,0.026208000257611275,0.03452799841761589,0.02740639988332987,0.027040000073611736,0.0016862045873744672,20,16,16,2048,10944,102400,True,False,False,488,2,2048,10944,generic,generic,2816,,CUDA_EVENT,BF16,none
,,,,,,,,,,,,0.02611199952661991,0.04214400053024292,0.03363520000129938,0.0331679992377758,0.005922930288326389,40,0.1924159973859787,0.2486400008201599,0.2022767998278141,0.20059199631214142,0.011689628419652114,20,0.03152000159025192,0.03545600175857544,0.0330576004460454,0.03284800052642822,0.0011600816815649612,20,,,,,,,0.053247999399900436,0.05708799883723259,0.05456319991499185,0.054368000477552414,0.0008451816166983674,20,0.02393599972128868,0.03030399978160858,0.02606719993054867,0.025968000292778015,0.0015017992007247914,20,0.048128001391887665,0.050175998359918594,0.0490879999473691,0.04894400015473366,0.0006240410385563065,20,0.028960000723600388,0.03830400109291077,0.03032320011407137,0.029823999851942062,0.0018950757889141412,20,0.028255999088287354,0.032416000962257385,0.029603200033307076,0.02940800040960312,0.001115093470784769,20,0.026016000658273697,0.02800000086426735,0.027043200191110374,0.0272000003606081,0.0006156071676633041,20,16,16,2048,10944,102400,True,False,False,480,2,2048,10944,generic,generic,2816,,CUDA_EVENT,BF16,none
,,,,,,,,,,,,0.026847999542951584,0.04355200007557869,0.0340952000580728,0.033568000420928,0.0060932572239858806,40,0.19283199310302734,0.2758080065250397,0.20399520173668861,0.20057600736618042,0.016829093789920115,20,0.03155200183391571,0.0416640006005764,0.03411040008068085,0.03331200033426285,0.0023523693010204672,20,,,,,,,0.0533440001308918,0.05593600124120712,0.054729600064456464,0.054687999188899994,0.0008363640091722834,20,0.02284800074994564,0.03244800120592117,0.026630400121212004,0.02532800007611513,0.0025449682544930094,20,0.043487999588251114,0.04556800052523613,0.0445040000602603,0.04443199932575226,0.0005799752126237698,20,0.029920000582933426,0.032255999743938446,0.03068960001692176,0.03057599999010563,0.000532439555595307,20,0.028416000306606293,0.031136000528931618,0.029761599935591222,0.029839999973773956,0.0006708924103555994,20,0.025312000885605812,0.02783999964594841,0.026486399956047534,0.02643200010061264,0.0005819338458266328,20,16,16,2048,10944,102400,True,False,False,472,2,2048,10944,generic,generic,2816,,CUDA_EVENT,BF16,none
,,,,,,,,,,,,0.026528000831604004,0.054368000477552414,0.034249600116163494,0.03558399900794029,0.0065832883347065945,40,0.1942719966173172,0.24729600548744202,0.20311680063605309,0.20028799772262573,0.011159582549401149,20,0.03190400078892708,0.03654399886727333,0.033564800210297105,0.03332800045609474,0.001324308994948997,20,,,,,,,0.05353600159287453,0.05641600117087364,0.05459679998457432,0.05432000011205673,0.0006970768471905632,20,0.023135999217629433,0.03446400165557861,0.02661600010469556,0.026304000057280064,0.0025497171748257116,20,0.049056001007556915,0.061344001442193985,0.050617600232362746,0.050224000588059425,0.0025458532387120213,20,0.02937600016593933,0.030848000198602676,0.030132799968123437,0.030160000547766685,0.00040632140200733916,20,0.028511999174952507,0.030848000198602676,0.029708800092339515,0.029600000008940697,0.0006198756290197908,20,0.02627200074493885,0.02864000014960766,0.027024000138044357,0.026928000152111053,0.0005683492005954307,20,16,16,2048,10944,102400,True,False,False,464,2,2048,10944,generic,generic,2816,,CUDA_EVENT,BF16,none
,,,,,,,,,,,,0.027264000847935677,0.04307200014591217,0.0339903999119997,0.033440000377595425,0.006058218491366357,40,0.19359999895095825,0.25331199169158936,0.20189919844269752,0.1996000036597252,0.012112213113379844,20,0.03209599852561951,0.03753599897027016,0.033779199607670306,0.033503999933600426,0.001324096618586475,20,,,,,,,0.052671998739242554,0.05567999929189682,0.05379359982907772,0.05371199920773506,0.0008131700366096158,20,0.024512000381946564,0.033440001308918,0.026833599992096425,0.026815999299287796,0.001965552527433842,20,0.04460800066590309,0.0469760000705719,0.04613920021802187,0.04622399993240833,0.000618707653611665,20,0.029440000653266907,0.031039999797940254,0.029846400115638973,0.02969600073993206,0.0003645893877622943,20,0.028511999174952507,0.03548799827694893,0.02976799998432398,0.029440000653266907,0.001450128582114328,20,0.025472000241279602,0.02816000021994114,0.026423999946564435,0.026399999856948853,0.0007098575521139909,20,16,16,2048,10944,102400,True,False,False,456,2,2048,10944,generic,generic,2816,,CUDA_EVENT,BF16,none
,,,,,,,,,,,,0.027775999158620834,0.0451200008392334,0.03479039990343154,0.03456000052392483,0.0062447991184363455,40,0.1950719952583313,0.25619199872016907,0.20353440046310425,0.20156800001859665,0.012606336478213109,20,0.03190400078892708,0.03929600119590759,0.03470399994403124,0.03409599885344505,0.0020155811023054434,20,,,,,,,0.054016001522541046,0.05849599838256836,0.055769600346684454,0.055424001067876816,0.0012802236646875923,20,0.024032000452280045,0.03155200183391571,0.026060800161212684,0.025824000127613544,0.001724007468139202,20,0.04255999997258186,0.04739199951291084,0.04510719962418079,0.04519999958574772,0.0010396994686160943,20,0.030880000442266464,0.03331200033426285,0.031691200099885464,0.031568000093102455,0.0004990639817144674,20,0.028416000306606293,0.03200000151991844,0.029566399939358234,0.029488000087440014,0.0008178161894959848,20,0.02518399991095066,0.029184000566601753,0.026768000051379203,0.026688000187277794,0.00081285671359644,20,16,16,2048,10944,102400,True,False,False,448,2,2048,10944,generic,generic,2816,,CUDA_EVENT,BF16,none
,,,,,,,,,,,,0.0272000003606081,0.04444799944758415,0.03452799986116588,0.03372799977660179,0.006329908163788537,40,0.19468800723552704,0.25411200523376465,0.20481440052390099,0.2029919996857643,0.012032428167812251,20,0.031936001032590866,0.03673600032925606,0.033814399503171444,0.03376000002026558,0.0012742710857356926,20,,,,,,,0.052191998809576035,0.055904000997543335,0.05385600011795759,0.05375999957323074,0.0009484103275534195,20,0.02473600022494793,0.035071998834609985,0.027363199926912784,0.027008000761270523,0.002197561267817216,20,0.0427200011909008,0.04499199986457825,0.043676800280809405,0.04376000165939331,0.0005237550236044669,20,0.030112000182271004,0.031647998839616776,0.03087519994005561,0.03094400092959404,0.0004023959420890176,20,0.028351999819278717,0.030688000842928886,0.02955840015783906,0.0294560007750988,0.0005225024355859881,20,0.025855999439954758,0.0289280004799366,0.026779199857264756,0.0267359996214509,0.0007309234727762455,20,16,16,2048,10944,102400,True,False,False,440,2,2048,10944,generic,generic,2816,,CUDA_EVENT,BF16,none
,,,,,,,,,,,,0.027488000690937042,0.04371200129389763,0.034883200144395235,0.03742399998009205,0.005936430527183832,40,0.19568000733852386,0.25548800826072693,0.20417920127511024,0.20259200036525726,0.012119037150970355,20,0.03174399957060814,0.038975998759269714,0.034187200106680395,0.03347199968993664,0.0018089557207907447,20,,,,,,,0.05193600058555603,0.055424001067876816,0.05334400050342083,0.05321599915623665,0.0009093857494851202,20,0.02457600086927414,0.03097599931061268,0.027865600027143955,0.02831999957561493,0.0016848416013524059,20,0.04307200014591217,0.04508800059556961,0.04382560010999441,0.04368000105023384,0.0005380831930109958,20,0.02924799919128418,0.031808000057935715,0.030243199970573186,0.03033600002527237,0.000569734928741536,20,0.02876799926161766,0.03126399964094162,0.029849599953740834,0.029664000496268272,0.0006695268515557785,20,0.025760000571608543,0.029759999364614487,0.026947199925780298,0.026783999986946583,0.0008594783654682089,20,16,16,2048,10944,102400,True,False,False,432,2,2048,10944,generic,generic,2816,,CUDA_EVENT,BF16,none
,,,,,,,,,,,,0.02672000043094158,0.04464000090956688,0.03462720001116395,0.03404800035059452,0.0065448910227023155,40,0.19337600469589233,0.251583993434906,0.20192480012774466,0.20014400035142899,0.011660002383163132,20,0.03219199925661087,0.03791999816894531,0.0337840000167489,0.03319999948143959,0.0013585069749980057,20,,,,,,,0.05177599936723709,0.05564799904823303,0.05314239952713251,0.05270400084555149,0.001117258439540165,20,0.026016000658273697,0.033663999289274216,0.028425599914044142,0.027999999932944775,0.0018758142080156483,20,0.04028800129890442,0.0424639992415905,0.04113919977098703,0.0411360003054142,0.00047629507979109187,20,0.02921600081026554,0.03017600066959858,0.02975520007312298,0.029695999808609486,0.0003036250980704618,20,0.028863999992609024,0.038495998829603195,0.03049280010163784,0.02979200053960085,0.002220737562379024,20,0.025919999927282333,0.028543999418616295,0.026979199890047312,0.026991999708116055,0.0006522743152850367,20,16,16,2048,10944,102400,True,False,False,424,2,2048,10944,generic,generic,2816,,CUDA_EVENT,BF16,none
,,,,,,,,,,,,0.027168000116944313,0.04982399940490723,0.034349599946290256,0.03393599949777126,0.006405041719010733,40,0.194240003824234,0.24956800043582916,0.20249439999461175,0.19964800029993057,0.011932788685560193,20,0.031647998839616776,0.03654399886727333,0.03351839985698461,0.03335999883711338,0.001311940708017912,20,,,,,,,0.05142400041222572,0.055776000022888184,0.05316959973424673,0.05323199927806854,0.0010433411855088799,20,0.02489599958062172,0.03094400092959404,0.027481599990278483,0.02729600016027689,0.0018378868707423512,20,0.044576000422239304,0.048895999789237976,0.04737119972705841,0.047520000487565994,0.0009944368424785067,20,0.0315839983522892,0.033376000821590424,0.032612800039350985,0.03270399942994118,0.00041971021021020916,20,0.02755199931561947,0.030400000512599945,0.029403200000524522,0.029600000008940697,0.0008025735095953638,20,0.025855999439954758,0.03331200033426285,0.027353599946945906,0.027247999794781208,0.0014687129144198537,20,16,16,2048,10944,102400,True,False,False,416,2,2048,10944,generic,generic,2816,,CUDA_EVENT,BF16,none
,,,,,,,,,,,,0.027712000533938408,0.05027199909090996,0.03462479976005852,0.034703999757766724,0.0061542724925429644,40,0.19411200284957886,0.2768000066280365,0.20462560057640075,0.2001120001077652,0.01731697368526713,20,0.03209599852561951,0.03859199956059456,0.03405600003898144,0.033503999933600426,0.0017091976194620908,20,,,,,,,0.051392000168561935,0.05395200103521347,0.05250399988144636,0.05230399966239929,0.0006886233290172819,20,0.026016000658273697,0.03996799886226654,0.028897600155323742,0.028256000019609928,0.0029300096338129135,20,0.042399998754262924,0.04419200122356415,0.04334560018032789,0.04334400035440922,0.00045889368091341505,20,0.029279999434947968,0.031199999153614044,0.030031999852508307,0.029999999329447746,0.00037543787479860666,20,0.02879999950528145,0.032255999743938446,0.029888000059872865,0.02980799973011017,0.0008533865907090552,20,0.02550400048494339,0.028672000393271446,0.026799999922513962,0.0266720000654459,0.0007796778217289377,20,16,16,2048,10944,102400,True,False,False,408,2,2048,10944,generic,generic,2816,,CUDA_EVENT,BF16,none
,,,,,,,,,,,,0.02735999971628189,0.04291199892759323,0.034144800063222645,0.03414400015026331,0.005736621491187622,40,0.1945600062608719,0.3020159900188446,0.20538240000605584,0.20070400089025497,0.022475861750269832,20,0.031136000528931618,0.04032000154256821,0.033560000080615285,0.03294399939477444,0.0020908491016393164,20,,,,,,,0.05084799975156784,0.058400001376867294,0.05280480049550533,0.05225599929690361,0.0016362386277337878,20,0.02534399926662445,0.04076800122857094,0.02910720007494092,0.028335999697446823,0.0031826958382601927,20,0.04131200164556503,0.05238400027155876,0.04323200006037951,0.04230399988591671,0.002906579520486471,20,0.03049599938094616,0.03404799848794937,0.03134719990193844,0.031215999275445938,0.000731911930838802,20,0.028543999418616295,0.035711999982595444,0.03023679992184043,0.030063999816775322,0.0014600524384050816,20,0.026367999613285065,0.033376000821590424,0.027841600030660628,0.027248000726103783,0.00169386962752455,20,16,16,2048,10944,102400,True,False,False,400,2,2048,10944,generic,generic,2816,,CUDA_EVENT,BF16,none
,,,,,,,,,,,,0.027103999629616737,0.04227200150489807,0.03365119993686676,0.033440000377595425,0.0057693781147137,40,0.19340799748897552,0.2627519965171814,0.20283199921250344,0.1998080015182495,0.014175748472368238,20,0.03126399964094162,0.04054399952292442,0.0334655998274684,0.03295999951660633,0.002053008772211179,20,,,,,,,0.050655998289585114,0.055456001311540604,0.05241759978234768,0.052239999175071716,0.001350706505415104,20,0.02550400048494339,0.037087999284267426,0.029225600138306617,0.028239999897778034,0.0030825504676459878,20,0.04303999990224838,0.047040000557899475,0.04519839975982905,0.04552000015974045,0.0011317542267206366,20,0.030112000182271004,0.0318400003015995,0.030924800131469966,0.030928000807762146,0.0004875563006802832,20,0.027583999559283257,0.03215999901294708,0.029687999840825798,0.02971199993044138,0.0010422314668323519,20,0.02595200017094612,0.030848000198602676,0.027185600157827138,0.026959999464452267,0.0009974290521555056,20,16,16,2048,10944,102400,True,False,False,392,2,2048,10944,generic,generic,2816,,CUDA_EVENT,BF16,none
,,,,,,,,,,,,0.027648000046610832,0.045184001326560974,0.034238399984315035,0.034128000028431416,0.005775897747294347,40,0.19382399320602417,0.24991999566555023,0.20286399945616723,0.2006240040063858,0.011923584980305647,20,0.02956799976527691,0.036448001861572266,0.03296479964628816,0.03271999955177307,0.0016628697984515917,20,,,,,,,0.05087999999523163,0.05471999943256378,0.05242399964481592,0.05230399966239929,0.0010918461986549426,20,0.027264000847935677,0.033215999603271484,0.029487999994307755,0.029600000008940697,0.001507451225648069,20,0.043327998369932175,0.04665600135922432,0.04502559956163168,0.04492799937725067,0.0009001890341911182,20,0.028543999418616295,0.036768000572919846,0.029731199890375138,0.02929599955677986,0.0016916443601591737,20,0.02816000021994114,0.03142400085926056,0.029904000088572504,0.02967999968677759,0.0007746050432632047,20,0.025728000327944756,0.02908799983561039,0.027174400072544812,0.026944000273942947,0.0008395716476911172,20,16,16,2048,10944,102400,True,False,False,384,2,2048,10944,generic,generic,2816,,CUDA_EVENT,BF16,none
,,,,,,,,,,,,0.027871999889612198,0.04438399896025658,0.03468959988094866,0.036768000572919846,0.005835210874355345,40,0.19353599846363068,0.2552320063114166,0.202190400660038,0.1995999962091446,0.01242766351293423,20,0.031168000772595406,0.040031999349594116,0.033558400440961124,0.03302400000393391,0.0020173984718585675,20,,,,,,,0.05052800104022026,0.05363199859857559,0.0516847999766469,0.05152000114321709,0.00067604652564261,20,0.026688000187277794,0.03951999917626381,0.03004320003092289,0.029248000122606754,0.00287947133009698,20,0.04153599962592125,0.043935999274253845,0.04232960008084774,0.042128000408411026,0.0006144165138082145,20,0.02937600016593933,0.03097599931061268,0.03003040011972189,0.02993600070476532,0.0003450178768389959,20,0.028863999992609024,0.03248000144958496,0.02997120013460517,0.029664000496268272,0.0008239242339622621,20,0.02579200081527233,0.02783999964594841,0.026713599916547537,0.026480000466108322,0.0006570215796847914,20,16,16,2048,10944,102400,True,False,False,376,2,2048,10944,generic,generic,2816,,CUDA_EVENT,BF16,none
,,,,,,,,,,,,0.027936000376939774,0.04412800073623657,0.03487440003082156,0.03718400001525879,0.005858674394654391,40,0.19312000274658203,0.25068798661231995,0.20137759894132615,0.19897600263357162,0.011808519274063326,20,0.031647998839616776,0.0395519994199276,0.03411359991878271,0.033663999289274216,0.002205040737902928,20,,,,,,,0.050655998289585114,0.05488000065088272,0.05184960030019283,0.051632000133395195,0.0010448920802163776,20,0.027424000203609467,0.03497600182890892,0.029881600104272366,0.02980799973011017,0.0016512313792079302,20,0.04211200028657913,0.04390399903059006,0.042735999822616576,0.04267200082540512,0.0004558734900848987,20,0.029440000653266907,0.030719999223947525,0.030057599861174823,0.029920000582933426,0.0003916700093142823,20,0.028416000306606293,0.030848000198602676,0.029569600243121386,0.029568000696599483,0.000777637708973143,20,0.025472000241279602,0.03219199925661087,0.026900799944996834,0.026688000187277794,0.0012793706753218617,20,16,16,2048,10944,102400,True,False,False,368,2,2048,10944,generic,generic,2816,,CUDA_EVENT,BF16,none
,,,,,,,,,,,,0.027327999472618103,0.04636799916625023,0.034195199981331824,0.0340960007160902,0.005956655484728168,40,0.1932159960269928,0.2587200105190277,0.20331359952688216,0.20076799392700195,0.013700616927895398,20,0.03136000037193298,0.040863998234272,0.03378399983048439,0.03271999955177307,0.0024246176880762965,20,,,,,,,0.050335999578237534,0.05305600166320801,0.05155040044337511,0.05150400102138519,0.0008078004848015857,20,0.02611199952661991,0.03782400116324425,0.03021440012380481,0.029776000417768955,0.0026631346758697314,20,0.043807998299598694,0.04639999940991402,0.044911999627947806,0.04467200115323067,0.0007132121903104082,20,0.028672000393271446,0.0297279991209507,0.029164799861609934,0.02915199939161539,0.000298029730565655,20,0.02800000086426735,0.033504001796245575,0.02951199999079108,0.02940800040960312,0.001130278819576471,20,0.02537599951028824,0.037696000188589096,0.027719999942928553,0.026991999708116055,0.0024938633351329277,20,16,16,2048,10944,102400,True,False,False,360,2,2048,10944,generic,generic,2816,,CUDA_EVENT,BF16,none
,,,,,,,,,,,,0.027488000690937042,0.04416000097990036,0.03440960021689534,0.03447999991476536,0.00608172292773895,40,0.19276799261569977,0.24726399779319763,0.20153919756412506,0.1995999962091446,0.010949158857947616,20,0.03190400078892708,0.03753599897027016,0.03362560030072927,0.03331200033426285,0.0016014906616776568,20,,,,,,,0.05119999870657921,0.05331199988722801,0.05214240048080683,0.052032001316547394,0.0005415922504280742,20,0.024607999250292778,0.03379200026392937,0.02886239979416132,0.02900799922645092,0.0020885111382909524,20,0.04358400031924248,0.04598399996757507,0.04429440014064312,0.04424000158905983,0.0005322591504437285,20,0.02969600073993206,0.030912000685930252,0.030441600177437068,0.030432000756263733,0.0003385199754720626,20,0.028255999088287354,0.031199999153614044,0.029374399781227113,0.029215999878942966,0.0007588438505349443,20,0.025151999667286873,0.02985600009560585,0.026625600084662436,0.026511999778449535,0.0009460572696208602,20,16,16,2048,10944,102400,True,False,False,352,2,2048,10944,generic,generic,2816,,CUDA_EVENT,BF16,none
,,,,,,,,,,,,0.027135999873280525,0.04368000105023384,0.034011999936774374,0.03347200062125921,0.005836229751399714,40,0.1945279985666275,0.2857919931411743,0.204407998919487,0.20057599991559982,0.019004428508062714,20,0.03155200183391571,0.04163200035691261,0.0338128000497818,0.03302400000393391,0.002234811646038032,20,,,,,,,0.05040000006556511,0.05689600110054016,0.05211999975144863,0.05166400037705898,0.0014531621049868422,20,0.024512000381946564,0.0416640006005764,0.02918719993904233,0.028672000393271446,0.003381643040780572,20,0.04057599976658821,0.04867200180888176,0.041662400029599665,0.041279999539256096,0.0016882992150379962,20,0.02844800055027008,0.030527999624609947,0.029820800013840198,0.029904000461101532,0.0004407293300679305,20,0.027456000447273254,0.03145600110292435,0.02952799992635846,0.029440000653266907,0.001019483918932488,20,0.025728000327944756,0.028351999819278717,0.026497600134462118,0.026496000587940216,0.0006252276346365281,20,16,16,2048,10944,102400,True,False,False,344,2,2048,10944,generic,generic,2816,,CUDA_EVENT,BF16,none
,,,,,,,,,,,,0.026976000517606735,0.04870399832725525,0.03419360010884702,0.034352000802755356,0.006421914278421199,40,0.19753600656986237,0.25648000836372375,0.20705120041966438,0.20499199628829956,0.01207991998576411,20,0.03110400028526783,0.03782400116324425,0.0330192000605166,0.032495999708771706,0.0017248350180003704,20,,,,,,,0.04879999905824661,0.05251200124621391,0.05033279992640018,0.050095999613404274,0.0010936744294593012,20,0.027456000447273254,0.03372799977660179,0.03031840017065406,0.03054399974644184,0.00168884446985711,20,0.036928001791238785,0.03948799893260002,0.03809280004352331,0.03806399926543236,0.0006622840400587279,20,0.028192000463604927,0.029759999364614487,0.02869119979441166,0.02868800051510334,0.0003921009348682627,20,0.027424000203609467,0.03139200061559677,0.029406399838626383,0.029423999600112438,0.0010133182238131501,20,0.025855999439954758,0.02828799933195114,0.026872000005096198,0.026800000108778477,0.0006779072800349409,20,16,16,2048,10944,102400,True,False,False,336,2,2048,10944,generic,generic,2816,,CUDA_EVENT,BF16,none
,,,,,,,,,,,,0.02691200003027916,0.04339199885725975,0.0339727995917201,0.033888000063598156,0.0062740588319083685,40,0.1980160027742386,0.29052799940109253,0.20843039974570274,0.20412799715995789,0.01938378274568936,20,0.0315839983522892,0.03711999952793121,0.03292319979518652,0.03240000084042549,0.0014049160286954744,20,,,,,,,0.04918399825692177,0.051392000168561935,0.05004160013049841,0.04995200037956238,0.0006107396349806981,20,0.027936000376939774,0.040352001786231995,0.031337600015103814,0.030848000198602676,0.0031540884637803125,20,0.035840000957250595,0.03852799907326698,0.03702719993889332,0.03711999952793121,0.000686912517907813,20,0.027936000376939774,0.029472000896930695,0.02881760010495782,0.028831999748945236,0.00035395463524438386,20,0.028416000306606293,0.03203200176358223,0.029550400096923113,0.02929599955677986,0.0008846409556423988,20,0.02505600079894066,0.032575998455286026,0.02710079988464713,0.02700799982994795,0.0015551766628198746,20,16,16,2048,10944,102400,True,False,False,328,2,2048,10944,generic,generic,2816,,CUDA_EVENT,BF16,none
,,,,,,,,,,,,0.027712000533938408,0.05344000086188316,0.034826399944722655,0.038016000762581825,0.006394347043249412,40,0.19619199633598328,0.2537919878959656,0.20621599927544593,0.20243200659751892,0.01289750217718518,20,0.031328000128269196,0.040031999349594116,0.033742400072515014,0.03339200094342232,0.001956335494440758,20,,,,,,,0.05475199967622757,0.06390400230884552,0.05704639982432127,0.05595199950039387,0.002682300803071605,20,0.018624000251293182,0.031136000528931618,0.024012800119817258,0.02401600033044815,0.0034887250880716683,20,0.042367998510599136,0.04460800066590309,0.043385600112378596,0.04358400031924248,0.000597689784311557,20,0.029440000653266907,0.03283200040459633,0.030472000036388634,0.030511999502778053,0.0006691654273860588,20,0.02844800055027008,0.031199999153614044,0.029404799919575453,0.029392000287771225,0.0007166784938587871,20,0.02595200017094612,0.030559999868273735,0.027024000138044357,0.02691200003027916,0.000982118518691687,20,16,16,2048,10944,102400,True,False,False,320,2,2048,10944,generic,generic,2816,,CUDA_EVENT,BF16,none
,,,,,,,,,,,,0.02739199995994568,0.045632001012563705,0.03436320009641349,0.033888000063598156,0.006251647049780569,40,0.19603200256824493,0.24966399371623993,0.20570399910211562,0.20340800285339355,0.010788146522814644,20,0.031328000128269196,0.03699199855327606,0.033768000267446044,0.03380800038576126,0.001489181784900567,20,,,,,,,0.0490880012512207,0.051872000098228455,0.05026079993695021,0.05016000010073185,0.000784833794018923,20,0.027168000116944313,0.03494400158524513,0.030638400092720987,0.030832000076770782,0.0017027032680427955,20,0.0390079990029335,0.04163200035691261,0.04021760001778603,0.04004799947142601,0.0007182985195155323,20,0.028255999088287354,0.029664000496268272,0.028924799989908934,0.028896000236272812,0.00039229712685452266,20,0.028543999418616295,0.03152000159025192,0.029844800103455783,0.02995199989527464,0.0008363135636671644,20,0.025472000241279602,0.027807999402284622,0.026441600080579518,0.026319999247789383,0.0006428017417019201,20,16,16,2048,10944,102400,True,False,False,312,2,2048,10944,generic,generic,2816,,CUDA_EVENT,BF16,none
,,,,,,,,,,,,0.02723200060427189,0.046751998364925385,0.034325600042939185,0.034128000028431416,0.006278072107120783,40,0.1964160054922104,0.2691519856452942,0.20578240007162094,0.2027679979801178,0.01499155461442222,20,0.03094400092959404,0.0363520011305809,0.03310240032151342,0.0331839993596077,0.0014777098349539836,20,,,,,,,0.04902400076389313,0.052799999713897705,0.05039039999246597,0.05003200098872185,0.0009560504283614257,20,0.028736000880599022,0.03500799834728241,0.030766400042921305,0.0307200001552701,0.0014154879742805438,20,0.04044799879193306,0.042047999799251556,0.04117919970303774,0.04108799993991852,0.0004156647234608948,20,0.02860799990594387,0.030912000685930252,0.029785599932074545,0.029583999887108803,0.0006051808204290539,20,0.028704000636935234,0.03798399865627289,0.030371200107038022,0.030079999938607216,0.0019287503744631052,20,0.02521600015461445,0.027744000777602196,0.02661120016127825,0.026448000222444534,0.0007341473163023977,20,16,16,2048,10944,102400,True,False,False,304,2,2048,10944,generic,generic,2816,,CUDA_EVENT,BF16,none
,,,,,,,,,,,,0.02768000029027462,0.04374400153756142,0.034455199958756566,0.034047999419271946,0.005813850235444742,40,0.19359999895095825,0.255264014005661,0.20403999984264373,0.20107199996709824,0.01242526504347875,20,0.03142400085926056,0.037728000432252884,0.033324800059199335,0.03292799927294254,0.0016567967507578535,20,,,,,,,0.048576001077890396,0.05161599814891815,0.049817599914968015,0.04980799928307533,0.0006638434112857321,20,0.028384000062942505,0.03299200162291527,0.030601600278168918,0.030352000147104263,0.0013074302634882111,20,0.04105599969625473,0.04259200021624565,0.04173439964652061,0.0417919997125864,0.00043413987677804703,20,0.028831999748945236,0.03379200026392937,0.02951520010828972,0.029311999678611755,0.00103173458553529,20,0.02735999971628189,0.03171199932694435,0.029612799920141698,0.02953599952161312,0.0009457827053759195,20,0.02518399991095066,0.03276799991726875,0.0266287999227643,0.026271999813616276,0.0015817607949178802,20,16,16,2048,10944,102400,True,False,False,296,2,2048,10944,generic,generic,2816,,CUDA_EVENT,BF16,none
,,,,,,,,,,,,0.027264000847935677,0.04608000069856644,0.03432479985058308,0.033423999324440956,0.006283175826662833,40,0.19545599818229675,0.2534720003604889,0.20372319966554642,0.20150399953126907,0.011851917543493911,20,0.03139200061559677,0.0379519984126091,0.032860799506306645,0.03254399821162224,0.0014334388581482829,20,,,,,,,0.047968000173568726,0.05104000121355057,0.04914079997688532,0.0491040013730526,0.0007558554481528934,20,0.028736000880599022,0.033504001796245575,0.030950400233268737,0.030751999467611313,0.0011886872346741593,20,0.03513599932193756,0.037728000432252884,0.03647360000759363,0.036447999998927116,0.0006329693796688507,20,0.027295999228954315,0.029311999678611755,0.028166399989277124,0.028207999654114246,0.00046268508844421973,20,0.02844800055027008,0.03046399913728237,0.029627199843525888,0.02967999968677759,0.0004944258651044216,20,0.02521600015461445,0.02783999964594841,0.026515200175344943,0.026704000309109688,0.0008257858844873528,20,16,16,2048,10944,102400,True,False,False,288,2,2048,10944,generic,generic,2816,,CUDA_EVENT,BF16,none
,,,,,,,,,,,,0.02739199995994568,0.04307200014591217,0.03400399992242455,0.033839999698102474,0.00581911302127257,40,0.19788800179958344,0.2499839961528778,0.20531200021505355,0.20272000133991241,0.010743738332212885,20,0.03142400085926056,0.03481600061058998,0.032967999950051306,0.032816000282764435,0.0008723666029156744,20,,,,,,,0.04806400090456009,0.05164799839258194,0.04967360030859709,0.049616001546382904,0.0008841555011716394,20,0.028543999418616295,0.03564799949526787,0.030892799980938433,0.030400000512599945,0.0019753724784038786,20,0.03852799907326698,0.040863998234272,0.03951359931379557,0.039455998688936234,0.0005948556566257883,20,0.02739199995994568,0.03478400036692619,0.028339200001209975,0.027936000376939774,0.0015341456184073093,20,0.02879999950528145,0.030688000842928886,0.02961279982700944,0.02956799976527691,0.0004584385174516809,20,0.025119999423623085,0.027327999472618103,0.026225599832832812,0.026271999813616276,0.0006319066659941545,20,16,16,2048,10944,102400,True,False,False,280,2,2048,10944,generic,generic,2816,,CUDA_EVENT,BF16,none
,,,,,,,,,,,,0.02672000043094158,0.047488000243902206,0.03433119971305132,0.03376000002026558,0.006322136405457274,40,0.19519999623298645,0.25407999753952026,0.20476959869265557,0.20243199914693832,0.011882390403419279,20,0.031488001346588135,0.037151999771595,0.03300799988210201,0.032336000353097916,0.0015381485455821249,20,,,,,,,0.04771199822425842,0.05241600051522255,0.04946880005300045,0.04931199923157692,0.0011503055974795959,20,0.026623999699950218,0.04339199885725975,0.031808000057935715,0.03137600049376488,0.003246415238091865,20,0.03551999852061272,0.037248000502586365,0.03652320019900799,0.036528000608086586,0.0004990642319261265,20,0.02768000029027462,0.02924799919128418,0.028406399954110383,0.028384000062942505,0.0004032630776271565,20,0.028416000306606293,0.030912000685930252,0.0294255998916924,0.029455999843776226,0.0005724760223316567,20,0.025567999109625816,0.028351999819278717,0.02659199982881546,0.02651200070977211,0.000599092687156262,20,16,16,2048,10944,102400,True,False,False,272,2,2048,10944,generic,generic,2816,,CUDA_EVENT,BF16,none
,,,,,,,,,,,,0.027583999559283257,0.042527999728918076,0.0339712000451982,0.03332799952477217,0.005569488677800512,40,0.19760000705718994,0.25756800174713135,0.20472639948129653,0.2024639993906021,0.012347282850672563,20,0.03046399913728237,0.03551999852061272,0.03278080029413104,0.03248000144958496,0.0013200297867093905,20,,,,,,,0.0480320006608963,0.0549440011382103,0.05003680028021336,0.049856001511216164,0.0015581495053519747,20,0.028351999819278717,0.034912001341581345,0.03111039996147156,0.031088000163435936,0.001752641967225115,20,0.03363199904561043,0.03558399900794029,0.03459999989718199,0.03463999927043915,0.00048571247756308366,20,0.02672000043094158,0.029055999591946602,0.027569599729031325,0.027583999559283257,0.0004894509359787649,20,0.027936000376939774,0.036896001547575,0.029628800228238106,0.02937600016593933,0.0018562458295398917,20,0.025151999667286873,0.02768000029027462,0.02622560001909733,0.026159999892115593,0.000705415075197636,20,16,16,2048,10944,102400,True,False,False,264,2,2048,10944,generic,generic,2816,,CUDA_EVENT,BF16,none
,,,,,,,,,,,,0.026559999212622643,0.047807998955249786,0.034146400075405835,0.03395199961960316,0.006377586430031235,40,0.19439999759197235,0.25036799907684326,0.20209279879927636,0.19918400049209595,0.011773479861755247,20,0.03167999908328056,0.04217600077390671,0.03403680007904768,0.03267200104892254,0.002622678359024519,20,,,,,,,0.04649600014090538,0.050335999578237534,0.048299200087785724,0.0481759998947382,0.0010754219274321907,20,0.029632000252604485,0.04633599892258644,0.034091200400143865,0.033376000821590424,0.0033297111825134414,20,0.03753599897027016,0.04185599833726883,0.03869439996778965,0.03863999992609024,0.0009404731549876836,20,0.026240000501275063,0.02908799983561039,0.027521600108593704,0.02735999971628189,0.0007353369265642608,20,0.028224000707268715,0.03830400109291077,0.03003520015627146,0.0297279991209507,0.002056069198777981,20,0.025567999109625816,0.028255999088287354,0.026903999876230954,0.026928000152111053,0.0005983122700392461,20,16,16,2048,10944,102400,True,False,False,256,2,2048,10944,generic,generic,2816,,CUDA_EVENT,BF16,none
,,,,,,,,,,,,0.027424000203609467,0.04771199822425842,0.03469760003499687,0.03468800149857998,0.006143796711609475,40,0.19763199985027313,0.25574401021003723,0.20688160061836242,0.20481599867343903,0.011767134932404976,20,0.03232000023126602,0.03734400123357773,0.034099199809134007,0.03347199968993664,0.0015698084086467393,20,,,,,,,0.046560000628232956,0.05071999877691269,0.048007999919354914,0.047839999198913574,0.0010396733170190571,20,0.030368000268936157,0.03814399987459183,0.03352479999884963,0.03363199904561043,0.001870160334246778,20,0.03840000182390213,0.04124800115823746,0.039630400203168395,0.039583999663591385,0.0006193859285833394,20,0.027295999228954315,0.03593600168824196,0.028284800052642823,0.02792000025510788,0.00180356022738609,20,0.028960000723600388,0.031072000041604042,0.029822399932891132,0.02953599952161312,0.0006282500535261798,20,0.025472000241279602,0.026976000517606735,0.026217600051313638,0.026208000257611275,0.0004274247135609111,20,16,16,2048,10944,102400,True,False,False,248,2,2048,10944,generic,generic,2816,,CUDA_EVENT,BF16,none
,,,,,,,,,,,,0.027871999889612198,0.04483199864625931,0.03473839997313917,0.03417599946260452,0.005843593030210491,40,0.19945600628852844,0.2508159875869751,0.20823359861969948,0.2059839963912964,0.010674648031531593,20,0.032127998769283295,0.038047999143600464,0.03421599958091974,0.03379199840128422,0.0017298323857293826,20,,,,,,,0.0490880012512207,0.052352000027894974,0.05046080015599728,0.05032000131905079,0.000979581896746395,20,0.02812799997627735,0.036159999668598175,0.03177279978990555,0.03161599859595299,0.0018424583803226232,20,0.03376000002026558,0.036959998309612274,0.03496640026569366,0.034992000088095665,0.0006395273140756743,20,0.02703999914228916,0.029279999434947968,0.028001599945127964,0.027952000498771667,0.0005737265183582874,20,0.029311999678611755,0.03625600039958954,0.030350400041788815,0.03014400042593479,0.0014344595986579322,20,0.0261439997702837,0.02800000086426735,0.027022399939596653,0.026944000273942947,0.0004854597010031937,20,16,16,2048,10944,102400,True,False,False,240,2,2048,10944,generic,generic,2816,,CUDA_EVENT,BF16,none
,,,,,,,,,,,,0.027871999889612198,0.04761600121855736,0.03483360023237765,0.03420799970626831,0.006058720696243681,40,0.19897599518299103,0.2552320063114166,0.20733920037746428,0.20473600178956985,0.011402757240651512,20,0.03190400078892708,0.03747199848294258,0.033921600133180616,0.03372799977660179,0.001395672003095568,20,,,,,,,0.04800000041723251,0.05164799839258194,0.049790399894118306,0.049904000014066696,0.0009363202265480359,20,0.027168000116944313,0.04092799872159958,0.031955200154334305,0.03161600045859814,0.0025556238788339083,20,0.03407999873161316,0.0432640016078949,0.035166400112211706,0.03473600000143051,0.0018959693233296321,20,0.02703999914228916,0.029023999348282814,0.028036799840629102,0.02796800062060356,0.00043268391298391585,20,0.028575999662280083,0.03155200183391571,0.030135999992489816,0.030112000182271004,0.0007639813633021404,20,0.02598400041460991,0.028351999819278717,0.02690719999372959,0.026688000187277794,0.0006538717167021447,20,16,16,2048,10944,102400,True,False,False,232,2,2048,10944,generic,generic,2816,,CUDA_EVENT,BF16,none
,,,,,,,,,,,,0.027615999802947044,0.04473600164055824,0.03512000017799437,0.03451200108975172,0.006192950914759672,40,0.19996799528598785,0.25993600487709045,0.20943200066685677,0.20712000131607056,0.012242675201187733,20,0.032416000962257385,0.035551998764276505,0.033927999623119834,0.03409599885344505,0.0008970206289851721,20,,,,,,,0.0461760014295578,0.050175998359918594,0.04745280016213656,0.047280000522732735,0.0008982763295686854,20,0.030239999294281006,0.04265600070357323,0.03402880020439625,0.03380800038576126,0.0028223094019010574,20,0.04156799986958504,0.04819199815392494,0.04253280032426119,0.04224000126123428,0.0013334927129119854,20,0.02783999964594841,0.029983999207615852,0.028417599946260454,0.028335999697446823,0.0004698089633331545,20,0.028896000236272812,0.03187200054526329,0.03003840008750558,0.029920000582933426,0.0008578210498713891,20,0.02579200081527233,0.02879999950528145,0.02771359998732805,0.027696000412106514,0.0007448837639523156,20,16,16,2048,10944,102400,True,False,False,224,2,2048,10944,generic,generic,2816,,CUDA_EVENT,BF16,none
,,,,,,,,,,,,0.028192000463604927,0.046271998435258865,0.035128799919039014,0.03475199919193983,0.006172680773946213,40,0.20083199441432953,0.25964799523353577,0.20947039797902106,0.20743999630212784,0.011865392975729002,20,0.032575998455286026,0.039103999733924866,0.03411679975688457,0.03363199904561043,0.0014479171450564408,20,,,,,,,0.04614400118589401,0.048928000032901764,0.0474031999707222,0.04724800027906895,0.0008196169539808132,20,0.02985600009560585,0.036159999668598175,0.034017599560320376,0.034143999218940735,0.0015946621704483136,20,0.037567999213933945,0.039455998688936234,0.03833760004490614,0.038336001336574554,0.0003993560893907317,20,0.026847999542951584,0.028416000306606293,0.027660799864679574,0.027567999437451363,0.00045191445345579915,20,0.0289280004799366,0.03686400130391121,0.030667200218886137,0.030271999537944794,0.0021463934919197457,20,0.02643200010061264,0.02800000086426735,0.027097600046545267,0.02707199938595295,0.0004663224418200589,20,16,16,2048,10944,102400,True,False,False,216,2,2048,10944,generic,generic,2816,,CUDA_EVENT,BF16,none
,,,,,,,,,,,,0.027744000777602196,0.04771199822425842,0.03497920017689467,0.03433599974960089,0.00628175471826771,40,0.20070399343967438,0.2696000039577484,0.20945440083742142,0.20707199722528458,0.01430793237150456,20,0.03222399950027466,0.03711999952793121,0.03390240017324686,0.03348800167441368,0.0015388130761433004,20,,,,,,,0.045951999723911285,0.049984000623226166,0.04744479991495609,0.04726399853825569,0.0010601745805513796,20,0.03152000159025192,0.03625600039958954,0.03418720066547394,0.03433600068092346,0.0014335956081059891,20,0.03884800150990486,0.04089599847793579,0.0397359998896718,0.03972800076007843,0.0005429516610022741,20,0.027648000046610832,0.03436800092458725,0.02879520012065768,0.028575999662280083,0.0013516081903561727,20,0.028095999732613564,0.031007999554276466,0.029699200112372637,0.029904000461101532,0.000706968484694881,20,0.026240000501275063,0.03545600175857544,0.02815680028870702,0.027520000003278255,0.0021505789089979292,20,16,16,2048,10944,102400,True,False,False,208,2,2048,10944,generic,generic,2816,,CUDA_EVENT,BF16,none
,,,,,,,,,,,,0.028224000707268715,0.04416000097990036,0.035345600079745056,0.03659199923276901,0.005854487142952803,40,0.1998080015182495,0.25222399830818176,0.2075008012354374,0.20534399896860123,0.010932383817483174,20,0.03244800120592117,0.03872000053524971,0.03433920033276081,0.03419199958443642,0.001256826130944315,20,,,,,,,0.04601600021123886,0.049375999718904495,0.04691359959542751,0.046751998364925385,0.0008847567745881819,20,0.030368000268936157,0.03929600119590759,0.03429600019007921,0.033952001482248306,0.0020496966054665217,20,0.03433600068092346,0.03728000074625015,0.03528480026870966,0.034992000088095665,0.0007801227573074403,20,0.027135999873280525,0.0289280004799366,0.028043200075626374,0.028095999732613564,0.00039881756844796626,20,0.028063999488949776,0.03129599988460541,0.02969600008800626,0.02961600013077259,0.0007404390133302646,20,0.026688000187277794,0.02924799919128418,0.027859200071543456,0.02769599948078394,0.0007538290988417241,20,16,16,2048,10944,102400,True,False,False,200,2,2048,10944,generic,generic,2816,,CUDA_EVENT,BF16,none
,,,,,,,,,,,,0.027936000376939774,0.05209600180387497,0.035232799872756,0.03480000048875809,0.006446771167731599,40,0.1972160041332245,0.25308799743652344,0.20518400073051452,0.20265600085258484,0.011421358851614246,20,0.03286400064826012,0.03606399893760681,0.03434560019522905,0.03425600007176399,0.0009637842838618756,20,,,,,,,0.045504000037908554,0.05711999908089638,0.0474464001134038,0.047040000557899475,0.002321733725215185,20,0.031936001032590866,0.039103999733924866,0.03503840006887913,0.03494399972259998,0.0017549738023083365,20,0.039903998374938965,0.042527999728918076,0.04093599990010262,0.04095999896526337,0.0005564573237604961,20,0.02675200067460537,0.029343999922275543,0.02787680011242628,0.02774399984627962,0.0006867914266591559,20,0.028863999992609024,0.03081599995493889,0.0300416000187397,0.030079999938607216,0.0005166389309614733,20,0.026944000273942947,0.028896000236272812,0.027868800051510333,0.02792000025510788,0.0005530447203053472,20,16,16,2048,10944,102400,True,False,False,192,2,2048,10944,generic,generic,2816,,CUDA_EVENT,BF16,none
,,,,,,,,,,,,0.02864000014960766,0.04771199822425842,0.03527760007418692,0.03513600118458271,0.005901271533614206,40,0.19926400482654572,0.2561599910259247,0.20959839969873428,0.20497599989175797,0.01499961017463767,20,0.03276799991726875,0.056703999638557434,0.03623520005494356,0.035152001306414604,0.0051270776926075285,20,,,,,,,0.046560000628232956,0.056095998734235764,0.04831680022180081,0.047968000173568726,0.001969336582343431,20,0.03244800120592117,0.044256001710891724,0.036268799751997,0.03625600039958954,0.002442260703776755,20,0.036448001861572266,0.04022400081157684,0.03756640031933785,0.03747199848294258,0.000761403468341404,20,0.027712000533938408,0.03814399987459183,0.028988799918442963,0.02855999954044819,0.002160009482306036,20,0.02831999957561493,0.031808000057935715,0.03041279995813966,0.03049599938094616,0.0007201351679999585,20,0.026208000257611275,0.02844800055027008,0.027142400108277797,0.027087999507784843,0.0004996101318374426,20,16,16,2048,10944,102400,True,False,False,184,2,2048,10944,generic,generic,2816,,CUDA_EVENT,BF16,none
,,,,,,,,,,,,0.028063999488949776,0.047231998294591904,0.034953599935397504,0.03395200055092573,0.0061707219857360055,40,0.20006400346755981,0.25593599677085876,0.20660800039768218,0.20440000295639038,0.011474654278996967,20,0.03203200176358223,0.03776000067591667,0.03414720017462969,0.03419199958443642,0.001298028904663437,20,,,,,,,0.0451200008392334,0.04944000020623207,0.04715840015560389,0.0469760000705719,0.0009821496729735973,20,0.031647998839616776,0.04131200164556503,0.035075199976563456,0.035232000052928925,0.0020744275495515703,20,0.03731200098991394,0.03951999917626381,0.03858079984784126,0.038736000657081604,0.0005913743159032448,20,0.02755199931561947,0.03145600110292435,0.028839999996125697,0.02875200007110834,0.0008033134224061361,20,0.028255999088287354,0.034272000193595886,0.03040799992159009,0.030319999903440475,0.0012683016159074534,20,0.02630399912595749,0.027264000847935677,0.02679679999127984,0.02681600023061037,0.0002896663811017802,20,16,16,2048,10944,102400,True,False,False,176,2,2048,10944,generic,generic,2816,,CUDA_EVENT,BF16,none
,,,,,,,,,,,,0.02751999907195568,0.04560000076889992,0.03456720020622015,0.037568001076579094,0.006040548111861068,40,0.19459199905395508,0.2561599910259247,0.20467680022120477,0.2030560001730919,0.012179377239350109,20,0.0315839983522892,0.03936000168323517,0.0338704003021121,0.03340800106525421,0.001688056097377856,20,,,,,,,0.044863998889923096,0.05023999884724617,0.04638879988342524,0.04638399928808212,0.0012558633130053125,20,0.03203200176358223,0.04179200157523155,0.03536959998309612,0.03497599996626377,0.0022989969244150187,20,0.03359999880194664,0.03590400144457817,0.034758399799466135,0.03465599939227104,0.0006495768629672931,20,0.02723200060427189,0.029664000496268272,0.028120000008493663,0.028192000463604927,0.0005896061089086418,20,0.029311999678611755,0.03174399957060814,0.03043520003557205,0.03039999958127737,0.0007741025409122538,20,0.02579200081527233,0.027807999402284622,0.026822400093078614,0.02675200067460537,0.0005104573684281087,20,16,16,2048,10944,102400,True,False,False,168,2,2048,10944,generic,generic,2816,,CUDA_EVENT,BF16,none
,,,,,,,,,,,,0.02739199995994568,0.04374400153756142,0.03410160024650395,0.03300799988210201,0.006135145505808843,40,0.19728000462055206,0.25545600056648254,0.2056480012834072,0.20262400060892105,0.011904259891926356,20,0.032287999987602234,0.03641600161790848,0.03414880000054836,0.03364799916744232,0.0011332375193445347,20,,,,,,,0.045184001326560974,0.05382400006055832,0.04701119996607304,0.046480000019073486,0.001865215509705866,20,0.0315839983522892,0.04057599976658821,0.03563999999314547,0.03545599989593029,0.0019493984570676723,20,0.037376001477241516,0.038975998759269714,0.03805279992520809,0.038015998899936676,0.0004243197867740376,20,0.027264000847935677,0.02969600073993206,0.028270400129258633,0.028256000019609928,0.0006642197304667647,20,0.028863999992609024,0.031231999397277832,0.029881599918007852,0.029695999808609486,0.0007905100226868517,20,0.026528000831604004,0.028831999748945236,0.02760479999706149,0.02759999968111515,0.0005013159636694724,20,16,16,2048,10944,102400,True,False,False,160,2,2048,10944,generic,generic,2816,,CUDA_EVENT,BF16,none
,,,,,,,,,,,,0.02751999907195568,0.052928000688552856,0.03464080025441944,0.03678400069475174,0.006363226567715065,40,0.1968960016965866,0.2502399981021881,0.2052895985543728,0.20292799919843674,0.011280705691231182,20,0.03203200176358223,0.03651199862360954,0.03338880036026239,0.033263999968767166,0.0011928056447036046,20,,,,,,,0.04399999976158142,0.04742399975657463,0.04613760020583868,0.046191999688744545,0.000927094621681178,20,0.0326399989426136,0.03807999938726425,0.03560320045799017,0.0352960005402565,0.0013505137826094384,20,0.03551999852061272,0.03699199855327606,0.03640319965779781,0.03651199862360954,0.00040406282863930497,20,0.027775999158620834,0.029632000252604485,0.028681599907577036,0.02860799990594387,0.0004160124363461106,20,0.02908799983561039,0.03270399942994118,0.030439999885857105,0.030239999294281006,0.0009901334584477876,20,0.02598400041460991,0.027295999228954315,0.026740800123661757,0.026704000309109688,0.0003054742091576154,20,16,16,2048,10944,102400,True,False,False,152,2,2048,10944,generic,generic,2816,,CUDA_EVENT,BF16,none
,,,,,,,,,,,,0.027712000533938408,0.047040000557899475,0.034639199962839484,0.03395199961960316,0.006393672849870098,40,0.19935999810695648,0.2908160090446472,0.2088688023388386,0.2056640014052391,0.01897409181288554,20,0.03200000151991844,0.040031999349594116,0.034580800123512744,0.033903999254107475,0.002331398863998957,20,,,,,,,0.04396799951791763,0.04947200044989586,0.04586560018360615,0.04528000019490719,0.0016293971213182552,20,0.03311999887228012,0.053888000547885895,0.03673120010644197,0.03580800071358681,0.004257314543373319,20,0.032255999743938446,0.03651199862360954,0.03337280005216599,0.03323199972510338,0.0008396507923519506,20,0.027264000847935677,0.029440000653266907,0.028342400025576354,0.028351999819278717,0.0005282521675245601,20,0.02876799926161766,0.03126399964094162,0.029896000027656557,0.02993600070476532,0.0007075456551757131,20,0.02582399919629097,0.02751999907195568,0.026604799926280974,0.02652799990028143,0.00048323166384634685,20,16,16,2048,10944,102400,True,False,False,144,2,2048,10944,generic,generic,2816,,CUDA_EVENT,BF16,none
,,,,,,,,,,,,0.02703999914228916,0.04732799902558327,0.034803999960422514,0.03814399987459183,0.006369059986663427,40,0.1940159946680069,0.2544960081577301,0.20446240082383155,0.20254399627447128,0.012077491725549089,20,0.03235200047492981,0.036448001861572266,0.03381920009851456,0.03380800038576126,0.0010229632749329416,20,,,,,,,0.04342399910092354,0.047807998955249786,0.045092799514532086,0.04487999901175499,0.0011221592454864226,20,0.03331200033426285,0.042367998510599136,0.0362543998286128,0.0355679988861084,0.0020284432967859673,20,0.03222399950027466,0.0344959981739521,0.03297759983688593,0.032975999638438225,0.0004975428084821541,20,0.026976000517606735,0.029343999922275543,0.027977599948644637,0.027952000498771667,0.0005789346416368058,20,0.02924799919128418,0.03711999952793121,0.030559999961405994,0.03017600066959858,0.001653629144458145,20,0.025536000728607178,0.027871999889612198,0.026803200133144855,0.02691200003027916,0.0005941495052033774,20,16,16,2048,10944,102400,True,False,False,136,2,2048,10944,generic,generic,2816,,CUDA_EVENT,BF16,none
,,,,,,,,,,,,0.027583999559283257,0.04745600000023842,0.03438719986006618,0.03419199958443642,0.0061524932921771065,40,0.19433599710464478,0.2808000147342682,0.20466720014810563,0.20182400196790695,0.0177349920006773,20,0.032255999743938446,0.043935999274253845,0.03426079973578453,0.03347199968993664,0.00247443540064503,20,,,,,,,0.044415999203920364,0.05302400141954422,0.04668160006403923,0.04609600082039833,0.0017772710664228078,20,0.03267199918627739,0.04556800052523613,0.03575040027499199,0.03494400158524513,0.0029949949108772885,20,0.03484800085425377,0.040063999593257904,0.03599840011447668,0.03579200059175491,0.0010310494010004796,20,0.027135999873280525,0.033215999603271484,0.02843039995059371,0.027999999932944775,0.0014007255765395624,20,0.028575999662280083,0.035071998834609985,0.030638399813324214,0.030447999946773052,0.0015515042880950923,20,0.026176000013947487,0.027775999158620834,0.026886400114744902,0.02684800047427416,0.000481129200888839,20,16,16,2048,10944,102400,True,False,False,128,2,2048,10944,generic,generic,2816,,CUDA_EVENT,BF16,none
,,,,,,,,,,,,0.027583999559283257,0.04819199815392494,0.03466639993712306,0.03473600000143051,0.00622316652171461,40,0.1992959976196289,0.2570880055427551,0.20656800046563148,0.20364800095558167,0.012073974644550305,20,0.03296000137925148,0.037856001406908035,0.0346176004037261,0.0342399999499321,0.001281023701489618,20,,,,,,,0.045024000108242035,0.05859199911355972,0.04667360000312328,0.045903999358415604,0.0028420514682866173,20,0.03251200169324875,0.040063999593257904,0.03520800024271011,0.03524800017476082,0.0018335990306997687,20,0.03280000016093254,0.03478400036692619,0.033631999976933,0.03356799855828285,0.0005478454775651236,20,0.02703999914228916,0.029023999348282814,0.02777759972959757,0.02779199928045273,0.0005043907864611657,20,0.028511999174952507,0.03296000137925148,0.030340799875557423,0.030256000347435474,0.0009306598043682922,20,0.026464000344276428,0.028736000880599022,0.02731200009584427,0.027295999228954315,0.0005637361823560332,20,16,16,2048,10944,102400,True,False,False,120,2,2048,10944,generic,generic,2816,,CUDA_EVENT,BF16,none
,,,,,,,,,,,,0.027904000133275986,0.04419200122356415,0.034734400222077966,0.03443200048059225,0.005917716198867225,40,0.19814400374889374,0.26736000180244446,0.2074560008943081,0.205424003303051,0.014029527913495137,20,0.03215999901294708,0.03711999952793121,0.0342927997931838,0.03368000127375126,0.0017069315770706544,20,,,,,,,0.04374400153756142,0.047968000173568726,0.04531200006604195,0.04497599974274635,0.0010450830503811932,20,0.03478400036692619,0.040800001472234726,0.037495999969542025,0.03718400001525879,0.0014101029365772345,20,0.03759999945759773,0.039423998445272446,0.03825120013207197,0.0382240004837513,0.00042395771501756244,20,0.026399999856948853,0.035360001027584076,0.02791039999574423,0.02753600012511015,0.0018501592950862548,20,0.02908799983561039,0.0315839983522892,0.030380799900740385,0.030319999903440475,0.0006449726809170007,20,0.02595200017094612,0.027775999158620834,0.026623999886214732,0.026399999856948853,0.0004909680348212826,20,16,16,2048,10944,102400,True,False,False,112,2,2048,10944,generic,generic,2816,,CUDA_EVENT,BF16,none
,,,,,,,,,,,,0.02831999957561493,0.04896000027656555,0.035239999927580354,0.034703999757766724,0.006297863889525892,40,0.19740800559520721,0.25763198733329773,0.20639840066432952,0.20521600544452667,0.01231810380941354,20,0.03248000144958496,0.04419200122356415,0.0350127998739481,0.03403200022876263,0.002794119955566753,20,,,,,,,0.04310400038957596,0.05603199824690819,0.04541919995099306,0.04475199989974499,0.00265666011202226,20,0.03280000016093254,0.039135999977588654,0.036230400390923026,0.036447999998927116,0.001762517730327502,20,0.03139200061559677,0.03363199904561043,0.03259199988096952,0.03259199857711792,0.000548452191670397,20,0.026176000013947487,0.029311999678611755,0.027363200020045043,0.027072000317275524,0.000800825298261067,20,0.028575999662280083,0.032416000962257385,0.02978080026805401,0.029664000496268272,0.0008987545456214833,20,0.025631999596953392,0.027008000761270523,0.026216000225394963,0.026208000257611275,0.0004281159594501299,20,16,16,2048,10944,102400,True,False,False,104,2,2048,10944,generic,generic,2816,,CUDA_EVENT,BF16,none
,,,,,,,,,,,,0.027744000777602196,0.04355200007557869,0.034570399951189754,0.03689599968492985,0.005996459144933745,40,0.19564799964427948,0.2581759989261627,0.2043935999274254,0.2024639993906021,0.012636390017335406,20,0.03206399828195572,0.03654399886727333,0.03379999976605177,0.03352000005543232,0.0012747440957930677,20,,,,,,,0.04259200021624565,0.04639999940991402,0.04412640016525984,0.044224001467227936,0.0010001456633605048,20,0.034752000123262405,0.04009599983692169,0.03709600027650595,0.037167999893426895,0.0013125799948587734,20,0.03379200026392937,0.03564799949526787,0.03495839983224869,0.03500800020992756,0.00047306738631969984,20,0.02675200067460537,0.029600000008940697,0.02796000000089407,0.027583999559283257,0.0008507353364491203,20,0.028511999174952507,0.032127998769283295,0.030363199766725302,0.030383999459445477,0.0008139124515461092,20,0.02550400048494339,0.02751999907195568,0.026444799918681382,0.026399999856948853,0.0005043832529101299,20,16,16,2048,10944,102400,True,False,False,96,2,2048,10944,generic,generic,2816,,CUDA_EVENT,BF16,none
,,,,,,,,,,,,0.028063999488949776,0.04710400104522705,0.03470399989746511,0.03431999962776899,0.006107055667504652,40,0.19551999866962433,0.25724801421165466,0.20439680069684982,0.2025279998779297,0.012467243255097845,20,0.032287999987602234,0.03641600161790848,0.033795200288295746,0.03388800099492073,0.001172611169588456,20,,,,,,,0.04243199899792671,0.04575999826192856,0.04393760003149509,0.044144000858068466,0.0010553926302033388,20,0.033952001482248306,0.039903998374938965,0.03724479973316193,0.03753599897027016,0.001432260026620799,20,0.03385600075125694,0.040991999208927155,0.03525119982659817,0.03492800146341324,0.001421116910634939,20,0.02691200003027916,0.029279999434947968,0.027956799883395434,0.02783999964594841,0.0006083599138633719,20,0.02908799983561039,0.03177599981427193,0.030286400020122527,0.030496000312268734,0.0007906315311834582,20,0.025472000241279602,0.033535998314619064,0.02658399986103177,0.02628799993544817,0.0016266221860701932,20,16,16,2048,10944,102400,True,False,False,88,2,2048,10944,generic,generic,2816,,CUDA_EVENT,BF16,none
,,,,,,,,,,,,0.028351999819278717,0.043136000633239746,0.03448480027727783,0.03787199966609478,0.005379268526352764,40,0.19724799692630768,0.25459200143814087,0.20612480044364928,0.2046559974551201,0.011393628789906792,20,0.030719999223947525,0.03798399865627289,0.033976000174880026,0.033424001187086105,0.0017962199372699788,20,,,,,,,0.0427200011909008,0.04608000069856644,0.044699200242757794,0.04481600038707256,0.0010033046735522413,20,0.03471999987959862,0.040063999593257904,0.037158400006592276,0.036848001182079315,0.0014252610868304113,20,0.033952001482248306,0.04179200157523155,0.035710399970412254,0.03553599864244461,0.0015190560279220637,20,0.027168000116944313,0.030047999694943428,0.02830880004912615,0.028192000463604927,0.0005765575153618819,20,0.02924799919128418,0.038975998759269714,0.030777599848806857,0.030256000347435474,0.0020317503722669843,20,0.025728000327944756,0.027775999158620834,0.026660800073295833,0.0266720000654459,0.0004761740430989936,20,16,16,2048,10944,102400,True,False,False,80,2,2048,10944,generic,generic,2816,,CUDA_EVENT,BF16,none
,,,,,,,,,,,,0.027583999559283257,0.044415999203920364,0.034237599931657314,0.0338399987667799,0.005847295566746336,40,0.1966399997472763,0.2497279942035675,0.2056928001344204,0.20385600626468658,0.01086463668058811,20,0.032607998698949814,0.03836800158023834,0.034222399815917015,0.03356799855828285,0.001586583172912058,20,,,,,,,0.0432640016078949,0.046911999583244324,0.0446288000792265,0.04423999972641468,0.0011670251194322832,20,0.03519999980926514,0.03993599861860275,0.03737119995057583,0.03713599964976311,0.0013446961334155683,20,0.031136000528931618,0.032607998698949814,0.03186399964615703,0.031888000667095184,0.00040878335499887293,20,0.02537599951028824,0.03404799848794937,0.027471999917179347,0.027040000073611736,0.0019178784886833358,20,0.027744000777602196,0.030527999624609947,0.02938080010935664,0.02937600016593933,0.0007317631751667743,20,0.025855999439954758,0.026976000517606735,0.026366400066763163,0.02630399912595749,0.00031131833360596034,20,16,16,2048,10944,102400,True,False,False,72,2,2048,10944,generic,generic,2816,,CUDA_EVENT,BF16,none
,,,,,,,,,,,,0.02796800062060356,0.045152001082897186,0.03490720014087856,0.0343039995059371,0.006012162931797503,40,0.19811199605464935,0.25596800446510315,0.20760480016469957,0.20534399896860123,0.011720187292137845,20,0.03232000023126602,0.038015998899936676,0.03503359984606504,0.035472000017762184,0.0017751092941220236,20,,,,,,,0.042208001017570496,0.04556800052523613,0.0439920000731945,0.04419200122356415,0.00090887186602962,20,0.03612799942493439,0.04028800129890442,0.038116800040006636,0.03792000003159046,0.001384690098035701,20,0.03494400158524513,0.03753599897027016,0.036305600218474864,0.03630400076508522,0.0007429566462022485,20,0.027103999629616737,0.029503999277949333,0.028012799844145776,0.02779199928045273,0.0006925172466568764,20,0.029440000653266907,0.031968001276254654,0.030272000283002854,0.030128000304102898,0.0006223982487145522,20,0.02630399912595749,0.02812799997627735,0.027200000081211328,0.0272000003606081,0.00047247438433844254,20,16,16,2048,10944,102400,True,False,False,64,2,2048,10944,generic,generic,2816,,CUDA_EVENT,BF16,none
,,,,,,,,,,,,0.028255999088287354,0.04566400125622749,0.034659200068563226,0.03371200058609247,0.0058929927777423155,40,0.1963520050048828,0.2585279941558838,0.2052543990314007,0.20297599583864212,0.01282953867753481,20,0.032416000962257385,0.03728000074625015,0.03450239971280098,0.034143999218940735,0.001493704257842736,20,,,,,,,0.04294399917125702,0.04614400118589401,0.04427679963409901,0.044255999848246574,0.0008649640761266929,20,0.03452799841761589,0.04064000025391579,0.03723999951034784,0.03713599964976311,0.0015361959703063816,20,0.034304000437259674,0.037151999771595,0.03546559996902943,0.03521599993109703,0.0007764929874935137,20,0.027424000203609467,0.03129599988460541,0.02869440009817481,0.02848000079393387,0.0008619887146612513,20,0.029120000079274178,0.03167999908328056,0.030339200049638748,0.03038400039076805,0.0006869125881926548,20,0.02598400041460991,0.027904000133275986,0.02657119994983077,0.026544000022113323,0.0004495145814526136,20,16,16,2048,10944,102400,True,False,False,56,2,2048,10944,generic,generic,2816,,CUDA_EVENT,BF16,none
,,,,,,,,,,,,0.027712000533938408,0.04742399975657463,0.03455040017142892,0.0359680000692606,0.0060932706537011674,40,0.19475199282169342,0.2465279996395111,0.20365439876914024,0.20107199996709824,0.010187740234332492,20,0.032735999673604965,0.03776000067591667,0.03456640038639307,0.034112000837922096,0.00151683372524035,20,,,,,,,0.042847998440265656,0.045951999723911285,0.04411679990589619,0.04384000040590763,0.0009564342655199428,20,0.03436800092458725,0.04131200164556503,0.03748000003397465,0.03755199909210205,0.0014790050567798215,20,0.03526400029659271,0.03731200098991394,0.036329600214958194,0.036240000277757645,0.0006490639043573698,20,0.02611199952661991,0.029888000339269638,0.02751039983704686,0.027424000203609467,0.000874607505331703,20,0.028991999104619026,0.03267199918627739,0.030180799867957832,0.030160000547766685,0.0008815564990478196,20,0.02566399984061718,0.03110400028526783,0.026736000180244447,0.026624000631272793,0.00111116518811026,20,16,16,2048,10944,102400,True,False,False,48,2,2048,10944,generic,generic,2816,,CUDA_EVENT,BF16,none
,,,,,,,,,,,,0.02800000086426735,0.04374400153756142,0.03444799985736609,0.03422400075942278,0.005864282476284145,40,0.1972160041332245,0.2532159984111786,0.20477439984679222,0.20289599895477295,0.011481123215542241,20,0.03190400078892708,0.03548799827694893,0.033566399663686755,0.033536000177264214,0.0009646008382848675,20,,,,,,,0.0427200011909008,0.044863998889923096,0.04384799990803003,0.04391999915242195,0.0005119872218721511,20,0.0350399985909462,0.03977600112557411,0.03772799968719483,0.03799999877810478,0.0011518225751494546,20,0.03468799963593483,0.03711999952793121,0.03588319960981608,0.035840000957250595,0.0006103763898503461,20,0.0261439997702837,0.02860799990594387,0.027244799956679343,0.027280000038444996,0.0006907405589337099,20,0.028831999748945236,0.031199999153614044,0.029959999956190586,0.02985600009560585,0.0006929219131378401,20,0.02582399919629097,0.028575999662280083,0.026616000197827817,0.026511999778449535,0.0006313718161289513,20,16,16,2048,10944,102400,True,False,False,40,2,2048,10944,generic,generic,2816,,CUDA_EVENT,BF16,none
,,,,,,,,,,,,0.0272000003606081,0.04524800181388855,0.03360480004921555,0.033536000177264214,0.0057270996227633,40,0.196383997797966,0.25360000133514404,0.20499999970197677,0.20267199724912643,0.011682204970960992,20,0.03167999908328056,0.03964800015091896,0.03403679970651865,0.03348799981176853,0.0018931258281903863,20,,,,,,,0.042399998754262924,0.04553600028157234,0.04398719985038042,0.044015999883413315,0.000970365609776745,20,0.03481600061058998,0.041152000427246094,0.03793120011687279,0.037887999787926674,0.0016772173175724108,20,0.034752000123262405,0.04022400081157684,0.036326400376856326,0.03627200052142143,0.0010716705071037221,20,0.026528000831604004,0.029023999348282814,0.027459200005978346,0.02747200056910515,0.0007405701497746642,20,0.027936000376939774,0.03136000037193298,0.029476800002157688,0.0294560007750988,0.0009543447397825047,20,0.02582399919629097,0.02768000029027462,0.02649600002914667,0.026415999978780746,0.0004421331765048698,20,16,16,2048,10944,102400,True,False,False,32,2,2048,10944,generic,generic,2816,,CUDA_EVENT,BF16,none
,,,,,,,,,,,,0.02643200010061264,0.043455999344587326,0.033567200088873504,0.03312000073492527,0.006417402455327666,40,0.19699199497699738,0.2519359886646271,0.20424479991197586,0.20206400007009506,0.011346302832651438,20,0.0318400003015995,0.04227200150489807,0.03408960048109293,0.033504001796245575,0.0021183204028293046,20,,,,,,,0.04134399816393852,0.046271998435258865,0.043041599728167054,0.04287999868392944,0.0012588847386231748,20,0.03558399900794029,0.04102399945259094,0.03777280002832413,0.03751999884843826,0.0011974760659524426,20,0.03417599946260452,0.03747199848294258,0.03523520026355982,0.03500800020992756,0.0007905293725619122,20,0.026847999542951584,0.03379200026392937,0.028460799902677535,0.028031999245285988,0.0014226655666094877,20,0.02831999957561493,0.03126399964094162,0.029375999886542558,0.029407999478280544,0.0007078440218456968,20,0.025599999353289604,0.02812799997627735,0.026724799908697604,0.02665600087493658,0.0006433732059397124,20,16,16,2048,10944,102400,True,False,False,24,2,2048,10944,generic,generic,2816,,CUDA_EVENT,BF16,none
,,,,,,,,,,,,0.026176000013947487,0.043487999588251114,0.03320959988050163,0.032272000797092915,0.006133245587716071,40,0.19142399728298187,0.25990399718284607,0.19960639923810958,0.19711999595165253,0.01402518792141164,20,0.03136000037193298,0.034591998904943466,0.03288959991186857,0.03288000077009201,0.0009892920358419777,20,,,,,,,0.04156799986958504,0.050624001771211624,0.04319039974361658,0.0427200011909008,0.0019231736219177526,20,0.03526400029659271,0.045152001082897186,0.038417599722743036,0.03798399865627289,0.0020717986839022657,20,0.03542400151491165,0.039264000952243805,0.0365488002076745,0.036639999598264694,0.0008280073487155149,20,0.02627200074493885,0.029023999348282814,0.027625600062310695,0.02747200056910515,0.0007691391779212669,20,0.027775999158620834,0.03081599995493889,0.029303999990224837,0.02923200000077486,0.0008271165410271424,20,0.025599999353289604,0.0272000003606081,0.0262703999876976,0.026240000501275063,0.00034008582123728646,20,16,16,2048,10944,102400,True,False,False,16,2,2048,10944,generic,generic,2816,,CUDA_EVENT,BF16,none
,,,,,,,,,,,,0.026240000501275063,0.0469760000705719,0.03316960004158318,0.03283200040459633,0.0062004776705716835,40,0.19327999651432037,0.2515519857406616,0.20104159861803056,0.198512002825737,0.012076567898184575,20,0.03167999908328056,0.04095999896526337,0.0335615998134017,0.03271999955177307,0.0021584848856871187,20,,,,,,,0.041728001087903976,0.04604800045490265,0.043188799917697904,0.04315200075507164,0.000878006698130037,20,0.035679999738931656,0.042208001017570496,0.038768000155687335,0.03839999996125698,0.001452056273473959,20,0.03481600061058998,0.03814399987459183,0.035851200111210346,0.03561599925160408,0.0007537529341929029,20,0.026559999212622643,0.029120000079274178,0.02775520011782646,0.027648000046610832,0.0006197829565091277,20,0.028224000707268715,0.031168000772595406,0.02976959999650717,0.029759999364614487,0.0007623861224888839,20,0.02550400048494339,0.02735999971628189,0.026342400070279836,0.026256000623106956,0.00043543508707488427,20,16,16,2048,10944,102400,True,False,False,8,2,2048,10944,generic,generic,2816,,CUDA_EVENT,BF16,none
,,,,,,,,,,,,0.02755199931561947,0.049215998500585556,0.034134399984031914,0.03407999873161316,0.005994874256719781,40,0.19171200692653656,0.2486719936132431,0.20034240037202836,0.1987679973244667,0.011744709398716375,20,0.03155200183391571,0.040608000010252,0.034121600352227686,0.033503999933600426,0.0022110378163092527,20,,,,,,,0.04156799986958504,0.044224001467227936,0.04283199999481439,0.04279999993741512,0.0007800067326193224,20,0.035711999982595444,0.041919998824596405,0.038329599797725676,0.03852799907326698,0.001520744351837593,20,0.0344959981739521,0.03929600119590759,0.0358559999614954,0.03572800010442734,0.0010008638695011016,20,0.026623999699950218,0.028960000723600388,0.027960000094026327,0.027952000498771667,0.0006433413485864289,20,0.028543999418616295,0.030751999467611313,0.02951840003952384,0.02971199993044138,0.0006173989395373404,20,0.025696000084280968,0.027456000447273254,0.02655040007084608,0.026623999699950218,0.00048563098674477803,20,16,16,2048,10944,102400,True,False,False,4,2,2048,10944,generic,generic,2816,,CUDA_EVENT,BF16,none
,,,,,,,,,,,,0.02735999971628189,0.046271998435258865,0.034380799951031805,0.037167999893426895,0.005749184273028797,40,0.19008000195026398,0.27718400955200195,0.20079039931297302,0.19644799828529358,0.01805759166526865,20,0.031168000772595406,0.04303999990224838,0.03374880021438002,0.03308800049126148,0.0026195527310239855,20,,,,,,,0.04092799872159958,0.04419200122356415,0.04205120000988245,0.04195200093090534,0.0008688398416382643,20,0.033663999289274216,0.0416640006005764,0.03845600020140409,0.0388799998909235,0.0019237527633931435,20,0.03433600068092346,0.04262400045990944,0.035467200353741644,0.03497600182890892,0.0017319739385337585,20,0.0272000003606081,0.028672000393271446,0.027915200125426053,0.02798399981111288,0.0004428590170942808,20,0.02876799926161766,0.033215999603271484,0.029987199790775777,0.02995199989527464,0.0009774363031031788,20,0.02550400048494339,0.028031999245285988,0.026320000179111958,0.026240000501275063,0.0006521643721802937,20,16,16,2048,10944,102400,True,False,False,2,2,2048,10944,generic,generic,2816,,CUDA_EVENT,BF16,none
,,,,,,,,,,,,0.02751999907195568,0.04668800160288811,0.03380320002324879,0.034064000472426414,0.005622849915364846,40,0.18671999871730804,0.2765119969844818,0.19618559926748275,0.19196800142526627,0.018769696080337264,20,0.03215999901294708,0.039872001856565475,0.03431200012564659,0.033743999898433685,0.001969050682010113,20,,,,,,,0.04070400074124336,0.0504320003092289,0.04260959960520268,0.04227199964225292,0.0019361316890531895,20,0.036288000643253326,0.042688000947237015,0.03879519980400801,0.03863999992609024,0.0015449165749160973,20,0.03481600061058998,0.03747199848294258,0.036004799976944925,0.036031998693943024,0.0006132216235894946,20,0.02611199952661991,0.02924799919128418,0.027815999928861856,0.02782400045543909,0.0008245125874003202,20,0.028672000393271446,0.03683200106024742,0.03025279985740781,0.029984000138938427,0.0016659806165144966,20,0.025280000641942024,0.028192000463604927,0.026408000104129314,0.02627200074493885,0.000722511099115039,20,16,16,2048,10944,102400,True,False,False,1,2,2048,10944,generic,generic,2816,,CUDA_EVENT,BF16,none
,,,,,,,,,,,,0.019168000668287277,0.03625600039958954,0.02505279998295009,0.02377600036561489,0.003931430214368224,40,0.20051200687885284,0.2471040040254593,0.20939200147986411,0.20795200020074844,0.00940953734832582,20,0.03984000161290169,0.04979199916124344,0.04191839974373579,0.04123200103640556,0.0022423409285064594,20,,,,,,,0.13075199723243713,0.13257600367069244,0.1315840005874634,0.13143999874591827,0.0005688435350884923,20,0.024639999493956566,0.02598400041460991,0.024974399898201226,0.024879999458789825,0.00034590743503054447,20,0.06374400109052658,0.06569600105285645,0.06441599987447262,0.06435199826955795,0.00046548792214966663,20,0.03667199984192848,0.03840000182390213,0.03759519997984171,0.03759999945759773,0.0004943224640235385,20,0.009151999838650227,0.009568000212311745,0.009416000125929714,0.009424000047147274,9.856577300004508e-05,20,0.023584000766277313,0.0416640006005764,0.02582080028951168,0.024128000251948833,0.004900054865805455,20,16,16,2048,10944,102400,True,False,False,4096,4,2048,10944,generic,generic,2816,,CUDA_EVENT,BF16,none
,,,,,,,,,,,,0.019071999937295914,0.03651199862360954,0.025682400027289987,0.023504000157117844,0.0048014977318937635,40,0.19993600249290466,0.2536639869213104,0.21075839847326278,0.20849599689245224,0.010615220502012745,20,0.03948799893260002,0.04399999976158142,0.04152479972690344,0.04171200096607208,0.0013378252214208102,20,,,,,,,0.1287039965391159,0.1319359987974167,0.13071680068969727,0.13092800229787827,0.0009422839629228283,20,0.024191999807953835,0.025631999596953392,0.02482879990711808,0.024752000346779823,0.00032348508052638757,20,0.06339199841022491,0.06464000046253204,0.06404160000383854,0.06404800340533257,0.000354911129712784,20,0.03673600032925606,0.03830400109291077,0.03739040046930313,0.03728000074625015,0.00043706398036442296,20,0.009088000282645226,0.009568000212311745,0.009336000028997659,0.009312000125646591,0.00011171391065048397,20,0.02319999970495701,0.025087999179959297,0.023964799754321576,0.023951999843120575,0.0004660260223974183,20,16,16,2048,10944,102400,True,False,False,4064,4,2048,10944,generic,generic,2816,,CUDA_EVENT,BF16,none
,,,,,,,,,,,,0.020287999883294106,0.03625600039958954,0.0264015999622643,0.023744000121951103,0.004815994471581533,40,0.20006400346755981,0.2542720139026642,0.20877920240163803,0.20691200345754623,0.011004631083477864,20,0.0395519994199276,0.04438399896025658,0.04155519977211952,0.041311999782919884,0.0012916427573590444,20,,,,,,,0.12982399761676788,0.13222399353981018,0.13091359809041023,0.13099200278520584,0.0005969074613617711,20,0.023871999233961105,0.024639999493956566,0.024075199849903584,0.024000000208616257,0.00021662713287386797,20,0.06297600269317627,0.06521599739789963,0.06373279951512814,0.06366400048136711,0.0005697683880603717,20,0.036639999598264694,0.03855999931693077,0.037291199900209904,0.037087999284267426,0.0005043707605577815,20,0.009119999594986439,0.009535999968647957,0.009279999928548933,0.009279999881982803,0.00011038842231063728,20,0.02316799946129322,0.024607999250292778,0.023785600066185,0.02372800000011921,0.00041006224518114464,20,16,16,2048,10944,102400,True,False,False,4032,4,2048,10944,generic,generic,2816,,CUDA_EVENT,BF16,none
,,,,,,,,,,,,0.021344000473618507,0.037696000188589096,0.026862400118261576,0.02364799939095974,0.005110010050226973,40,0.19952000677585602,0.24739199876785278,0.2103520005941391,0.20824000239372253,0.009299474063897094,20,0.039103999733924866,0.046592000871896744,0.04140000008046627,0.04064000025391579,0.0018312243092758972,20,,,,,,,0.12220799922943115,0.12691199779510498,0.1240336000919342,0.1242079995572567,0.0010366453015277367,20,0.024768000468611717,0.026335999369621277,0.025199999939650296,0.025071999989449978,0.0003980752976936442,20,0.06272000074386597,0.06489600241184235,0.0639504000544548,0.06388800218701363,0.0006180628356804714,20,0.0363520011305809,0.03814399987459183,0.03709440007805824,0.037167999893426895,0.0004977618964536802,20,0.009119999594986439,0.00940799992531538,0.0092720000538975,0.00926399976015091,8.275275588465354e-05,20,0.023584000766277313,0.024671999737620354,0.023947199899703266,0.023792000487446785,0.0003460257462103714,20,16,16,2048,10944,102400,True,False,False,4000,4,2048,10944,generic,generic,2816,,CUDA_EVENT,BF16,none
,,,,,,,,,,,,0.02287999913096428,0.03788800165057182,0.02771520013920963,0.024639999493956566,0.005302177961419984,40,0.20281599462032318,0.2553919851779938,0.21045919880270958,0.20873600244522095,0.010898044880158423,20,0.040063999593257904,0.04396799951791763,0.04161760006099939,0.04182399995625019,0.0011414844414748136,20,,,,,,,0.1387840062379837,0.1464959979057312,0.1433936007320881,0.14376000314950943,0.0018606402427872387,20,0.023423999547958374,0.024671999737620354,0.0238752000965178,0.02377600036561489,0.0003389433309663891,20,0.06329599767923355,0.06550399959087372,0.06419040039181709,0.06403200328350067,0.0006340908745943156,20,0.03657599911093712,0.038047999143600464,0.03726879972964525,0.03721600025892258,0.00045808920116834995,20,0.008991999551653862,0.009600000455975533,0.009375999961048365,0.009391999803483486,0.00012557722914432285,20,0.02348800003528595,0.02502400055527687,0.024187199864536525,0.024159999564290047,0.00043504387542445073,20,16,16,2048,10944,102400,True,False,False,3968,4,2048,10944,generic,generic,2816,,CUDA_EVENT,BF16,none
,,,,,,,,,,,,0.022752000018954277,0.03753599897027016,0.02829120005480945,0.02473600022494793,0.005557262511889286,40,0.20160000026226044,0.25279998779296875,0.20879999846220015,0.20761599391698837,0.010399480469233734,20,0.039455998688936234,0.044415999203920364,0.04139520041644573,0.04145600087940693,0.0013142772872255072,20,,,,,,,0.12291199713945389,0.1268160045146942,0.12517280094325542,0.12513600289821625,0.000837781845717452,20,0.024383999407291412,0.025855999439954758,0.02480159988626838,0.024671999737620354,0.0003670213042010746,20,0.06335999816656113,0.06464000046253204,0.06381759904325009,0.06366400048136711,0.00043478814586713063,20,0.03651199862360954,0.03814399987459183,0.03712159972637892,0.037007998675107956,0.000444843052814321,20,0.008960000239312649,0.009535999968647957,0.009307200042530894,0.009312000125646591,0.00012238688345865586,20,0.02348800003528595,0.03718400001525879,0.02490559993311763,0.024240000173449516,0.002857872323167971,20,16,16,2048,10944,102400,True,False,False,3936,4,2048,10944,generic,generic,2816,,CUDA_EVENT,BF16,none
,,,,,,,,,,,,0.0226879995316267,0.0629120022058487,0.029752000141888856,0.027103999629616737,0.007824434693571749,40,0.19894400238990784,0.2521919906139374,0.20893279910087587,0.20775999873876572,0.010522575187618958,20,0.040031999349594116,0.052319999784231186,0.04234079997986555,0.04150399938225746,0.0026687360253409517,20,,,,,,,0.14044800400733948,0.1502400040626526,0.14435039982199668,0.14420799911022186,0.0030126338581252477,20,0.023423999547958374,0.024671999737620354,0.023780799936503172,0.02364799939095974,0.0003616530681161462,20,0.06259199976921082,0.06505600363016129,0.06394400000572205,0.06387200206518173,0.0006014708890500197,20,0.03654399886727333,0.03807999938726425,0.037161600030958655,0.03710399940609932,0.000440520671299504,20,0.008736000396311283,0.009855999611318111,0.009334399970248342,0.009328000247478485,0.0002242511671836344,20,0.023520000278949738,0.02502400055527687,0.02417120011523366,0.02404800057411194,0.000455960617933599,20,16,16,2048,10944,102400,True,False,False,3904,4,2048,10944,generic,generic,2816,,CUDA_EVENT,BF16,none
,,,,,,,,,,,,0.022655999287962914,0.036959998309612274,0.02932559996843338,0.027984000742435455,0.006174204558420745,40,0.20006400346755981,0.2999359965324402,0.21201760098338127,0.2080960050225258,0.020616761054239267,20,0.03951999917626381,0.04499199986457825,0.041779200173914434,0.04145599901676178,0.0014158475016929565,20,,,,,,,0.12272000312805176,0.1289920061826706,0.12559999972581865,0.12564799934625626,0.0014841587149708529,20,0.02393599972128868,0.025439999997615814,0.0243023999966681,0.02420799992978573,0.00035983646506029023,20,0.06339199841022491,0.06620799750089645,0.0642623994499445,0.06425599753856659,0.0006583445487845248,20,0.03641600161790848,0.03827200084924698,0.03709440007805824,0.03702399879693985,0.0005409420705433376,20,0.008895999751985073,0.00940799992531538,0.009198399959132075,0.009184000082314014,0.00012617699021936606,20,0.023679999634623528,0.024960000067949295,0.024161599949002265,0.024064000695943832,0.0003735204240161027,20,16,16,2048,10944,102400,True,False,False,3872,4,2048,10944,generic,generic,2816,,CUDA_EVENT,BF16,none
,,,,,,,,,,,,0.02287999913096428,0.03705599904060364,0.029276799922809005,0.026895999908447266,0.00616967885600891,40,0.20025600492954254,0.2457599937915802,0.20850879922509194,0.2069759964942932,0.00931378967115082,20,0.040832001715898514,0.046560000628232956,0.042900799959898,0.042208001017570496,0.0016418299116641379,20,,,,,,,0.1170239970088005,0.11939200013875961,0.1180063996464014,0.1178239993751049,0.0006641907779838797,20,0.023296000435948372,0.024607999250292778,0.023556800000369547,0.023455999791622162,0.00028733688862510114,20,0.06185600161552429,0.06332799792289734,0.06252320017665625,0.06249599903821945,0.0004376258169346608,20,0.033984001725912094,0.035392001271247864,0.03474240005016327,0.03473600000143051,0.00045751081168057264,20,0.009119999594986439,0.009440000168979168,0.009292800026014448,0.009296000003814697,9.073578599281827e-05,20,0.022272000089287758,0.03753599897027016,0.023859200067818165,0.0226879995316267,0.0033481908927822284,20,16,16,2048,10944,102400,True,False,False,3840,4,2048,10944,generic,generic,2816,,CUDA_EVENT,BF16,none
,,,,,,,,,,,,0.022784000262618065,0.03680000081658363,0.02945999982766807,0.029503999277949333,0.006331394948774431,40,0.19952000677585602,0.24767999351024628,0.20920800045132637,0.20761600136756897,0.009722849220106036,20,0.03907199949026108,0.04505600035190582,0.04035200010985136,0.03996799886226654,0.0013432379278698655,20,,,,,,,0.11641599982976913,0.11827199906110764,0.1171920008957386,0.11708799749612808,0.0005233609693982787,20,0.022975999861955643,0.023615999147295952,0.023193599842488765,0.02316799946129322,0.00013933773455121205,20,0.06092799827456474,0.063680000603199,0.062099200673401356,0.062063999474048615,0.0006971602711535511,20,0.034015998244285583,0.03587200120091438,0.034967999905347824,0.03500800020992756,0.0004969669197759485,20,0.009056000038981438,0.00940799992531538,0.009235200006514788,0.009231999982148409,9.073564475837345e-05,20,0.022495999932289124,0.03798399865627289,0.02622079998254776,0.022752000018954277,0.005580329639431595,20,16,16,2048,10944,102400,True,False,False,3808,4,2048,10944,generic,generic,2816,,CUDA_EVENT,BF16,none
,,,,,,,,,,,,0.0226879995316267,0.03670400008559227,0.029416000051423908,0.03081599995493889,0.006149792057443927,40,0.20006400346755981,0.2519040107727051,0.210555200278759,0.20788799971342087,0.011090521657750105,20,0.040352001786231995,0.05104000121355057,0.04273600000888109,0.04190400056540966,0.002297624633092693,20,,,,,,,0.11715199798345566,0.12361600250005722,0.12009439952671527,0.1199679970741272,0.0015533515284885102,20,0.02284800074994564,0.02393599972128868,0.023286399990320207,0.02319999970495701,0.00029660045762804673,20,0.061792001128196716,0.06319999694824219,0.06236479990184307,0.06220800057053566,0.0004340571680750649,20,0.03392000123858452,0.03593600168824196,0.03466880042105913,0.034671999514102936,0.0005201747933632276,20,0.008991999551653862,0.009600000455975533,0.00923039996996522,0.009247999638319016,0.00011734675309589894,20,0.02239999920129776,0.03855999931693077,0.026113599818199874,0.022703999653458595,0.005665233405029874,20,16,16,2048,10944,102400,True,False,False,3776,4,2048,10944,generic,generic,2816,,CUDA_EVENT,BF16,none
,,,,,,,,,,,,0.022816000506281853,0.03625600039958954,0.029233600152656435,0.03014400042593479,0.005938845765768372,40,0.19894400238990784,0.2512960135936737,0.20860640183091164,0.20721600204706192,0.010529546120670098,20,0.03852799907326698,0.04303999990224838,0.040144000202417374,0.039792001247406006,0.0012213984830845312,20,,,,,,,0.11609599739313126,0.11795199662446976,0.11687520034611225,0.1167520023882389,0.0005664343758972253,20,0.02252800017595291,0.023711999878287315,0.022956799995154143,0.02287999913096428,0.0003327693254332574,20,0.06400000303983688,0.09139200299978256,0.06668800041079521,0.06523199751973152,0.0057390915649641475,20,0.034143999218940735,0.03683200106024742,0.03483359999954701,0.034671999514102936,0.0005951895351763678,20,0.008960000239312649,0.01708799973130226,0.00957120000384748,0.009184000082314014,0.0017264258842415827,20,0.022495999932289124,0.0382080003619194,0.025916799996048213,0.022640000097453594,0.005092716098675564,20,16,16,2048,10944,102400,True,False,False,3744,4,2048,10944,generic,generic,2816,,CUDA_EVENT,BF16,none
,,,,,,,,,,,,0.022784000262618065,0.03670400008559227,0.02939919992350042,0.03433600068092346,0.006157393680094867,40,0.20284800231456757,0.2555199861526489,0.21034399792551994,0.208639994263649,0.010743874543617575,20,0.03999999910593033,0.04447999969124794,0.04175840001553297,0.041680000722408295,0.0012322068003380437,20,,,,,,,0.11657600104808807,0.11984000355005264,0.11769919991493225,0.11753600090742111,0.0008073209208801105,20,0.022463999688625336,0.023391999304294586,0.022752000018954277,0.022655999287962914,0.0002489015185777786,20,0.06204799935221672,0.06351999938488007,0.06256479974836111,0.062463998794555664,0.0004357490157319429,20,0.03385600075125694,0.038656000047922134,0.03563679996877909,0.03548800013959408,0.0013286462675793777,20,0.00902399979531765,0.009344000369310379,0.00916160005144775,0.009135999716818333,0.00010761715829226742,20,0.023840000852942467,0.03977600112557411,0.031193600222468375,0.03183999937027693,0.005701073041205065,20,16,16,2048,10944,102400,True,False,False,3712,4,2048,10944,generic,generic,2816,,CUDA_EVENT,BF16,none
,,,,,,,,,,,,0.0226879995316267,0.03763199970126152,0.029553599935024977,0.034431999549269676,0.00633479168988552,40,0.19993600249290466,0.25328001379966736,0.20952959954738617,0.20731200277805328,0.010613417802152981,20,0.0382080003619194,0.0424639992415905,0.04003359992057085,0.03980799950659275,0.0011496184124753226,20,,,,,,,0.11542399972677231,0.11683200299739838,0.11614559963345528,0.11611199751496315,0.00033262719779916756,20,0.021856000646948814,0.023104000836610794,0.022288000117987393,0.0221599992364645,0.0003575562006770158,20,0.06217600032687187,0.06726399809122086,0.0644624000415206,0.06387200206518173,0.0013898264566946158,20,0.03388800099492073,0.03545600175857544,0.03461440037935972,0.03457600064575672,0.0004429543740545709,20,0.00886400043964386,0.009312000125646591,0.00911199995316565,0.009119999594986439,0.00011262680509739473,20,0.022175999358296394,0.038047999143600464,0.029286399856209754,0.028384000062942505,0.005317140721416305,20,16,16,2048,10944,102400,True,False,False,3680,4,2048,10944,generic,generic,2816,,CUDA_EVENT,BF16,none
,,,,,,,,,,,,0.02252800017595291,0.038015998899936676,0.029638399928808214,0.03420799970626831,0.006065140488510708,40,0.19916799664497375,0.24851199984550476,0.20935360193252564,0.20681600272655487,0.010336519829449034,20,0.04028800129890442,0.04822399839758873,0.04224480018019676,0.04166399873793125,0.001849762464787208,20,,,,,,,0.11622399836778641,0.12336000055074692,0.11921599954366684,0.11911999806761742,0.002023567014601347,20,0.02179200015962124,0.022784000262618065,0.022112000081688166,0.022048000246286392,0.0002383946083821622,20,0.06185600161552429,0.0634239986538887,0.06262240000069141,0.06251199916005135,0.0004925783117462319,20,0.03417599946260452,0.038336001336574554,0.03695680033415556,0.03694400005042553,0.0011048067557666381,20,0.008927999995648861,0.009600000455975533,0.009136000089347363,0.009088000282645226,0.0001611161964285826,20,0.021824000403285027,0.037408001720905304,0.025875200238078832,0.02323200087994337,0.004678804712235348,20,16,16,2048,10944,102400,True,False,False,3648,4,2048,10944,generic,generic,2816,,CUDA_EVENT,BF16,none
,,,,,,,,,,,,0.02239999920129776,0.03951999917626381,0.029756000125780703,0.03457599878311157,0.006184736576274576,40,0.20025600492954254,0.25299200415611267,0.209740798920393,0.20742399990558624,0.01061522842550198,20,0.0390079990029335,0.043007999658584595,0.04073119983077049,0.04076799936592579,0.001120378470184114,20,,,,,,,0.11427199840545654,0.11670400202274323,0.11570879928767681,0.11563200131058693,0.0006122720474467436,20,0.021663999184966087,0.02284800074994564,0.02199680022895336,0.02191999927163124,0.00023805082835101933,20,0.06345599889755249,0.06835199892520905,0.06592959947884083,0.06576000154018402,0.0010846113041688998,20,0.03385600075125694,0.039103999733924866,0.035126400180161,0.03486400097608566,0.0013028795051090822,20,0.00886400043964386,0.010623999871313572,0.009176000067964197,0.009103999938815832,0.00035241789102019366,20,0.022207999601960182,0.03759999945759773,0.030342399794608354,0.030528000555932522,0.00520488232276772,20,16,16,2048,10944,102400,True,False,False,3616,4,2048,10944,generic,generic,2816,,CUDA_EVENT,BF16,none
,,,,,,,,,,,,0.022495999932289124,0.03680000081658363,0.030326400185003877,0.0342399999499321,0.005879599248665954,40,0.2008959949016571,0.25171199440956116,0.2083999991416931,0.2062240019440651,0.010494840349921205,20,0.03951999917626381,0.048448000103235245,0.0417359996587038,0.04124799929559231,0.001869684346009107,20,,,,,,,0.11577600240707397,0.11779200285673141,0.11674880050122738,0.11660800129175186,0.00048163991930247764,20,0.021856000646948814,0.022495999932289124,0.02204640004783869,0.0220320001244545,0.00014292039928194867,20,0.06249599903821945,0.07942400127649307,0.06388000063598157,0.06304000318050385,0.0035912624578699577,20,0.03292800113558769,0.03494400158524513,0.033830399997532366,0.03367999941110611,0.0006229406711890134,20,0.008895999751985073,0.016831999644637108,0.009379199845716358,0.009007999673485756,0.0017110546463827835,20,0.023744000121951103,0.039903998374938965,0.033271999843418595,0.03275199979543686,0.005071882387181756,20,16,16,2048,10944,102400,True,False,False,3584,4,2048,10944,generic,generic,2816,,CUDA_EVENT,BF16,none
,,,,,,,,,,,,0.022495999932289124,0.03776000067591667,0.03013279978185892,0.034672001376748085,0.005952814968377166,40,0.1998720020055771,0.2595199942588806,0.20738079994916916,0.20555199682712555,0.012368362134157092,20,0.03811199963092804,0.043168000876903534,0.03961280006915331,0.0390079990029335,0.0014117372779894623,20,,,,,,,0.11615999788045883,0.118367999792099,0.11716320067644119,0.11718399822711945,0.0004991665868823142,20,0.021695999428629875,0.023231999948620796,0.02217759992927313,0.022048000246286392,0.0004494234181512668,20,0.05641600117087364,0.0578560009598732,0.05700160022825003,0.056912001222372055,0.0004357291619088333,20,0.03379200026392937,0.03590400144457817,0.03488320019096136,0.03480000048875809,0.0005517471172170121,20,0.008736000396311283,0.009279999881982803,0.008945600036531687,0.008927999995648861,0.00012938244883791021,20,0.02131200022995472,0.03667199984192848,0.030758400168269872,0.032048000022768974,0.005660270931430673,20,16,16,2048,10944,102400,True,False,False,3552,4,2048,10944,generic,generic,2816,,CUDA_EVENT,BF16,none
,,,,,,,,,,,,0.02051199972629547,0.036959998309612274,0.029118400067090988,0.03160000033676624,0.006834491008358871,40,0.20057600736618042,0.2575039863586426,0.20881119966506959,0.20598400384187698,0.011730850366366863,20,0.03964800015091896,0.045024000108242035,0.04172480031847954,0.0411360003054142,0.0014515411253364506,20,,,,,,,0.11619199812412262,0.12179200351238251,0.1173967994749546,0.11726399883627892,0.0011312034434370745,20,0.021503999829292297,0.022784000262618065,0.021852799970656634,0.021743999794125557,0.00031514727989145273,20,0.06265600025653839,0.06441599875688553,0.06338719949126244,0.0631839968264103,0.0004889062385741947,20,0.03385600075125694,0.036896001547575,0.03506400007754564,0.03500800020992756,0.0007410526535847041,20,0.008671999908983707,0.009151999838650227,0.008911999920383096,0.008911999873816967,0.00011062004397555248,20,0.02175999991595745,0.03747199848294258,0.030035199690610172,0.02918399963527918,0.006168272048993859,20,16,16,2048,10944,102400,True,False,False,3520,4,2048,10944,generic,generic,2816,,CUDA_EVENT,BF16,none
,,,,,,,,,,,,0.020447999238967896,0.042047999799251556,0.03046640008687973,0.034832000732421875,0.007188753599121263,40,0.20054399967193604,0.26524800062179565,0.21050239950418473,0.207007996737957,0.014093882639749825,20,0.03705599904060364,0.041728001087903976,0.039184000343084335,0.03867200016975403,0.0013118633873469888,20,,,,,,,0.11526399850845337,0.12272000312805176,0.11811360046267509,0.11793600022792816,0.001704146152741109,20,0.022016000002622604,0.023104000836610794,0.02236800007522106,0.022336000576615334,0.0002762029310187367,20,0.05724800005555153,0.05942400172352791,0.05847040005028248,0.0585120003670454,0.00053761911647797,20,0.03488000109791756,0.03683200106024742,0.03583519998937845,0.03579200059175491,0.0005321315001112511,20,0.008704000152647495,0.009119999594986439,0.008903999952599407,0.008895999751985073,0.00010558778241450617,20,0.022272000089287758,0.03651199862360954,0.033547199610620734,0.03534399904310703,0.0035163511864667748,20,16,16,2048,10944,102400,True,False,False,3488,4,2048,10944,generic,generic,2816,,CUDA_EVENT,BF16,none
,,,,,,,,,,,,0.020320000126957893,0.043007999658584595,0.031039199931547044,0.03532799892127514,0.006476287110941051,40,0.20022399723529816,0.2518720030784607,0.20780479907989502,0.20604799687862396,0.010594204028411979,20,0.039744000881910324,0.04483199864625931,0.04113919977098703,0.040608000010252,0.0013807322939873735,20,,,,,,,0.10553599894046783,0.12220799922943115,0.10787680000066757,0.1066880002617836,0.0036534033842601705,20,0.0208320003002882,0.02239999920129776,0.021532799862325192,0.021407999098300934,0.00042499785525385963,20,0.062111999839544296,0.06489600241184235,0.06318880077451468,0.06305600330233574,0.0006333475730303623,20,0.03315199911594391,0.03718400001525879,0.035369600355625155,0.03519999980926514,0.0011547567723578396,20,0.00863999966531992,0.009151999838650227,0.008851200062781572,0.008832000195980072,0.00010823375847681053,20,0.03174399957060814,0.0390079990029335,0.037283200211822985,0.03774400055408478,0.0016570594832279832,20,16,16,2048,10944,102400,True,False,False,3456,4,2048,10944,generic,generic,2816,,CUDA_EVENT,BF16,none
,,,,,,,,,,,,0.020447999238967896,0.05212799832224846,0.031463999720290306,0.036159999668598175,0.0075379417913300495,40,0.19753600656986237,0.25276800990104675,0.20727199986577033,0.2048959955573082,0.011098000799369406,20,0.03731200098991394,0.04278400167822838,0.039640000090003014,0.03956800140440464,0.0015020881639422907,20,,,,,,,0.10534399747848511,0.11939200013875961,0.10859360024333001,0.10649599879980087,0.0037561164230798605,20,0.021023999899625778,0.02175999991595745,0.02128640003502369,0.02123199962079525,0.00017544627716342882,20,0.057631999254226685,0.05967999994754791,0.05853599961847067,0.05860799923539162,0.0005650403719595074,20,0.03251200169324875,0.03404799848794937,0.03319359961897135,0.03315199911594391,0.00035635090139432237,20,0.008287999778985977,0.015647999942302704,0.009286399930715561,0.008832000195980072,0.0015554304096880892,20,0.03494400158524513,0.04137599840760231,0.03575039990246296,0.03553599864244461,0.0013141286576128812,20,16,16,2048,10944,102400,True,False,False,3424,4,2048,10944,generic,generic,2816,,CUDA_EVENT,BF16,none
,,,,,,,,,,,,0.020735999569296837,0.037248000502586365,0.030880000069737436,0.035072000697255135,0.0059332480057431415,40,0.19964799284934998,0.2542720139026642,0.20806560143828393,0.20632000267505646,0.011032726667967408,20,0.03916800022125244,0.044224001467227936,0.04098240025341511,0.04044800065457821,0.0015139450666785208,20,,,,,,,0.10547199845314026,0.11680000275373459,0.10865919962525368,0.10680000111460686,0.0034863326865534295,20,0.02067199908196926,0.02208000048995018,0.021143999975174667,0.02107200026512146,0.0003166021169608536,20,0.06252799928188324,0.06409599632024765,0.0631824005395174,0.06308800354599953,0.0003849944531502437,20,0.034304000437259674,0.038047999143600464,0.03599040023982525,0.03593599982559681,0.0009382656932701259,20,0.00825599953532219,0.014720000326633453,0.009079999988898635,0.008799999952316284,0.0013013372494107276,20,0.029311999678611755,0.03836800158023834,0.03718399982899427,0.0376800000667572,0.0019046319195941096,20,16,16,2048,10944,102400,True,False,False,3392,4,2048,10944,generic,generic,2816,,CUDA_EVENT,BF16,none
,,,,,,,,,,,,0.02179200015962124,0.05097600072622299,0.03248080010525882,0.034591998904943466,0.005442735960195772,40,0.1990399956703186,0.2563520073890686,0.20808800011873246,0.20551999658346176,0.012006182139362219,20,0.03750399872660637,0.04278400167822838,0.03891839981079102,0.03844799846410751,0.0013942089360742965,20,,,,,,,0.10598400235176086,0.12003199756145477,0.10992159992456436,0.10791999846696854,0.004170748189275516,20,0.020640000700950623,0.021824000403285027,0.02099999999627471,0.0208320003002882,0.0003513996806684469,20,0.0549440011382103,0.056384000927209854,0.0555519999936223,0.055536000058054924,0.0003941334329491399,20,0.03235200047492981,0.03392000123858452,0.03310559988021851,0.033055998384952545,0.0003788286679117525,20,0.008671999908983707,0.015072000212967396,0.00940000000409782,0.008848000317811966,0.0014539722588654694,20,0.034432001411914825,0.03593600168824196,0.035460800118744376,0.03548799827694893,0.00033151682419363995,20,16,16,2048,10944,102400,True,False,False,3360,4,2048,10944,generic,generic,2816,,CUDA_EVENT,BF16,none
,,,,,,,,,,,,0.025631999596953392,0.044256001710891724,0.0350191998295486,0.03699199855327606,0.004655343154638958,40,0.19990399479866028,0.2517760097980499,0.2086191989481449,0.20679999887943268,0.010677824064479915,20,0.0395519994199276,0.047520000487565994,0.04164800010621548,0.04124800115823746,0.0020538542720967734,20,,,,,,,0.10582400113344193,0.12358400225639343,0.11085439957678318,0.10899199917912483,0.005168239415439635,20,0.020160000771284103,0.02160000056028366,0.02076480006799102,0.02070399932563305,0.0003157964099504241,20,0.0679360032081604,0.07046400010585785,0.0695200003683567,0.06971200183033943,0.0007387419345521105,20,0.030719999223947525,0.033215999603271484,0.03149759992957115,0.03134400025010109,0.0006816148783693227,20,0.008671999908983707,0.008960000239312649,0.008784000156447291,0.008767999708652496,6.900440884046737e-05,20,0.03481600061058998,0.03641600161790848,0.03547520022839308,0.035472000017762184,0.000366033273634784,20,16,16,2048,10944,102400,True,False,False,3328,4,2048,10944,generic,generic,2816,,CUDA_EVENT,BF16,none
,,,,,,,,,,,,0.02502400055527687,0.04575999826192856,0.03461520001292229,0.03542400151491165,0.004019969085166016,40,0.1998080015182495,0.25097599625587463,0.2074352003633976,0.2054399996995926,0.010482464855816184,20,0.03750399872660637,0.04012800008058548,0.03895840011537075,0.03884800150990486,0.0007349190798070392,20,,,,,,,0.10627199709415436,0.12307199835777283,0.11186080016195774,0.11166400089859962,0.0042119378251654046,20,0.019999999552965164,0.02115200087428093,0.020500800106674433,0.02046399936079979,0.00022337641105538866,20,0.05471999943256378,0.0560000017285347,0.05533920023590326,0.05524799972772598,0.0003622194323438468,20,0.03270399942994118,0.033695999532938004,0.03310720007866621,0.0330400001257658,0.00027701680035104574,20,0.008576000109314919,0.016896000131964684,0.00974719999358058,0.00878399983048439,0.002308404739382053,20,0.035071998834609985,0.036031998693943024,0.035524800047278406,0.03548800013959408,0.00028011879024556966,20,16,16,2048,10944,102400,True,False,False,3296,4,2048,10944,generic,generic,2816,,CUDA_EVENT,BF16,none
,,,,,,,,,,,,0.027135999873280525,0.04975999891757965,0.037533599976450206,0.03828800097107887,0.004505256664641514,40,0.19916799664497375,0.252128005027771,0.2071056015789509,0.20550400018692017,0.010858055951313228,20,0.039423998445272446,0.04569600149989128,0.041519999876618384,0.04076799936592579,0.0018576683267051738,20,,,,,,,0.10553599894046783,0.12796799838542938,0.11279520019888878,0.11209600046277046,0.006156364116389732,20,0.019648000597953796,0.020608000457286835,0.020315200090408325,0.020368000492453575,0.0002252025075715825,20,0.06870400160551071,0.07353600114583969,0.07039839997887612,0.07009599730372429,0.0011110719455908525,20,0.03200000151991844,0.03455999866127968,0.03312639985233545,0.03324799984693527,0.0006673821757008032,20,0.008576000109314919,0.0098879998549819,0.008785599935799837,0.00872000027447939,0.0002649389059014821,20,0.03510399907827377,0.037087999284267426,0.03588000014424324,0.035760000348091125,0.0005634970472202793,20,16,16,2048,10944,102400,True,False,False,3264,4,2048,10944,generic,generic,2816,,CUDA_EVENT,BF16,none
,,,,,,,,,,,,0.029632000252604485,0.05097600072622299,0.03718560035340488,0.03638400137424469,0.0046278900975582245,40,0.19881600141525269,0.24956800043582916,0.20783680081367492,0.2059519961476326,0.010601662827620434,20,0.03763199970126152,0.04169600084424019,0.03944320026785135,0.03937599994242191,0.0011860913414432565,20,,,,,,,0.1072319969534874,0.12412799894809723,0.11539359949529171,0.11531199887394905,0.004369535076289458,20,0.020031999796628952,0.020896000787615776,0.02019999995827675,0.020128000527620316,0.00023468803942482572,20,0.05430399999022484,0.056095998734235764,0.05513439979404211,0.05508799850940704,0.0004091088632233771,20,0.03251200169324875,0.034015998244285583,0.032881599850952625,0.03284800052642822,0.0003142643537863082,20,0.00854399986565113,0.017472000792622566,0.009808000130578875,0.008768000174313784,0.00245587243527884,20,0.03516799956560135,0.042367998510599136,0.03626400027424097,0.03585600107908249,0.0014455312582198772,20,16,16,2048,10944,102400,True,False,False,3232,4,2048,10944,generic,generic,2816,,CUDA_EVENT,BF16,none
,,,,,,,,,,,,0.03417599946260452,0.05167999863624573,0.04037840003147721,0.03948799893260002,0.003786459336362665,40,0.1990399956703186,0.26419198513031006,0.20929599925875664,0.2072320058941841,0.012949015834013013,20,0.04022400081157684,0.044895999133586884,0.04205440022051334,0.04163200035691261,0.0013323529276772581,20,,,,,,,0.11667200177907944,0.13344000279903412,0.12529920004308223,0.125535998493433,0.004806549376683573,20,0.01958400011062622,0.02070399932563305,0.019891200214624406,0.019856000319123268,0.0002740437390997939,20,0.07187200337648392,0.0777600035071373,0.07417120039463043,0.0737600028514862,0.0015058807103510736,20,0.03155200183391571,0.03331200033426285,0.03241759985685348,0.03262399882078171,0.0005125466599124579,20,0.008224000222980976,0.008895999751985073,0.008662399975582958,0.008671999908983707,0.00013352086773031743,20,0.030751999467611313,0.03747199848294258,0.035553600452840325,0.03612799942493439,0.0017996259528841622,20,16,16,2048,10944,102400,True,False,False,3200,4,2048,10944,generic,generic,2816,,CUDA_EVENT,BF16,none
,,,,,,,,,,,,0.03254399821162224,0.04960000142455101,0.036603200156241654,0.03380800038576126,0.004876655073947592,40,0.19840000569820404,0.2449599951505661,0.20749119967222213,0.20612800121307373,0.009194857143377318,20,0.036479998379945755,0.0424639992415905,0.038396799564361574,0.03803199902176857,0.0014536563539766254,20,,,,,,,0.11116799712181091,0.1329600065946579,0.12034400068223476,0.1188799999654293,0.00612322370350818,20,0.019680000841617584,0.021088000386953354,0.02012160010635853,0.019999999552965164,0.00033094869730568603,20,0.0578560009598732,0.06444799900054932,0.06176160015165806,0.06193600036203861,0.001581508412832118,20,0.0315839983522892,0.03324799984693527,0.03247679974883795,0.0325119998306036,0.0004276404139079405,20,0.00854399986565113,0.008832000195980072,0.008665600139647723,0.008671999908983707,7.40853611451853e-05,20,0.03347200155258179,0.03612799942493439,0.03437120020389557,0.03432000055909157,0.0004959377674801547,20,16,16,2048,10944,102400,True,False,False,3168,4,2048,10944,generic,generic,2816,,CUDA_EVENT,BF16,none
,,,,,,,,,,,,0.0344959981739521,0.04787199944257736,0.04030160000547767,0.0392800010740757,0.0033947528616225667,40,0.19696000218391418,0.2508479952812195,0.2074064001441002,0.20478399842977524,0.01062479109694701,20,0.036479998379945755,0.0416640006005764,0.03813120014965534,0.03779200091958046,0.0013651441953568583,20,,,,,,,0.12303999811410904,0.13686400651931763,0.12864960059523584,0.12769600003957748,0.0038720832685347076,20,0.01929599978029728,0.020191999152302742,0.019542399886995555,0.019487999379634857,0.00023777095401139668,20,0.059808000922203064,0.06505600363016129,0.06298720054328441,0.06326400116086006,0.0012948056697484802,20,0.03244800120592117,0.03455999866127968,0.03344640042632818,0.03331200033426285,0.0006096481924222697,20,0.00848000030964613,0.008832000195980072,0.008617599960416555,0.008608000352978706,8.289172064009133e-05,20,0.03420799970626831,0.035392001271247864,0.03466079961508513,0.03463999927043915,0.0002980085281116316,20,16,16,2048,10944,102400,True,False,False,3136,4,2048,10944,generic,generic,2816,,CUDA_EVENT,BF16,none
,,,,,,,,,,,,0.032575998455286026,0.04972799867391586,0.03865839997306466,0.03449600003659725,0.0059478970980985976,40,0.19753600656986237,0.2603519856929779,0.2069424010813236,0.20467200130224228,0.012791191689300818,20,0.0352960005402565,0.04195199906826019,0.03810079973191023,0.0376800000667572,0.001652460721929143,20,,,,,,,0.10956799983978271,0.13007999956607819,0.12131359949707984,0.11908799782395363,0.00562600050398914,20,0.01961600035429001,0.02070399932563305,0.019848000165075062,0.0197759997099638,0.0002438883796735797,20,0.06003199890255928,0.06486400216817856,0.06307839993387461,0.06358399987220764,0.0013925556046035456,20,0.03219199925661087,0.03433600068092346,0.032660800218582156,0.032496001571416855,0.0005055875379362953,20,0.008352000266313553,0.021727999672293663,0.01010079998522997,0.008576000109314919,0.0039716792503990414,20,0.03363199904561043,0.03587200120091438,0.03437600005418062,0.03432000055909157,0.0005110870229771271,20,16,16,2048,10944,102400,True,False,False,3104,4,2048,10944,generic,generic,2816,,CUDA_EVENT,BF16,none
,,,,,,,,,,,,0.03308799862861633,0.048767998814582825,0.03925680005922914,0.03787199966609478,0.00575326928097594,40,0.19894400238990784,0.24646399915218353,0.2069232001900673,0.20467200130224228,0.009662512163412377,20,0.036448001861572266,0.03939199820160866,0.03765120021998882,0.03734400123357773,0.0009404623578867437,20,,,,,,,0.10902400314807892,0.12185599654912949,0.11475199945271015,0.11542399972677231,0.004181923701620436,20,0.01929599978029728,0.020447999238967896,0.019641599897295237,0.019519999623298645,0.00030384840764192353,20,0.04982399940490723,0.05225599929690361,0.05058559980243445,0.05040000006556511,0.0005423598913149778,20,0.02956799976527691,0.04153599962592125,0.03378399973735213,0.03191999904811382,0.004096373268681527,20,0.014112000353634357,0.024639999493956566,0.019056000001728534,0.018880000337958336,0.0023297998314647695,20,0.03359999880194664,0.03548799827694893,0.03420159984380007,0.03415999934077263,0.0004419707204634903,20,16,16,2048,10944,102400,True,False,False,3072,4,2048,10944,generic,generic,2816,,CUDA_EVENT,BF16,none
,,,,,,,,,,,,0.03244800120592117,0.057312000542879105,0.03912879964336753,0.03558400087058544,0.006595558276507034,40,0.19836799800395966,0.24857600033283234,0.20643519908189772,0.20399999618530273,0.010456593623419427,20,0.036607999354600906,0.04022400081157684,0.03810240011662245,0.03783999942243099,0.0011623580276784425,20,,,,,,,0.10822399705648422,0.12223999947309494,0.11565439961850643,0.11489599943161011,0.0044942130303092555,20,0.01913600042462349,0.020287999883294106,0.01949599999934435,0.01942400075495243,0.0002930882298105717,20,0.05020799860358238,0.05881600081920624,0.051267200335860255,0.05081599950790405,0.001786245093106716,20,0.029823999851942062,0.043455999344587326,0.03339040027931332,0.03267200104892254,0.0032658263614243847,20,0.01321600005030632,0.02831999957561493,0.01937759993597865,0.01950399950146675,0.0032122083101579343,20,0.033695999532938004,0.0363520011305809,0.03432799987494946,0.034223999828100204,0.0005528576014325308,20,16,16,2048,10944,102400,True,False,False,3040,4,2048,10944,generic,generic,2816,,CUDA_EVENT,BF16,none
,,,,,,,,,,,,0.03302399814128876,0.05315199866890907,0.03992479993030429,0.03798400051891804,0.0063098266606300205,40,0.19913600385189056,0.24780799448490143,0.2062799997627735,0.20366399735212326,0.010087751726054868,20,0.036320000886917114,0.0398080013692379,0.03788960017263889,0.037728000432252884,0.0009902679800504865,20,,,,,,,0.10937599837779999,0.12835200130939484,0.11584479957818986,0.1146559976041317,0.0044764246234846984,20,0.018880000337958336,0.01961600035429001,0.019227200001478196,0.01919999998062849,0.00019180661891818318,20,0.0504320003092289,0.05369599908590317,0.05143680032342672,0.05135999992489815,0.0008190621932090897,20,0.030079999938607216,0.0424639992415905,0.0338767996057868,0.03396799974143505,0.0030511168049935982,20,0.016543999314308167,0.023104000836610794,0.01926399990916252,0.019264000467956066,0.0013812739317615199,20,0.033824000507593155,0.035071998834609985,0.03438399992883205,0.03425600007176399,0.00038513144118936275,20,16,16,2048,10944,102400,True,False,False,3008,4,2048,10944,generic,generic,2816,,CUDA_EVENT,BF16,none
,,,,,,,,,,,,0.03222399950027466,0.04848000034689903,0.03940559970214963,0.03862399980425835,0.006471223348090105,40,0.19603200256824493,0.24742400646209717,0.20435680001974105,0.20239999890327454,0.01023623695495068,20,0.036479998379945755,0.04188799858093262,0.03811359982937575,0.037647999823093414,0.0013965522802611352,20,,,,,,,0.11107199639081955,0.12230399996042252,0.11651519984006882,0.1162240020930767,0.003301384347251949,20,0.018688000738620758,0.01945599913597107,0.01906400006264448,0.019023999571800232,0.00020260702908873662,20,0.051231998950242996,0.05475199967622757,0.05275039989501238,0.05260800011456013,0.0009210483644743714,20,0.029920000582933426,0.03766399994492531,0.03229120010510087,0.03041600063443184,0.002764879586175032,20,0.009472000412642956,0.027103999629616737,0.017715199990198015,0.01819199975579977,0.0036971480733266194,20,0.03388800099492073,0.03484800085425377,0.034375999681651594,0.034352000802755356,0.0002701819623467929,20,16,16,2048,10944,102400,True,False,False,2976,4,2048,10944,generic,generic,2816,,CUDA_EVENT,BF16,none
,,,,,,,,,,,,0.03446400165557861,0.054496001452207565,0.04149440005421638,0.040144000202417374,0.00619359658332971,40,0.19766399264335632,0.24799999594688416,0.20582079961895944,0.20430400222539902,0.010110013884158395,20,0.03651199862360954,0.050303999334573746,0.03828479945659637,0.037087999284267426,0.002985780296362102,20,,,,,,,0.10918399691581726,0.1215360015630722,0.11738720051944256,0.11780800297856331,0.002788727740566289,20,0.018400000408291817,0.02006400004029274,0.018996800109744073,0.018912000581622124,0.0003403566308469944,20,0.0544000007212162,0.05753599852323532,0.0561616001650691,0.056304000318050385,0.0009278605737320229,20,0.029952000826597214,0.03440000116825104,0.030872000195086003,0.030271999537944794,0.0013300564285748044,20,0.013055999763309956,0.02067199908196926,0.017408000025898217,0.017680000513792038,0.0021336106082918455,20,0.03372799977660179,0.035551998764276505,0.03442080020904541,0.034304000437259674,0.00039012140029551527,20,16,16,2048,10944,102400,True,False,False,2944,4,2048,10944,generic,generic,2816,,CUDA_EVENT,BF16,none
,,,,,,,,,,,,0.03558399900794029,0.05212799832224846,0.04179760031402111,0.04092800058424473,0.005663041109555775,40,0.19846400618553162,0.2536320090293884,0.20611680075526237,0.20270399749279022,0.011658907984026048,20,0.0363520011305809,0.040511999279260635,0.0377664003521204,0.03731200098991394,0.001222240485100146,20,,,,,,,0.11327999830245972,0.12179200351238251,0.117985600233078,0.1175680011510849,0.002648557866359901,20,0.018592000007629395,0.01958400011062622,0.01884800000116229,0.01881599985063076,0.00025679875958971386,20,0.05385600030422211,0.06348799914121628,0.05608480013906956,0.056064000353217125,0.0019970990320782762,20,0.030079999938607216,0.03891199827194214,0.03146719969809055,0.030415999703109264,0.00215237189602694,20,0.010751999914646149,0.021888000890612602,0.017492799926549195,0.018863999284803867,0.00303420557608787,20,0.03363199904561043,0.03494400158524513,0.03427839949727059,0.034272000193595886,0.00032737126302777243,20,16,16,2048,10944,102400,True,False,False,2912,4,2048,10944,generic,generic,2816,,CUDA_EVENT,BF16,none
,,,,,,,,,,,,0.03513599932193756,0.05049600079655647,0.04083119994029403,0.040463998913764954,0.004933023359532968,40,0.19705599546432495,0.24687999486923218,0.20563200041651725,0.20339199900627136,0.010249833939833228,20,0.036959998309612274,0.041280001401901245,0.03863679990172386,0.03855999931693077,0.0012066761966827014,20,,,,,,,0.11283200234174728,0.12150400131940842,0.11840160004794598,0.11899199709296227,0.001992407040599295,20,0.018239999189972878,0.01958400011062622,0.01868159994482994,0.01860800012946129,0.0002942609038829885,20,0.04912000149488449,0.05353600159287453,0.04983519967645407,0.049375999718904495,0.001185395315354485,20,0.03033600002527237,0.047231998294591904,0.03789600003510714,0.03811199963092804,0.004063267518466915,20,0.017376000061631203,0.022943999618291855,0.019713600073009728,0.01972800027579069,0.0012392089613570397,20,0.03404799848794937,0.03545600175857544,0.03462240006774664,0.034591998904943466,0.00032546961972464725,20,16,16,2048,10944,102400,True,False,False,2880,4,2048,10944,generic,generic,2816,,CUDA_EVENT,BF16,none
,,,,,,,,,,,,0.034912001341581345,0.04851200059056282,0.04080080045387149,0.040192000567913055,0.004727032023303113,40,0.19731199741363525,0.24825599789619446,0.20590079948306084,0.20336000621318817,0.01051519875659465,20,0.036639999598264694,0.03964800015091896,0.03774239998310804,0.037487998604774475,0.0009140734829693894,20,,,,,,,0.11091200262308121,0.12243200093507767,0.11460639983415603,0.11427199840545654,0.0022782891287570274,20,0.018015999346971512,0.019200000911951065,0.018401600327342747,0.01836800016462803,0.0002772159520975745,20,0.04931199923157692,0.05548800155520439,0.050921600125730035,0.05012799985706806,0.0018036510554771687,20,0.03545600175857544,0.043616000562906265,0.04005119968205691,0.03985599987208843,0.0019380061548598688,20,0.01772800087928772,0.02067199908196926,0.01953280009329319,0.01943999994546175,0.0007597824560116878,20,0.03388800099492073,0.03494400158524513,0.03428960051387549,0.03428800031542778,0.00025307866393308435,20,16,16,2048,10944,102400,True,False,False,2848,4,2048,10944,generic,generic,2816,,CUDA_EVENT,BF16,none
,,,,,,,,,,,,0.030688000842928886,0.049984000623226166,0.03799599995836615,0.03771199844777584,0.006637322564321947,40,0.19756799936294556,0.24809600412845612,0.20514879897236823,0.20308800041675568,0.010413874732466282,20,0.034143999218940735,0.03964800015091896,0.03629760015755892,0.03619199991226196,0.0014257105906723812,20,,,,,,,0.11184000223875046,0.11990399658679962,0.11488320007920265,0.1148960031569004,0.0017545480176927237,20,0.01788800023496151,0.01894400082528591,0.01824640007689595,0.01817600056529045,0.00023088846688632098,20,0.050655998289585114,0.05788800120353699,0.053396799974143504,0.05286400020122528,0.001902783559129373,20,0.03315199911594391,0.04182400181889534,0.03724959995597601,0.03787200152873993,0.0022764237902095624,20,0.01692800037562847,0.02409599907696247,0.019857600051909684,0.01953599974513054,0.0016179621907564242,20,0.03046399913728237,0.03232000023126602,0.03161440007388592,0.03163199871778488,0.0003767957738322038,20,16,16,2048,10944,102400,True,False,False,2816,4,2048,10944,generic,generic,2816,,CUDA_EVENT,BF16,none
,,,,,,,,,,,,0.030527999624609947,0.04934399947524071,0.03762720013037324,0.03710399940609932,0.0066523974470716575,40,0.19596800208091736,0.2500160038471222,0.20487519800662995,0.20294399559497833,0.01090771326816523,20,0.03407999873161316,0.03791999816894531,0.03592160027474165,0.035919999703764915,0.0011345555769149503,20,,,,,,,0.11215999722480774,0.11795199662446976,0.11439679935574532,0.1141119971871376,0.0014414176221867723,20,0.017823999747633934,0.018719999119639397,0.018111999798566102,0.018031999468803406,0.0002547972897382857,20,0.0506879985332489,0.057472001761198044,0.052830399945378304,0.05265600048005581,0.0015670358235107143,20,0.031072000041604042,0.03961599990725517,0.03628479978069663,0.03657599911093712,0.0024177666893675587,20,0.01740800030529499,0.02672000043094158,0.020115199871361254,0.019247999414801598,0.0022248494262952436,20,0.030751999467611313,0.032416000962257385,0.03131680013611913,0.031168000772595406,0.00043762561842077317,20,16,16,2048,10944,102400,True,False,False,2784,4,2048,10944,generic,generic,2816,,CUDA_EVENT,BF16,none
,,,,,,,,,,,,0.030912000685930252,0.053568001836538315,0.03872559973970056,0.037855999544262886,0.006970419752654389,40,0.19779199361801147,0.25990399718284607,0.20824639946222306,0.20502399653196335,0.013104724095926622,20,0.03455999866127968,0.040991999208927155,0.0368928000330925,0.03673600032925606,0.001643532328067474,20,,,,,,,0.11311999708414078,0.11935999989509583,0.11512480042874813,0.1148960031569004,0.0014711747884357392,20,0.017632000148296356,0.01817600056529045,0.017872000019997357,0.017872000113129616,0.00015462991134889326,20,0.05071999877691269,0.06729599833488464,0.055241599678993225,0.05540799908339977,0.0036675697814454573,20,0.035071998834609985,0.04396799951791763,0.039150400273501876,0.039024000987410545,0.001829814750997752,20,0.018559999763965607,2.4577279090881348,0.14289919547736646,0.020863999612629414,0.5310598746108661,20,0.03139200061559677,0.08774399757385254,0.03480960000306368,0.031968001276254654,0.01214783167153463,20,16,16,2048,10944,102400,True,False,False,2752,4,2048,10944,generic,generic,2816,,CUDA_EVENT,BF16,none
,,,,,,,,,,,,0.03177599981427193,0.04918399825692177,0.03902879999950528,0.03827200084924698,0.0065799600167141,40,0.19766399264335632,0.26204800605773926,0.20785280093550682,0.2043519988656044,0.013160413087934258,20,0.033824000507593155,0.03939199820160866,0.03616479970514774,0.035871999338269234,0.0014842365778192492,20,,,,,,,0.11203200370073318,0.11529599875211716,0.11371200047433376,0.11374400183558464,0.0008684619080299059,20,0.017503999173641205,0.018303999677300453,0.01774239996448159,0.017712000757455826,0.0001730589698448864,20,0.05135999992489815,0.06716799736022949,0.054910399951040745,0.05384000018239021,0.003693643507527445,20,0.03407999873161316,0.044256001710891724,0.03908959981054068,0.038736000657081604,0.0025253557555963975,20,0.01756799966096878,0.023679999634623528,0.02059519998729229,0.020383999682962894,0.0014580697136778388,20,0.031647998839616776,0.036959998309612274,0.03242239952087402,0.03209599852561951,0.0010973058159176477,20,16,16,2048,10944,102400,True,False,False,2720,4,2048,10944,generic,generic,2816,,CUDA_EVENT,BF16,none
,,,,,,,,,,,,0.03126399964094162,0.049695998430252075,0.038534399960190056,0.037808001041412354,0.006499408672906836,40,0.19910399615764618,0.24636800587177277,0.2077648013830185,0.20608000457286835,0.00946618449241939,20,0.03452799841761589,0.04025600105524063,0.036580799892544744,0.036447999998927116,0.0012907263209901833,20,,,,,,,0.11945600062608719,0.1255359947681427,0.1218815989792347,0.12132799997925758,0.0019104980282884506,20,0.01708799973130226,0.01833599992096424,0.017579200118780135,0.017551999539136887,0.0002710145348793592,20,0.05097600072622299,0.05350400134921074,0.05216639991849661,0.05215999856591225,0.000636920973795068,20,0.029503999277949333,0.041152000427246094,0.03546879980713129,0.03611199930310249,0.0030450552492043395,20,0.019071999937295914,0.02412799932062626,0.021190400049090386,0.020848000422120094,0.0014638241951609266,20,0.03171199932694435,0.032896000891923904,0.03226400017738342,0.03227199986577034,0.0002831368195125453,20,16,16,2048,10944,102400,True,False,False,2688,4,2048,10944,generic,generic,2816,,CUDA_EVENT,BF16,none
,,,,,,,,,,,,0.03081599995493889,0.047968000173568726,0.03840800011530519,0.03819200024008751,0.006220312332333515,40,0.19888000190258026,0.2523840069770813,0.20694399997591972,0.20575999468564987,0.01085324380382773,20,0.03455999866127968,0.03923200070858002,0.03631040006875992,0.03619199991226196,0.0012600081330950527,20,,,,,,,0.10646399855613708,0.11296000331640244,0.10877759978175164,0.10835199803113937,0.001472073984043082,20,0.01759999990463257,0.018592000007629395,0.017872000019997357,0.017791999503970146,0.00024042616649516742,20,0.05571199953556061,0.06735999882221222,0.06120159961283207,0.06102399900555611,0.0027419058687307694,20,0.03177599981427193,0.037151999771595,0.03443039953708649,0.034512000158429146,0.001317742662216981,20,0.021247999742627144,0.03372799977660179,0.023707199934870006,0.023376000113785267,0.0025843892988014917,20,0.03167999908328056,0.03286400064826012,0.032078399881720544,0.03203199990093708,0.00029872904914587104,20,16,16,2048,10944,102400,True,False,False,2656,4,2048,10944,generic,generic,2816,,CUDA_EVENT,BF16,none
,,,,,,,,,,,,0.031328000128269196,0.05507199838757515,0.03916879957541823,0.03844799846410751,0.006693339391973256,40,0.19702400267124176,0.2590720057487488,0.20646720007061958,0.20400000363588333,0.012442249321796293,20,0.034752000123262405,0.04742399975657463,0.037012800388038156,0.036159999668598175,0.002686233045604363,20,,,,,,,0.12243200093507767,0.13235199451446533,0.12652479968965052,0.12622400373220444,0.002642294878675623,20,0.01679999940097332,0.017503999173641205,0.0171616000123322,0.017152000218629837,0.00018441000693433278,20,0.05056000128388405,0.05241600051522255,0.051388800330460074,0.051343999803066254,0.0005188441851862679,20,0.02953599952161312,0.044576000422239304,0.03378240009769797,0.032575998455286026,0.00397275983306104,20,0.015647999942302704,0.02627200074493885,0.020177600160241126,0.020240000449121,0.002469012795198308,20,0.0318400003015995,0.032896000891923904,0.0324671994894743,0.03254399821162224,0.0002462960213725243,20,16,16,2048,10944,102400,True,False,False,2624,4,2048,10944,generic,generic,2816,,CUDA_EVENT,BF16,none
,,,,,,,,,,,,0.03167999908328056,0.04742399975657463,0.03853519987314939,0.037807999178767204,0.006249184763265517,40,0.19942399859428406,0.2513599991798401,0.20738720074295997,0.20561599731445312,0.010584065991886151,20,0.03465599939227104,0.03961599990725517,0.036296000331640245,0.03604799881577492,0.0012396387370349957,20,,,,,,,0.10371199995279312,0.10790400207042694,0.10612639971077442,0.10630399733781815,0.0010641852008603564,20,0.017184000462293625,0.01836800016462803,0.017495999950915574,0.01740800030529499,0.0002999946883938772,20,0.0655359998345375,0.0791039988398552,0.07139200009405614,0.07163200154900551,0.003654477429303303,20,0.026464000344276428,0.0344959981739521,0.028377600014209747,0.027759999968111515,0.0020041196015381673,20,0.018271999433636665,0.027424000203609467,0.022054400108754636,0.022463999688625336,0.0018958914292447576,20,0.031328000128269196,0.03296000137925148,0.03191840033978224,0.03182400017976761,0.0004607861832599105,20,16,16,2048,10944,102400,True,False,False,2592,4,2048,10944,generic,generic,2816,,CUDA_EVENT,BF16,none
,,,,,,,,,,,,0.031168000772595406,0.04979199916124344,0.03851039982400835,0.0376800000667572,0.006573106461107185,40,0.1995840072631836,0.2544640004634857,0.20967040061950684,0.20740799605846405,0.01072763218462577,20,0.03420799970626831,0.039455998688936234,0.03599360026419163,0.03572800010442734,0.001322091661055102,20,,,,,,,0.1066880002617836,0.11116799712181091,0.10783840082585812,0.10779200121760368,0.0010736206959693594,20,0.017023999243974686,0.017503999173641205,0.017236799746751786,0.01724799908697605,0.00012528112153881144,20,0.052319999784231186,0.06480000168085098,0.057584000192582606,0.05708800069987774,0.003548633141622551,20,0.04224000126123428,0.051231998950242996,0.04425760023295879,0.04398399963974953,0.0018877956468637245,20,0.018559999763965607,0.025439999997615814,0.020876799989491702,0.020608000457286835,0.0013760148976759068,20,0.031199999153614044,0.18540799617767334,0.03936479967087507,0.031727999448776245,0.033505868524454155,20,16,16,2048,10944,102400,True,False,False,2560,4,2048,10944,generic,generic,2816,,CUDA_EVENT,BF16,none
,,,,,,,,,,,,0.03174399957060814,0.051711998879909515,0.039324000105261804,0.03915200009942055,0.00684047535618125,40,0.19945600628852844,0.2512640058994293,0.20854080095887184,0.206496000289917,0.010175024059915903,20,0.03494400158524513,0.04124800115823746,0.03738560024648905,0.03702399879693985,0.001955461991655895,20,,,,,,,0.10527999699115753,0.11068800091743469,0.10718399994075298,0.10702400282025337,0.0013913385018375867,20,0.016575999557971954,0.017696000635623932,0.017043199855834246,0.017008000053465366,0.0002522526377434962,20,0.048608001321554184,0.0597120001912117,0.05373599994927645,0.054527999833226204,0.002824366663182814,20,0.04041599854826927,0.042047999799251556,0.04117759987711907,0.04118400067090988,0.00033141268130319946,20,0.020864000543951988,0.028416000306606293,0.02351999981328845,0.023215999826788902,0.0015725974721242906,20,0.031936001032590866,0.03311999887228012,0.032431999780237676,0.03244800120592117,0.0002456922145570056,20,16,16,2048,10944,102400,True,False,False,2528,4,2048,10944,generic,generic,2816,,CUDA_EVENT,BF16,none
,,,,,,,,,,,,0.030719999223947525,0.050144001841545105,0.03836079998873174,0.03806400112807751,0.006762920013348809,40,0.1998080015182495,0.25334399938583374,0.20771519988775253,0.20639999955892563,0.011288839426533493,20,0.03372799977660179,0.03862399980425835,0.03585119973868132,0.035599999129772186,0.0012587138421674218,20,,,,,,,0.1042879968881607,0.11561600118875504,0.10637920014560223,0.1059040017426014,0.0023431407568536775,20,0.016575999557971954,0.017376000061631203,0.016720000095665453,0.016688000410795212,0.00016704494508321024,20,0.054976001381874084,0.0655680000782013,0.05920000020414591,0.0591839998960495,0.0030820002783928787,20,0.04124800115823746,0.04540799930691719,0.042956800386309626,0.04297599941492081,0.0008982483240130053,20,0.018848000094294548,0.029888000339269638,0.02154079992324114,0.02099199965596199,0.0023337253895048225,20,0.030271999537944794,0.03379200026392937,0.03135199984535575,0.031231999397277832,0.0006782094158385469,20,16,16,2048,10944,102400,True,False,False,2496,4,2048,10944,generic,generic,2816,,CUDA_EVENT,BF16,none
,,,,,,,,,,,,0.03167999908328056,0.04800000041723251,0.0385751998052001,0.03831999935209751,0.006092324308215712,40,0.1998080015182495,0.2521919906139374,0.2083807997405529,0.20583999902009964,0.010782905259795653,20,0.03542400151491165,0.04371200129389763,0.03705919962376356,0.03636799938976765,0.0018864511013893515,20,,,,,,,0.10387200117111206,0.10726399719715118,0.105774400010705,0.10580800101161003,0.0009286887755540486,20,0.01616000011563301,0.01724799908697605,0.016606399975717067,0.016607999801635742,0.000236556569655327,20,0.0488319993019104,0.05929600074887276,0.053868800029158594,0.05369599908590317,0.0029628510586210467,20,0.040352001786231995,0.04214400053024292,0.04129279963672161,0.041279999539256096,0.0004255396119505944,20,0.020128000527620316,0.02595200017094612,0.023646399937570096,0.023552000522613525,0.0015312751228586754,20,0.0318400003015995,0.03347200155258179,0.03253759983927011,0.03255999833345413,0.0003369285215314442,20,16,16,2048,10944,102400,True,False,False,2464,4,2048,10944,generic,generic,2816,,CUDA_EVENT,BF16,none
,,,,,,,,,,,,0.03142400085926056,0.05488000065088272,0.03873999984934926,0.03806399926543236,0.006790855833750068,40,0.2001280039548874,0.25308799743652344,0.2082511991262436,0.2053920030593872,0.010771411936290595,20,0.034272000193595886,0.038975998759269714,0.03619520012289286,0.03625600039958954,0.0014923081289803456,20,,,,,,,0.1042879968881607,0.10911999642848969,0.1062912005931139,0.10647999867796898,0.001323748013655475,20,0.015584000386297703,0.016992000862956047,0.016331200255081058,0.016288000158965588,0.000283209005781002,20,0.05443200096487999,0.06572800129652023,0.06084640044718981,0.06096000038087368,0.003096509854733644,20,0.03680000081658363,0.043455999344587326,0.04110879991203546,0.0414079986512661,0.0016843760082126148,20,0.01836800016462803,0.026208000257611275,0.020830399915575983,0.02027199976146221,0.0019529302509169954,20,0.03110400028526783,0.038336001336574554,0.032166399899870156,0.03179199993610382,0.001462109659942448,20,16,16,2048,10944,102400,True,False,False,2432,4,2048,10944,generic,generic,2816,,CUDA_EVENT,BF16,none
,,,,,,,,,,,,0.03161599859595299,0.053599998354911804,0.039406399708241224,0.038575999438762665,0.007196831047392814,40,0.19993600249290466,0.25014400482177734,0.2087567999958992,0.20686399936676025,0.010215894175306934,20,0.0350399985909462,0.04230400174856186,0.03725279998034239,0.03652799874544144,0.0018189485377676123,20,,,,,,,0.10345599800348282,0.11500799655914307,0.10622560009360313,0.10574400052428246,0.002374616496941483,20,0.015904000028967857,0.016736000776290894,0.016215999983251093,0.01616000011563301,0.000192499554668827,20,0.048895999789237976,0.05923200026154518,0.05375200007110834,0.053407998755574226,0.0032022370534927993,20,0.04016000032424927,0.04201599955558777,0.04108479991555214,0.041152000427246094,0.0004940758936551074,20,0.020959999412298203,0.030719999223947525,0.024236799869686364,0.024096000008285046,0.002115836459550496,20,0.03174399957060814,0.033663999289274216,0.03259519971907139,0.032607998698949814,0.00040696665115390795,20,16,16,2048,10944,102400,True,False,False,2400,4,2048,10944,generic,generic,2816,,CUDA_EVENT,BF16,none
,,,,,,,,,,,,0.030592000111937523,0.04732799902558327,0.03780720024369657,0.03735999949276447,0.006407535338601974,40,0.20019200444221497,0.25811201333999634,0.2075312003493309,0.20563200116157532,0.011992633169639758,20,0.03404799848794937,0.04233599826693535,0.035591999627649785,0.03516799956560135,0.0016865204876296018,20,,,,,,,0.10422399640083313,0.10803200304508209,0.10599679909646512,0.10558399930596352,0.001205869838223789,20,0.01548799965530634,0.016767999157309532,0.016054400196298956,0.01600000075995922,0.00024351540556090645,20,0.04886399954557419,0.05849599838256836,0.05453119985759258,0.0546719990670681,0.002661044020181201,20,0.042399998754262924,0.04387199878692627,0.04313280005007982,0.04315200075507164,0.00039851250247560746,20,0.019551999866962433,0.023840000852942467,0.021419200021773575,0.02127999998629093,0.001086176209366416,20,0.03155200183391571,0.03311999887228012,0.03205919992178678,0.03200000151991844,0.0003770398672346013,20,16,16,2048,10944,102400,True,False,False,2368,4,2048,10944,generic,generic,2816,,CUDA_EVENT,BF16,none
,,,,,,,,,,,,0.030719999223947525,0.04742399975657463,0.03774159979075194,0.038127999752759933,0.005971400130276226,40,0.19791999459266663,0.26179200410842896,0.20724319964647292,0.20529600232839584,0.012810789559537492,20,0.03497600182890892,0.05708799883723259,0.03768800031393767,0.03683200106024742,0.004611208204478778,20,,,,,,,0.1043199971318245,0.1090560033917427,0.10630079917609692,0.10601599887013435,0.0016426291712778028,20,0.01539199985563755,0.016543999314308167,0.01589919994585216,0.01583999954164028,0.0002576495057606235,20,0.05040000006556511,0.05955199897289276,0.054916799813508985,0.05518399924039841,0.0026300471228886276,20,0.04041599854826927,0.041760001331567764,0.040860800072550774,0.040752001106739044,0.0003256935450962508,20,0.022016000002622604,0.02611199952661991,0.023751999903470277,0.02369599975645542,0.0011280566120397393,20,0.03167999908328056,0.03267199918627739,0.0322223998606205,0.03227199986577034,0.0002544903821788183,20,16,16,2048,10944,102400,True,False,False,2336,4,2048,10944,generic,generic,2816,,CUDA_EVENT,BF16,none
,,,,,,,,,,,,0.0326399989426136,0.048928000032901764,0.03950399989262223,0.0423360001295805,0.00581349816973724,40,0.19811199605464935,0.24771200120449066,0.20664320141077042,0.20420800149440765,0.009929710802468524,20,0.03468799963593483,0.043455999344587326,0.03676000032573938,0.03620800003409386,0.001996704299588477,20,,,,,,,0.09587199985980988,0.09958399832248688,0.0972560003399849,0.09716800227761269,0.0009355211913624698,20,0.015904000028967857,0.016863999888300896,0.016206399723887443,0.016127999871969223,0.00021832233574224847,20,0.05478399991989136,0.05663999915122986,0.05566720012575388,0.05571199953556061,0.00048185250733433964,20,0.03798399865627289,0.04022400081157684,0.03870879989117384,0.038656000047922134,0.00046847801439719577,20,0.024351999163627625,0.029664000496268272,0.026508799847215415,0.026239999569952488,0.0012517851346927971,20,0.030880000442266464,0.03209599852561951,0.031440000236034396,0.03142400085926056,0.0003060141378329892,20,16,16,2048,10944,102400,True,False,False,2304,4,2048,10944,generic,generic,2816,,CUDA_EVENT,BF16,none
,,,,,,,,,,,,0.03248000144958496,0.04979199916124344,0.039278400037437676,0.0390079990029335,0.005643560325533831,40,0.19631999731063843,0.2505599856376648,0.20654239803552626,0.20415999740362167,0.01086271526431965,20,0.03407999873161316,0.04156799986958504,0.03592800013720989,0.03561599925160408,0.0015644980537329286,20,,,,,,,0.0952640026807785,0.09996800124645233,0.09722880013287068,0.097120001912117,0.001396732589811887,20,0.015744000673294067,0.016383999958634377,0.016051199939101934,0.01601599995046854,0.00018141476679862015,20,0.05369599908590317,0.05734400078654289,0.05559840016067028,0.05575999990105629,0.000794893998154869,20,0.03807999938726425,0.04540799930691719,0.03917920012027025,0.03888000175356865,0.0014671666785100311,20,0.02396799996495247,0.028031999245285988,0.026134399883449077,0.026079999282956123,0.0012058566212978365,20,0.03126399964094162,0.032287999987602234,0.031721600145101544,0.03174399957060814,0.0002673672581451059,20,16,16,2048,10944,102400,True,False,False,2272,4,2048,10944,generic,generic,2816,,CUDA_EVENT,BF16,none
,,,,,,,,,,,,0.03097599931061268,0.04947200044989586,0.03901280020363629,0.0388799998909235,0.007259080414547818,40,0.19945600628852844,0.25123199820518494,0.2076495997607708,0.20534399896860123,0.01070848498116431,20,0.034015998244285583,0.03916800022125244,0.036697599664330484,0.03675200045108795,0.0013867710759203767,20,,,,,,,0.09551999717950821,0.09980800002813339,0.09763199985027313,0.09763199836015701,0.0009371144515353839,20,0.01568000018596649,0.01616000011563301,0.015934399887919427,0.01592000015079975,0.00012036201664986616,20,0.0544000007212162,0.056543998420238495,0.05558239985257387,0.055615998804569244,0.0005423478945516049,20,0.03788800165057182,0.03961599990725517,0.03869760017842054,0.03868800029158592,0.00037071669983477357,20,0.024383999407291412,0.029664000496268272,0.02649440001696348,0.02628799993544817,0.0015472413187612437,20,0.031231999397277832,0.032575998455286026,0.0318128002807498,0.0318400003015995,0.00027828522185179667,20,16,16,2048,10944,102400,True,False,False,2240,4,2048,10944,generic,generic,2816,,CUDA_EVENT,BF16,none
,,,,,,,,,,,,0.031039999797940254,0.04732799902558327,0.038471199991181496,0.0382080003619194,0.005779316549728328,40,0.19881600141525269,0.25225600600242615,0.2072143994271755,0.20527999848127365,0.01112147469263883,20,0.033984001725912094,0.04294399917125702,0.03629600014537573,0.03593599982559681,0.0018576781385741513,20,,,,,,,0.09551999717950821,0.09839999675750732,0.09692320004105567,0.09676799923181534,0.0008076610889421271,20,0.01532800029963255,0.01583999954164028,0.015571200102567673,0.015568000264465809,0.00013401853042961656,20,0.0544000007212162,0.05628800019621849,0.05526239983737469,0.05527999997138977,0.0004702448532909099,20,0.038015998899936676,0.03948799893260002,0.03867519982159138,0.038656000047922134,0.00032372214905677775,20,0.02300800010561943,0.031039999797940254,0.026659199874848126,0.026511999778449535,0.0019304488913552559,20,0.030880000442266464,0.032255999743938446,0.031427199859172104,0.031215999275445938,0.00038875716282102125,20,16,16,2048,10944,102400,True,False,False,2208,4,2048,10944,generic,generic,2816,,CUDA_EVENT,BF16,none
,,,,,,,,,,,,0.03136000037193298,0.05619199946522713,0.039454400260001424,0.040912000462412834,0.006616904348227,40,0.19862399995326996,0.24860799312591553,0.20693919882178308,0.20526400208473206,0.010393523538223542,20,0.03417599946260452,0.03939199820160866,0.03629119992256165,0.03585600107908249,0.0014722050704478113,20,,,,,,,0.09507200121879578,0.1000640019774437,0.09689599983394145,0.09676799923181534,0.0011614285444307248,20,0.01532800029963255,0.015936000272631645,0.015580800035968423,0.015615999698638916,0.00016282316532247686,20,0.054336000233888626,0.05567999929189682,0.054904000274837016,0.054767999798059464,0.00044153899539547254,20,0.03852799907326698,0.04447999969124794,0.039104000106453894,0.03876800090074539,0.0012567894603774034,20,0.02521600015461445,0.0297279991209507,0.02662559999153018,0.026415999978780746,0.001068650123525444,20,0.03110400028526783,0.03564799949526787,0.03180319992825389,0.031488001346588135,0.00097824115021388,20,16,16,2048,10944,102400,True,False,False,2176,4,2048,10944,generic,generic,2816,,CUDA_EVENT,BF16,none
,,,,,,,,,,,,0.03267199918627739,0.047680001705884933,0.03955360017716884,0.039504000917077065,0.004912302296353289,40,0.1952960044145584,0.24668799340724945,0.20567359775304794,0.2040959969162941,0.010211519742655625,20,0.034304000437259674,0.040192000567913055,0.03636640030890703,0.036160001531243324,0.0016008791307511657,20,,,,,,,0.09663999825716019,0.11075200140476227,0.10036479979753495,0.09980800002813339,0.0028721391640712697,20,0.014911999925971031,0.015968000516295433,0.015329600078985095,0.015263999812304974,0.0002682042837852923,20,0.052960000932216644,0.05676800012588501,0.05510720014572144,0.05516799911856651,0.0009702331479149955,20,0.03718400001525879,0.04150399938225746,0.03863999973982572,0.03855999931693077,0.0007914100365815212,20,0.023231999948620796,0.03359999880194664,0.026548799965530633,0.026159999892115593,0.0020753737889539466,20,0.030239999294281006,0.03174399957060814,0.031015999987721442,0.03094400092959404,0.0004372276529113806,20,16,16,2048,10944,102400,True,False,False,2144,4,2048,10944,generic,generic,2816,,CUDA_EVENT,BF16,none
,,,,,,,,,,,,0.028831999748945236,0.04927999898791313,0.03684559995308519,0.036495999433100224,0.0070263316071711695,40,0.19724799692630768,0.24473600089550018,0.2050576001405716,0.20323199778795242,0.00987592498161029,20,0.034591998904943466,0.03939199820160866,0.03620959986001253,0.0360959991812706,0.001280818436989253,20,,,,,,,0.09408000111579895,0.10080000013113022,0.09812480062246323,0.0981920026242733,0.001953793261854737,20,0.014911999925971031,0.01583999954164028,0.015259200055152179,0.015232000034302473,0.00019836764899937588,20,0.051231998950242996,0.05657599866390228,0.054996799863874915,0.0550720002502203,0.0011075550013620002,20,0.03814399987459183,0.040352001786231995,0.03894560020416975,0.038864001631736755,0.0006675264683074093,20,0.023711999878287315,0.03187200054526329,0.02595680020749569,0.025824000127613544,0.0016672668242726648,20,0.0318400003015995,0.033215999603271484,0.03247999995946884,0.03252799995243549,0.00033131946550519066,20,16,16,2048,10944,102400,True,False,False,2112,4,2048,10944,generic,generic,2816,,CUDA_EVENT,BF16,none
,,,,,,,,,,,,0.029023999348282814,0.050944000482559204,0.037432000134140254,0.03689599968492985,0.007147179650388294,40,0.19753600656986237,0.25577598810195923,0.20569600015878678,0.20342399924993515,0.011829350401008472,20,0.03465599939227104,0.03734400123357773,0.03606079984456301,0.036031998693943024,0.0008453636279198656,20,,,,,,,0.09382399916648865,0.10249599814414978,0.09835519976913928,0.09827199950814247,0.0019971792744397842,20,0.01500799972563982,0.01587199978530407,0.0153759999666363,0.01539199985563755,0.00020124415590168173,20,0.05366399884223938,0.0605119988322258,0.056008000299334525,0.05540800094604492,0.0019613381707465627,20,0.03807999938726425,0.040383998304605484,0.038643200509250165,0.038495998829603195,0.000503671922736842,20,0.024159999564290047,0.03033600002527237,0.02608319986611605,0.02590399980545044,0.0015159661947023526,20,0.03171199932694435,0.03276799991726875,0.03237919956445694,0.032416000962257385,0.0002514140366228254,20,16,16,2048,10944,102400,True,False,False,2080,4,2048,10944,generic,generic,2816,,CUDA_EVENT,BF16,none
,,,,,,,,,,,,0.029503999277949333,0.05318399891257286,0.03696720008738339,0.03638400137424469,0.0068327173922809415,40,0.19865599274635315,0.25545600056648254,0.20739840120077133,0.2048959955573082,0.01168035318958098,20,0.03328000009059906,0.03916800022125244,0.035356799885630605,0.035280000418424606,0.001417021909664738,20,,,,,,,0.08771199733018875,0.09344000369310379,0.09059520065784454,0.09062399715185165,0.0014547836716344463,20,0.014976000413298607,0.01568000018596649,0.015254400111734867,0.015279999934136868,0.0001863433217457574,20,0.05119999870657921,0.052671998739242554,0.051840000227093695,0.0517599992454052,0.0004489136128634255,20,0.035711999982595444,0.03721600025892258,0.03655200023204088,0.036639999598264694,0.00039437642368723427,20,0.024480000138282776,0.030112000182271004,0.02659039990976453,0.026319999247789383,0.0014057609646600125,20,0.03049599938094616,0.03481600061058998,0.03120640031993389,0.030992000363767147,0.0008897268145986946,20,16,16,2048,10944,102400,True,False,False,2048,4,2048,10944,generic,generic,2816,,CUDA_EVENT,BF16,none
,,,,,,,,,,,,0.0297279991209507,0.047680001705884933,0.0366399999242276,0.03598399925976992,0.0064265608823589815,40,0.2003840059041977,0.24499200284481049,0.20629279986023902,0.20388799905776978,0.009383850988327657,20,0.03302399814128876,0.03814399987459183,0.03497919980436563,0.03468799963593483,0.0012996453672584009,20,,,,,,,0.08835200220346451,0.09404800087213516,0.09008479975163937,0.08983999863266945,0.0013275287525749077,20,0.014720000326633453,0.015296000055968761,0.015097600081935525,0.015135999768972397,0.00013786022682148646,20,0.05040000006556511,0.05286400020122528,0.05152960009872913,0.0514880008995533,0.0005942963285040136,20,0.035840000957250595,0.03734400123357773,0.036601600050926206,0.03659199923276901,0.0004179154743213302,20,0.0244159996509552,0.0326399989426136,0.02675039991736412,0.026415999978780746,0.0017219886562289503,20,0.02956799976527691,0.03328000009059906,0.030311999935656787,0.030079999938607216,0.0007697231349179297,20,16,16,2048,10944,102400,True,False,False,2032,4,2048,10944,generic,generic,2816,,CUDA_EVENT,BF16,none
,,,,,,,,,,,,0.030112000182271004,0.047775998711586,0.03797039985656738,0.03707199916243553,0.007152926605761351,40,0.1998080015182495,0.24694399535655975,0.206980799138546,0.20467200130224228,0.009927336926632464,20,0.033344000577926636,0.03670400008559227,0.03476000018417835,0.034463999792933464,0.0008555361283355264,20,,,,,,,0.08627200126647949,0.09564799815416336,0.08922719918191432,0.0889119990170002,0.0018844781016070739,20,0.014655999839305878,0.015552000142633915,0.01501440005376935,0.014976000413298607,0.00021504379636615167,20,0.050912000238895416,0.052928000688552856,0.051779199950397016,0.05177599936723709,0.0005091825028660104,20,0.036288000643253326,0.03728000074625015,0.03674880042672157,0.036768000572919846,0.00030161578065579633,20,0.024032000452280045,0.03126399964094162,0.026984000019729136,0.02659199945628643,0.0017835765717716407,20,0.03014400042593479,0.031488001346588135,0.030707200150936843,0.03073599934577942,0.00031765566608766145,20,16,16,2048,10944,102400,True,False,False,2016,4,2048,10944,generic,generic,2816,,CUDA_EVENT,BF16,none
,,,,,,,,,,,,0.030368000268936157,0.050335999578237534,0.03833200000226498,0.037568001076579094,0.007292378573972699,40,0.19923199713230133,0.2624320089817047,0.20767519846558571,0.2046399936079979,0.013036762154698118,20,0.033215999603271484,0.03667199984192848,0.03448319993913174,0.03419199958443642,0.0009561201152197767,20,,,,,,,0.0870399996638298,0.09116800129413605,0.08918079994618892,0.08936000242829323,0.0009807832788590995,20,0.014816000126302242,0.015200000256299973,0.014945600088685751,0.014911999925971031,0.00011425162341391657,20,0.050464000552892685,0.05244800075888634,0.05119680054485798,0.051263999193906784,0.0005108886125900835,20,0.036639999598264694,0.037856001406908035,0.03729760013520718,0.037376001477241516,0.0003448696528067948,20,0.0244159996509552,0.03177599981427193,0.02674559997394681,0.026159999892115593,0.0016445196183562886,20,0.029472000896930695,0.031039999797940254,0.030089600197970866,0.029968000017106533,0.00040339022553543435,20,16,16,2048,10944,102400,True,False,False,2000,4,2048,10944,generic,generic,2816,,CUDA_EVENT,BF16,none
,,,,,,,,,,,,0.031136000528931618,0.04745600000023842,0.038444800116121766,0.03742399998009205,0.006601646485090854,40,0.19808000326156616,0.25574401021003723,0.20573440045118332,0.20289599895477295,0.011938483777349386,20,0.03392000123858452,0.04022400081157684,0.035622399672865866,0.034911999478936195,0.001650021370264663,20,,,,,,,0.08867199718952179,0.09385599941015244,0.09112479910254478,0.09112000092864037,0.0015698699363311459,20,0.01484800036996603,0.01548799965530634,0.015131200104951859,0.015104000456631184,0.00015718306727910896,20,0.051072001457214355,0.05347200110554695,0.05225119981914759,0.05225599929690361,0.000514819805346301,20,0.03593600168824196,0.037376001477241516,0.03673280030488968,0.03683200106024742,0.0003446357216921518,20,0.02473600022494793,0.02844800055027008,0.026352000050246717,0.026096000336110592,0.0010944981587055723,20,0.0306560005992651,0.040063999593257904,0.03167840000241995,0.031247999519109726,0.0019599437526416318,20,16,16,2048,10944,102400,True,False,False,1984,4,2048,10944,generic,generic,2816,,CUDA_EVENT,BF16,none
,,,,,,,,,,,,0.03094400092959404,0.04819199815392494,0.038255200069397685,0.03744000010192394,0.00670821073091684,40,0.19855999946594238,0.24883200228214264,0.20817920044064522,0.20528000593185425,0.011344067154632261,20,0.032896000891923904,0.04211200028657913,0.03480000011622906,0.03384000062942505,0.00218690192315871,20,,,,,,,0.0865280032157898,0.09200000017881393,0.08834399990737438,0.08808000013232231,0.001491655186849189,20,0.014431999996304512,0.015072000212967396,0.014776000007987022,0.014783999882638454,0.0001527559681666682,20,0.05040000006556511,0.05244800075888634,0.05123679991811514,0.05105600133538246,0.0006283152360118395,20,0.03606399893760681,0.03791999816894531,0.03734079971909523,0.03743999823927879,0.0004479887520488811,20,0.024607999250292778,0.03481600061058998,0.027415999863296747,0.027040000073611736,0.002222972521080211,20,0.029823999851942062,0.03097599931061268,0.030403199978172778,0.03041600063443184,0.0002890468111969499,20,16,16,2048,10944,102400,True,False,False,1968,4,2048,10944,generic,generic,2816,,CUDA_EVENT,BF16,none
,,,,,,,,,,,,0.03136000037193298,0.048895999789237976,0.03844399992376566,0.037616001442074776,0.0065448278577123365,40,0.1985280066728592,0.2502079904079437,0.20760320127010345,0.20579200237989426,0.010543103832434996,20,0.03302399814128876,0.03916800022125244,0.035108800046145916,0.03484800085425377,0.001345952223937927,20,,,,,,,0.08617600053548813,0.09868799895048141,0.0887775994837284,0.08780799806118011,0.002755311171620683,20,0.014399999752640724,0.015231999568641186,0.01468959990888834,0.014655999839305878,0.00020799386946100348,20,0.05084799975156784,0.05305600166320801,0.05155359990894794,0.051552001386880875,0.00044438266768706243,20,0.03625600039958954,0.03779200091958046,0.03692000024020672,0.036848001182079315,0.00041672234729792974,20,0.023840000852942467,0.03097599931061268,0.02674239994958043,0.026832000352442265,0.0017061762237500038,20,0.030432000756263733,0.03187200054526329,0.03117920011281967,0.03120000008493662,0.00041480135301869426,20,16,16,2048,10944,102400,True,False,False,1952,4,2048,10944,generic,generic,2816,,CUDA_EVENT,BF16,none
,,,,,,,,,,,,0.030271999537944794,0.06217600032687187,0.03767840010114014,0.03654399886727333,0.007064274152619268,40,0.19830399751663208,0.25091201066970825,0.20655839890241623,0.2048960030078888,0.010527319397529458,20,0.033504001796245575,0.04073600098490715,0.03530880026519299,0.035151999443769455,0.0016906300003285946,20,,,,,,,0.08700799942016602,0.09087999910116196,0.08863839954137802,0.08827200159430504,0.001138429471500513,20,0.014303999952971935,0.014783999882638454,0.014561600005254149,0.014560000039637089,0.00013631965730806497,20,0.05023999884724617,0.058880001306533813,0.05153919961303473,0.05124799907207489,0.0017669510264100698,20,0.036959998309612274,0.04064000025391579,0.038446399942040445,0.03846400044858456,0.0010231236466189007,20,0.023744000121951103,0.030271999537944794,0.026075199991464616,0.025631999596953392,0.0016187469927687202,20,0.02956799976527691,0.03081599995493889,0.030131200049072503,0.03009600006043911,0.00027867574929049736,20,16,16,2048,10944,102400,True,False,False,1936,4,2048,10944,generic,generic,2816,,CUDA_EVENT,BF16,none
,,,,,,,,,,,,0.028991999104619026,0.04556800052523613,0.03582719997502863,0.035360001027584076,0.006320821299015889,40,0.19952000677585602,0.24915200471878052,0.20823839977383612,0.2059520035982132,0.010006459644305852,20,0.03299200162291527,0.038975998759269714,0.03519039954990148,0.03478400036692619,0.0014428802418340705,20,,,,,,,0.0867839977145195,0.09487999975681305,0.09123039990663528,0.09153600037097931,0.0024137946054045597,20,0.014655999839305878,0.015231999568641186,0.014902400039136409,0.014864000026136637,0.00014978587964894596,20,0.04995200037956238,0.05193600058555603,0.050916799902915956,0.050863999873399734,0.00048173284438426527,20,0.03497600182890892,0.03718400001525879,0.0359008003026247,0.035840000957250595,0.0004982036142591095,20,0.026208000257611275,0.030719999223947525,0.027470399998128413,0.027375999838113785,0.0009484355327891162,20,0.029759999364614487,0.033344000577926636,0.030726400204002857,0.03057599999010563,0.0007105587883377583,20,16,16,2048,10944,102400,True,False,False,1920,4,2048,10944,generic,generic,2816,,CUDA_EVENT,BF16,none
,,,,,,,,,,,,0.029823999851942062,0.047775998711586,0.03687759977765381,0.03617599979043007,0.00592685787935901,40,0.1982080042362213,0.25036799907684326,0.20751999840140342,0.2054399996995926,0.010747718170876762,20,0.0323840007185936,0.03968000039458275,0.03518719971179962,0.03447999991476536,0.0018650923651867724,20,,,,,,,0.07887999713420868,0.08284799754619598,0.08054560013115405,0.08071999996900558,0.0010102813926597758,20,0.013856000266969204,0.01500799972563982,0.01410399996675551,0.014031999744474888,0.00024681003348524325,20,0.04956800118088722,0.05119999870657921,0.050443200021982194,0.05031999945640564,0.00042983472159588095,20,0.03526400029659271,0.036448001861572266,0.03592320047318935,0.03585600107908249,0.00032038396949876283,20,0.025280000641942024,0.03622400015592575,0.028064000047743322,0.027424000203609467,0.0023196799281286094,20,0.029632000252604485,0.031168000772595406,0.030353600066155194,0.03038400039076805,0.00031426472410350456,20,16,16,2048,10944,102400,True,False,False,1904,4,2048,10944,generic,generic,2816,,CUDA_EVENT,BF16,none
,,,,,,,,,,,,0.02879999950528145,0.045504000037908554,0.03595840004272759,0.03548800013959408,0.00638442593272329,40,0.1995519995689392,0.25257599353790283,0.2072127990424633,0.20534399896860123,0.01100834002908006,20,0.03283200040459633,0.03939199820160866,0.03429760001599789,0.03399999998509884,0.0014245426256676462,20,,,,,,,0.07865600287914276,0.08220800012350082,0.08020639978349209,0.08017599955201149,0.0008090660328046354,20,0.01360000018030405,0.014783999882638454,0.013950399961322546,0.013903999701142311,0.00025247065750974893,20,0.049056001007556915,0.05164799839258194,0.04989119973033666,0.049775999039411545,0.0006120199205656428,20,0.034912001341581345,0.036320000886917114,0.035475199669599534,0.03550399839878082,0.00034411540702882095,20,0.02550400048494339,0.03014400042593479,0.027535999938845635,0.027407999150454998,0.001169445660843071,20,0.02921600081026554,0.030912000685930252,0.029740799963474274,0.0297279991209507,0.0003672898830529142,20,16,16,2048,10944,102400,True,False,False,1888,4,2048,10944,generic,generic,2816,,CUDA_EVENT,BF16,none
,,,,,,,,,,,,0.03081599995493889,0.046720001846551895,0.03720399988815189,0.03699200041592121,0.00541191647425454,40,0.1987520009279251,0.25334399938583374,0.20767040103673934,0.2064640000462532,0.011120071546954352,20,0.0331839993596077,0.038495998829603195,0.034697600081562995,0.03411199897527695,0.0014616714880897625,20,,,,,,,0.07795199751853943,0.081216000020504,0.0790752001106739,0.07899199798703194,0.0008433630905159343,20,0.013632000423967838,0.014592000283300877,0.013969600014388562,0.01384000014513731,0.00030717915322503935,20,0.049536000937223434,0.05180799961090088,0.05056480038911104,0.05051200091838837,0.0005710249151149307,20,0.03465599939227104,0.036479998379945755,0.035711999796330926,0.03577600046992302,0.0005274663227592609,20,0.025728000327944756,0.029440000653266907,0.02739840028807521,0.027264000847935677,0.0010020447988512348,20,0.02937600016593933,0.031168000772595406,0.030398400221019983,0.030400000512599945,0.00033736496757275466,20,16,16,2048,10944,102400,True,False,False,1872,4,2048,10944,generic,generic,2816,,CUDA_EVENT,BF16,none
,,,,,,,,,,,,0.029023999348282814,0.047839999198913574,0.03634719997644424,0.036239998415112495,0.006721354154340588,40,0.20015999674797058,0.24531200528144836,0.2072000004351139,0.20572800189256668,0.009198578634220739,20,0.03359999880194664,0.03859199956059456,0.03559839967638254,0.035711999982595444,0.0015959462229732414,20,,,,,,,0.08659200370311737,0.09779199957847595,0.0909536000341177,0.09057600051164627,0.002648472569899875,20,0.014208000153303146,0.015072000212967396,0.01461760001257062,0.014624000061303377,0.0001926921535350651,20,0.049855999648571014,0.05161599814891815,0.05093280021101236,0.050912000238895416,0.0005136248132196752,20,0.03452799841761589,0.03619199991226196,0.03548479992896318,0.03551999852061272,0.00040336530792803863,20,0.026048000901937485,0.02956799976527691,0.02774240029975772,0.027456000447273254,0.0010516016115228804,20,0.02937600016593933,0.031936001032590866,0.030208000261336566,0.03017600066959858,0.00046866639727106697,20,16,16,2048,10944,102400,True,False,False,1856,4,2048,10944,generic,generic,2816,,CUDA_EVENT,BF16,none
,,,,,,,,,,,,0.028831999748945236,0.047520000487565994,0.03611759999766946,0.035087999887764454,0.0066540204036795005,40,0.19846400618553162,0.2513920068740845,0.2063776008784771,0.2043519988656044,0.010767809491983282,20,0.03356799855828285,0.03907199949026108,0.0354095995426178,0.034911999478936195,0.0016126692562878622,20,,,,,,,0.07740800082683563,0.07999999821186066,0.07866079919040203,0.07848000153899193,0.0008382089434907694,20,0.013279999606311321,0.01414399966597557,0.013665599934756755,0.013712000101804733,0.00018451409496864773,20,0.0498879998922348,0.056543998420238495,0.05343199986964464,0.05393600091338158,0.0018612858061980225,20,0.03484800085425377,0.03612799942493439,0.035377599857747556,0.035312000662088394,0.0003565487445997781,20,0.026399999856948853,0.030719999223947525,0.028099200036376715,0.02798399981111288,0.0010738323690496637,20,0.02985600009560585,0.03136000037193298,0.03071840004995465,0.03073599934577942,0.0003382741185876486,20,16,16,2048,10944,102400,True,False,False,1840,4,2048,10944,generic,generic,2816,,CUDA_EVENT,BF16,none
,,,,,,,,,,,,0.029023999348282814,0.046431999653577805,0.03623840007930994,0.035711999982595444,0.0064511514735880095,40,0.20003199577331543,0.2534399926662445,0.20736799836158754,0.2053920030593872,0.01080079706535887,20,0.03292800113558769,0.036959998309612274,0.03471520021557808,0.03444800153374672,0.0009728352887861327,20,,,,,,,0.0785600021481514,0.08185599744319916,0.07974720001220703,0.07985600084066391,0.0007498449336050755,20,0.013407999649643898,0.013919999822974205,0.013620799919590355,0.01360000018030405,0.00011005163425678458,20,0.05100800096988678,0.05395200103521347,0.052295999974012373,0.05225599929690361,0.0007637129462308428,20,0.03484800085425377,0.03638400137424469,0.03545440007001162,0.03545600175857544,0.00038552714069410294,20,0.026367999613285065,0.029888000339269638,0.028057599999010564,0.02801600005477667,0.0008947762932388191,20,0.029311999678611755,0.03126399964094162,0.03036639988422394,0.03030399978160858,0.00046871820953961425,20,16,16,2048,10944,102400,True,False,False,1824,4,2048,10944,generic,generic,2816,,CUDA_EVENT,BF16,none
,,,,,,,,,,,,0.029120000079274178,0.045471999794244766,0.036323200166225436,0.03561600111424923,0.006592220343925061,40,0.19990399479866028,0.262719988822937,0.20821760073304177,0.20560000091791153,0.012992311399097012,20,0.03331200033426285,0.03763199970126152,0.03492319993674755,0.03457600064575672,0.001249446084379603,20,,,,,,,0.07689599692821503,0.08038400113582611,0.0782480001449585,0.07807999849319458,0.0008658281865512478,20,0.013376000337302685,0.014495999552309513,0.013644799962639809,0.013584000058472157,0.00024061785059845746,20,0.04966399818658829,0.05459199845790863,0.05122559983283281,0.05064000003039837,0.0014693052499183527,20,0.03481600061058998,0.03657599911093712,0.03548000026494265,0.035440001636743546,0.0004229418124429664,20,0.02687999978661537,0.031136000528931618,0.02891519982367754,0.028879999183118343,0.0009595411896638182,20,0.02937600016593933,0.03964800015091896,0.03051359998062253,0.030079999938607216,0.002118933480077753,20,16,16,2048,10944,102400,True,False,False,1808,4,2048,10944,generic,generic,2816,,CUDA_EVENT,BF16,none
,,,,,,,,,,,,0.02985600009560585,0.04774399846792221,0.037135200062766674,0.036528000608086586,0.00684647439300742,40,0.200095996260643,0.25836798548698425,0.2074224002659321,0.20536000281572342,0.011874163545684973,20,0.033504001796245575,0.037696000188589096,0.03508800007402897,0.03480000048875809,0.0011782128506375605,20,,,,,,,0.0790719985961914,0.08313599973917007,0.08041280061006546,0.08007999882102013,0.0010578358396744958,20,0.012959999963641167,0.013824000023305416,0.013235200056806206,0.013183999806642532,0.00021970738396490274,20,0.050335999578237534,0.05548800155520439,0.051336000114679335,0.05120000056922436,0.0010445871190103845,20,0.034623999148607254,0.036288000643253326,0.035740799829363824,0.035760000348091125,0.0004195420820359472,20,0.026655999943614006,0.03721600025892258,0.02905599996447563,0.028959999792277813,0.002145217673090218,20,0.02937600016593933,0.03126399964094162,0.029947200044989585,0.029839999973773956,0.0004119526070323293,20,16,16,2048,10944,102400,True,False,False,1792,4,2048,10944,generic,generic,2816,,CUDA_EVENT,BF16,none
,,,,,,,,,,,,0.030112000182271004,0.04684799909591675,0.03730480005033314,0.037087999284267426,0.006783571794435918,40,0.19766399264335632,0.249439999461174,0.20487519800662995,0.20287999510765076,0.010632542917533584,20,0.03209599852561951,0.03836800158023834,0.03485119994729757,0.03468799963593483,0.001588499779695132,20,,,,,,,0.07587199658155441,0.08323200047016144,0.07826239988207817,0.07788799703121185,0.001752744509337888,20,0.013055999763309956,0.01414399966597557,0.013431999925523996,0.013327999971807003,0.00027617962613569027,20,0.04668800160288811,0.04854400083422661,0.04763040021061897,0.04771200008690357,0.0004996994241132149,20,0.03484800085425377,0.03657599911093712,0.03560799993574619,0.035599999129772186,0.00040107058958505906,20,0.026399999856948853,0.03190400078892708,0.028825599886476993,0.028831999748945236,0.0013898687732272045,20,0.02828799933195114,0.029503999277949333,0.0287839999422431,0.028704000636935234,0.0003323226913889198,20,16,16,2048,10944,102400,True,False,False,1776,4,2048,10944,generic,generic,2816,,CUDA_EVENT,BF16,none
,,,,,,,,,,,,0.03017600066959858,0.04918399825692177,0.036932000005617735,0.036559998989105225,0.005977353158420796,40,0.19625599682331085,0.24991999566555023,0.20404159873723984,0.20262400060892105,0.010872402076788416,20,0.03248000144958496,0.037567999213933945,0.034523199498653415,0.0343679990619421,0.0013478146247395788,20,,,,,,,0.0785600021481514,0.08243200182914734,0.08034559972584247,0.08024000003933907,0.0010647204976735928,20,0.012927999719977379,0.013439999893307686,0.013139199931174517,0.013167999684810638,0.0001460827371876327,20,0.04694399982690811,0.04822399839758873,0.0476800000295043,0.04769599996507168,0.00036513646346549044,20,0.03455999866127968,0.038784001022577286,0.03635839968919754,0.03614399954676628,0.0012600691498141157,20,0.02505600079894066,0.03062400035560131,0.027286400087177753,0.026944000273942947,0.0014860235617715656,20,0.02783999964594841,0.02908799983561039,0.02851680004969239,0.02851200010627508,0.0003562327068469036,20,16,16,2048,10944,102400,True,False,False,1760,4,2048,10944,generic,generic,2816,,CUDA_EVENT,BF16,none
,,,,,,,,,,,,0.031136000528931618,0.044256001710891724,0.03716160035692155,0.036799998953938484,0.005185748835863948,40,0.19577600061893463,0.2491839975118637,0.20398080050945283,0.2019999995827675,0.010734802161737094,20,0.03302399814128876,0.036479998379945755,0.034230399690568444,0.03404800035059452,0.0008937743534054533,20,,,,,,,0.07635200023651123,0.08048000186681747,0.07758240066468716,0.07702399790287018,0.0012233236898347693,20,0.01283199992030859,0.01398400031030178,0.01329919989220798,0.013232000172138214,0.00023912384826358572,20,0.04662400111556053,0.05737600103020668,0.04811519999057055,0.04763200134038925,0.002194472416866035,20,0.03471999987959862,0.03577600046992302,0.03519360013306141,0.035232000052928925,0.0003276838149836166,20,0.026976000517606735,0.033535998314619064,0.02878879988566041,0.028624000027775764,0.001293459912635792,20,0.028416000306606293,0.029503999277949333,0.02889119992032647,0.028880000114440918,0.0003036250916902665,20,16,16,2048,10944,102400,True,False,False,1744,4,2048,10944,generic,generic,2816,,CUDA_EVENT,BF16,none
,,,,,,,,,,,,0.03152000159025192,0.04633599892258644,0.037883199844509365,0.037968000397086143,0.005618764069796522,40,0.19619199633598328,0.2473279982805252,0.20318079814314843,0.20153599977493286,0.010548432055645034,20,0.03280000016093254,0.03686400130391121,0.034508800320327285,0.034272000193595886,0.0011343721927953541,20,,,,,,,0.07353600114583969,0.07891199737787247,0.07534559965133666,0.07513599842786789,0.0012836139168710928,20,0.012959999963641167,0.015296000055968761,0.013287999993190169,0.013183999806642532,0.00048423463373330173,20,0.050335999578237534,0.05814399942755699,0.051836800202727316,0.05150400102138519,0.0016683908689691985,20,0.03455999866127968,0.03699199855327606,0.03568960037082434,0.03569599986076355,0.0006297663564204137,20,0.023840000852942467,0.029440000653266907,0.02804160015657544,0.028335999697446823,0.0011966929642785197,20,0.02921600081026554,0.030848000198602676,0.029726400133222343,0.029680000618100166,0.00035380996311587195,20,16,16,2048,10944,102400,True,False,False,1728,4,2048,10944,generic,generic,2816,,CUDA_EVENT,BF16,none
,,,,,,,,,,,,0.03203200176358223,0.051872000098228455,0.038848800119012594,0.03824000060558319,0.0061762841924724084,40,0.1958719938993454,0.24991999566555023,0.20433759912848473,0.20235200226306915,0.010864842733707084,20,0.03299200162291527,0.03798399865627289,0.035174399986863135,0.03494399972259998,0.0015767464068865292,20,,,,,,,0.06755200028419495,0.08444800227880478,0.07537599951028824,0.07492800056934357,0.0033200449788581624,20,0.012799999676644802,0.013311999849975109,0.01312159993685782,0.013104000128805637,0.00011558825561707096,20,0.04854400083422661,0.052000001072883606,0.050143999978899956,0.05000000074505806,0.0010043617274143872,20,0.03347200155258179,0.035071998834609985,0.03441280014812946,0.03447999991476536,0.0003944442468933956,20,0.02707199938595295,0.03126399964094162,0.02861279994249344,0.028736000880599022,0.0010887186285551955,20,0.02831999957561493,0.029600000008940697,0.028998399898409844,0.028944000601768494,0.0002716422484088124,20,16,16,2048,10944,102400,True,False,False,1712,4,2048,10944,generic,generic,2816,,CUDA_EVENT,BF16,none
,,,,,,,,,,,,0.03209599852561951,0.049695998430252075,0.038642399944365025,0.03862399980425835,0.005980734223994092,40,0.1966720074415207,0.2470719963312149,0.2049440011382103,0.2032960057258606,0.010331646685045407,20,0.0326399989426136,0.03868800029158592,0.0353728000074625,0.034912001341581345,0.0017843378310057603,20,,,,,,,0.07318399846553802,0.08105599880218506,0.07508480064570904,0.07464000210165977,0.0015597625953642233,20,0.012768000364303589,0.013472000136971474,0.013118399959057569,0.013120000250637531,0.00015495226815547033,20,0.04694399982690811,0.04848000034689903,0.04774559997022152,0.047839999198913574,0.00040012479733513175,20,0.03372799977660179,0.03513599932193756,0.034600000083446505,0.034591998904943466,0.0003772576821789306,20,0.028095999732613564,0.03433600068092346,0.029924800153821707,0.029888000339269638,0.0013469025974638654,20,0.02828799933195114,0.029440000653266907,0.02880799984559417,0.02875200007110834,0.0003241136307039598,20,16,16,2048,10944,102400,True,False,False,1696,4,2048,10944,generic,generic,2816,,CUDA_EVENT,BF16,none
,,,,,,,,,,,,0.02908799983561039,0.0504320003092289,0.03729039984755218,0.037487998604774475,0.007580446116001704,40,0.19817599654197693,0.24352000653743744,0.20621760040521622,0.2030239999294281,0.00932600649464376,20,0.03347200155258179,0.03782400116324425,0.03541600033640861,0.03534400090575218,0.0012371578542886117,20,,,,,,,0.07302399724721909,0.07983999699354172,0.07521280013024807,0.07499200105667114,0.001540506595359914,20,0.012768000364303589,0.013248000293970108,0.01303680008277297,0.013040000107139349,0.00010823376398364092,20,0.046911999583244324,0.0533440001308918,0.05050720013678074,0.050944000482559204,0.0016269813323209104,20,0.033824000507593155,0.035551998764276505,0.03454880006611347,0.03444800153374672,0.00045246604911467137,20,0.02723200060427189,0.031039999797940254,0.029267199896276,0.02924799919128418,0.0009385006129674527,20,0.02812799997627735,0.03248000144958496,0.029343999922275543,0.029215999878942966,0.000839474357367587,20,16,16,2048,10944,102400,True,False,False,1680,4,2048,10944,generic,generic,2816,,CUDA_EVENT,BF16,none
,,,,,,,,,,,,0.03145600110292435,0.04838399961590767,0.038651200011372566,0.03836799971759319,0.006192949230561473,40,0.19696000218391418,0.24956800043582916,0.20515200048685073,0.20380799472332,0.01068015951610226,20,0.033663999289274216,0.040031999349594116,0.035943999886512756,0.03598399832844734,0.0014495286629637514,20,,,,,,,0.0735040009021759,0.07699199765920639,0.07476479969918728,0.07449600100517273,0.0010115438466726354,20,0.012671999633312225,0.013728000223636627,0.012945600086823106,0.012896000407636166,0.00021477578290517553,20,0.04975999891757965,0.05180799961090088,0.050830399990081786,0.05092800036072731,0.0006004137005444549,20,0.03404799848794937,0.03606399893760681,0.03462559971958399,0.034623999148607254,0.0004347147540322785,20,0.026815999299287796,0.030271999537944794,0.028281600028276444,0.028335999697446823,0.0008302505644397017,20,0.029440000653266907,0.033440001308918,0.030148799996823072,0.029968000017106533,0.0008267081550665597,20,16,16,2048,10944,102400,True,False,False,1664,4,2048,10944,generic,generic,2816,,CUDA_EVENT,BF16,none
,,,,,,,,,,,,0.02985600009560585,0.05008000135421753,0.03772480026818812,0.03718400001525879,0.006698307330287833,40,0.1972160041332245,0.24560000002384186,0.20495999976992607,0.2027839943766594,0.009901173895022848,20,0.03292800113558769,0.03788800165057182,0.03495040014386177,0.03417599946260452,0.001551079683717256,20,,,,,,,0.07385600358247757,0.0764160007238388,0.07490560039877892,0.07467200234532356,0.0007819802235451571,20,0.012671999633312225,0.014527999795973301,0.012983999960124493,0.012912000063806772,0.00037685008583028556,20,0.04560000076889992,0.047488000243902206,0.04623520001769066,0.04601600021123886,0.0005382542597290541,20,0.033824000507593155,0.034912001341581345,0.03438880015164614,0.034384001046419144,0.00029714790449034915,20,0.026815999299287796,0.03094400092959404,0.028392000030726193,0.028320000506937504,0.0008375738757349922,20,0.027583999559283257,0.03254399821162224,0.028446399979293345,0.02816000021994114,0.0010325873469105057,20,16,16,2048,10944,102400,True,False,False,1648,4,2048,10944,generic,generic,2816,,CUDA_EVENT,BF16,none
,,,,,,,,,,,,0.030047999694943428,0.046560000628232956,0.03759759985841811,0.03705600090324879,0.006476931128877555,40,0.19804799556732178,0.24931199848651886,0.20631359964609147,0.2038239985704422,0.010692962094035061,20,0.03283200040459633,0.03814399987459183,0.035262400098145005,0.0352960005402565,0.00154598305101642,20,,,,,,,0.07356800138950348,0.07680000364780426,0.0746800009161234,0.07465600222349167,0.000723502926991682,20,0.012640000320971012,0.014336000196635723,0.012856000009924174,0.012799999676644802,0.0003573233993967798,20,0.04608000069856644,0.048767998814582825,0.04701759964227677,0.04694399982690811,0.0005774291534135145,20,0.033376000821590424,0.03465599939227104,0.034193599969148634,0.034352000802755356,0.0003881736191162749,20,0.02707199938595295,0.030432000756263733,0.028297599870711565,0.02828799933195114,0.000975612002181196,20,0.028031999245285988,0.03001599945127964,0.028639999870210885,0.028543999418616295,0.00045895183748897463,20,16,16,2048,10944,102400,True,False,False,1632,4,2048,10944,generic,generic,2816,,CUDA_EVENT,BF16,none
,,,,,,,,,,,,0.030527999624609947,0.0488319993019104,0.03804799998179078,0.03742399998009205,0.006502428343151227,40,0.19782400131225586,0.26345598697662354,0.20648479983210563,0.20398399978876114,0.013585341938895802,20,0.03286400064826012,0.036959998309612274,0.034641599841415883,0.03449600003659725,0.0010948240958836147,20,,,,,,,0.07075200229883194,0.07648000121116638,0.07256319969892502,0.07220799848437309,0.0013786165567421117,20,0.01235199999064207,0.01881599985063076,0.012908800039440393,0.012608000077307224,0.001363305115942254,20,0.044704001396894455,0.04694399982690811,0.04557599984109402,0.045584000647068024,0.0005185455494257624,20,0.03299200162291527,0.03446400165557861,0.033566400036215784,0.033535998314619064,0.00036139847480140536,20,0.026048000901937485,0.031328000128269196,0.029184000194072725,0.029423999600112438,0.0011914145706922665,20,0.02768000029027462,0.029279999434947968,0.02845600005239248,0.028416000306606293,0.0004290717425178539,20,16,16,2048,10944,102400,True,False,False,1616,4,2048,10944,generic,generic,2816,,CUDA_EVENT,BF16,none
,,,,,,,,,,,,0.031808000057935715,0.047680001705884933,0.03725839965045452,0.03657599911093712,0.004956986974812312,40,0.19628800451755524,0.24873599410057068,0.20420640036463739,0.20209600031375885,0.010893065715344924,20,0.0342399999499321,0.038495998829603195,0.03578400034457445,0.0358240008354187,0.0010618927665782603,20,,,,,,,0.07308799773454666,0.08169600367546082,0.07527040019631386,0.07473600283265114,0.0017855775022003633,20,0.012608000077307224,0.012927999719977379,0.012743999995291234,0.012736000120639801,9.485980215310115e-05,20,0.04966399818658829,0.058848001062870026,0.05091040004044771,0.050464000552892685,0.0019533238983602138,20,0.03407999873161316,0.03551999852061272,0.03477119989693165,0.03465599939227104,0.0004595542337164277,20,0.027648000046610832,0.032575998455286026,0.028921599965542555,0.028575999662280083,0.0010418245635766131,20,0.029472000896930695,0.03404799848794937,0.03022719994187355,0.030063999816775322,0.0009269176985931182,20,16,16,2048,10944,102400,True,False,False,1600,4,2048,10944,generic,generic,2816,,CUDA_EVENT,BF16,none
,,,,,,,,,,,,0.03152000159025192,0.04505600035190582,0.037307200115174056,0.03720000013709068,0.004869258233929533,40,0.19430400431156158,0.24767999351024628,0.2040319986641407,0.20211200416088104,0.010922785365766345,20,0.03280000016093254,0.03747199848294258,0.03515999987721443,0.035071998834609985,0.0013201255481822126,20,,,,,,,0.06937599927186966,0.07276800274848938,0.07054240070283413,0.07054400071501732,0.0009475719453949455,20,0.01244799979031086,0.018559999763965607,0.01300479993224144,0.012624000199139118,0.0013194481105939643,20,0.0453759990632534,0.04835199937224388,0.046331200562417504,0.046112000942230225,0.0007943013506342324,20,0.033055998384952545,0.03452799841761589,0.03378079906105995,0.03384000062942505,0.0004921423132357279,20,0.02768000029027462,0.03171199932694435,0.029329599998891353,0.029424000531435013,0.0010701344234083994,20,0.027807999402284622,0.029632000252604485,0.02853280007839203,0.02830400038510561,0.0005308793926136055,20,16,16,2048,10944,102400,True,False,False,1584,4,2048,10944,generic,generic,2816,,CUDA_EVENT,BF16,none
,,,,,,,,,,,,0.029184000566601753,0.04793599992990494,0.036063200375065205,0.03561600111424923,0.005509381080536989,40,0.19654400646686554,0.24739199876785278,0.20480639934539796,0.20257600396871567,0.010577099545796649,20,0.03251200169324875,0.03872000053524971,0.034926400147378446,0.03440000116825104,0.0015639286403223499,20,,,,,,,0.07327999919652939,0.08521600067615509,0.07715360037982463,0.07470400258898735,0.003997329974448875,20,0.012384000234305859,0.012864000163972378,0.012623999966308475,0.012608000077307224,0.00012496405798719272,20,0.04575999826192856,0.04806400090456009,0.04676160011440515,0.046720001846551895,0.0005269905964164582,20,0.03488000109791756,0.03791999816894531,0.036510400287806985,0.036687999963760376,0.0008648568974847713,20,0.024607999250292778,0.03311999887228012,0.027796799968928098,0.027711999602615833,0.0018631110801592705,20,0.02812799997627735,0.02924799919128418,0.028675200045108797,0.028704000636935234,0.00030085100656417085,20,16,16,2048,10944,102400,True,False,False,1568,4,2048,10944,generic,generic,2816,,CUDA_EVENT,BF16,none
,,,,,,,,,,,,0.029023999348282814,0.04668800160288811,0.036486400105059144,0.035999998450279236,0.006643878473077536,40,0.19670400023460388,0.24588799476623535,0.20377919897437097,0.20124799758195877,0.010188002170232474,20,0.03315199911594391,0.038495998829603195,0.03504159990698099,0.03502400033175945,0.0013493783356156776,20,,,,,,,0.06918399780988693,0.07260800153017044,0.07054719924926758,0.07022399827837944,0.0009853410549589584,20,0.012191999703645706,0.014879999682307243,0.012849599961191416,0.01259199995547533,0.0006368301932672765,20,0.04678399860858917,0.051552001386880875,0.04929440002888441,0.049615999683737755,0.0013590955813673115,20,0.033344000577926636,0.03651199862360954,0.034424000047147275,0.03417599946260452,0.0008532589492356699,20,0.025567999109625816,0.03161599859595299,0.02869440000504255,0.02864000014960766,0.001502334400547838,20,0.027488000690937042,0.032416000962257385,0.028540800046175718,0.02828799933195114,0.0009829212714863493,20,16,16,2048,10944,102400,True,False,False,1552,4,2048,10944,generic,generic,2816,,CUDA_EVENT,BF16,none
,,,,,,,,,,,,0.029279999434947968,0.04729599878191948,0.036616799980401994,0.035791998729109764,0.00667536053006701,40,0.19577600061893463,0.2441280037164688,0.20320800244808196,0.20128000527620316,0.009887378941038956,20,0.03286400064826012,0.039744000881910324,0.03497920036315918,0.03471999987959862,0.0015900780349394602,20,,,,,,,0.06876800209283829,0.07081600278615952,0.0695872001349926,0.0695200003683567,0.0005827518515388245,20,0.012095999903976917,0.020800000056624413,0.013084799982607365,0.012703999876976013,0.0018297705110225382,20,0.04416000097990036,0.04566400125622749,0.0447952002286911,0.044735999777913094,0.0003836365648193696,20,0.03235200047492981,0.03388800099492073,0.0332175999879837,0.03319999948143959,0.0004418404912462239,20,0.02848000079393387,0.031136000528931618,0.029820800013840198,0.029968000017106533,0.0008701943157063372,20,0.02768000029027462,0.029343999922275543,0.028430400229990483,0.02848000079393387,0.00045665626338268166,20,16,16,2048,10944,102400,True,False,False,1536,4,2048,10944,generic,generic,2816,,CUDA_EVENT,BF16,none
,,,,,,,,,,,,0.03001599945127964,0.04560000076889992,0.03642319990321994,0.036079999059438705,0.005246645889721489,40,0.19660800695419312,0.24291199445724487,0.20436960011720656,0.2024800032377243,0.009506129496286217,20,0.033695999532938004,0.03872000053524971,0.03571040034294128,0.03553600050508976,0.0015635032134049772,20,,,,,,,0.06739199906587601,0.07135999947786331,0.06940000057220459,0.06950400024652481,0.0008320541591135032,20,0.01206399966031313,0.01833599992096424,0.01316640004515648,0.012784000020474195,0.0013929182738432878,20,0.04374400153756142,0.04623999819159508,0.04474079981446266,0.044863998889923096,0.0005341483097633105,20,0.03235200047492981,0.03407999873161316,0.03317759949713946,0.03311999887228012,0.000380328979439806,20,0.02755199931561947,0.031231999397277832,0.02930879984050989,0.029248000122606754,0.0010155602236872306,20,0.02735999971628189,0.029120000079274178,0.028118399996310474,0.02807999961078167,0.00048773519392607994,20,16,16,2048,10944,102400,True,False,False,1520,4,2048,10944,generic,generic,2816,,CUDA_EVENT,BF16,none
,,,,,,,,,,,,0.03081599995493889,0.048448000103235245,0.037007999746128915,0.03612799942493439,0.005179499240414044,40,0.19596800208091736,0.2463040053844452,0.203507199883461,0.20163199305534363,0.010317172391361686,20,0.033344000577926636,0.03939199820160866,0.03525280021131039,0.03488000109791756,0.0015482602877557009,20,,,,,,,0.06870400160551071,0.07280000299215317,0.07019360028207303,0.0700799971818924,0.001017100008019483,20,0.011872000060975552,0.01744000054895878,0.013033599965274334,0.012736000120639801,0.001290600248256807,20,0.04355200007557869,0.04620800167322159,0.04486720021814108,0.04475199989974499,0.0006710015131859148,20,0.03232000023126602,0.034272000193595886,0.033478399738669395,0.03348799981176853,0.0004191390182596915,20,0.028543999418616295,0.03324799984693527,0.03045439999550581,0.030368000268936157,0.0009962796685116617,20,0.027744000777602196,0.02908799983561039,0.028419199958443643,0.028416000306606293,0.0003305308377683399,20,16,16,2048,10944,102400,True,False,False,1504,4,2048,10944,generic,generic,2816,,CUDA_EVENT,BF16,none
,,,,,,,,,,,,0.031039999797940254,0.04630399867892265,0.03678559986874461,0.03638399951159954,0.004917718740359517,40,0.1964160054922104,0.2505599856376648,0.2047055996954441,0.2019359990954399,0.01131861201543209,20,0.03299200162291527,0.03734400123357773,0.03491840045899153,0.03468799963593483,0.0012926416279547895,20,,,,,,,0.06828799843788147,0.07126399874687195,0.06950559951364994,0.0695360004901886,0.0008579619052347178,20,0.011872000060975552,0.01539199985563755,0.012894400022923946,0.012608000077307224,0.0009164229154385852,20,0.04396799951791763,0.04633599892258644,0.04480159990489483,0.044735999777913094,0.0005957908649335404,20,0.03254399821162224,0.034591998904943466,0.033396799489855765,0.033296000212430954,0.0005125272957534405,20,0.027871999889612198,0.03167999908328056,0.02949920007959008,0.029311999678611755,0.0009439878601262314,20,0.02755199931561947,0.028863999992609024,0.028113599959760906,0.028032000176608562,0.0004049579280071628,20,16,16,2048,10944,102400,True,False,False,1488,4,2048,10944,generic,generic,2816,,CUDA_EVENT,BF16,none
,,,,,,,,,,,,0.02924799919128418,0.05484800040721893,0.03617759975604713,0.03598400019109249,0.006497528731365701,40,0.19679999351501465,0.24956800043582916,0.20389760062098503,0.20164800435304642,0.011007858761878242,20,0.033504001796245575,0.04387199878692627,0.0356607997789979,0.03526399843394756,0.002339862969194885,20,,,,,,,0.06777600198984146,0.07273600250482559,0.06954240016639232,0.06947200000286102,0.0009569872375542717,20,0.011552000418305397,0.014783999882638454,0.012571200076490641,0.012336000334471464,0.0008968152365721779,20,0.04412800073623657,0.04707200080156326,0.04512799959629774,0.04500799998641014,0.000774431219011869,20,0.03251200169324875,0.03446400165557861,0.03325279969722032,0.03319999948143959,0.0005273962157674353,20,0.02675200067460537,0.0307839997112751,0.029017599765211344,0.02879999950528145,0.0009757427262179885,20,0.027264000847935677,0.028863999992609024,0.028097599931061267,0.028095999732613564,0.0003888328145936154,20,16,16,2048,10944,102400,True,False,False,1472,4,2048,10944,generic,generic,2816,,CUDA_EVENT,BF16,none
,,,,,,,,,,,,0.029311999678611755,0.048287998884916306,0.0362680000718683,0.035520000383257866,0.006220242409930248,40,0.19568000733852386,0.2492160052061081,0.2025568015873432,0.2011839970946312,0.011227231486483443,20,0.03270399942994118,0.03855999931693077,0.03507839944213629,0.03529599867761135,0.001657513206102034,20,,,,,,,0.06828799843788147,0.07311999797821045,0.07009759955108166,0.06976000219583511,0.0014925339404162415,20,0.011839999817311764,0.03283200040459633,0.013756799977272749,0.012496000155806541,0.004472300910583114,20,0.043935999274253845,0.045471999794244766,0.04450080003589392,0.044415999203920364,0.00044734514254614896,20,0.03215999901294708,0.03513599932193756,0.0333456002175808,0.03323199972510338,0.0007663631733992004,20,0.027871999889612198,0.031231999397277832,0.029302400071173906,0.029280000366270542,0.0008480361165854271,20,0.027488000690937042,0.029023999348282814,0.02807839997112751,0.028032000176608562,0.0004277089457129586,20,16,16,2048,10944,102400,True,False,False,1456,4,2048,10944,generic,generic,2816,,CUDA_EVENT,BF16,none
,,,,,,,,,,,,0.02921600081026554,0.04601600021123886,0.0357999999076128,0.03508800081908703,0.005878294952744919,40,0.19539199769496918,0.2499839961528778,0.2037680007517338,0.202224001288414,0.011279092816626556,20,0.033535998314619064,0.03651199862360954,0.03490399979054928,0.03494399972259998,0.0008916395403298871,20,,,,,,,0.06656000018119812,0.0713919997215271,0.06818560063838959,0.06808000057935715,0.0012878393419869752,20,0.012000000104308128,0.015456000342965126,0.01346239997074008,0.013167999684810638,0.001008538369501185,20,0.04527999833226204,0.05852799862623215,0.048244799673557284,0.047775998711586,0.0025878144172715493,20,0.032607998698949814,0.04307200014591217,0.03449599966406822,0.03428799845278263,0.0022420563819078635,20,0.0261439997702837,0.035071998834609985,0.029028800129890443,0.02868800051510334,0.0018600305444849232,20,0.027168000116944313,0.02908799983561039,0.028166399989277124,0.028048000298440456,0.0005043019980424653,20,16,16,2048,10944,102400,True,False,False,1440,4,2048,10944,generic,generic,2816,,CUDA_EVENT,BF16,none
,,,,,,,,,,,,0.029664000496268272,0.04572800174355507,0.03700559991411865,0.03927999921143055,0.005759217107894917,40,0.19487999379634857,0.25996801257133484,0.20487039908766747,0.2022399976849556,0.01338162705408239,20,0.03392000123858452,0.039135999977588654,0.03566880039870739,0.03553599864244461,0.0013422188458363483,20,,,,,,,0.06569600105285645,0.07126399874687195,0.06790559962391854,0.0676640011370182,0.0015008122863254601,20,0.011872000060975552,0.015519999898970127,0.013537600077688694,0.013584000058472157,0.0010142775430702958,20,0.04652800038456917,0.04927999898791313,0.04784639980643988,0.04819200001657009,0.0009051869489140543,20,0.0318400003015995,0.037728000432252884,0.03270079977810383,0.032416000962257385,0.001234134380559564,20,0.02812799997627735,0.033215999603271484,0.02950400011613965,0.02932799980044365,0.0010877174813522347,20,0.027615999802947044,0.029023999348282814,0.028438399825245143,0.028528000228106976,0.00039892334731579416,20,16,16,2048,10944,102400,True,False,False,1424,4,2048,10944,generic,generic,2816,,CUDA_EVENT,BF16,none
,,,,,,,,,,,,0.028031999245285988,0.04473600164055824,0.035664000222459434,0.0348959993571043,0.00665112918945039,40,0.19577600061893463,0.2513599991798401,0.20351359993219376,0.20102399587631226,0.011387237093238148,20,0.03219199925661087,0.035711999982595444,0.03383039962500334,0.03380800038576126,0.001109232745204878,20,,,,,,,0.07068800181150436,0.07705599814653397,0.07399999983608722,0.07422399893403053,0.0015060917295731994,20,0.011872000060975552,0.015968000516295433,0.013286400027573109,0.01307199988514185,0.0012785832754620662,20,0.04588799923658371,0.05407999828457832,0.04751040004193783,0.04731200076639652,0.0016656020280645374,20,0.03302399814128876,0.035392001271247864,0.03447199985384941,0.03452799841761589,0.0005314195714284965,20,0.027295999228954315,0.029888000339269638,0.02874240018427372,0.028896000236272812,0.0007140090608553731,20,0.02675200067460537,0.02876799926161766,0.027593599818646907,0.02750399988144636,0.0005010936112456423,20,16,16,2048,10944,102400,True,False,False,1408,4,2048,10944,generic,generic,2816,,CUDA_EVENT,BF16,none
,,,,,,,,,,,,0.028863999992609024,0.04508800059556961,0.03574959994293749,0.03611200116574764,0.006256441330912058,40,0.19500799477100372,0.2537600100040436,0.20286240056157112,0.2009119987487793,0.01211497370676917,20,0.032127998769283295,0.04278400167822838,0.03453439995646477,0.03372799977660179,0.002292562961759868,20,,,,,,,0.06588800251483917,0.07561600208282471,0.06920160055160522,0.0682080015540123,0.002766852453409379,20,0.011648000217974186,0.014592000283300877,0.012776000006124378,0.012544000055640936,0.001012226045461556,20,0.04233599826693535,0.04464000090956688,0.043243199959397315,0.043056000024080276,0.0006582423874492729,20,0.03126399964094162,0.03299200162291527,0.03217759989202022,0.032127998769283295,0.0004732838287293838,20,0.02828799933195114,0.031136000528931618,0.029704000055789947,0.02980799973011017,0.0007150318071319097,20,0.026623999699950218,0.02831999957561493,0.02743040006607771,0.027456000447273254,0.00047534801670630485,20,16,16,2048,10944,102400,True,False,False,1392,4,2048,10944,generic,generic,2816,,CUDA_EVENT,BF16,none
,,,,,,,,,,,,0.028736000880599022,0.04572800174355507,0.03623999985866248,0.03895999863743782,0.0065896965722893035,40,0.19392000138759613,0.2497279942035675,0.20246239975094796,0.20080000162124634,0.011442356516007468,20,0.0323840007185936,0.03734400123357773,0.034188800305128095,0.034112000837922096,0.0013440537898356077,20,,,,,,,0.06630399823188782,0.07436800003051758,0.06919199973344803,0.06808000057935715,0.0026184893415341142,20,0.01142400037497282,0.014399999752640724,0.012630400061607362,0.012368000112473965,0.0009244676943253717,20,0.045471999794244766,0.04975999891757965,0.04796480014920235,0.0481759998947382,0.0011484787525580012,20,0.03497600182890892,0.0379519984126091,0.03595839999616146,0.035840000957250595,0.0006884904903244949,20,0.027008000761270523,0.03145600110292435,0.028516799956560136,0.02838399913161993,0.00114996607174232,20,0.02703999914228916,0.038656000047922134,0.02842399999499321,0.027696000412106514,0.002609341843411959,20,16,16,2048,10944,102400,True,False,False,1376,4,2048,10944,generic,generic,2816,,CUDA_EVENT,BF16,none
,,,,,,,,,,,,0.029472000896930695,0.04915200173854828,0.036491999961435796,0.03657599911093712,0.006154048623639929,40,0.19516800343990326,0.24809600412845612,0.202708800137043,0.2006240040063858,0.010729898023831907,20,0.03203200176358223,0.03807999938726425,0.03420640006661415,0.033376000821590424,0.001864764730255246,20,,,,,,,0.0663679987192154,0.07628799974918365,0.07123199999332427,0.07110399752855301,0.0028029698936672173,20,0.011231999844312668,0.013311999849975109,0.011780800018459558,0.011648000217974186,0.000462538346174033,20,0.042367998510599136,0.04649600014090538,0.04387999977916479,0.04382399842143059,0.0009367791426870689,20,0.03222399950027466,0.04188799858093262,0.03357120044529438,0.03292800113558769,0.0020742044483867076,20,0.027103999629616737,0.03734400123357773,0.030192000139504672,0.029984000138938427,0.0019270140261025816,20,0.026847999542951584,0.028575999662280083,0.02761439997702837,0.02755199931561947,0.00043565561666008326,20,16,16,2048,10944,102400,True,False,False,1360,4,2048,10944,generic,generic,2816,,CUDA_EVENT,BF16,none
,,,,,,,,,,,,0.029152000322937965,0.047775998711586,0.03649839987047017,0.03596799913793802,0.006604697726006214,40,0.19382399320602417,0.24636800587177277,0.20246400088071823,0.19947200268507004,0.010965365485321524,20,0.032416000962257385,0.03683200106024742,0.034094399958848956,0.03379200026392937,0.0012597387749650223,20,,,,,,,0.0663679987192154,0.07347200065851212,0.06791680008172989,0.06771200150251389,0.0014491584860463588,20,0.011168000288307667,0.01711999997496605,0.013576000044122339,0.013327999971807003,0.0013488246376717934,20,0.04652800038456917,0.04918399825692177,0.04799359980970621,0.048048000782728195,0.0006997394447670818,20,0.03363199904561043,0.03651199862360954,0.03489439971745014,0.034703999757766724,0.0007712245669477852,20,0.027424000203609467,0.03824000060558319,0.02933280011638999,0.0289280004799366,0.0022100461318840204,20,0.026847999542951584,0.028736000880599022,0.02774399984627962,0.027664000168442726,0.0004585056133499217,20,16,16,2048,10944,102400,True,False,False,1344,4,2048,10944,generic,generic,2816,,CUDA_EVENT,BF16,none
,,,,,,,,,,,,0.029279999434947968,0.04601600021123886,0.0361608000472188,0.03598400019109249,0.00634540509022616,40,0.19312000274658203,0.24499200284481049,0.20171840041875838,0.19988799840211868,0.010365037451233973,20,0.032287999987602234,0.03711999952793121,0.034075199998915194,0.033663999289274216,0.0014323809400514547,20,,,,,,,0.06297600269317627,0.06672000139951706,0.06424160003662109,0.0639680027961731,0.0008935662311920805,20,0.013279999606311321,0.02127999998629093,0.016227199975401164,0.01592000015079975,0.0018909509104429218,20,0.043807998299598694,0.046911999583244324,0.04579519983381033,0.04593599960207939,0.0008326091862130814,20,0.03200000151991844,0.03385600075125694,0.03276640009135008,0.032655999064445496,0.0004978519506263471,20,0.027871999889612198,0.09484799951314926,0.03295360011979938,0.03014400042593479,0.01423031962831631,20,0.026688000187277794,0.028672000393271446,0.02769440012052655,0.027648000046610832,0.0004712238424492987,20,16,16,2048,10944,102400,True,False,False,1328,4,2048,10944,generic,generic,2816,,CUDA_EVENT,BF16,none
,,,,,,,,,,,,0.028704000636935234,0.04543999955058098,0.036329600308090446,0.035919999703764915,0.0063095333139707895,40,0.19302399456501007,0.2481600046157837,0.20194399878382682,0.19999999552965164,0.011147163151108556,20,0.03206399828195572,0.03606399893760681,0.03378879949450493,0.0337119996547699,0.0012269360946768602,20,,,,,,,0.06307200342416763,0.06483200192451477,0.0638320006430149,0.06384000182151794,0.0005401160417671787,20,0.013279999606311321,0.018783999606966972,0.015974400099366903,0.016032000072300434,0.0014994177863470995,20,0.04585599899291992,0.04873599857091904,0.04726240001618862,0.04734399914741516,0.0008444893683317452,20,0.03174399957060814,0.033984001725912094,0.03280639983713627,0.03271999955177307,0.0005622904848681411,20,0.02735999971628189,0.03548799827694893,0.029811199847608806,0.02980799973011017,0.0015827030506936303,20,0.026367999613285065,0.028863999992609024,0.027499200031161308,0.027567999437451363,0.0005092199719313722,20,16,16,2048,10944,102400,True,False,False,1312,4,2048,10944,generic,generic,2816,,CUDA_EVENT,BF16,none
,,,,,,,,,,,,0.029823999851942062,0.044895999133586884,0.03660320001654327,0.035840000957250595,0.006127893634890604,40,0.19385600090026855,0.24595199525356293,0.20145919993519784,0.19948800653219223,0.011075025166342047,20,0.0318400003015995,0.038656000047922134,0.03436799962073565,0.03404800035059452,0.0017062331633715161,20,,,,,,,0.06323199719190598,0.0676800012588501,0.06528159976005554,0.06523199751973152,0.0014242869932108533,20,0.012223999947309494,0.018848000094294548,0.015705599961802364,0.01571200042963028,0.00212417341427889,20,0.04447999969124794,0.054687999188899994,0.04698239993304014,0.04665599949657917,0.0020079482587003895,20,0.03094400092959404,0.03436800092458725,0.032553600147366524,0.032336000353097916,0.0008120122778561406,20,0.027103999629616737,0.03251200169324875,0.029699200205504893,0.029632000252604485,0.0009909106711560815,20,0.026815999299287796,0.028416000306606293,0.027668799832463266,0.02763199992477894,0.00048649231281233364,20,16,16,2048,10944,102400,True,False,False,1296,4,2048,10944,generic,generic,2816,,CUDA_EVENT,BF16,none
,,,,,,,,,,,,0.02735999971628189,0.048448000103235245,0.03524159989319742,0.034671999514102936,0.006983097990077959,40,0.19359999895095825,0.2449280023574829,0.20196639895439147,0.19993600249290466,0.010641925111091835,20,0.032127998769283295,0.03622400015592575,0.033811199478805065,0.0331839993596077,0.0010748093075170835,20,,,,,,,0.06550399959087372,0.07552000135183334,0.06840160042047501,0.06780799850821495,0.002233120093132625,20,0.01196799986064434,0.018912000581622124,0.014680000022053719,0.013999999966472387,0.002050745086491717,20,0.04028800129890442,0.04310400038957596,0.04137600027024746,0.04123200103640556,0.0006901174416033019,20,0.030848000198602676,0.03244800120592117,0.03185119964182377,0.03187200054526329,0.0003812266683788638,20,0.027712000533938408,0.035232000052928925,0.029926399793475868,0.029600000008940697,0.001429887952980627,20,0.026784000918269157,0.02844800055027008,0.027582400105893613,0.02759999968111515,0.00044137666771407435,20,16,16,2048,10944,102400,True,False,False,1280,4,2048,10944,generic,generic,2816,,CUDA_EVENT,BF16,none
,,,,,,,,,,,,0.027807999402284622,0.047359999269247055,0.0353192001581192,0.03479999955743551,0.006759514403512661,40,0.19500799477100372,0.24806399643421173,0.20265920087695122,0.20124799758195877,0.010868703232527439,20,0.031936001032590866,0.03699199855327606,0.03439360000193119,0.03463999927043915,0.00142436311904575,20,,,,,,,0.06483200192451477,0.06995200365781784,0.06716800034046173,0.06724799796938896,0.0013223018346794474,20,0.010912000201642513,0.01651199907064438,0.013580799894407391,0.013536000158637762,0.0014543074227605752,20,0.04025600105524063,0.042367998510599136,0.041305599734187126,0.04124799929559231,0.0005632907996067896,20,0.03110400028526783,0.03283200040459633,0.031864000018686056,0.03190400078892708,0.0005090790686365739,20,0.02812799997627735,0.03136000037193298,0.029460800159722567,0.029184000566601753,0.0008704515493100989,20,0.026528000831604004,0.028192000463604927,0.0272944001480937,0.02723200060427189,0.0004757654006747021,20,16,16,2048,10944,102400,True,False,False,1264,4,2048,10944,generic,generic,2816,,CUDA_EVENT,BF16,none
,,,,,,,,,,,,0.02739199995994568,0.04771199822425842,0.03494719988666475,0.036560000851750374,0.006535872744088879,40,0.19289599359035492,0.24659200012683868,0.2020239993929863,0.20000000298023224,0.01075252372811893,20,0.03219199925661087,0.04022400081157684,0.033913600258529186,0.03339200094342232,0.0018103517838252532,20,,,,,,,0.06508799642324448,0.07251200079917908,0.06758559904992581,0.06721600145101547,0.0016814611770152844,20,0.011168000288307667,0.024992000311613083,0.015057599917054177,0.014303999952971935,0.002863391648580455,20,0.04118400067090988,0.04473600164055824,0.04232960008084774,0.04225600138306618,0.0009246065183422934,20,0.031328000128269196,0.03311999887228012,0.03207839969545603,0.03206399828195572,0.00045271519529072984,20,0.02828799933195114,0.030271999537944794,0.029339199978858234,0.029392000287771225,0.0005681487228198106,20,0.026528000831604004,0.029152000322937965,0.027278399933129548,0.02707199938595295,0.0006222724484453788,20,16,16,2048,10944,102400,True,False,False,1248,4,2048,10944,generic,generic,2816,,CUDA_EVENT,BF16,none
,,,,,,,,,,,,0.02831999957561493,0.045152001082897186,0.03538799942471087,0.034687998704612255,0.00626486167949925,40,0.1966720074415207,0.2532159984111786,0.2032752014696598,0.20048000663518906,0.011864688390320566,20,0.03232000023126602,0.03721600025892258,0.03440640028566122,0.034352000802755356,0.0013085845026487982,20,,,,,,,0.060896001756191254,0.06499200314283371,0.0625872004777193,0.06241600029170513,0.001013561065092889,20,0.01532800029963255,0.02179200015962124,0.0186016000341624,0.01881599985063076,0.0018060053268859468,20,0.04396799951791763,0.04771199822425842,0.045503999851644036,0.045471999794244766,0.0009393508165185023,20,0.030592000111937523,0.0326399989426136,0.031776000093668696,0.03182400017976761,0.0005467227170746855,20,0.02768000029027462,0.03177599981427193,0.029843199905008076,0.02995199989527464,0.0011295771617999514,20,0.026335999369621277,0.027712000533938408,0.027080000005662443,0.027184000238776207,0.0003920327974847498,20,16,16,2048,10944,102400,True,False,False,1232,4,2048,10944,generic,generic,2816,,CUDA_EVENT,BF16,none
,,,,,,,,,,,,0.0272000003606081,0.04531199857592583,0.034791200002655384,0.034431999549269676,0.0063947997503654725,40,0.19539199769496918,0.24662399291992188,0.20279040038585663,0.20057599991559982,0.010542979213205437,20,0.03232000023126602,0.04012800008058548,0.03415520004928112,0.033503999933600426,0.0019681241662191295,20,,,,,,,0.06428799778223038,0.07030399888753891,0.06639200039207935,0.06584000214934349,0.001820287557649236,20,0.011264000087976456,0.018912000581622124,0.014473600080236793,0.014016000088304281,0.0015873775300754614,20,0.04188799858093262,0.04527999833226204,0.04307199995964765,0.04327999986708164,0.0008831072569942326,20,0.030688000842928886,0.03510399907827377,0.033176000230014324,0.03348800167441368,0.0012243866497506461,20,0.028095999732613564,0.03248000144958496,0.02961760023608804,0.029504000209271908,0.0009492454024671959,20,0.026623999699950218,0.029343999922275543,0.027479999978095294,0.027327999472618103,0.0005834079235472277,20,16,16,2048,10944,102400,True,False,False,1216,4,2048,10944,generic,generic,2816,,CUDA_EVENT,BF16,none
,,,,,,,,,,,,0.028991999104619026,0.044096000492572784,0.03578400006517768,0.03484799899160862,0.006141448465230253,40,0.19353599846363068,0.24643200635910034,0.2028048001229763,0.20028799772262573,0.010575099486415463,20,0.0323840007185936,0.038176000118255615,0.03388159964233637,0.03363199904561043,0.0013234078698398373,20,,,,,,,0.05974400043487549,0.06598400324583054,0.0623039998114109,0.0617119986563921,0.0016706024128695497,20,0.015200000256299973,0.023360000923275948,0.018316800193861126,0.018000000156462193,0.001999818240446786,20,0.04044799879193306,0.043807998299598694,0.041982400231063366,0.04185600019991398,0.0008549735210557935,20,0.03081599995493889,0.03308799862861633,0.03202560003846884,0.03200000151991844,0.0005194063483829915,20,0.028575999662280083,0.032287999987602234,0.030118399951606988,0.030175999738276005,0.0010065310999009592,20,0.02672000043094158,0.028224000707268715,0.02745279995724559,0.027487999759614468,0.00044165803389755847,20,16,16,2048,10944,102400,True,False,False,1200,4,2048,10944,generic,generic,2816,,CUDA_EVENT,BF16,none
,,,,,,,,,,,,0.029279999434947968,0.0658240020275116,0.037029599864035846,0.0360959991812706,0.007236179062401123,40,0.19468800723552704,0.2542079985141754,0.2038959987461567,0.20006399601697922,0.013400138001955735,20,0.032607998698949814,0.03999999910593033,0.03456319961696863,0.033824000507593155,0.0018317003307887136,20,,,,,,,0.06483200192451477,0.07023999840021133,0.06719520017504692,0.06667200103402138,0.001608593794327578,20,0.011008000001311302,0.020031999796628952,0.015560000017285348,0.015887999907135963,0.0026149478381988695,20,0.04249599948525429,0.046112000942230225,0.04409279990941286,0.04371200129389763,0.0010607360019079968,20,0.03110400028526783,0.035360001027584076,0.034062400180846455,0.034143999218940735,0.0009290185956000498,20,0.027775999158620834,0.03411199897527695,0.029713600128889083,0.029551999643445015,0.0014707638231686163,20,0.026367999613285065,0.02940800040960312,0.027428799774497747,0.02723200060427189,0.0007474775294770964,20,16,16,2048,10944,102400,True,False,False,1184,4,2048,10944,generic,generic,2816,,CUDA_EVENT,BF16,none
,,,,,,,,,,,,0.03017600066959858,0.04588799923658371,0.0364823997952044,0.036031998693943024,0.005660072664616754,40,0.19459199905395508,0.24886399507522583,0.20286399871110916,0.19990400224924088,0.011368493535765033,20,0.03145600110292435,0.03711999952793121,0.03378560002893209,0.03347199968993664,0.001528501754073333,20,,,,,,,0.06006399914622307,0.06659200042486191,0.06252319980412721,0.06195199862122536,0.0018684072829071266,20,0.012480000033974648,0.02486399933695793,0.018577600084245204,0.018863999284803867,0.002677550623439174,20,0.041471999138593674,0.04387199878692627,0.04275679979473353,0.0427200011909008,0.0006727821677196472,20,0.031168000772595406,0.03516799956560135,0.032996800076216456,0.03310399875044823,0.0009722038458398055,20,0.02723200060427189,0.031968001276254654,0.02947200005874038,0.02932799980044365,0.001195704358396673,20,0.026464000344276428,0.028351999819278717,0.02727519990876317,0.027280000038444996,0.000524377727859476,20,16,16,2048,10944,102400,True,False,False,1168,4,2048,10944,generic,generic,2816,,CUDA_EVENT,BF16,none
,,,,,,,,,,,,0.028896000236272812,0.04492799937725067,0.03606640016660094,0.03776000067591667,0.006283701058137761,40,0.19513599574565887,0.2515519857406616,0.20285919979214667,0.20057599991559982,0.011594344758572081,20,0.03203200176358223,0.042399998754262924,0.03495679963380098,0.03435199894011021,0.0023059855487785946,20,,,,,,,0.05907199904322624,0.06358399987220764,0.060695999674499033,0.060415999963879585,0.001148834432583326,20,0.018912000581622124,0.026688000187277794,0.020739200059324503,0.020287999883294106,0.0019003500954281874,20,0.04307200014591217,0.045471999794244766,0.044457600079476835,0.04439999908208847,0.0007245790332576859,20,0.031072000041604042,0.03267199918627739,0.03175360029563308,0.03167999908328056,0.0004473252604192369,20,0.028960000723600388,0.031488001346588135,0.02985440008342266,0.029664000496268272,0.0006684460025316625,20,0.026367999613285065,0.02800000086426735,0.027131199929863216,0.02711999975144863,0.0004070765548527372,20,16,16,2048,10944,102400,True,False,False,1152,4,2048,10944,generic,generic,2816,,CUDA_EVENT,BF16,none
,,,,,,,,,,,,0.029440000653266907,0.04508800059556961,0.03604560000821948,0.035327999852597713,0.005949151359920841,40,0.19436800479888916,0.24809600412845612,0.20188479870557785,0.1998720020055771,0.011121747456578077,20,0.03139200061559677,0.03670400008559227,0.03343199994415045,0.03279999829828739,0.0014666292400133747,20,,,,,,,0.05788800120353699,0.06307200342416763,0.06004640031605959,0.059968000277876854,0.0013180535976137536,20,0.016767999157309532,0.024512000381946564,0.02014559991657734,0.02020800020545721,0.0018648747501668116,20,0.040192000567913055,0.04278400167822838,0.04153599999845028,0.041680000722408295,0.0006972039929407938,20,0.030880000442266464,0.032607998698949814,0.031870399974286555,0.03190400078892708,0.0004775910805266537,20,0.028543999418616295,0.03219199925661087,0.02988479994237423,0.02980799973011017,0.0009655783684179097,20,0.02627200074493885,0.02844800055027008,0.027139200083911418,0.027184000238776207,0.0005436141278533933,20,16,16,2048,10944,102400,True,False,False,1136,4,2048,10944,generic,generic,2816,,CUDA_EVENT,BF16,none
,,,,,,,,,,,,0.028031999245285988,0.0461760014295578,0.034980800049379465,0.03441599942743778,0.006422861562635273,40,0.19459199905395508,0.2489279955625534,0.2027919977903366,0.20158399641513824,0.011067961172670074,20,0.03187200054526329,0.035711999982595444,0.03383360020816326,0.03404800035059452,0.0010536750667725046,20,,,,,,,0.05875200033187866,0.06815999746322632,0.060353600233793256,0.059887999668717384,0.002001380652715849,20,0.01679999940097332,0.02816000021994114,0.020678400155156852,0.020400000736117363,0.0023210613790420175,20,0.03999999910593033,0.0424639992415905,0.04149759989231825,0.04163200035691261,0.0006083032030388618,20,0.030559999868273735,0.03267199918627739,0.03156799953430891,0.031599998474121094,0.0005300322875826489,20,0.028511999174952507,0.0352960005402565,0.02980000004172325,0.029504000209271908,0.0014100668364478283,20,0.026048000901937485,0.03392000123858452,0.02761599998921156,0.027104000560939312,0.0016925854540613355,20,16,16,2048,10944,102400,True,False,False,1120,4,2048,10944,generic,generic,2816,,CUDA_EVENT,BF16,none
,,,,,,,,,,,,0.02812799997627735,0.04806400090456009,0.035499200038611886,0.03475200105458498,0.006585836349113894,40,0.19430400431156158,0.24038399755954742,0.2028208002448082,0.20147199928760529,0.009249190579419902,20,0.03219199925661087,0.03968000039458275,0.03467679992318153,0.03407999873161316,0.0018712277024942384,20,,,,,,,0.05913599953055382,0.06643199920654297,0.06125440020114183,0.06043200008571148,0.0020538316343593865,20,0.015647999942302704,0.0306560005992651,0.02039040010422468,0.020496000535786152,0.0030997514477091284,20,0.04064000025391579,0.044319998472929,0.0426639998331666,0.04254399985074997,0.000773107610755025,20,0.030527999624609947,0.03315199911594391,0.031742400210350755,0.03160000033676624,0.0006883703020397601,20,0.028192000463604927,0.032607998698949814,0.029748799838125707,0.029551999643445015,0.0008590239286180569,20,0.02611199952661991,0.02812799997627735,0.027060800045728684,0.02681600023061037,0.0005437433001325946,20,16,16,2048,10944,102400,True,False,False,1104,4,2048,10944,generic,generic,2816,,CUDA_EVENT,BF16,none
,,,,,,,,,,,,0.02844800055027008,0.04896000027656555,0.03567439997568726,0.0355039993301034,0.0064909293937630156,40,0.19487999379634857,0.24659200012683868,0.2022479996085167,0.19998399913311005,0.010709831137627673,20,0.031936001032590866,0.03612799942493439,0.03345439974218607,0.03339199908077717,0.001131980168137045,20,,,,,,,0.05820799991488457,0.0644799992442131,0.060353600233793256,0.0599839985370636,0.0017461707835767855,20,0.01283199992030859,0.02611199952661991,0.01983999996446073,0.01943999994546175,0.0029304907644974957,20,0.044895999133586884,0.04694399982690811,0.046014400012791154,0.04601600021123886,0.0005114472262394619,20,0.030880000442266464,0.03276799991726875,0.03184160022065043,0.031856000423431396,0.0004296199561193355,20,0.028384000062942505,0.03152000159025192,0.0299167999997735,0.029759999364614487,0.0007556950430350626,20,0.02627200074493885,0.027807999402284622,0.026980800181627275,0.02696000039577484,0.0004140598593717625,20,16,16,2048,10944,102400,True,False,False,1088,4,2048,10944,generic,generic,2816,,CUDA_EVENT,BF16,none
,,,,,,,,,,,,0.028511999174952507,0.04387199878692627,0.035592000000178814,0.03494400065392256,0.006033259273663261,40,0.19459199905395508,0.24368000030517578,0.20200480073690413,0.1998559981584549,0.009881500843137598,20,0.03187200054526329,0.12028799951076508,0.03854719996452331,0.03407999873161316,0.01885942296266817,20,,,,,,,0.05875200033187866,0.0642239972949028,0.06169439982622862,0.062111999839544296,0.001731033677657881,20,0.014655999839305878,0.02751999907195568,0.019432000210508706,0.018704000860452652,0.0033847297980647045,20,0.04025600105524063,0.04307200014591217,0.04168320000171662,0.041760001331567764,0.0005875637112893814,20,0.03142400085926056,0.03379200026392937,0.03271360024809837,0.032816000282764435,0.0006896054329191707,20,0.028095999732613564,0.031647998839616776,0.02967039979994297,0.029695999808609486,0.0008841268905709911,20,0.025567999109625816,0.03436800092458725,0.027424000017344952,0.027023999951779842,0.0017278224538986875,20,16,16,2048,10944,102400,True,False,False,1072,4,2048,10944,generic,generic,2816,,CUDA_EVENT,BF16,none
,,,,,,,,,,,,0.02956799976527691,0.04390399903059006,0.0358320000115782,0.03497599996626377,0.005494427837880707,40,0.19519999623298645,0.2551040053367615,0.20271360129117966,0.20078399777412415,0.012238345068926406,20,0.0326399989426136,0.037248000502586365,0.034507200308144095,0.034384001046419144,0.001298044140268054,20,,,,,,,0.058720000088214874,0.06617599725723267,0.060891200043261054,0.060816001147031784,0.0015711075040116518,20,0.01548799965530634,0.029952000826597214,0.020956800086423755,0.02078399993479252,0.0032110672894278673,20,0.04368000105023384,0.045632001012563705,0.044500799663364884,0.04435199871659279,0.0005440258679799107,20,0.031168000772595406,0.03404799848794937,0.03263359991833568,0.032336000353097916,0.0009516756426295019,20,0.027904000133275986,0.031072000041604042,0.029628799948841333,0.02956799976527691,0.0007415375008244592,20,0.026176000013947487,0.028511999174952507,0.027137599792331456,0.02707199938595295,0.0006416358299567764,20,16,16,2048,10944,102400,True,False,False,1056,4,2048,10944,generic,generic,2816,,CUDA_EVENT,BF16,none
,,,,,,,,,,,,0.029152000322937965,0.04383999854326248,0.03566000000573695,0.034736000932753086,0.005754564888737124,40,0.19395199418067932,0.2606079876422882,0.20253119766712188,0.1995519995689392,0.014011579878779433,20,0.03200000151991844,0.03705599904060364,0.03420000020414591,0.034143999218940735,0.001268583846576972,20,,,,,,,0.05417599901556969,0.05814399942755699,0.05581759996712208,0.05564799904823303,0.0009759790739636154,20,0.02127999998629093,0.02783999964594841,0.024455999955534935,0.024480000138282776,0.001657429388371375,20,0.04134399816393852,0.043807998299598694,0.042407999746501446,0.04225600138306618,0.0007642493526901564,20,0.030271999537944794,0.040863998234272,0.031723199877887964,0.031247999519109726,0.00217610026849793,20,0.028031999245285988,0.03167999908328056,0.029848000127822162,0.029776000417768955,0.0009129750869322931,20,0.02595200017094612,0.028384000062942505,0.02697120010852814,0.02691200003027916,0.0006257841730532928,20,16,16,2048,10944,102400,True,False,False,1040,4,2048,10944,generic,generic,2816,,CUDA_EVENT,BF16,none
,,,,,,,,,,,,0.027103999629616737,0.04428799822926521,0.034375199722126125,0.033903999254107475,0.006432391850168269,40,0.19312000274658203,0.24991999566555023,0.20120639875531196,0.19863999634981155,0.011844219518930946,20,0.03232000023126602,0.03750399872660637,0.03406079988926649,0.03331200033426285,0.0015429642646698726,20,,,,,,,0.05478399991989136,0.057920001447200775,0.056044800020754335,0.05604800023138523,0.0007998980687847711,20,0.02191999927163124,0.027424000203609467,0.024878400005400182,0.025248000398278236,0.0013357260287247467,20,0.03984000161290169,0.04163200035691261,0.04074400011450052,0.04073600098490715,0.0004431596206096436,20,0.030912000685930252,0.033344000577926636,0.03160639991983771,0.03120000008493662,0.0007514958880061365,20,0.028192000463604927,0.03222399950027466,0.029723200015723705,0.029744000174105167,0.0008784727319832694,20,0.026464000344276428,0.035071998834609985,0.027673600055277348,0.027184000238776207,0.0017925882333533606,20,16,16,2048,10944,102400,True,False,False,1024,4,2048,10944,generic,generic,2816,,CUDA_EVENT,BF16,none
,,,,,,,,,,,,0.02687999978661537,0.04467200115323067,0.03491120007820427,0.034223999828100204,0.006786956013864656,40,0.19497600197792053,0.24208000302314758,0.2019504003226757,0.20031999796628952,0.00954722359782263,20,0.03219199925661087,0.03699199855327606,0.03392959963530302,0.03415999934077263,0.0011909888501947824,20,,,,,,,0.054496001452207565,0.05820799991488457,0.055953600257635114,0.05587200075387955,0.0008975114251083093,20,0.023072000592947006,0.03311999887228012,0.02536159995943308,0.024831999093294144,0.0023787101647642717,20,0.04054399952292442,0.042367998510599136,0.041388799995183946,0.04132799990475178,0.000522139370848378,20,0.03094400092959404,0.03315199911594391,0.03197599975392222,0.03206400014460087,0.0006353328830401486,20,0.02860799990594387,0.031488001346588135,0.029734399914741517,0.029583999887108803,0.0008379235262621546,20,0.025919999927282333,0.02812799997627735,0.027127999905496837,0.027072000317275524,0.0006611600577221477,20,16,16,2048,10944,102400,True,False,False,1016,4,2048,10944,generic,generic,2816,,CUDA_EVENT,BF16,none
,,,,,,,,,,,,0.028575999662280083,0.045184001326560974,0.03520320006646216,0.03435199987143278,0.005900750864789802,40,0.19577600061893463,0.24463999271392822,0.20198080018162728,0.19975999742746353,0.01034227254623636,20,0.03200000151991844,0.0363520011305809,0.03352640010416508,0.03336000069975853,0.0011266588633018584,20,,,,,,,0.05478399991989136,0.05724800005555153,0.055705600418150425,0.055584000423550606,0.000625155874234127,20,0.022655999287962914,0.04335999861359596,0.026054400112479927,0.025136000476777554,0.004298846868181255,20,0.03923200070858002,0.04230400174856186,0.041220799833536145,0.041359998285770416,0.0006376176523383826,20,0.030719999223947525,0.033376000821590424,0.03232480008155107,0.032416000962257385,0.0007225397860985218,20,0.028896000236272812,0.03174399957060814,0.03003679998219013,0.02969600073993206,0.0008467779114790451,20,0.02566399984061718,0.029952000826597214,0.027191999927163125,0.026688000187277794,0.0010950772038711097,20,16,16,2048,10944,102400,True,False,False,1008,4,2048,10944,generic,generic,2816,,CUDA_EVENT,BF16,none
,,,,,,,,,,,,0.02844800055027008,0.04575999826192856,0.035694399895146486,0.037808001041412354,0.006060667957183179,40,0.19324800372123718,0.24191999435424805,0.20125759840011598,0.19947200268507004,0.009898122579813352,20,0.032287999987602234,0.03606399893760681,0.0341279998421669,0.03411199897527695,0.0010583970990445735,20,,,,,,,0.05347200110554695,0.05756799876689911,0.054883199743926525,0.05470399931073189,0.0009885821988549581,20,0.0226879995316267,0.0326399989426136,0.025736000016331674,0.02550400048494339,0.002169280746516199,20,0.04073600098490715,0.04320000112056732,0.041985600255429745,0.04195199906826019,0.0006808162486701733,20,0.030400000512599945,0.033504001796245575,0.03232960058376193,0.032416000962257385,0.0007304206206619694,20,0.02879999950528145,0.03110400028526783,0.029852799978107213,0.0297279991209507,0.0006090012245344434,20,0.026176000013947487,0.02864000014960766,0.02710719984024763,0.026895999908447266,0.0007440188690390093,20,16,16,2048,10944,102400,True,False,False,1000,4,2048,10944,generic,generic,2816,,CUDA_EVENT,BF16,none
,,,,,,,,,,,,0.02879999950528145,0.0453759990632534,0.03568560001440346,0.037024000659585,0.005725420237714995,40,0.19260799884796143,0.24755200743675232,0.20145439952611924,0.19857599586248398,0.01132590228651477,20,0.03302399814128876,0.03683200106024742,0.03428959995508194,0.03419199958443642,0.001036794346488457,20,,,,,,,0.05443200096487999,0.059967998415231705,0.056683199852705,0.05649599991738796,0.0014928699994039892,20,0.02179200015962124,0.028384000062942505,0.023822400067001582,0.023552000522613525,0.001533613866311784,20,0.041152000427246094,0.045024000108242035,0.04242080003023148,0.042047999799251556,0.0008789390849851969,20,0.0306560005992651,0.03219199925661087,0.031489599775522945,0.0315839983522892,0.00038098465470805633,20,0.028543999418616295,0.03206399828195572,0.02978239981457591,0.029600000008940697,0.0010474853604011953,20,0.026176000013947487,0.02800000086426735,0.02708480004221201,0.027168000116944313,0.000567348505750179,20,16,16,2048,10944,102400,True,False,False,992,4,2048,10944,generic,generic,2816,,CUDA_EVENT,BF16,none
,,,,,,,,,,,,0.02879999950528145,0.04524800181388855,0.035496799973770976,0.03539200033992529,0.005947335844336545,40,0.19382399320602417,0.24396799504756927,0.2017087996006012,0.19950400292873383,0.010362488674239593,20,0.032287999987602234,0.03766399994492531,0.03414399977773428,0.03385600075125694,0.001611955332357556,20,,,,,,,0.053408000618219376,0.06438399851322174,0.055385599844157696,0.05499200150370598,0.0022237486654588393,20,0.022911999374628067,0.03420799970626831,0.02608639970421791,0.025615999475121498,0.002309850376153673,20,0.040672000497579575,0.04371200129389763,0.041804799996316436,0.041888000443577766,0.0007167146201086124,20,0.030880000442266464,0.03532800078392029,0.03283199993893504,0.032896000891923904,0.0010745521779269994,20,0.027615999802947044,0.03440000116825104,0.029793599992990492,0.02977599948644638,0.0013903063283501598,20,0.026240000501275063,0.028192000463604927,0.027240000013262034,0.02716799918562174,0.0006636336787598191,20,16,16,2048,10944,102400,True,False,False,984,4,2048,10944,generic,generic,2816,,CUDA_EVENT,BF16,none
,,,,,,,,,,,,0.028672000393271446,0.0461760014295578,0.03560800007544458,0.034736000932753086,0.005830562542070679,40,0.19206400215625763,0.24447999894618988,0.20136160105466844,0.1993280053138733,0.010524538958301579,20,0.03206399828195572,0.0379519984126091,0.034103999473154546,0.03385600075125694,0.0014462396854756966,20,,,,,,,0.05347200110554695,0.05817599967122078,0.05592160057276487,0.055904000997543335,0.0013275746570408588,20,0.022048000246286392,0.03411199897527695,0.024948800075799228,0.02407999988645315,0.002728425059195271,20,0.0387520007789135,0.04259200021624565,0.04126079995185137,0.04124800115823746,0.0009564949319184397,20,0.0315839983522892,0.033504001796245575,0.032699199952185155,0.03275199979543686,0.0006087813437621742,20,0.027648000046610832,0.031647998839616776,0.029670400079339743,0.029839999973773956,0.00106870401481331,20,0.025312000885605812,0.028575999662280083,0.026844800170511007,0.026895999908447266,0.0008541602513447195,20,16,16,2048,10944,102400,True,False,False,976,4,2048,10944,generic,generic,2816,,CUDA_EVENT,BF16,none
,,,,,,,,,,,,0.028351999819278717,0.05097600072622299,0.035359999909996984,0.03475199919193983,0.0061272522954951315,40,0.1932159960269928,0.24902400374412537,0.20231519863009453,0.19991999864578247,0.011274465502850481,20,0.03209599852561951,0.039264000952243805,0.034662400186061856,0.03440000116825104,0.0019027115755629361,20,,,,,,,0.052480001002550125,0.06195199862122536,0.05573760010302067,0.054656000807881355,0.0029551543283350794,20,0.018079999834299088,0.027936000376939774,0.024414399918168784,0.025472000241279602,0.0028737973892264857,20,0.040991999208927155,0.044863998889923096,0.04271679949015379,0.042848000302910805,0.0010465468658067188,20,0.0318400003015995,0.04195199906826019,0.03307199981063604,0.03270399942994118,0.0020775491374937305,20,0.02812799997627735,0.03142400085926056,0.02976639987900853,0.02964800037443638,0.0009316124029915693,20,0.02579200081527233,0.02864000014960766,0.027057600021362305,0.02700799982994795,0.0007013385222800782,20,16,16,2048,10944,102400,True,False,False,968,4,2048,10944,generic,generic,2816,,CUDA_EVENT,BF16,none
,,,,,,,,,,,,0.028543999418616295,0.04700800031423569,0.0354456000495702,0.03518400061875582,0.006109982403720309,40,0.19417600333690643,0.2545599937438965,0.20181439965963363,0.19963200390338898,0.012413532902186693,20,0.03286400064826012,0.039455998688936234,0.0349072003737092,0.034512000158429146,0.001636989114795743,20,,,,,,,0.051263999193906784,0.05507199838757515,0.053328000381588934,0.05344000086188316,0.0009924386202412598,20,0.025151999667286873,0.03411199897527695,0.027895999886095525,0.027600000612437725,0.002169658343042229,20,0.04185599833726883,0.04553600028157234,0.04367200005799532,0.04360000044107437,0.0009455379442302581,20,0.029983999207615852,0.031808000057935715,0.03077920004725456,0.030912000685930252,0.0004891163496054268,20,0.028672000393271446,0.035551998764276505,0.029916799906641246,0.029583999887108803,0.0014331531381700186,20,0.026079999282956123,0.02879999950528145,0.027231999952346087,0.027023999951779842,0.0006942598615127094,20,16,16,2048,10944,102400,True,False,False,960,4,2048,10944,generic,generic,2816,,CUDA_EVENT,BF16,none
,,,,,,,,,,,,0.027904000133275986,0.04444799944758415,0.03526960019953549,0.034832000732421875,0.006080016471786886,40,0.1931840032339096,0.24822400510311127,0.2021712012588978,0.19971200078725815,0.01129538985233626,20,0.03219199925661087,0.037856001406908035,0.034041599929332735,0.033583998680114746,0.0014132487926773163,20,,,,,,,0.052480001002550125,0.05756799876689911,0.05448320023715496,0.05438400059938431,0.0011605635621592001,20,0.023360000923275948,0.030880000442266464,0.026897600013762714,0.026560000143945217,0.00209656097159738,20,0.03884800150990486,0.04156799986958504,0.039907200075685975,0.03985599987208843,0.0006363816641636053,20,0.029952000826597214,0.03206399828195572,0.031116799917072058,0.031216000206768513,0.0005482557250773148,20,0.02864000014960766,0.03174399957060814,0.030308800097554923,0.030496000312268734,0.0009274083186847885,20,0.02582399919629097,0.03433600068092346,0.027404800150543453,0.02681600023061037,0.0017605352993254092,20,16,16,2048,10944,102400,True,False,False,952,4,2048,10944,generic,generic,2816,,CUDA_EVENT,BF16,none
,,,,,,,,,,,,0.028511999174952507,0.04572800174355507,0.03566560004837811,0.03907199949026108,0.005908659198115001,40,0.19407999515533447,0.24883200228214264,0.2019840009510517,0.20028800517320633,0.011018121068948892,20,0.03161599859595299,0.036768000572919846,0.03405920006334782,0.03363199904561043,0.0014496492790873946,20,,,,,,,0.05318399891257286,0.06355199962854385,0.05474719982594252,0.05435200035572052,0.0021766416800912897,20,0.024383999407291412,0.03292800113558769,0.02745279995724559,0.027648000046610832,0.0018318121271860192,20,0.03891199827194214,0.040832001715898514,0.04011520035564899,0.040144000202417374,0.0004910101089433933,20,0.029920000582933426,0.0331839993596077,0.031326400116086006,0.031183999963104725,0.0007839983119965042,20,0.028896000236272812,0.044863998889923096,0.031169600132852793,0.030592000111937523,0.003278516145754328,20,0.025599999353289604,0.028095999732613564,0.02676959978416562,0.026783999986946583,0.0006990717722369006,20,16,16,2048,10944,102400,True,False,False,944,4,2048,10944,generic,generic,2816,,CUDA_EVENT,BF16,none
,,,,,,,,,,,,0.0289280004799366,0.04483199864625931,0.03555279984138906,0.03771200031042099,0.005584254289071702,40,0.1916159987449646,0.26070401072502136,0.20274560004472733,0.19945599883794785,0.01374421894722964,20,0.03187200054526329,0.04387199878692627,0.033948799781501296,0.03300799988210201,0.0026664448365453395,20,,,,,,,0.05276799947023392,0.05593600124120712,0.054174399748444554,0.05408000014722347,0.0009549990069599817,20,0.02396799996495247,0.029952000826597214,0.02647199984639883,0.026399999856948853,0.0015012357332682504,20,0.03920000046491623,0.041152000427246094,0.040110400132834914,0.04004799947142601,0.0005545770266638004,20,0.030719999223947525,0.03328000009059906,0.03180319955572486,0.03177599981427193,0.0005976614911830468,20,0.029343999922275543,0.03827200084924698,0.030657600052654742,0.030160000547766685,0.0018355140065132536,20,0.025631999596953392,0.029823999851942062,0.027126399986445903,0.026895999908447266,0.0009546569796725257,20,16,16,2048,10944,102400,True,False,False,936,4,2048,10944,generic,generic,2816,,CUDA_EVENT,BF16,none
,,,,,,,,,,,,0.028095999732613564,0.047775998711586,0.0352479999884963,0.03519999980926514,0.006166201634981123,40,0.19513599574565887,0.2470400035381317,0.20144960060715675,0.1993120014667511,0.010672334461404509,20,0.031936001032590866,0.037087999284267426,0.03363840039819479,0.032944001257419586,0.0013466867780713,20,,,,,,,0.05251200124621391,0.05596800148487091,0.0539136003702879,0.05350400134921074,0.0010060731953552928,20,0.023520000278949738,0.028896000236272812,0.026324800122529267,0.026560000143945217,0.0014195985935444868,20,0.04198399931192398,0.04438399896025658,0.042980799823999404,0.042847998440265656,0.0007730683934419612,20,0.03174399957060814,0.03283200040459633,0.03242879956960678,0.0325119998306036,0.0003295225726836572,20,0.029311999678611755,0.03488000109791756,0.03077440010383725,0.030447999946773052,0.0011635468845948886,20,0.025696000084280968,0.028672000393271446,0.02694239988923073,0.026880000717937946,0.0006951793572449591,20,16,16,2048,10944,102400,True,False,False,928,4,2048,10944,generic,generic,2816,,CUDA_EVENT,BF16,none
,,,,,,,,,,,,0.028672000393271446,0.04444799944758415,0.03529600035399198,0.0347680002450943,0.005597247544719121,40,0.1939840018749237,0.2473279982805252,0.2011280007660389,0.19910399615764618,0.010936126715708434,20,0.03136000037193298,0.03673600032925606,0.03324160035699606,0.033136000856757164,0.0014369961294677996,20,,,,,,,0.05270399898290634,0.06108799949288368,0.05398399978876114,0.05352000147104263,0.001759301503620721,20,0.02380800060927868,0.03699199855327606,0.026824000012129545,0.026159999892115593,0.0027282108902451883,20,0.040031999349594116,0.04287999868392944,0.0413136001676321,0.041280001401901245,0.0007275669396723008,20,0.03014400042593479,0.03292800113558769,0.03211680026724935,0.03227199986577034,0.0006446448547929285,20,0.028831999748945236,0.03222399950027466,0.030185599997639655,0.030112000182271004,0.0007534692660320462,20,0.025760000571608543,0.028575999662280083,0.026822399999946355,0.02652799990028143,0.0008634427813411078,20,16,16,2048,10944,102400,True,False,False,920,4,2048,10944,generic,generic,2816,,CUDA_EVENT,BF16,none
,,,,,,,,,,,,0.02860799990594387,0.04726399853825569,0.03536880002357066,0.036080000922083855,0.0056739977849362185,40,0.19315199553966522,0.24566400051116943,0.20092319920659066,0.1993439942598343,0.010712519791488576,20,0.031328000128269196,0.03590400144457817,0.03298560008406639,0.032655999064445496,0.0012046883539847057,20,,,,,,,0.05196800082921982,0.056543998420238495,0.05359680000692606,0.05345600098371506,0.0011803576092552727,20,0.02582399919629097,0.030559999868273735,0.027931199874728918,0.02763199992477894,0.0014945156312847587,20,0.03999999910593033,0.04428799822926521,0.04144479967653751,0.041231999173760414,0.0010058529864305622,20,0.03030399978160858,0.03174399957060814,0.031140799820423126,0.031279999762773514,0.00041381263002753454,20,0.028991999104619026,0.037248000502586365,0.030483200028538705,0.030128000304102898,0.0016382751092531881,20,0.025567999109625816,0.02783999964594841,0.026775999926030636,0.02672000043094158,0.0007416737946091454,20,16,16,2048,10944,102400,True,False,False,912,4,2048,10944,generic,generic,2816,,CUDA_EVENT,BF16,none
,,,,,,,,,,,,0.028255999088287354,0.0469760000705719,0.03516319985501468,0.03467200044542551,0.005988159176793296,40,0.19740800559520721,0.25443199276924133,0.2073135994374752,0.2054399996995926,0.011240366486215205,20,0.0318400003015995,0.03846399858593941,0.033945600129663946,0.03347200155258179,0.001703067268497479,20,,,,,,,0.05167999863624573,0.05596800148487091,0.052975999936461446,0.052671998739242554,0.0010124097530830093,20,0.02489599958062172,0.032896000891923904,0.027755199931561947,0.02774399984627962,0.0019195275369271077,20,0.04105599969625473,0.043296001851558685,0.042143999598920345,0.04206399992108345,0.0005795448347538404,20,0.02985600009560585,0.03155200183391571,0.03076160028576851,0.030752000398933887,0.0005385232969976593,20,0.028384000062942505,0.03136000037193298,0.02968480009585619,0.029519999399781227,0.0008349655420057026,20,0.025631999596953392,0.028063999488949776,0.026822399999946355,0.026783999986946583,0.000625974282868767,20,16,16,2048,10944,102400,True,False,False,904,4,2048,10944,generic,generic,2816,,CUDA_EVENT,BF16,none
,,,,,,,,,,,,0.027871999889612198,0.04473600164055824,0.034956800006330016,0.03432000055909157,0.006307097093171506,40,0.19622400403022766,0.2504960000514984,0.2032223992049694,0.2012000009417534,0.011139650449913604,20,0.032255999743938446,0.03753599897027016,0.03426239993423223,0.034112000837922096,0.0015601470414227337,20,,,,,,,0.054016001522541046,0.05734400078654289,0.05523840021342039,0.05484800040721893,0.0009490899192013187,20,0.02236800082027912,0.027744000777602196,0.025680000241845847,0.02588800061494112,0.0015470107661810686,20,0.036479998379945755,0.0395519994199276,0.03745599985122681,0.03744000010192394,0.0007087476843592851,20,0.030239999294281006,0.031647998839616776,0.031011200044304132,0.030943999998271465,0.0003576136996805747,20,0.02828799933195114,0.03392000123858452,0.029576000198721884,0.029008000157773495,0.0013165533482942277,20,0.02627200074493885,0.028575999662280083,0.027188800182193516,0.02700799982994795,0.0006290482007064764,20,16,16,2048,10944,102400,True,False,False,896,4,2048,10944,generic,generic,2816,,CUDA_EVENT,BF16,none
,,,,,,,,,,,,0.027648000046610832,0.05164799839258194,0.03517919983714819,0.034367999993264675,0.006679905144921594,40,0.1937279999256134,0.2503040134906769,0.2035120002925396,0.2011680006980896,0.011352680531373074,20,0.03177599981427193,0.03561599925160408,0.03327520005404949,0.033215999603271484,0.0010393487765790715,20,,,,,,,0.051711998879909515,0.05612799897789955,0.05278080012649298,0.052480001002550125,0.0009385004516513846,20,0.02502400055527687,0.0350399985909462,0.02810079986229539,0.028047999367117882,0.0020897803843177866,20,0.038656000047922134,0.040832001715898514,0.03961120024323463,0.03963200002908707,0.0006332665376327449,20,0.029888000339269638,0.03167999908328056,0.03069599997252226,0.030704000033438206,0.00048391724250919257,20,0.02876799926161766,0.037856001406908035,0.030067200027406215,0.02969600073993206,0.0018592911918885852,20,0.025536000728607178,0.038943998515605927,0.02765120007097721,0.02705600019544363,0.0027108151836840503,20,16,16,2048,10944,102400,True,False,False,888,4,2048,10944,generic,generic,2816,,CUDA_EVENT,BF16,none
,,,,,,,,,,,,0.02876799926161766,0.04355200007557869,0.03504640003666282,0.03449600003659725,0.005543769083121757,40,0.19648000597953796,0.2533760070800781,0.20485600158572198,0.2033279985189438,0.011545035591448182,20,0.03177599981427193,0.03766399994492531,0.03370399996638298,0.033536000177264214,0.0014215304890189515,20,,,,,,,0.05196800082921982,0.0551999993622303,0.053004799783229826,0.0528159998357296,0.000751448170029046,20,0.02672000043094158,0.03030399978160858,0.028401599917560815,0.028239999897778034,0.0009182089218554618,20,0.03939199820160866,0.041760001331567764,0.04048159960657358,0.04057599976658821,0.0006102258166817142,20,0.030719999223947525,0.03254399821162224,0.03202080000191927,0.032207999378442764,0.000489429900247925,20,0.02860799990594387,0.03139200061559677,0.029716799780726433,0.029455999843776226,0.0006893958846716311,20,0.025696000084280968,0.028672000393271446,0.02682880014181137,0.026736000552773476,0.000754915065864581,20,16,16,2048,10944,102400,True,False,False,880,4,2048,10944,generic,generic,2816,,CUDA_EVENT,BF16,none
,,,,,,,,,,,,0.028863999992609024,0.0453759990632534,0.035501600010320544,0.03779200091958046,0.005764455431483072,40,0.19830399751663208,0.2487040013074875,0.20497280061244966,0.20308800041675568,0.010328222560709973,20,0.031007999554276466,0.03558399900794029,0.03304960010573268,0.03308800049126148,0.0010728163345351106,20,,,,,,,0.05161599814891815,0.05596800148487091,0.052889599651098254,0.05278399959206581,0.0009295769258797891,20,0.02579200081527233,0.03187200054526329,0.028048000298440456,0.027615999802947044,0.0015096915018600356,20,0.03951999917626381,0.04224000126123428,0.040385599993169305,0.040192000567913055,0.0006828439197582406,20,0.03097599931061268,0.03359999880194664,0.03215199997648597,0.03215999901294708,0.0006786621411867519,20,0.02828799933195114,0.03200000151991844,0.029783999919891356,0.029551999643445015,0.0009278829110656628,20,0.025599999353289604,0.03577600046992302,0.027129599917680026,0.026863999664783478,0.002055949713427295,20,16,16,2048,10944,102400,True,False,False,872,4,2048,10944,generic,generic,2816,,CUDA_EVENT,BF16,none
,,,,,,,,,,,,0.028063999488949776,0.04505600035190582,0.034608000051230194,0.03435199987143278,0.005875525928152308,40,0.19705599546432495,0.2536959946155548,0.2068895988166332,0.2049119994044304,0.011502862029402445,20,0.031199999153614044,0.0387520007789135,0.033264000155031684,0.0329120010137558,0.001691662688956405,20,,,,,,,0.050624001771211624,0.053888000547885895,0.05188960004597902,0.05140800029039383,0.0010463303706935876,20,0.02735999971628189,0.039103999733924866,0.029704000148922206,0.02916800044476986,0.0024555048981370863,20,0.0395519994199276,0.042208001017570496,0.04075360018759966,0.04076800122857094,0.0006649132912750754,20,0.02969600073993206,0.0315839983522892,0.030681600142270327,0.0306560005992651,0.000572844607888958,20,0.029343999922275543,0.035360001027584076,0.030502400267869233,0.030287999659776688,0.0012773814570859686,20,0.025887999683618546,0.028192000463604927,0.026886399928480388,0.026688000187277794,0.0006427621251726115,20,16,16,2048,10944,102400,True,False,False,864,4,2048,10944,generic,generic,2816,,CUDA_EVENT,BF16,none
,,,,,,,,,,,,0.028736000880599022,0.05027199909090996,0.03542959992773831,0.03495999984443188,0.006082201135410012,40,0.19702400267124176,0.26342400908470154,0.2064479999244213,0.20417600125074387,0.01351804418910569,20,0.03203200176358223,0.036159999668598175,0.03355359993875027,0.03335999883711338,0.0011461842392660527,20,,,,,,,0.05049600079655647,0.05500800162553787,0.05231040008366108,0.05222400091588497,0.0010288935168531383,20,0.02643200010061264,0.031168000772595406,0.029063999932259322,0.029311999678611755,0.0012847860771066431,20,0.040672000497579575,0.05084799975156784,0.04284959975630045,0.042688000947237015,0.0020470117113497843,20,0.029440000653266907,0.031488001346588135,0.03014080012217164,0.030160000547766685,0.0004759186948741284,20,0.028384000062942505,0.032255999743938446,0.02953439988195896,0.02932799980044365,0.0009650785539879236,20,0.02566399984061718,0.028095999732613564,0.026750399824231864,0.026783999986946583,0.0006872534805633223,20,16,16,2048,10944,102400,True,False,False,856,4,2048,10944,generic,generic,2816,,CUDA_EVENT,BF16,none
,,,,,,,,,,,,0.029184000566601753,0.05052800104022026,0.035930399876087905,0.0367519985884428,0.005999209893473711,40,0.19548800587654114,0.2500480115413666,0.2050495997071266,0.20259200036525726,0.011629991027230582,20,0.03152000159025192,0.039264000952243805,0.034161600098013875,0.033855998888611794,0.0018639137399870983,20,,,,,,,0.05008000135421753,0.0544000007212162,0.05212799999862909,0.05198400095105171,0.0010441517062532847,20,0.026240000501275063,0.03625600039958954,0.03012639991939068,0.029839999973773956,0.0024257914098550297,20,0.040352001786231995,0.04217600077390671,0.04132959973067045,0.04137599840760231,0.0004965134266951511,20,0.02953599952161312,0.031168000772595406,0.030263999942690134,0.030271999537944794,0.00043429047356817083,20,0.02848000079393387,0.032255999743938446,0.029793599899858237,0.029632000252604485,0.0008472736899328118,20,0.02579200081527233,0.028896000236272812,0.027110400144010782,0.026959999464452267,0.0008338193035502775,20,16,16,2048,10944,102400,True,False,False,848,4,2048,10944,generic,generic,2816,,CUDA_EVENT,BF16,none
,,,,,,,,,,,,0.02844800055027008,0.04505600035190582,0.035421600099653006,0.03843200020492077,0.0059103115670787135,40,0.1945279985666275,0.26076799631118774,0.2043040007352829,0.2014079988002777,0.013640670710694974,20,0.03206399828195572,0.03686400130391121,0.03389599956572056,0.03376000002026558,0.0014319731989835946,20,,,,,,,0.04995200037956238,0.054048001766204834,0.051572800055146216,0.05144000053405762,0.001072848856049282,20,0.026688000187277794,0.03561599925160408,0.029897599853575228,0.029120000079274178,0.0020126727029540384,20,0.036320000886917114,0.03852799907326698,0.03720959983766079,0.037167999893426895,0.0006534269768721133,20,0.029600000008940697,0.03094400092959404,0.030187200009822845,0.030063999816775322,0.00038270136253709127,20,0.02831999957561493,0.03500799834728241,0.02995519982650876,0.02956799976527691,0.0013821958852904264,20,0.025919999927282333,0.028831999748945236,0.027438399940729143,0.027648000046610832,0.0007769131043300466,20,16,16,2048,10944,102400,True,False,False,840,4,2048,10944,generic,generic,2816,,CUDA_EVENT,BF16,none
,,,,,,,,,,,,0.029055999591946602,0.04543999955058098,0.03543200017884374,0.034656000323593616,0.00577595032333639,40,0.19702400267124176,0.25091201066970825,0.20459840148687364,0.2025279998779297,0.010996820149657019,20,0.03286400064826012,0.038656000047922134,0.03479040004312992,0.03420799970626831,0.0016164784059244258,20,,,,,,,0.0533440001308918,0.05769599974155426,0.05500159952789545,0.05462399870157242,0.0010768177812426802,20,0.02287999913096428,0.028672000393271446,0.026665599923580884,0.026991999708116055,0.0014346605239346831,20,0.03731200098991394,0.03977600112557411,0.03825119994580746,0.038015998899936676,0.0007151320522551496,20,0.030368000268936157,0.0323840007185936,0.031569600012153386,0.031488001346588135,0.0005910456271006188,20,0.029184000566601753,0.034912001341581345,0.03026400012895465,0.029984000138938427,0.0011666130922659682,20,0.02739199995994568,0.02908799983561039,0.02806239975616336,0.028063999488949776,0.00044576296522622484,20,16,16,2048,10944,102400,True,False,False,832,4,2048,10944,generic,generic,2816,,CUDA_EVENT,BF16,none
,,,,,,,,,,,,0.029120000079274178,0.04479999840259552,0.03535680021159351,0.034847999922931194,0.0057394602501396955,40,0.1945600062608719,0.2500480115413666,0.2043920002877712,0.20265600085258484,0.01099307527634409,20,0.03174399957060814,0.043935999274253845,0.034345599636435506,0.0337119996547699,0.0027093266948403864,20,,,,,,,0.05056000128388405,0.05423999950289726,0.05180479977279902,0.051551999524235725,0.0008929030837980863,20,0.02582399919629097,0.03232000023126602,0.029596800077706577,0.02977599948644638,0.0014173111419081364,20,0.03728000074625015,0.0398080013692379,0.03890239968895912,0.0390079990029335,0.0005736926997618674,20,0.028960000723600388,0.03152000159025192,0.03004320031031966,0.03009600006043911,0.000580275524263009,20,0.02844800055027008,0.03731200098991394,0.029937600065022708,0.029583999887108803,0.0018056758066848748,20,0.02550400048494339,0.02796800062060356,0.027099199965596198,0.027087999507784843,0.0006457562074287096,20,16,16,2048,10944,102400,True,False,False,824,4,2048,10944,generic,generic,2816,,CUDA_EVENT,BF16,none
,,,,,,,,,,,,0.028896000236272812,0.04854400083422661,0.035891200276091696,0.03579200059175491,0.00622596084679695,40,0.19648000597953796,0.2532159984111786,0.20497919991612434,0.2030560001730919,0.011678383398680792,20,0.031488001346588135,0.03657599911093712,0.03399999979883432,0.034143999218940735,0.001525614563787183,20,,,,,,,0.049056001007556915,0.1789119988679886,0.05679839998483658,0.0504320003092289,0.02802260725604132,20,0.02812799997627735,0.03686400130391121,0.0313632003031671,0.03120000008493662,0.0022776699382022502,20,0.03862399980425835,0.04044799879193306,0.039430400170385835,0.03936000168323517,0.00047383776591180794,20,0.028831999748945236,0.03033600002527237,0.029617600329220294,0.029504000209271908,0.00043577321416163697,20,0.028192000463604927,0.03872000053524971,0.030091200210154056,0.029776000417768955,0.0020971911399746304,20,0.026048000901937485,0.03244800120592117,0.02760000005364418,0.027424000203609467,0.001470799701156081,20,16,16,2048,10944,102400,True,False,False,816,4,2048,10944,generic,generic,2816,,CUDA_EVENT,BF16,none
,,,,,,,,,,,,0.029343999922275543,0.04652800038456917,0.035766399931162596,0.03508800081908703,0.005814885913388836,40,0.19760000705718994,0.24982400238513947,0.20488000065088272,0.202224001288414,0.010818473627654349,20,0.0318400003015995,0.04639999940991402,0.03441759999841452,0.03363199904561043,0.0032000074947745446,20,,,,,,,0.04873599857091904,0.05289600044488907,0.05039360020309687,0.050224000588059425,0.0009399832426487307,20,0.026784000918269157,0.036896001547575,0.030726400017738343,0.030607999302446842,0.0023198258662009788,20,0.03859199956059456,0.047680001705884933,0.04043039977550507,0.0400799997150898,0.0017609450145186754,20,0.02844800055027008,0.03081599995493889,0.02978879986330867,0.029759999364614487,0.0005260958218433948,20,0.02755199931561947,0.03190400078892708,0.029662399925291537,0.029839999973773956,0.0011037207581904183,20,0.02582399919629097,0.031936001032590866,0.0272512000054121,0.027135999873280525,0.0013241352666774123,20,16,16,2048,10944,102400,True,False,False,808,4,2048,10944,generic,generic,2816,,CUDA_EVENT,BF16,none
,,,,,,,,,,,,0.026528000831604004,0.0435199998319149,0.03383760009892285,0.033695999532938004,0.006232150689039692,40,0.19648000597953796,0.2523840069770813,0.20436799973249437,0.20260799676179886,0.011592159953439716,20,0.031647998839616776,0.03862399980425835,0.03410560004413128,0.033536000177264214,0.0016700693228498087,20,,,,,,,0.05052800104022026,0.05827200040221214,0.05218239985406399,0.051872000098228455,0.0015589977276851215,20,0.026944000273942947,0.033055998384952545,0.029616000037640332,0.029695999808609486,0.0016659218406276227,20,0.04265600070357323,0.045184001326560974,0.04355680011212826,0.04343999922275543,0.0005570458735737407,20,0.02908799983561039,0.03094400092959404,0.029944000113755465,0.029791999608278275,0.0004543409439895505,20,0.02812799997627735,0.03110400028526783,0.029268800094723702,0.029120000079274178,0.0008739737046826112,20,0.026399999856948853,0.035360001027584076,0.027695999946445227,0.027263999916613102,0.0018826366617376903,20,16,16,2048,10944,102400,True,False,False,800,4,2048,10944,generic,generic,2816,,CUDA_EVENT,BF16,none
,,,,,,,,,,,,0.02828799933195114,0.04476799815893173,0.03466719989664853,0.03379200119525194,0.005880706307659072,40,0.19631999731063843,0.2513279914855957,0.2051999993622303,0.2030560001730919,0.01119342899375684,20,0.03142400085926056,0.037376001477241516,0.033443200029432775,0.03328000009059906,0.0013130887029781206,20,,,,,,,0.04931199923157692,0.05177599936723709,0.05030720010399818,0.05031999945640564,0.000685868260861181,20,0.027904000133275986,0.03580800071358681,0.030433600023388862,0.029791999608278275,0.0019303581882707166,20,0.03846399858593941,0.040031999349594116,0.039284799993038175,0.03932800143957138,0.0004072027634163354,20,0.030239999294281006,0.03206399828195572,0.031310399807989595,0.031279999762773514,0.0004420719363657094,20,0.027488000690937042,0.030719999223947525,0.029097600001841785,0.028975999914109707,0.0006993371596439302,20,0.02534399926662445,0.032607998698949814,0.027089599706232547,0.026895999908447266,0.0014601074408990718,20,16,16,2048,10944,102400,True,False,False,792,4,2048,10944,generic,generic,2816,,CUDA_EVENT,BF16,none
,,,,,,,,,,,,0.026335999369621277,0.04608000069856644,0.034254399966448544,0.03398399893194437,0.006812911842125717,40,0.1932159960269928,0.24527999758720398,0.20293119847774505,0.20073600113391876,0.010787172514834124,20,0.03206399828195572,0.03625600039958954,0.03343519978225231,0.03328000009059906,0.0011670690895689518,20,,,,,,,0.049375999718904495,0.05286400020122528,0.05050240010023117,0.050223998725414276,0.0009747454084342746,20,0.027648000046610832,0.04255999997258186,0.030838400311768054,0.030016000382602215,0.0032509403161438783,20,0.04054399952292442,0.04483199864625931,0.041817599721252915,0.04172799922525883,0.0009469837114804917,20,0.02969600073993206,0.03215999901294708,0.030697600170969962,0.03054399974644184,0.0006743654993881065,20,0.02751999907195568,0.03062400035560131,0.029049599915742873,0.029120000079274178,0.0008322215532874137,20,0.025407999753952026,0.027712000533938408,0.02659200020134449,0.026655999943614006,0.0005613243188955247,20,16,16,2048,10944,102400,True,False,False,784,4,2048,10944,generic,generic,2816,,CUDA_EVENT,BF16,none
,,,,,,,,,,,,0.02848000079393387,0.04758400097489357,0.03494719993323088,0.034431999549269676,0.005838320011718147,40,0.1944960057735443,0.2515200078487396,0.2030928000807762,0.20086399465799332,0.011494948637260293,20,0.03139200061559677,0.22966399788856506,0.04328959994018078,0.033136000856757164,0.042784735000771346,20,,,,,,,0.048928000032901764,0.056671999394893646,0.050649600103497505,0.050223998725414276,0.0016973156048320141,20,0.027103999629616737,0.03385600075125694,0.030076799914240837,0.029968000017106533,0.0016462717415273466,20,0.03516799956560135,0.03798399865627289,0.03712799977511168,0.037407999858260155,0.000742501870070906,20,0.030592000111937523,0.03276799991726875,0.03156000003218651,0.031647998839616776,0.0005309371510654286,20,0.02812799997627735,0.035071998834609985,0.029633599892258645,0.02929599955677986,0.0014266211447098325,20,0.025887999683618546,0.02812799997627735,0.02714239973574877,0.02715199999511242,0.0006149997352487275,20,16,16,2048,10944,102400,True,False,False,776,4,2048,10944,generic,generic,2816,,CUDA_EVENT,BF16,none
,,,,,,,,,,,,0.027744000777602196,0.044224001467227936,0.03511040001176298,0.03444799967110157,0.005921462253739417,40,0.1955839991569519,0.2516160011291504,0.20312639996409415,0.20068800449371338,0.01139471038517049,20,0.03222399950027466,0.037151999771595,0.03405759986490011,0.03376000002026558,0.0013846460268296425,20,,,,,,,0.04771199822425842,0.057920001447200775,0.049761599861085415,0.048928000032901764,0.0023387270336717534,20,0.029120000079274178,0.03548799827694893,0.031595200020819905,0.03155199997127056,0.0014676552391570364,20,0.037151999771595,0.040063999593257904,0.03846560027450323,0.038336001336574554,0.000734640548511014,20,0.02816000021994114,0.03251200169324875,0.029024000093340874,0.028768000192940235,0.0008799130386083821,20,0.027264000847935677,0.03094400092959404,0.029227200150489806,0.029184000566601753,0.0009393661794340214,20,0.02611199952661991,0.027583999559283257,0.02692159991711378,0.02696000039577484,0.0004250220950254654,20,16,16,2048,10944,102400,True,False,False,768,4,2048,10944,generic,generic,2816,,CUDA_EVENT,BF16,none
,,,,,,,,,,,,0.028896000236272812,0.04403200000524521,0.03563120015896857,0.036368001252412796,0.005670495520465004,40,0.19548800587654114,0.2497279942035675,0.20286239832639694,0.20073599368333817,0.011303871077878232,20,0.031199999153614044,0.036639999598264694,0.033836799673736095,0.03352000005543232,0.001509552245663712,20,,,,,,,0.04771199822425842,0.05008000135421753,0.04908320028334856,0.04899200052022934,0.0006580091790691777,20,0.02921600081026554,0.03561599925160408,0.03152320040389896,0.03142400085926056,0.0014018739341712112,20,0.03721600025892258,0.039423998445272446,0.03855839967727661,0.038575999438762665,0.0004645484075294261,20,0.027744000777602196,0.0297279991209507,0.028859199956059456,0.028912000358104706,0.0005114271170993832,20,0.02800000086426735,0.03574400022625923,0.02952479999512434,0.029103999957442284,0.0015877055942391566,20,0.025439999997615814,0.03667199984192848,0.027384000085294246,0.026688000187277794,0.002768302853950283,20,16,16,2048,10944,102400,True,False,False,760,4,2048,10944,generic,generic,2816,,CUDA_EVENT,BF16,none
,,,,,,,,,,,,0.02864000014960766,0.04531199857592583,0.03513760003261268,0.03400000091642141,0.005916902696413166,40,0.19548800587654114,0.24822400510311127,0.20256319940090178,0.20127999782562256,0.010909607801088891,20,0.031647998839616776,0.04009599983692169,0.03385919984430075,0.033455999568104744,0.0018953593511270113,20,,,,,,,0.047648001462221146,0.05110400170087814,0.04884640034288168,0.04872000031173229,0.0007455707179979976,20,0.02844800055027008,0.04022400081157684,0.03155200006440282,0.03129599988460541,0.002568565863188818,20,0.03788800165057182,0.045184001326560974,0.03885760009288788,0.0384799987077713,0.0015034929110296395,20,0.028384000062942505,0.02969600073993206,0.029107199888676404,0.029152000322937965,0.00033977314079152023,20,0.02739199995994568,0.03097599931061268,0.02896799985319376,0.02855999954044819,0.0011067504052890296,20,0.02566399984061718,0.027936000376939774,0.026820799708366393,0.026943999342620373,0.0007228937882031615,20,16,16,2048,10944,102400,True,False,False,752,4,2048,10944,generic,generic,2816,,CUDA_EVENT,BF16,none
,,,,,,,,,,,,0.028255999088287354,0.0674239993095398,0.036546399863436815,0.03860799968242645,0.007754153294485822,40,0.19580799341201782,0.3033599853515625,0.2092527985572815,0.20180799812078476,0.02608954925465335,20,0.032287999987602234,0.08220800012350082,0.03743359986692667,0.03425600007176399,0.010752864812822132,20,,,,,,,0.04665600135922432,0.05100800096988678,0.048303999938070774,0.048207998275756836,0.0011422478295721376,20,0.028543999418616295,0.034591998904943466,0.03217440024018288,0.031936001032590866,0.0014956867450617167,20,0.03782400116324425,0.04131200164556503,0.03861280009150505,0.03854399919509888,0.0007617262273165787,20,0.028416000306606293,0.047359999269247055,0.0301167999394238,0.02937600016593933,0.003991456630962818,20,0.028224000707268715,0.039264000952243805,0.029952000267803668,0.029199999757111073,0.002501000184929823,20,0.025728000327944756,0.037151999771595,0.027436800207942723,0.02687999978661537,0.0023503645263956326,20,16,16,2048,10944,102400,True,False,False,744,4,2048,10944,generic,generic,2816,,CUDA_EVENT,BF16,none
,,,,,,,,,,,,0.02844800055027008,0.04403200000524521,0.03542479979805648,0.034927998669445515,0.005993927289781069,40,0.19545599818229675,0.2425280064344406,0.20370560139417648,0.20228800177574158,0.009200663894297318,20,0.03280000016093254,0.04230400174856186,0.03509440030902624,0.03480000048875809,0.0020983587316561244,20,,,,,,,0.04835199937224388,0.05116799846291542,0.049214400351047516,0.048928000032901764,0.0008523945014516551,20,0.029152000322937965,0.03548799827694893,0.03197440039366484,0.03177599981427193,0.0016677066356553128,20,0.03888000175356865,0.040863998234272,0.03991680052131415,0.039824001491069794,0.000516222691978514,20,0.029152000322937965,0.030271999537944794,0.02982879988849163,0.029839999973773956,0.00032322782242171833,20,0.028224000707268715,0.03292800113558769,0.029500799998641015,0.02929599955677986,0.0011196754824979495,20,0.02627200074493885,0.034591998904943466,0.02738720001652837,0.026863999664783478,0.0017295183227429127,20,16,16,2048,10944,102400,True,False,False,736,4,2048,10944,generic,generic,2816,,CUDA_EVENT,BF16,none
,,,,,,,,,,,,0.027648000046610832,0.04479999840259552,0.03477439992129803,0.03415999934077263,0.006341473166611298,40,0.1952960044145584,0.2499839961528778,0.20281919986009597,0.20076800137758255,0.011242600715953436,20,0.03276799991726875,0.04355200007557869,0.034569600224494935,0.03377600014209747,0.002305135125331594,20,,,,,,,0.04681599885225296,0.05241600051522255,0.04856319967657328,0.047968000173568726,0.0014897505661092187,20,0.029983999207615852,0.037696000188589096,0.03257600013166666,0.03219199925661087,0.0020161268640634922,20,0.0382080003619194,0.040511999279260635,0.03926400020718575,0.039135999977588654,0.0006904145146524131,20,0.028511999174952507,0.03081599995493889,0.029574399814009666,0.029600000008940697,0.0006026376007575887,20,0.027712000533938408,0.03046399913728237,0.029131200071424244,0.029120000079274178,0.0007843116115236572,20,0.024768000468611717,0.034143999218940735,0.027198399975895883,0.02697599958628416,0.0018647097045996345,20,16,16,2048,10944,102400,True,False,False,728,4,2048,10944,generic,generic,2816,,CUDA_EVENT,BF16,none
,,,,,,,,,,,,0.02643200010061264,0.04451199993491173,0.034632800007238985,0.0376800000667572,0.006362035382667108,40,0.19580799341201782,0.24527999758720398,0.2033088006079197,0.20216000080108643,0.010122259392891552,20,0.0326399989426136,0.038336001336574554,0.03464000020176172,0.034192001447081566,0.0016068179238475533,20,,,,,,,0.04608000069856644,0.048895999789237976,0.04751199968159199,0.04747200012207031,0.0007931141840664866,20,0.03049599938094616,0.037856001406908035,0.03283999990671873,0.03268799930810928,0.0016578000390062109,20,0.0390079990029335,0.040991999208927155,0.04023199956864119,0.040192000567913055,0.0005619507832721348,20,0.027775999158620834,0.030079999938607216,0.02907039988785982,0.02915199939161539,0.0005573401699433477,20,0.027744000777602196,0.030400000512599945,0.028934400249272584,0.02908799983561039,0.0006565540303509232,20,0.025119999423623085,0.027648000046610832,0.02674879999831319,0.02691200003027916,0.0006426266213891713,20,16,16,2048,10944,102400,True,False,False,720,4,2048,10944,generic,generic,2816,,CUDA_EVENT,BF16,none
,,,,,,,,,,,,0.02643200010061264,0.04598399996757507,0.03387759975157678,0.03382399957627058,0.006594183482671525,40,0.19487999379634857,0.24643200635910034,0.2016672007739544,0.19964800029993057,0.010649449825023496,20,0.03187200054526329,0.03807999938726425,0.03408640008419752,0.033296000212430954,0.0017230325679598005,20,,,,,,,0.04601600021123886,0.058368001133203506,0.048206400312483313,0.04771200008690357,0.0025752444049780203,20,0.029759999364614487,0.03747199848294258,0.032646400202065703,0.0323840007185936,0.0018000844552990634,20,0.03916800022125244,0.04118400067090988,0.03994879983365536,0.039903998374938965,0.0005578843356469126,20,0.027807999402284622,0.03177599981427193,0.02944000018760562,0.0294560007750988,0.0008220949675841862,20,0.027807999402284622,0.035071998834609985,0.029390399903059007,0.02908799983561039,0.001543928566340917,20,0.025696000084280968,0.027648000046610832,0.0266096000559628,0.026544000022113323,0.0005798514506061125,20,16,16,2048,10944,102400,True,False,False,712,4,2048,10944,generic,generic,2816,,CUDA_EVENT,BF16,none
,,,,,,,,,,,,0.028031999245285988,0.04956800118088722,0.03499360014684498,0.03455999959260225,0.006146840956224877,40,0.19590400159358978,0.2537600100040436,0.2049535997211933,0.20180799812078476,0.011838630095435305,20,0.0323840007185936,0.03782400116324425,0.034135999716818334,0.033695999532938004,0.0014988128968047173,20,,,,,,,0.04729599878191948,0.05116799846291542,0.04876319989562035,0.04843199998140335,0.0009334608021632712,20,0.028672000393271446,0.034912001341581345,0.0323024001903832,0.03240000084042549,0.0015168293764740448,20,0.03916800022125244,0.04195199906826019,0.04027040004730224,0.04028800129890442,0.0007924425610851953,20,0.029503999277949333,0.03152000159025192,0.03065119991078973,0.030687999911606312,0.0004939080702973297,20,0.028192000463604927,0.03161599859595299,0.02942879991605878,0.029215999878942966,0.0007872436552188651,20,0.02627200074493885,0.03190400078892708,0.027556800097227097,0.0272000003606081,0.0011796364349899594,20,16,16,2048,10944,102400,True,False,False,704,4,2048,10944,generic,generic,2816,,CUDA_EVENT,BF16,none
,,,,,,,,,,,,0.02828799933195114,0.04809600114822388,0.03513600016012788,0.034496000967919827,0.006184177032725238,40,0.19337600469589233,0.25145599246025085,0.2028287999331951,0.20075199753046036,0.01182399808906538,20,0.03152000159025192,0.03807999938726425,0.034308800101280214,0.03433600068092346,0.001697607090235912,20,,,,,,,0.0453759990632534,0.048448000103235245,0.04670559987425804,0.04686399921774864,0.0008651535571530863,20,0.03030399978160858,0.036768000572919846,0.03340799985453487,0.03328000009059906,0.0015539285173393072,20,0.036448001861572266,0.03840000182390213,0.03741600047796965,0.037456000223755836,0.000566307625962076,20,0.02924799919128418,0.03328000009059906,0.030217599868774415,0.03000000026077032,0.0009266252509488382,20,0.027871999889612198,0.033824000507593155,0.029268800094723702,0.029008000157773495,0.001143223311211783,20,0.025439999997615814,0.027456000447273254,0.02661600010469556,0.0266720000654459,0.0005682929839974495,20,16,16,2048,10944,102400,True,False,False,696,4,2048,10944,generic,generic,2816,,CUDA_EVENT,BF16,none
,,,,,,,,,,,,0.027871999889612198,0.044704001396894455,0.03500799993053079,0.034304000437259674,0.006036132327939341,40,0.19414399564266205,0.2460480034351349,0.2027712009847164,0.20030400156974792,0.010551125316831436,20,0.03167999908328056,0.04201599955558777,0.034068800136446954,0.03367999941110611,0.0021973602496608933,20,,,,,,,0.04623999819159508,0.04927999898791313,0.04736320003867149,0.04710400104522705,0.0008290347274752104,20,0.03046399913728237,0.03977600112557411,0.033740799967199565,0.033135998994112015,0.0025531588412503288,20,0.03686400130391121,0.04009599983692169,0.038260800018906596,0.038095999509096146,0.0007430805218336058,20,0.029664000496268272,0.03145600110292435,0.030291200336068868,0.030208000913262367,0.0005205683001587379,20,0.028095999732613564,0.0306560005992651,0.029199999943375587,0.02913600020110607,0.0006682946176734276,20,0.02566399984061718,0.027807999402284622,0.026636799890547992,0.026623999699950218,0.0005695100073739268,20,16,16,2048,10944,102400,True,False,False,688,4,2048,10944,generic,generic,2816,,CUDA_EVENT,BF16,none
,,,,,,,,,,,,0.027456000447273254,0.04598399996757507,0.03487440007738769,0.03411199990659952,0.006412323665796358,40,0.1931840032339096,0.2800320088863373,0.20461759865283966,0.2011840045452118,0.017659471514064017,20,0.030400000512599945,0.04009599983692169,0.034785599634051326,0.034543998539447784,0.002229219284207347,20,,,,,,,0.04524800181388855,0.04822399839758873,0.046596800163388255,0.04636800102889538,0.0009242002834316528,20,0.030208000913262367,0.03903999924659729,0.03386399941518903,0.03364799916744232,0.0019849512504665394,20,0.03750399872660637,0.04396799951791763,0.03858399968594313,0.03844799846410751,0.0013085564918085492,20,0.029632000252604485,0.03203200176358223,0.03051519999280572,0.030464000068604946,0.0006207838247905116,20,0.027744000777602196,0.03033600002527237,0.029148800019174814,0.029263999313116074,0.0005729607332492638,20,0.02566399984061718,0.027807999402284622,0.02660479983314872,0.026655999943614006,0.0005396912481813721,20,16,16,2048,10944,102400,True,False,False,680,4,2048,10944,generic,generic,2816,,CUDA_EVENT,BF16,none
,,,,,,,,,,,,0.027295999228954315,0.04339199885725975,0.034421599749475715,0.033519999124109745,0.006173696351525174,40,0.19631999731063843,0.24639999866485596,0.20517600029706956,0.20283200591802597,0.010002812559071055,20,0.031488001346588135,0.04064000025391579,0.03399840015918017,0.03331200033426285,0.0020114861562601,20,,,,,,,0.04527999833226204,0.04912000149488449,0.0465488001704216,0.04646399989724159,0.0009993678866276091,20,0.03062400035560131,0.04118400067090988,0.03411839986220002,0.03379200026392937,0.0022913341490658798,20,0.034432001411914825,0.038943998515605927,0.03681439999490976,0.037087999284267426,0.0010122560230909127,20,0.028255999088287354,0.03379200026392937,0.02922560004517436,0.028880000114440918,0.0011357566920535073,20,0.027488000690937042,0.031168000772595406,0.02909920010715723,0.028896000236272812,0.000932198849277378,20,0.025728000327944756,0.02800000086426735,0.02658719988539815,0.02643200010061264,0.0006166356142558403,20,16,16,2048,10944,102400,True,False,False,672,4,2048,10944,generic,generic,2816,,CUDA_EVENT,BF16,none
,,,,,,,,,,,,0.027168000116944313,0.04371200129389763,0.03438640008680523,0.033983999863266945,0.006191615124389658,40,0.19628800451755524,0.25148800015449524,0.20512960106134415,0.20361600071191788,0.011280447415668322,20,0.031168000772595406,0.03651199862360954,0.03332800017669797,0.03345600143074989,0.0012073586146078457,20,,,,,,,0.04505600035190582,0.047775998711586,0.04614399988204241,0.045951999723911285,0.0007613037481999487,20,0.0315839983522892,0.036768000572919846,0.03391040023416281,0.034143999218940735,0.0013522076888453874,20,0.03731200098991394,0.039135999977588654,0.0380016004666686,0.03795200027525425,0.00040114686714672266,20,0.028095999732613564,0.029952000826597214,0.029014400113373993,0.029008000157773495,0.0005226003961948503,20,0.02796800062060356,0.03110400028526783,0.028948800172656775,0.028768000192940235,0.0007216177369877622,20,0.02534399926662445,0.02735999971628189,0.026390399876981975,0.02638399973511696,0.0006444723294362482,20,16,16,2048,10944,102400,True,False,False,664,4,2048,10944,generic,generic,2816,,CUDA_EVENT,BF16,none
,,,,,,,,,,,,0.02768000029027462,0.04447999969124794,0.03422400006093085,0.03401599917560816,0.005811137609149032,40,0.19766399264335632,0.2441280037164688,0.20375360026955605,0.20243199914693832,0.009636269016685704,20,0.032127998769283295,0.03622400015592575,0.034191999956965445,0.03403200022876263,0.0012118033629019535,20,,,,,,,0.04508800059556961,0.04774399846792221,0.04622560031712055,0.04631999880075455,0.0006843417868716892,20,0.02985600009560585,0.03968000039458275,0.0339071998372674,0.03379200026392937,0.0022310999998179882,20,0.03824000060558319,0.04131200164556503,0.03931360002607107,0.039344001561403275,0.0007165055602074674,20,0.02831999957561493,0.03001599945127964,0.028884799871593713,0.02884799987077713,0.00044447484005510733,20,0.02768000029027462,0.031039999797940254,0.029243200179189445,0.029199999757111073,0.0008956154590923046,20,0.02582399919629097,0.027775999158620834,0.02678239978849888,0.026832000352442265,0.0005570641888281728,20,16,16,2048,10944,102400,True,False,False,656,4,2048,10944,generic,generic,2816,,CUDA_EVENT,BF16,none
,,,,,,,,,,,,0.026399999856948853,0.04604800045490265,0.03407760006375611,0.033423999324440956,0.006509445965468314,40,0.1945600062608719,0.2754240036010742,0.2045136012136936,0.20078399777412415,0.01672224461613479,20,0.031936001032590866,0.040991999208927155,0.03455519992858171,0.03425600007176399,0.0020929389500851,20,,,,,,,0.044863998889923096,0.04822399839758873,0.046423999965190886,0.04641599953174591,0.0008799053856790325,20,0.03187200054526329,0.038816001266241074,0.034480000101029876,0.03428800031542778,0.0018413075518184197,20,0.03721600025892258,0.045504000037908554,0.03836640007793903,0.03806399926543236,0.001684290938956659,20,0.028511999174952507,0.03030399978160858,0.02951680002734065,0.029551999643445015,0.00041543369822021016,20,0.02800000086426735,0.030079999938607216,0.02899359995499253,0.028768000192940235,0.0007224827156232017,20,0.02582399919629097,0.027168000116944313,0.02641759980469942,0.02638399973511696,0.00039198050402150313,20,16,16,2048,10944,102400,True,False,False,648,4,2048,10944,generic,generic,2816,,CUDA_EVENT,BF16,none
,,,,,,,,,,,,0.0261439997702837,0.04879999905824661,0.03415439990349114,0.03319999948143959,0.007059526858982759,40,0.19379200041294098,0.24848000705242157,0.20328800156712531,0.20137600600719452,0.010849341109726659,20,0.0323840007185936,0.038975998759269714,0.03444319982081652,0.03419199958443642,0.0016019272720738562,20,,,,,,,0.04588799923658371,0.04975999891757965,0.047790400125086306,0.047648001462221146,0.0010103828841731637,20,0.028991999104619026,0.03779200091958046,0.03352959966287017,0.033424001187086105,0.0016282815298513669,20,0.03702399879693985,0.038495998829603195,0.03776800017803907,0.03782400116324425,0.0004104084741718217,20,0.029823999851942062,0.035551998764276505,0.030900799948722125,0.030479999259114265,0.001515944606193282,20,0.02864000014960766,0.03046399913728237,0.02932479986920953,0.029184000566601753,0.0005271167439246932,20,0.025280000641942024,0.027583999559283257,0.02654880005866289,0.026528000831604004,0.0006793710547411569,20,16,16,2048,10944,102400,True,False,False,640,4,2048,10944,generic,generic,2816,,CUDA_EVENT,BF16,none
,,,,,,,,,,,,0.026240000501275063,0.0435199998319149,0.033596800081431864,0.033599999733269215,0.006658790867303694,40,0.19516800343990326,0.2566719949245453,0.2045215994119644,0.2024959996342659,0.012347687557021814,20,0.03152000159025192,0.03699199855327606,0.03356000017374754,0.03319999948143959,0.0014703253612122636,20,,,,,,,0.044704001396894455,0.049215998500585556,0.04612320028245449,0.04598399996757507,0.001083958064456445,20,0.03129599988460541,0.041471999138593674,0.034878399781882764,0.03441599942743778,0.0024505917312572342,20,0.036639999598264694,0.03846399858593941,0.03743680026382208,0.037328001111745834,0.000476885643695298,20,0.02937600016593933,0.032255999743938446,0.030201600305736064,0.03003200050443411,0.0006115767226055867,20,0.02751999907195568,0.031968001276254654,0.02932000020518899,0.02932799980044365,0.0011413228561152277,20,0.025696000084280968,0.027807999402284622,0.026911999750882386,0.027055999264121056,0.0005948041491046829,20,16,16,2048,10944,102400,True,False,False,632,4,2048,10944,generic,generic,2816,,CUDA_EVENT,BF16,none
,,,,,,,,,,,,0.026464000344276428,0.04416000097990036,0.034024800080806016,0.033440000377595425,0.0065410223268362495,40,0.19596800208091736,0.24985599517822266,0.20401919931173323,0.20148800313472748,0.011189234385634024,20,0.03254399821162224,0.039103999733924866,0.034996799938380715,0.034544000402092934,0.0019502492435657403,20,,,,,,,0.044256001710891724,0.04700800031423569,0.04552159998565912,0.04528000019490719,0.0008645020026199561,20,0.03363199904561043,0.038656000047922134,0.03595839999616146,0.03625600039958954,0.0015443804711777003,20,0.03654399886727333,0.038656000047922134,0.037664000131189826,0.03755199909210205,0.0005880521420148259,20,0.027712000533938408,0.03478400036692619,0.028873599879443646,0.02868800051510334,0.0014300493108549152,20,0.027456000447273254,0.03167999908328056,0.029388799984008073,0.02931200060993433,0.0010161901321962428,20,0.025407999753952026,0.02796800062060356,0.02662399997934699,0.02657600026577711,0.00064446460536418,20,16,16,2048,10944,102400,True,False,False,624,4,2048,10944,generic,generic,2816,,CUDA_EVENT,BF16,none
,,,,,,,,,,,,0.028991999104619026,0.04473600164055824,0.0351927999407053,0.034656000323593616,0.005662415672559283,40,0.19462400674819946,0.25356799364089966,0.2048559993505478,0.20254399627447128,0.011676047516977508,20,0.03222399950027466,0.040352001786231995,0.03455679975450039,0.03407999873161316,0.002183303279770618,20,,,,,,,0.04339199885725975,0.04745600000023842,0.044671999849379064,0.04436799883842468,0.0011292872045035828,20,0.032287999987602234,0.04009599983692169,0.03559839967638254,0.03587200120091438,0.0021526860843221344,20,0.036288000643253326,0.03843199834227562,0.03729760013520718,0.037328001111745834,0.0005678964566337236,20,0.027583999559283257,0.030112000182271004,0.02867840016260743,0.028624000027775764,0.0006109905224927519,20,0.02828799933195114,0.031136000528931618,0.02957440000027418,0.02953599952161312,0.0006625316403405104,20,0.025728000327944756,0.027615999802947044,0.02672479981556535,0.026768000796437263,0.000574154730531426,20,16,16,2048,10944,102400,True,False,False,616,4,2048,10944,generic,generic,2816,,CUDA_EVENT,BF16,none
,,,,,,,,,,,,0.02672000043094158,0.04323200136423111,0.033834400167688725,0.03332800045609474,0.006321139780563949,40,0.19785599410533905,0.25279998779296875,0.2046576000750065,0.20286399871110916,0.011376353137004762,20,0.03190400078892708,0.04566400125622749,0.03410400003194809,0.033455999568104744,0.002882006181841134,20,,,,,,,0.04598399996757507,0.050175998359918594,0.047814400121569636,0.047488000243902206,0.0011410410576161445,20,0.02937600016593933,0.0390079990029335,0.033271999843418595,0.03286400064826012,0.0020776570768976173,20,0.03731200098991394,0.03907199949026108,0.03825439997017384,0.03832000121474266,0.0004954810961377428,20,0.029664000496268272,0.031488001346588135,0.03049760004505515,0.03057599999010563,0.0004665283848080476,20,0.02860799990594387,0.031328000128269196,0.0297328001819551,0.0294560007750988,0.0008930394545370702,20,0.025472000241279602,0.032255999743938446,0.027127999998629092,0.02687999978661537,0.0014439367015230717,20,16,16,2048,10944,102400,True,False,False,608,4,2048,10944,generic,generic,2816,,CUDA_EVENT,BF16,none
,,,,,,,,,,,,0.026559999212622643,0.045471999794244766,0.03391759982332587,0.03324799984693527,0.006685420957010809,40,0.19545599818229675,0.2547839879989624,0.20467359870672225,0.20286399871110916,0.012084523520973238,20,0.03244800120592117,0.03807999938726425,0.034780799970030786,0.0346400011330843,0.0018302737740722302,20,,,,,,,0.04323200136423111,0.04630399867892265,0.044849600084125994,0.04497599974274635,0.0008372432396921553,20,0.033663999289274216,0.03903999924659729,0.03668959978967905,0.03718400001525879,0.0014065987200339181,20,0.03580800071358681,0.03779200091958046,0.03684960044920445,0.03681600093841553,0.00042143813081721963,20,0.028384000062942505,0.03286400064826012,0.029227199777960778,0.029055999591946602,0.0009691446902513741,20,0.02796800062060356,0.03142400085926056,0.02943359985947609,0.029551999643445015,0.0007648336201368783,20,0.02566399984061718,0.027264000847935677,0.026211199816316366,0.0262079993262887,0.00037275531822926483,20,16,16,2048,10944,102400,True,False,False,600,4,2048,10944,generic,generic,2816,,CUDA_EVENT,BF16,none
,,,,,,,,,,,,0.026655999943614006,0.05071999877691269,0.03409520001150668,0.033359999768435955,0.00670617619406251,40,0.19699199497699738,0.25299200415611267,0.20487040057778358,0.20268799364566803,0.011607149166230034,20,0.03174399957060814,0.03606399893760681,0.033320000022649766,0.03286400064826012,0.001106796288267278,20,,,,,,,0.04355200007557869,0.046592000871896744,0.044671999849379064,0.0445920005440712,0.0007235115669658698,20,0.03302399814128876,0.03827200084924698,0.03566399980336428,0.0355679988861084,0.0015417726534584515,20,0.03526400029659271,0.03782400116324425,0.036830400489270686,0.036896001547575,0.0005672648337013703,20,0.028416000306606293,0.030271999537944794,0.029204799979925155,0.029152000322937965,0.00045212673090496395,20,0.028384000062942505,0.03702399879693985,0.030025599990040064,0.029343999922275543,0.002101211121089663,20,0.02550400048494339,0.02783999964594841,0.026241599954664706,0.026079999282956123,0.0005535606988534872,20,16,16,2048,10944,102400,True,False,False,592,4,2048,10944,generic,generic,2816,,CUDA_EVENT,BF16,none
,,,,,,,,,,,,0.026623999699950218,0.046911999583244324,0.03411919982172549,0.03643199987709522,0.006697136249188498,40,0.19420799612998962,0.2574720084667206,0.2042655996978283,0.2022560015320778,0.012821564734582094,20,0.03177599981427193,0.03654399886727333,0.033985599875450134,0.033952001482248306,0.0013917414051064475,20,,,,,,,0.04307200014591217,0.04678399860858917,0.04448639955371618,0.04447999969124794,0.0009583773360674724,20,0.033695999532938004,0.0382080003619194,0.03638879992067814,0.03673600032925606,0.001434452561653836,20,0.03574400022625923,0.03743999823927879,0.03667360004037619,0.03673600032925606,0.0004493095525158531,20,0.02876799926161766,0.03033600002527237,0.02924799993634224,0.02924799919128418,0.0003658373173578026,20,0.027424000203609467,0.03734400123357773,0.02941279988735914,0.028912000358104706,0.0020298265090170626,20,0.02582399919629097,0.02735999971628189,0.02645279997959733,0.026271999813616276,0.00042044086605142383,20,16,16,2048,10944,102400,True,False,False,584,4,2048,10944,generic,generic,2816,,CUDA_EVENT,BF16,none
,,,,,,,,,,,,0.027295999228954315,0.04774399846792221,0.03503759982995689,0.03444799967110157,0.006500334900278389,40,0.19843199849128723,0.25407999753952026,0.20637759938836098,0.20427200198173523,0.011264823106209477,20,0.032127998769283295,0.03791999816894531,0.033923199772834776,0.033583998680114746,0.001517586085805036,20,,,,,,,0.04255999997258186,0.0480320006608963,0.0444752000272274,0.04435199871659279,0.0012290782493656262,20,0.03404799848794937,0.040383998304605484,0.03709759954363108,0.03699199855327606,0.001659782254009099,20,0.039423998445272446,0.04137599840760231,0.040385599620640276,0.04047999903559685,0.0005032730937192904,20,0.02691200003027916,0.02908799983561039,0.028017599880695344,0.02801600005477667,0.0005759532287320159,20,0.02812799997627735,0.0315839983522892,0.029353599809110165,0.02915199939161539,0.0008981171942605261,20,0.025855999439954758,0.02924799919128418,0.027313599828630686,0.027168000116944313,0.0008321521667229273,20,16,16,2048,10944,102400,True,False,False,576,4,2048,10944,generic,generic,2816,,CUDA_EVENT,BF16,none
,,,,,,,,,,,,0.02691200003027916,0.04438399896025658,0.03450879976153374,0.03411199990659952,0.006298514593162971,40,0.19961600005626678,0.2587200105190277,0.20708800107240677,0.20452800393104553,0.012131533439711819,20,0.03232000023126602,0.03824000060558319,0.03404960036277771,0.033536000177264214,0.0016259805379729658,20,,,,,,,0.042847998440265656,0.05040000006556511,0.04462079983204603,0.044255999848246574,0.0017382334085964308,20,0.03340800106525421,0.03872000053524971,0.03646399993449449,0.03612799942493439,0.0014231365525225865,20,0.03510399907827377,0.037087999284267426,0.035855999775230886,0.03566399961709976,0.0005401750652575295,20,0.027295999228954315,0.028896000236272812,0.027993599977344276,0.027967999689280987,0.0004243591023941488,20,0.027775999158620834,0.03094400092959404,0.029208000097423793,0.029152000322937965,0.000800696033586995,20,0.02595200017094612,0.027871999889612198,0.02683040015399456,0.026895999908447266,0.0005549462498049751,20,16,16,2048,10944,102400,True,False,False,568,4,2048,10944,generic,generic,2816,,CUDA_EVENT,BF16,none
,,,,,,,,,,,,0.026847999542951584,0.04831999912858009,0.034383999975398184,0.0372959990054369,0.006600111589080214,40,0.1987839937210083,0.26528000831604004,0.2066416010260582,0.20361600071191788,0.01375282385812241,20,0.031936001032590866,0.0387520007789135,0.03414880018681288,0.0337119996547699,0.0017327129518250042,20,,,,,,,0.04249599948525429,0.04553600028157234,0.04367519989609718,0.04355200007557869,0.0008493739162167861,20,0.03385600075125694,0.040031999349594116,0.03649279978126287,0.03627200052142143,0.0016872950489462781,20,0.03574400022625923,0.03734400123357773,0.036415999941527846,0.0363520011305809,0.0004168609197750776,20,0.027712000533938408,0.029472000896930695,0.02838879991322756,0.02836799994111061,0.0004537094147464818,20,0.027744000777602196,0.03145600110292435,0.029107200168073177,0.028896000236272812,0.0008746250611122231,20,0.02611199952661991,0.031231999397277832,0.02720959987491369,0.027023999951779842,0.001078836606096948,20,16,16,2048,10944,102400,True,False,False,560,4,2048,10944,generic,generic,2816,,CUDA_EVENT,BF16,none
,,,,,,,,,,,,0.026847999542951584,0.051711998879909515,0.03454400007613003,0.034239999018609524,0.007015875102683565,40,0.19702400267124176,0.26873600482940674,0.20723360031843185,0.20364799350500107,0.01465584842536059,20,0.03129599988460541,0.04182400181889534,0.0344272006303072,0.03388800099492073,0.002665204109267597,20,,,,,,,0.04169600084424019,0.04560000076889992,0.043227200582623485,0.043168000876903534,0.0010992489563613492,20,0.03481600061058998,0.03951999917626381,0.037167999893426895,0.03689599968492985,0.0014313517682182143,20,0.036479998379945755,0.03782400116324425,0.03714559990912676,0.03710399940609932,0.0003622650869601163,20,0.027904000133275986,0.029503999277949333,0.028537599742412566,0.0285279992967844,0.00040686569710972066,20,0.02848000079393387,0.03094400092959404,0.02953279996290803,0.029503999277949333,0.0006784378029305405,20,0.025887999683618546,0.028543999418616295,0.026932800002396107,0.026847999542951584,0.0006406616718986248,20,16,16,2048,10944,102400,True,False,False,552,4,2048,10944,generic,generic,2816,,CUDA_EVENT,BF16,none
,,,,,,,,,,,,0.027168000116944313,0.04630399867892265,0.034387999959290025,0.03345600049942732,0.006337658986044273,40,0.19817599654197693,0.25068798661231995,0.20639999955892563,0.2043680027127266,0.010640187668302714,20,0.032255999743938446,0.03734400123357773,0.03410080038011074,0.03376000002026558,0.0013922859527056226,20,,,,,,,0.04310400038957596,0.046431999653577805,0.044430399872362615,0.044463999569416046,0.0008769092443814859,20,0.03324799984693527,0.03907199949026108,0.036036799848079684,0.0359680000692606,0.0015976712356024624,20,0.03590400144457817,0.038176000118255615,0.037072000280022624,0.03718400001525879,0.00061140123384277,20,0.028224000707268715,0.029952000826597214,0.028806400112807752,0.028783999383449554,0.00034399644488735065,20,0.02844800055027008,0.03625600039958954,0.029833600204437972,0.0295200003311038,0.001610147035679958,20,0.02595200017094612,0.02739199995994568,0.026487999968230723,0.026399999856948853,0.00040815681173862295,20,16,16,2048,10944,102400,True,False,False,544,4,2048,10944,generic,generic,2816,,CUDA_EVENT,BF16,none
,,,,,,,,,,,,0.027295999228954315,0.04323200136423111,0.03391360007226467,0.03414400015026331,0.0058818935929662785,40,0.19766399264335632,0.25228801369667053,0.20553599894046784,0.20244800299406052,0.01133590595763638,20,0.03174399957060814,0.03718400001525879,0.033628799952566624,0.033583998680114746,0.001244668208779878,20,,,,,,,0.04195199906826019,0.047200001776218414,0.04353279992938042,0.04336000047624111,0.001175075747644212,20,0.034143999218940735,0.03929600119590759,0.03651839978992939,0.036607999354600906,0.0014425786822192517,20,0.034752000123262405,0.03680000081658363,0.035439999960362914,0.03532800078392029,0.00047317793267431834,20,0.02796800062060356,0.029664000496268272,0.0287151999771595,0.02860799990594387,0.0004785336913180001,20,0.02828799933195114,0.04259200021624565,0.02997759999707341,0.02915199939161539,0.00297676728303621,20,0.02505600079894066,0.02751999907195568,0.026257599983364344,0.0261439997702837,0.0006247357188892738,20,16,16,2048,10944,102400,True,False,False,536,4,2048,10944,generic,generic,2816,,CUDA_EVENT,BF16,none
,,,,,,,,,,,,0.02707199938595295,0.04374400153756142,0.03390959999524057,0.03374399896711111,0.005735955998152241,40,0.1974720060825348,0.25468799471855164,0.2054479978978634,0.20334399491548538,0.01158258401722946,20,0.0315839983522892,0.03670400008559227,0.03349439967423677,0.03328000009059906,0.0012942055337232335,20,,,,,,,0.041728001087903976,0.04556800052523613,0.04318400006741285,0.04289599880576134,0.0009298463366606989,20,0.03407999873161316,0.04012800008058548,0.036657600104808806,0.03601600043475628,0.001743000903636859,20,0.03526400029659271,0.03852799907326698,0.03608319982886314,0.03588799946010113,0.0007591757692941593,20,0.026464000344276428,0.02876799926161766,0.027639999985694885,0.02758400049060583,0.0006644046549646448,20,0.028095999732613564,0.03094400092959404,0.02938879979774356,0.029263999313116074,0.000768959446357144,20,0.025855999439954758,0.02768000029027462,0.02639200007542968,0.02627200074493885,0.0004617185446944726,20,16,16,2048,10944,102400,True,False,False,528,4,2048,10944,generic,generic,2816,,CUDA_EVENT,BF16,none
,,,,,,,,,,,,0.027424000203609467,0.047680001705884933,0.034424800099804996,0.03452800028026104,0.006127947821694002,40,0.1945600062608719,0.24527999758720398,0.2041423998773098,0.2024959996342659,0.010184300037757842,20,0.03167999908328056,0.03699199855327606,0.03384319972246885,0.03384000062942505,0.0014362758759573402,20,,,,,,,0.04153599962592125,0.04540799930691719,0.04294879976660013,0.04278399981558323,0.0010731824916899294,20,0.033440001308918,0.040352001786231995,0.036356800235807896,0.03611199930310249,0.001576411256593919,20,0.03545600175857544,0.036928001791238785,0.03609280064702034,0.03593600168824196,0.0004241541118153078,20,0.026528000831604004,0.029472000896930695,0.027683200128376485,0.027711999602615833,0.0007234336374544233,20,0.02816000021994114,0.04022400081157684,0.029995200131088494,0.02932799980044365,0.0024563055426075485,20,0.025536000728607178,0.027168000116944313,0.02637280002236366,0.02635199949145317,0.0004979344178431683,20,16,16,2048,10944,102400,True,False,False,520,4,2048,10944,generic,generic,2816,,CUDA_EVENT,BF16,none
,,,,,,,,,,,,0.02672000043094158,0.04467200115323067,0.033697599964216354,0.03315200004726648,0.006116450653804488,40,0.19459199905395508,0.2598080039024353,0.20445920005440713,0.20152000337839127,0.013021332292874088,20,0.03139200061559677,0.04012800008058548,0.0338960001245141,0.03352000005543232,0.0020394789416346274,20,,,,,,,0.0427200011909008,0.04707200080156326,0.044432000070810315,0.04408000037074089,0.001055102525691732,20,0.03219199925661087,0.039903998374938965,0.03587839994579554,0.03601599857211113,0.0017425930083209019,20,0.034304000437259674,0.03734400123357773,0.035436800122261046,0.03521599993109703,0.0006624387433822313,20,0.026815999299287796,0.036896001547575,0.028078400064259768,0.027664000168442726,0.0020804797072681807,20,0.027744000777602196,0.030559999868273735,0.028963200096040965,0.02884799987077713,0.0007298453754128661,20,0.025599999353289604,0.02816000021994114,0.027046399749815465,0.027168000116944313,0.0006491032597777639,20,16,16,2048,10944,102400,True,False,False,512,4,2048,10944,generic,generic,2816,,CUDA_EVENT,BF16,none
,,,,,,,,,,,,0.027103999629616737,0.05315199866890907,0.03476240001618862,0.036368001252412796,0.00657877275684359,40,0.1961279958486557,0.2452480047941208,0.20661440044641494,0.202735997736454,0.012110845894795741,20,0.032255999743938446,0.03638400137424469,0.03440000023692846,0.034512000158429146,0.0013079351137813815,20,,,,,,,0.041760001331567764,0.043935999274253845,0.0427167996764183,0.0427360013127327,0.000587607460637086,20,0.03420799970626831,0.04022400081157684,0.037345599569380286,0.037407999858260155,0.0013540002072925704,20,0.0350399985909462,0.036639999598264694,0.03580159991979599,0.03564799949526787,0.00047362132872634885,20,0.02691200003027916,0.028896000236272812,0.027761599980294704,0.027823999524116516,0.0005242021472280515,20,0.028351999819278717,0.03126399964094162,0.029700800124555827,0.02964800037443638,0.0007574796812872728,20,0.025407999753952026,0.028255999088287354,0.027204799931496382,0.027231999672949314,0.0007466549842506477,20,16,16,2048,10944,102400,True,False,False,504,4,2048,10944,generic,generic,2816,,CUDA_EVENT,BF16,none
,,,,,,,,,,,,0.028543999418616295,0.042847998440265656,0.034365599835291506,0.03364799916744232,0.005384780304008995,40,0.19491200149059296,0.2560639977455139,0.20235840007662773,0.19963199645280838,0.012687586435527299,20,0.03244800120592117,0.03840000182390213,0.03435519989579916,0.03401600010693073,0.001486275398061655,20,,,,,,,0.04188799858093262,0.04601600021123886,0.043638399615883824,0.04342399910092354,0.0009714571751176792,20,0.03311999887228012,0.03984000161290169,0.03647360000759363,0.03691199980676174,0.0018446997585744973,20,0.03481600061058998,0.03651199862360954,0.035473599657416345,0.0354239996522665,0.0005047963360604704,20,0.0272000003606081,0.037087999284267426,0.028316800203174352,0.02782400045543909,0.0020651752723552645,20,0.028031999245285988,0.031488001346588135,0.029484799969941376,0.029455999843776226,0.0008555679247259908,20,0.02550400048494339,0.03276799991726875,0.02669760016724467,0.02638399973511696,0.0014692878715810546,20,16,16,2048,10944,102400,True,False,False,496,4,2048,10944,generic,generic,2816,,CUDA_EVENT,BF16,none
,,,,,,,,,,,,0.02755199931561947,0.04464000090956688,0.0346344000659883,0.03670400008559227,0.0059334180579420975,40,0.1952960044145584,0.25225600600242615,0.20270079895853996,0.2011680006980896,0.01163785367650017,20,0.03222399950027466,0.03807999938726425,0.034427199885249136,0.03432000055909157,0.001496022293437383,20,,,,,,,0.041280001401901245,0.04396799951791763,0.04268480017781258,0.04251199960708618,0.0008969080732061226,20,0.03545600175857544,0.040863998234272,0.03786079976707697,0.037728000432252884,0.001348725451606549,20,0.035679999738931656,0.03763199970126152,0.03657600004225969,0.0366239994764328,0.0005001630254072073,20,0.027936000376939774,0.03209599852561951,0.028644799813628198,0.028335999697446823,0.0008940131278771266,20,0.028031999245285988,0.0350399985909462,0.02962399981915951,0.029392000287771225,0.001405775233979497,20,0.026335999369621277,0.028511999174952507,0.02742399973794818,0.02755199931561947,0.0006137829048058382,20,16,16,2048,10944,102400,True,False,False,488,4,2048,10944,generic,generic,2816,,CUDA_EVENT,BF16,none
,,,,,,,,,,,,0.027008000761270523,0.07184000313282013,0.035216800216585395,0.037728000432252884,0.008500115146601084,40,0.19670400023460388,0.2517760097980499,0.2052864007651806,0.20156800001859665,0.01292199011047875,20,0.031808000057935715,0.04492799937725067,0.03497120011597872,0.0342399999499321,0.0028499636058307303,20,,,,,,,0.04070400074124336,0.06617599725723267,0.04358559977263212,0.04230399988591671,0.005274901004009855,20,0.03587200120091438,0.04960000142455101,0.03858720026910305,0.0382240004837513,0.0028418140472951147,20,0.035551998764276505,0.049215998500585556,0.0368512000888586,0.03620800003409386,0.0028575011574307123,20,0.026559999212622643,0.04816000163555145,0.02844000020995736,0.027424000203609467,0.004546375777556856,20,0.027904000133275986,0.030368000268936157,0.029329600092023612,0.029328000731766224,0.0006211195056112266,20,0.025855999439954758,0.09747199714183807,0.03062079958617687,0.02676799986511469,0.015430928667834711,20,16,16,2048,10944,102400,True,False,False,480,4,2048,10944,generic,generic,2816,,CUDA_EVENT,BF16,none
,,,,,,,,,,,,0.026464000344276428,0.04403200000524521,0.03388560004532337,0.032912000082433224,0.006510385697624332,40,0.195360004901886,0.25251200795173645,0.20373600125312805,0.20136000216007233,0.01174801936167434,20,0.03206399828195572,0.036928001791238785,0.0342272000387311,0.03420799970626831,0.0014603159742026246,20,,,,,,,0.04041599854826927,0.044319998472929,0.0424303999170661,0.042447999119758606,0.0010497987057657013,20,0.034912001341581345,0.04227200150489807,0.038075200468301776,0.03790399990975857,0.0019106246433185099,20,0.033504001796245575,0.03510399907827377,0.03435520008206368,0.034352000802755356,0.0005039771053928762,20,0.026335999369621277,0.028351999819278717,0.02734399987384677,0.027343999594449997,0.0005077321433785151,20,0.02796800062060356,0.030559999868273735,0.029260799940675496,0.029280000366270542,0.0007965622036998613,20,0.02518399991095066,0.027327999472618103,0.02601760011166334,0.026000000536441803,0.0005583494015623724,20,16,16,2048,10944,102400,True,False,False,472,4,2048,10944,generic,generic,2816,,CUDA_EVENT,BF16,none
,,,,,,,,,,,,0.027008000761270523,0.044576000422239304,0.034341600025072694,0.03399999998509884,0.006434920217848229,40,0.1966720074415207,0.25644800066947937,0.2036368004977703,0.20059199631214142,0.012436631612743635,20,0.03206399828195572,0.03702399879693985,0.033950399979948996,0.03363199904561043,0.001556808443326435,20,,,,,,,0.04032000154256821,0.043776001781225204,0.04226560052484274,0.04227200150489807,0.0008875371519403045,20,0.03561599925160408,0.041728001087903976,0.03815680034458637,0.03782400116324425,0.0012187087658673496,20,0.034272000193595886,0.03622400015592575,0.03539359979331493,0.0354239996522665,0.000567986452819617,20,0.026496000587940216,0.02864000014960766,0.027622400131076575,0.02753600012511015,0.0006203873658105943,20,0.028255999088287354,0.03136000037193298,0.029483199957758187,0.029343999922275543,0.0007862025562559557,20,0.02505600079894066,0.03356799855828285,0.02638559965416789,0.026127999648451805,0.0017468443335538352,20,16,16,2048,10944,102400,True,False,False,464,4,2048,10944,generic,generic,2816,,CUDA_EVENT,BF16,none
,,,,,,,,,,,,0.02611199952661991,0.04307200014591217,0.03343119975179434,0.03297599870711565,0.006320044527566492,40,0.19484800100326538,0.2670080065727234,0.20308960005640983,0.19936000555753708,0.014965493076290918,20,0.03142400085926056,0.03638400137424469,0.033588800206780435,0.03319999948143959,0.0014040046915178089,20,,,,,,,0.039903998374938965,0.05097600072622299,0.04242079984396696,0.04196799919009209,0.0022666592670310547,20,0.03564799949526787,0.03948799893260002,0.03779359981417656,0.03806399926543236,0.0012218165434831514,20,0.03488000109791756,0.03651199862360954,0.03558879978954792,0.035551998764276505,0.0004540471438957541,20,0.026847999542951584,0.02876799926161766,0.027835199888795615,0.02763199992477894,0.000552523952092848,20,0.02783999964594841,0.031007999554276466,0.029095999896526337,0.028991999104619026,0.0008098514095938857,20,0.025087999179959297,0.03417599946260452,0.02614879999309778,0.025647999718785286,0.0018826846499600458,20,16,16,2048,10944,102400,True,False,False,456,4,2048,10944,generic,generic,2816,,CUDA_EVENT,BF16,none
,,,,,,,,,,,,0.02723200060427189,0.04368000105023384,0.034345599822700024,0.03347199968993664,0.006058451053023431,40,0.19497600197792053,0.2476159930229187,0.2039807990193367,0.20129600167274475,0.010747090251487235,20,0.03286400064826012,0.0360959991812706,0.0343104001134634,0.034384001046419144,0.0010411857185375487,20,,,,,,,0.040863998234272,0.04476799815893173,0.04228159971535206,0.04201599955558777,0.0009100102841218511,20,0.03545600175857544,0.04387199878692627,0.038419199921190736,0.038544001057744026,0.0018380201774496824,20,0.033824000507593155,0.036159999668598175,0.03489119969308376,0.034671999514102936,0.0006523034713856644,20,0.02768000029027462,0.02937600016593933,0.02848959993571043,0.028575999662280083,0.0004960619960683283,20,0.027936000376939774,0.0379519984126091,0.030055999848991634,0.02956799976527691,0.0021309660907041336,20,0.024927999824285507,0.03014400042593479,0.026515200082212687,0.02643200010061264,0.001013112156335105,20,16,16,2048,10944,102400,True,False,False,448,4,2048,10944,generic,generic,2816,,CUDA_EVENT,BF16,none
,,,,,,,,,,,,0.027456000447273254,0.04499199986457825,0.03426800002343953,0.03665599972009659,0.006167347998742953,40,0.19417600333690643,0.2481600046157837,0.20194719955325127,0.1993440017104149,0.011062546145734601,20,0.03222399950027466,0.03577600046992302,0.03374559972435236,0.03359999880194664,0.0011523320652084266,20,,,,,,,0.040031999349594116,0.04428799822926521,0.04167999997735024,0.04134400002658367,0.001184324259041798,20,0.035392001271247864,0.04339199885725975,0.0383712001144886,0.038176000118255615,0.0018156409982619346,20,0.03311999887228012,0.03519999980926514,0.03399519976228475,0.033983999863266945,0.0005432722341173884,20,0.02735999971628189,0.029440000653266907,0.028396799974143506,0.028335999697446823,0.0006060940969189081,20,0.028543999418616295,0.03062400035560131,0.029673599917441607,0.02977599948644638,0.0005710991477558946,20,0.02505600079894066,0.03328000009059906,0.026235199999064207,0.02580800000578165,0.0016872005909459454,20,16,16,2048,10944,102400,True,False,False,440,4,2048,10944,generic,generic,2816,,CUDA_EVENT,BF16,none
,,,,,,,,,,,,0.0272000003606081,0.04371200129389763,0.03435199996456504,0.036767998710274696,0.005700955243066875,40,0.1939840018749237,0.24265600740909576,0.201214399933815,0.19892799854278564,0.01023148962301314,20,0.032575998455286026,0.03779200091958046,0.034425599686801436,0.03391999937593937,0.001555134763474651,20,,,,,,,0.04073600098490715,0.05382400006055832,0.042534399591386315,0.04201599955558777,0.0026916092391401384,20,0.03494400158524513,0.04070400074124336,0.03760480005294085,0.03774400055408478,0.0014502132043939186,20,0.03363199904561043,0.034912001341581345,0.03416160047054291,0.0339680016040802,0.0003820583495772941,20,0.02550400048494339,0.02828799933195114,0.027009599935263397,0.02707199938595295,0.0006765916574010172,20,0.027936000376939774,0.03206399828195572,0.02946879994124174,0.02937600016593933,0.001028634345518715,20,0.024671999737620354,0.027583999559283257,0.025936000142246486,0.025936000049114227,0.0006622145295019614,20,16,16,2048,10944,102400,True,False,False,432,4,2048,10944,generic,generic,2816,,CUDA_EVENT,BF16,none
,,,,,,,,,,,,0.027488000690937042,0.044319998472929,0.03403279990889132,0.033039999194443226,0.005782493740032718,40,0.1937599927186966,0.24835200607776642,0.20140319913625718,0.19868800044059753,0.011140921163305912,20,0.031199999153614044,0.03705599904060364,0.03391679972410202,0.03395199961960316,0.001398473035567358,20,,,,,,,0.039712000638246536,0.043935999274253845,0.041537599824368956,0.04156799986958504,0.0010557802272814804,20,0.03500799834728241,0.12716799974441528,0.042292799800634384,0.0378239993005991,0.019561538161330563,20,0.031072000041604042,0.03440000116825104,0.03194080060347915,0.03174399957060814,0.0007431496889296515,20,0.02643200010061264,0.02864000014960766,0.0274447999894619,0.02744000032544136,0.0005590644634379592,20,0.028575999662280083,0.03203200176358223,0.02949119992554188,0.02929599955677986,0.0008165584659417051,20,0.02518399991095066,0.03478400036692619,0.026336000114679337,0.02587199956178665,0.0019806940568641816,20,16,16,2048,10944,102400,True,False,False,424,4,2048,10944,generic,generic,2816,,CUDA_EVENT,BF16,none
,,,,,,,,,,,,0.026944000273942947,0.04255999997258186,0.0339191997423768,0.03588799946010113,0.005903884900621953,40,0.19228799641132355,0.25065600872039795,0.20015360042452812,0.1979519948363304,0.012078471911820862,20,0.031936001032590866,0.036928001791238785,0.033499200269579886,0.03339199908077717,0.0011295715644606386,20,,,,,,,0.041728001087903976,0.046560000628232956,0.04393279980868101,0.04406399838626385,0.0012015945784789239,20,0.033376000821590424,0.043807998299598694,0.03663360010832548,0.03579200059175491,0.0025419682609250684,20,0.03494400158524513,0.041280001401901245,0.03574559986591339,0.035472000017762184,0.0013335010739552505,20,0.026367999613285065,0.0323840007185936,0.027543999999761582,0.027343999594449997,0.0012350872550134675,20,0.02876799926161766,0.03673600032925606,0.029942399822175503,0.029392000287771225,0.0016632954065500605,20,0.025312000885605812,0.03129599988460541,0.026457599923014642,0.02604799997061491,0.0014858685692514197,20,16,16,2048,10944,102400,True,False,False,416,4,2048,10944,generic,generic,2816,,CUDA_EVENT,BF16,none
,,,,,,,,,,,,0.02768000029027462,0.04387199878692627,0.034411199996247886,0.03414400015026331,0.005477155833813761,40,0.19196799397468567,0.2516480088233948,0.20144640058279037,0.19857600331306458,0.012114014555323006,20,0.03129599988460541,0.03939199820160866,0.03420640025287867,0.033440001308918,0.0021044584699418142,20,,,,,,,0.03888000175356865,0.0504320003092289,0.04167840033769608,0.04105599969625473,0.0024819599359422843,20,0.03526400029659271,0.04739199951291084,0.038505600020289424,0.037968000397086143,0.0024422748653949527,20,0.032896000891923904,0.03484800085425377,0.03390080016106367,0.033904001116752625,0.0006052486880226569,20,0.026655999943614006,0.028896000236272812,0.027603200078010558,0.027648000046610832,0.0005647252519829371,20,0.027807999402284622,0.03548799827694893,0.02960319984704256,0.02953599952161312,0.001636570521469039,20,0.02489599958062172,0.03097599931061268,0.025790399964898826,0.025439999997615814,0.0013074054907163987,20,16,16,2048,10944,102400,True,False,False,408,4,2048,10944,generic,generic,2816,,CUDA_EVENT,BF16,none
,,,,,,,,,,,,0.026623999699950218,0.043807998299598694,0.03383679986000061,0.033440001308918,0.005909312663397935,40,0.19126400351524353,0.25811201333999634,0.19998080059885978,0.19841599464416504,0.013680982938236776,20,0.031231999397277832,0.036768000572919846,0.03352160006761551,0.03295999951660633,0.0016196385494369704,20,,,,,,,0.04047999903559685,0.04335999861359596,0.04200800005346537,0.042080000042915344,0.0007012217986300333,20,0.03478400036692619,0.040672000497579575,0.03795840013772249,0.03798400051891804,0.0012715966008157882,20,0.03276799991726875,0.041919998824596405,0.03441759981215,0.033983999863266945,0.0019003116424058336,20,0.026399999856948853,0.030719999223947525,0.027521599922329186,0.027312000282108784,0.0008954553267227532,20,0.027936000376939774,0.03094400092959404,0.029284800123423337,0.029264000244438648,0.0007707469626086373,20,0.024768000468611717,0.026688000187277794,0.025519999954849482,0.02551999967545271,0.0005609136806532624,20,16,16,2048,10944,102400,True,False,False,400,4,2048,10944,generic,generic,2816,,CUDA_EVENT,BF16,none
,,,,,,,,,,,,0.027008000761270523,0.04694399982690811,0.03462560009211302,0.03646400012075901,0.005796669690983499,40,0.19334399700164795,0.2592639923095703,0.2013424001634121,0.19867200404405594,0.013825155207906066,20,0.03161599859595299,0.039264000952243805,0.033422400057315824,0.0331679992377758,0.0018026680142096947,20,,,,,,,0.03936000168323517,0.04508800059556961,0.04188479986041784,0.04164800047874451,0.0014330462850579927,20,0.03488000109791756,0.04739199951291084,0.03783840034157038,0.037248000502586365,0.0026926903590125863,20,0.03385600075125694,0.03545600175857544,0.034480000287294386,0.03441600129008293,0.00046992121356308685,20,0.02643200010061264,0.028831999748945236,0.0274400002323091,0.027360000647604465,0.0006700543378335048,20,0.027871999889612198,0.030400000512599945,0.02917120000347495,0.029199999757111073,0.0006225130098781014,20,0.02473600022494793,0.026176000013947487,0.025398400239646436,0.025311999954283237,0.00041118447740064423,20,16,16,2048,10944,102400,True,False,False,392,4,2048,10944,generic,generic,2816,,CUDA_EVENT,BF16,none
,,,,,,,,,,,,0.027327999472618103,0.04636799916625023,0.034064000099897386,0.035391999408602715,0.006008936512519866,40,0.1927040070295334,0.255295991897583,0.20077600106596946,0.19779200106859207,0.013077618644709639,20,0.03155200183391571,0.036607999354600906,0.03337440006434918,0.033215999603271484,0.0012027262486864847,20,,,,,,,0.039264000952243805,0.043296001851558685,0.04092479981482029,0.04062400013208389,0.0012186872479407996,20,0.03587200120091438,0.04521600157022476,0.03879360016435385,0.03867200016975403,0.0017383424819163208,20,0.03244800120592117,0.03392000123858452,0.03303839974105358,0.03299199976027012,0.0003861906034858752,20,0.025919999927282333,0.027936000376939774,0.026696000155061482,0.026560000143945217,0.0005317081154450162,20,0.027264000847935677,0.030848000198602676,0.029222399834543465,0.02924799919128418,0.0008256742854595635,20,0.02470399998128414,0.026528000831604004,0.025521600246429445,0.025488000363111496,0.00047187529529887803,20,16,16,2048,10944,102400,True,False,False,384,4,2048,10944,generic,generic,2816,,CUDA_EVENT,BF16,none
,,,,,,,,,,,,0.026688000187277794,0.04291199892759323,0.033710400108247995,0.033584000542759895,0.005613815940271036,40,0.1921599954366684,0.2545599937438965,0.20012000054121018,0.1971680000424385,0.01278214924588718,20,0.032127998769283295,0.037087999284267426,0.033807999826967715,0.03324799984693527,0.001548532123126225,20,,,,,,,0.03836800158023834,0.043296001851558685,0.0404016001150012,0.04020800068974495,0.0013557386117119615,20,0.03593600168824196,0.040608000010252,0.038230400532484055,0.0382240004837513,0.001234805965913455,20,0.03251200169324875,0.04092799872159958,0.033359999768435955,0.032976001501083374,0.0017752500288430988,20,0.02611199952661991,0.028063999488949776,0.027012799959629775,0.02687999978661537,0.000491726188291903,20,0.027904000133275986,0.03097599931061268,0.0293503999710083,0.029135999269783497,0.0007578393624437824,20,0.024800000712275505,0.027008000761270523,0.025596800446510314,0.025520000606775284,0.0005913423960975521,20,16,16,2048,10944,102400,True,False,False,376,4,2048,10944,generic,generic,2816,,CUDA_EVENT,BF16,none
,,,,,,,,,,,,0.027488000690937042,0.04297599941492081,0.0341391998808831,0.03326400090008974,0.005848031845699246,40,0.19257600605487823,0.2587200105190277,0.2014768011868,0.1985440030694008,0.013698548278980125,20,0.030880000442266464,0.03855999931693077,0.033056000247597694,0.032735999673604965,0.0015944221344081362,20,,,,,,,0.03811199963092804,0.04287999868392944,0.039731199480593206,0.039503999054431915,0.0011396850102106623,20,0.03638400137424469,0.04009599983692169,0.038156799785792825,0.03811199963092804,0.001194436322840869,20,0.032896000891923904,0.05446400120854378,0.03465599995106459,0.03359999880194664,0.004568497639402082,20,0.02598400041460991,0.02812799997627735,0.026755200047045947,0.026655999943614006,0.0004956283279307136,20,0.02768000029027462,0.029920000582933426,0.029092799872159958,0.029423999600112438,0.000744801278262025,20,0.024320000782608986,0.031647998839616776,0.025894400011748076,0.02560000028461218,0.001446442199018483,20,16,16,2048,10944,102400,True,False,False,368,4,2048,10944,generic,generic,2816,,CUDA_EVENT,BF16,none
,,,,,,,,,,,,0.026399999856948853,0.045471999794244766,0.034107999922707674,0.03391999937593937,0.005997213928877653,40,0.1937279999256134,0.2638719975948334,0.20171199813485147,0.19865600019693375,0.0145248996902802,20,0.031647998839616776,0.03888000175356865,0.03374079968780279,0.033343998715281487,0.0019993064560832764,20,,,,,,,0.0379519984126091,0.0424639992415905,0.039699199795722964,0.03959999978542328,0.0011468504262606067,20,0.036320000886917114,0.04713600128889084,0.039022399857640264,0.03851199895143509,0.002181064233848172,20,0.030751999467611313,0.03308799862861633,0.031476799957454206,0.03136000037193298,0.0005674270844860461,20,0.027615999802947044,0.029920000582933426,0.028270400036126374,0.02816000021994114,0.0005547618956535624,20,0.02800000086426735,0.031231999397277832,0.02933920007199049,0.029152000322937965,0.0008438098900332464,20,0.025407999753952026,0.03324799984693527,0.026995199732482433,0.026255999691784382,0.0021634080994006166,20,16,16,2048,10944,102400,True,False,False,360,4,2048,10944,generic,generic,2816,,CUDA_EVENT,BF16,none
,,,,,,,,,,,,0.027424000203609467,0.046879999339580536,0.034037600038573146,0.03384000062942505,0.005912914227123061,40,0.19331200420856476,0.2497279942035675,0.20103040039539338,0.1990559995174408,0.011464181588080375,20,0.0315839983522892,0.03728000074625015,0.033451199904084204,0.03328000009059906,0.0013690720928027872,20,,,,,,,0.03907199949026108,0.05023999884724617,0.04124640021473169,0.04078400135040283,0.002364872973120232,20,0.03641600161790848,0.04121600091457367,0.03813759982585907,0.0379519984126091,0.0012349097100318967,20,0.033215999603271484,0.04095999896526337,0.03434880040585995,0.033983999863266945,0.0016056026151314796,20,0.026335999369621277,0.028896000236272812,0.027433599904179574,0.02739199995994568,0.0006049694525158868,20,0.02848000079393387,0.03062400035560131,0.029584000166505576,0.029600000008940697,0.0006477529820198657,20,0.02521600015461445,0.027583999559283257,0.02585280006751418,0.025679999962449074,0.0005834100483643211,20,16,16,2048,10944,102400,True,False,False,352,4,2048,10944,generic,generic,2816,,CUDA_EVENT,BF16,none
,,,,,,,,,,,,0.02687999978661537,0.04652800038456917,0.03387919995002449,0.032912000082433224,0.006045023473542549,40,0.1934719979763031,0.24940800666809082,0.2010815992951393,0.19912000000476837,0.011631377065100035,20,0.03126399964094162,0.03657599911093712,0.033270400017499924,0.032416000962257385,0.001846405311136745,20,,,,,,,0.03788800165057182,0.04307200014591217,0.04065919984132051,0.040911998599767685,0.0012511306639334233,20,0.03478400036692619,0.04652800038456917,0.038121600076556204,0.0378239993005991,0.002383733687383891,20,0.031808000057935715,0.033376000821590424,0.032587199844419955,0.0326399989426136,0.0004021414697871541,20,0.026399999856948853,0.028831999748945236,0.02726400000974536,0.027312000282108784,0.0006368721486394902,20,0.028095999732613564,0.030559999868273735,0.029148800019174814,0.02913600020110607,0.0006554066755256961,20,0.02489599958062172,0.027327999472618103,0.025772799830883743,0.025615999475121498,0.0005986136870700398,20,16,16,2048,10944,102400,True,False,False,344,4,2048,10944,generic,generic,2816,,CUDA_EVENT,BF16,none
,,,,,,,,,,,,0.02659199945628643,0.044544000178575516,0.03375999974086881,0.03289599996060133,0.005845914708372555,40,0.19183999300003052,0.24579200148582458,0.20072960034012793,0.19808000326156616,0.011134849328030733,20,0.03110400028526783,0.036159999668598175,0.033232000563293694,0.03323199972510338,0.0014703816207784757,20,,,,,,,0.03932800143957138,0.04297599941492081,0.040972799994051456,0.040880000218749046,0.0009749449747607058,20,0.035679999738931656,0.0398080013692379,0.03767840005457401,0.037936000153422356,0.001100050199010834,20,0.03209599852561951,0.034143999218940735,0.0330511998385191,0.033055998384952545,0.0004733703840265654,20,0.025536000728607178,0.02783999964594841,0.02678079977631569,0.02683199942111969,0.0006835499371264226,20,0.027648000046610832,0.030432000756263733,0.029039999935775995,0.02915199939161539,0.0006948128661700032,20,0.024320000782608986,0.026944000273942947,0.025712000112980603,0.02560000028461218,0.0006463285098722275,20,16,16,2048,10944,102400,True,False,False,336,4,2048,10944,generic,generic,2816,,CUDA_EVENT,BF16,none
,,,,,,,,,,,,0.02707199938595295,0.0435199998319149,0.03383600004017353,0.03390400018543005,0.0056438815013331815,40,0.19289599359035492,0.248416006565094,0.20168799981474878,0.19886399805545807,0.011520841672022924,20,0.03167999908328056,0.03577600046992302,0.033116800151765345,0.032896000891923904,0.0010703941177303078,20,,,,,,,0.03779200091958046,0.04265600070357323,0.04033119976520538,0.040672000497579575,0.0012421306538100585,20,0.03699199855327606,0.043807998299598694,0.03855359982699156,0.03814399987459183,0.0014747657373244127,20,0.02969600073993206,0.03094400092959404,0.030249600112438203,0.030128000304102898,0.000363464369742158,20,0.025696000084280968,0.028672000393271446,0.027219200041145086,0.027008000761270523,0.0008696937849869164,20,0.027712000533938408,0.030880000442266464,0.029388799984008073,0.029280000366270542,0.000796433575332116,20,0.02505600079894066,0.031647998839616776,0.026071999967098237,0.025696000084280968,0.0013943656230782123,20,16,16,2048,10944,102400,True,False,False,328,4,2048,10944,generic,generic,2816,,CUDA_EVENT,BF16,none
,,,,,,,,,,,,0.027135999873280525,0.045184001326560974,0.0342544000595808,0.03638399951159954,0.006178482527427721,40,0.19359999895095825,0.24566400051116943,0.20078880116343498,0.19892799854278564,0.010786280413328764,20,0.03152000159025192,0.03587200120091438,0.033350400254130365,0.033263999968767166,0.0011687490346805154,20,,,,,,,0.04227200150489807,0.051263999193906784,0.04504000023007393,0.04379200004041195,0.0028609236459990663,20,0.027168000116944313,0.0387520007789135,0.03459999999031425,0.034832000732421875,0.0027664157421583772,20,0.03340800106525421,0.04163200035691261,0.03436799980700016,0.03404799848794937,0.0016996489766378613,20,0.02595200017094612,0.02864000014960766,0.02718720007687807,0.027087999507784843,0.0006468752080877835,20,0.028192000463604927,0.029983999207615852,0.029201599955558776,0.02932799980044365,0.0005534680042919326,20,0.025312000885605812,0.02739199995994568,0.025972799956798555,0.025919999927282333,0.000509622007786243,20,16,16,2048,10944,102400,True,False,False,320,4,2048,10944,generic,generic,2816,,CUDA_EVENT,BF16,none
,,,,,,,,,,,,0.027008000761270523,0.04416000097990036,0.03384480001404881,0.03308800049126148,0.006213529777668522,40,0.1927040070295334,0.25014400482177734,0.20081920102238654,0.19912000000476837,0.011607025032236748,20,0.03187200054526329,0.038656000047922134,0.033590400218963624,0.03345600143074989,0.0013301034819557709,20,,,,,,,0.037696000188589096,0.04297599941492081,0.03994399979710579,0.040144000202417374,0.0013695429704938763,20,0.036607999354600906,0.03999999910593033,0.03842879980802536,0.03827200084924698,0.0009494297975377313,20,0.03081599995493889,0.040383998304605484,0.03217759979888797,0.031808000057935715,0.0019195589607179362,20,0.025472000241279602,0.028416000306606293,0.02691200012341142,0.02691200003027916,0.0007057433449993029,20,0.02768000029027462,0.033663999289274216,0.02936959993094206,0.02924799919128418,0.001314713359588885,20,0.024351999163627625,0.027295999228954315,0.02611359991133213,0.0261439997702837,0.0007698960558799579,20,16,16,2048,10944,102400,True,False,False,312,4,2048,10944,generic,generic,2816,,CUDA_EVENT,BF16,none
,,,,,,,,,,,,0.026847999542951584,0.046431999653577805,0.03403439987450838,0.03342400025576353,0.006342969392525124,40,0.1921280026435852,0.2539519965648651,0.2007168009877205,0.19758400321006775,0.012632674961887443,20,0.032127998769283295,0.03718400001525879,0.03385440018028021,0.033215999603271484,0.0014369560000923748,20,,,,,,,0.03977600112557411,0.04217600077390671,0.04072160013020039,0.04047999903559685,0.0006951057047365801,20,0.0363520011305809,0.040031999349594116,0.03828479964286089,0.03840000182390213,0.0011554348446093476,20,0.03129599988460541,0.033055998384952545,0.032139200158417223,0.03203199990093708,0.00042335309643775374,20,0.025439999997615814,0.028991999104619026,0.026875200029462577,0.0267359996214509,0.0009207037124368844,20,0.02796800062060356,0.031136000528931618,0.02946879994124174,0.029279999434947968,0.0008184058662060634,20,0.02534399926662445,0.027583999559283257,0.02623039986938238,0.026095999404788017,0.0006056460498543559,20,16,16,2048,10944,102400,True,False,False,304,4,2048,10944,generic,generic,2816,,CUDA_EVENT,BF16,none
,,,,,,,,,,,,0.027264000847935677,0.046560000628232956,0.03384879999794066,0.033824000507593155,0.006003465680271137,40,0.19523200392723083,0.2786239981651306,0.20339519903063774,0.19843199849128723,0.017698944543338355,20,0.03187200054526329,0.03705599904060364,0.033596799708902836,0.0330400001257658,0.0015639424487714714,20,,,,,,,0.037728000432252884,0.04092799872159958,0.03936000000685454,0.0395519994199276,0.0009302595719411249,20,0.03641600161790848,0.042047999799251556,0.038480000011622904,0.03852799907326698,0.0012693757403987788,20,0.03190400078892708,0.03593600168824196,0.03279840014874935,0.03271999955177307,0.0008312291722731876,20,0.025567999109625816,0.028991999104619026,0.026999999769032,0.026847999542951584,0.0009187331058609701,20,0.027712000533938408,0.031168000772595406,0.029209600202739237,0.02907200064510107,0.0008715874689068253,20,0.025407999753952026,0.02783999964594841,0.026088000182062386,0.02595200017094612,0.0005629521730550985,20,16,16,2048,10944,102400,True,False,False,296,4,2048,10944,generic,generic,2816,,CUDA_EVENT,BF16,none
,,,,,,,,,,,,0.027295999228954315,0.04556800052523613,0.03395200013183057,0.03564800135791302,0.005704923403015955,40,0.19088000059127808,0.2847679853439331,0.2014224000275135,0.1971520036458969,0.019328466639667093,20,0.03129599988460541,0.03999999910593033,0.03351840022951365,0.0329120010137558,0.001977679304530233,20,,,,,,,0.037408001720905304,0.04396799951791763,0.03961440045386553,0.03924800083041191,0.001534214769296325,20,0.03654399886727333,0.0461760014295578,0.03868480026721954,0.0383519995957613,0.002042941613369927,20,0.029759999364614487,0.0352960005402565,0.03101760009303689,0.030751999467611313,0.0011735365846291582,20,0.02611199952661991,0.031007999554276466,0.027169600035995244,0.02675200067460537,0.0010723330715765758,20,0.028031999245285988,0.036288000643253326,0.0298271999694407,0.028959999792277813,0.0023052198003298413,20,0.025119999423623085,0.029279999434947968,0.026132800057530402,0.02590399980545044,0.000946208965932134,20,16,16,2048,10944,102400,True,False,False,288,4,2048,10944,generic,generic,2816,,CUDA_EVENT,BF16,none
,,,,,,,,,,,,0.027103999629616737,0.046592000871896744,0.03408480007201433,0.03332799952477217,0.00622182206241502,40,0.191103994846344,0.2497600018978119,0.20084959790110588,0.19891199469566345,0.011782718314776917,20,0.031136000528931618,0.03654399886727333,0.03308639964088798,0.03270399942994118,0.0015573672150629753,20,,,,,,,0.03619199991226196,0.04201599955558777,0.03900160025805235,0.038816001266241074,0.001553025642739725,20,0.03526400029659271,0.040192000567913055,0.038028799928724766,0.038176000118255615,0.001221310648428078,20,0.030848000198602676,0.0323840007185936,0.03150399997830391,0.03147200122475624,0.00036196773009064575,20,0.025599999353289604,0.028255999088287354,0.026775999832898377,0.026800000108778477,0.0006596096442601274,20,0.027583999559283257,0.02985600009560585,0.028539199940860273,0.028432000428438187,0.0006376980600404971,20,0.024800000712275505,0.026655999943614006,0.025560000073164703,0.025551999919116497,0.0005206150510076085,20,16,16,2048,10944,102400,True,False,False,280,4,2048,10944,generic,generic,2816,,CUDA_EVENT,BF16,none
,,,,,,,,,,,,0.02691200003027916,0.044256001710891724,0.033736000396311284,0.03331200033426285,0.00594294735588059,40,0.1915840059518814,0.24799999594688416,0.19936320036649705,0.19673600047826767,0.011579851828282245,20,0.03126399964094162,0.03846399858593941,0.03328799977898598,0.0323840007185936,0.0018370863269096254,20,,,,,,,0.03702399879693985,0.04108799993991852,0.038952000066637994,0.03863999992609024,0.0011568291840379614,20,0.03657599911093712,0.044256001710891724,0.0385968005284667,0.03840000182390213,0.0015070704685624181,20,0.030912000685930252,0.032735999673604965,0.03209760021418333,0.03219199925661087,0.000460341325471668,20,0.02502400055527687,0.029184000566601753,0.026934400014579297,0.02707199938595295,0.0008974902040503104,20,0.028031999245285988,0.030432000756263733,0.029075199831277133,0.02891199942678213,0.0006810365286340596,20,0.024992000311613083,0.03347200155258179,0.026219199877232313,0.02590399980545044,0.0017375525194473346,20,16,16,2048,10944,102400,True,False,False,272,4,2048,10944,generic,generic,2816,,CUDA_EVENT,BF16,none
,,,,,,,,,,,,0.026559999212622643,0.045791998505592346,0.03389840014278889,0.03299200069159269,0.006262463814069006,40,0.19200000166893005,0.2619839906692505,0.2006895996630192,0.19731200486421585,0.014438625447177608,20,0.031488001346588135,0.03936000168323517,0.03368960004299879,0.03311999887228012,0.0019548992632802517,20,,,,,,,0.03891199827194214,0.04233599826693535,0.03997759986668825,0.03984000161290169,0.0009585641373731747,20,0.03638400137424469,0.040192000567913055,0.03842720035463572,0.0387520007789135,0.001066626599925618,20,0.028831999748945236,0.03888000175356865,0.0300976000726223,0.029551999643445015,0.002095804362108394,20,0.026335999369621277,0.029152000322937965,0.027174399886280298,0.02700799982994795,0.00069149633761831,20,0.028224000707268715,0.030208000913262367,0.02913280026987195,0.029040000401437283,0.0006008335689922602,20,0.024992000311613083,0.02630399912595749,0.02567839976400137,0.025647999718785286,0.0003652030954652861,20,16,16,2048,10944,102400,True,False,False,264,4,2048,10944,generic,generic,2816,,CUDA_EVENT,BF16,none
,,,,,,,,,,,,0.026784000918269157,0.04499199986457825,0.03389200028032065,0.033296000212430954,0.0063677636398281065,40,0.19523200392723083,0.24636800587177277,0.20411040037870407,0.2019520029425621,0.010460386665984386,20,0.03152000159025192,0.036896001547575,0.0333872003480792,0.033455999568104744,0.0011758109327428296,20,,,,,,,0.03641600161790848,0.04028800129890442,0.0377680005505681,0.03759999945759773,0.0009175063195587068,20,0.03670400008559227,0.04835199937224388,0.03915200009942055,0.0387520007789135,0.0023796362498289068,20,0.0315839983522892,0.03622400015592575,0.032609600014984606,0.03243200108408928,0.000926369556905546,20,0.026016000658273697,0.028543999418616295,0.027020800020545722,0.026832000352442265,0.0006265300812271483,20,0.02844800055027008,0.030880000442266464,0.029705599881708622,0.029600000008940697,0.0006595492477125508,20,0.02502400055527687,0.026784000918269157,0.025798400212079287,0.025776000693440437,0.0004954937350265688,20,16,16,2048,10944,102400,True,False,False,256,4,2048,10944,generic,generic,2816,,CUDA_EVENT,BF16,none
,,,,,,,,,,,,0.027648000046610832,0.04508800059556961,0.03458719979971647,0.036687999963760376,0.006186261017712861,40,0.19968000054359436,0.26892799139022827,0.20798879936337472,0.20550400018692017,0.01419399926547707,20,0.03136000037193298,0.04022400081157684,0.033975999802351,0.0337119996547699,0.0018958722828973026,20,,,,,,,0.03654399886727333,0.045471999794244766,0.038356800004839896,0.03779200091958046,0.0019652864856882723,20,0.036928001791238785,0.04681599885225296,0.03907519951462746,0.03876799903810024,0.0021528151904081213,20,0.03155200183391571,0.03372799977660179,0.032417600043118,0.032416000962257385,0.0005157334114982534,20,0.025696000084280968,0.028863999992609024,0.027276799920946358,0.027295999228954315,0.000771153343166189,20,0.027775999158620834,0.030848000198602676,0.029440000001341105,0.029248000122606754,0.000809163496144363,20,0.0261439997702837,0.03302399814128876,0.027364799845963718,0.0271360008046031,0.0014208239627843788,20,16,16,2048,10944,102400,True,False,False,248,4,2048,10944,generic,generic,2816,,CUDA_EVENT,BF16,none
,,,,,,,,,,,,0.027615999802947044,0.04841599985957146,0.03459920012392104,0.03315200004726648,0.006636623657834588,40,0.1971839964389801,0.2563520073890686,0.20658880099654198,0.2043200060725212,0.012380966251965992,20,0.031936001032590866,0.03807999938726425,0.03399200011044741,0.033504001796245575,0.0018346318783266197,20,,,,,,,0.03743999823927879,0.04073600098490715,0.03911200016736984,0.03908799961209297,0.0008252579038137034,20,0.03596799820661545,0.041728001087903976,0.03869280014187097,0.038336001336574554,0.0012447663755302551,20,0.029055999591946602,0.031168000772595406,0.02971519995480776,0.029600000008940697,0.00045910828088608073,20,0.02579200081527233,0.028896000236272812,0.026990400161594152,0.026863999664783478,0.0008151823321574104,20,0.027712000533938408,0.03097599931061268,0.029353599809110165,0.02937600016593933,0.0008071423090030799,20,0.025599999353289604,0.028896000236272812,0.026795199885964394,0.02651200070977211,0.0008567563001897441,20,16,16,2048,10944,102400,True,False,False,240,4,2048,10944,generic,generic,2816,,CUDA_EVENT,BF16,none
,,,,,,,,,,,,0.027456000447273254,0.06908799707889557,0.03607279974967241,0.03577599860727787,0.008341691203645718,40,0.19737599790096283,0.25779199600219727,0.20813759788870811,0.20545599609613419,0.011993982321551327,20,0.03200000151991844,0.03734400123357773,0.03393280021846294,0.03336000069975853,0.0014612617512837361,20,,,,,,,0.03814399987459183,0.0432640016078949,0.040086400136351584,0.039583999663591385,0.0012971295409164247,20,0.03788800165057182,0.0666240006685257,0.04091840013861656,0.03968000039458275,0.00597466740164878,20,0.029440000653266907,0.05385600030422211,0.031750400085002184,0.030704000033438206,0.005129597056807764,20,0.02630399912595749,0.03126399964094162,0.027667199913412332,0.027615999802947044,0.0009822175415070936,20,0.029023999348282814,0.034591998904943466,0.03039679992944002,0.03030399978160858,0.0011525286466864582,20,0.02659199945628643,0.029152000322937965,0.027475199848413467,0.02721599955111742,0.0007152125185061224,20,16,16,2048,10944,102400,True,False,False,232,4,2048,10944,generic,generic,2816,,CUDA_EVENT,BF16,none
,,,,,,,,,,,,0.027295999228954315,0.04416000097990036,0.035190399968996644,0.03468799963593483,0.006190520394090352,40,0.1998080015182495,0.25462400913238525,0.20775360018014907,0.20574399828910828,0.011139330755692655,20,0.03244800120592117,0.03830400109291077,0.03459360003471375,0.033743999898433685,0.0018753331726131617,20,,,,,,,0.03836800158023834,0.044895999133586884,0.03997760005295277,0.03976000100374222,0.0014341961753639033,20,0.037408001720905304,0.040800001472234726,0.03914560005068779,0.03935999982059002,0.0010452837103857395,20,0.03359999880194664,0.03545600175857544,0.03428640011698007,0.034352000802755356,0.0004431136621643903,20,0.02672000043094158,0.028960000723600388,0.027955200150609018,0.027888000011444092,0.0006073596966757668,20,0.02956799976527691,0.031231999397277832,0.03030559988692403,0.030271999537944794,0.0005298368962284374,20,0.02550400048494339,0.034015998244285583,0.026761599723249672,0.02635199949145317,0.001752451905176626,20,16,16,2048,10944,102400,True,False,False,224,4,2048,10944,generic,generic,2816,,CUDA_EVENT,BF16,none
,,,,,,,,,,,,0.028224000707268715,0.04604800045490265,0.03494320004247129,0.03470400162041187,0.005810950143485051,40,0.1987839937210083,0.2556479871273041,0.20646559894084932,0.20468799769878387,0.011628585939629564,20,0.03177599981427193,0.03747199848294258,0.0342399999499321,0.03404800035059452,0.0016260597474413423,20,,,,,,,0.03855999931693077,0.04156799986958504,0.03956640008836985,0.039343999698758125,0.0008846986242157384,20,0.0360959991812706,0.047680001705884933,0.03978080041706562,0.03944000042974949,0.0022198241182369172,20,0.03046399913728237,0.03222399950027466,0.031025600060820578,0.030848000198602676,0.00046751502127379896,20,0.026655999943614006,0.028704000636935234,0.027707199938595294,0.02763199992477894,0.0005115273379490901,20,0.028736000880599022,0.034752000123262405,0.03059039982035756,0.030479999259114265,0.0012400350377331198,20,0.025536000728607178,0.027744000777602196,0.02672960003837943,0.02681600023061037,0.0006423237749787221,20,16,16,2048,10944,102400,True,False,False,216,4,2048,10944,generic,generic,2816,,CUDA_EVENT,BF16,none
,,,,,,,,,,,,0.027775999158620834,0.04912000149488449,0.03481119992211461,0.03411199990659952,0.006314616638518312,40,0.19952000677585602,0.26070401072502136,0.20831359997391702,0.20572800189256668,0.0125234446868552,20,0.03244800120592117,0.03807999938726425,0.03435360006988049,0.034591998904943466,0.0016447025610302059,20,,,,,,,0.03718400001525879,0.04774399846792221,0.039459200017154215,0.03884800150990486,0.0021858574292399464,20,0.036768000572919846,0.04054399952292442,0.038569599762558936,0.03867199830710888,0.0010788366641087588,20,0.03142400085926056,0.03315199911594391,0.032409599795937535,0.03254400007426739,0.0004853672358507624,20,0.02675200067460537,0.028511999174952507,0.027534399833530187,0.027487999759614468,0.0005342634173582339,20,0.02937600016593933,0.03145600110292435,0.030209599994122982,0.030128000304102898,0.0005030696892309334,20,0.02502400055527687,0.029983999207615852,0.026275199931114913,0.0261439997702837,0.0009662673167792257,20,16,16,2048,10944,102400,True,False,False,208,4,2048,10944,generic,generic,2816,,CUDA_EVENT,BF16,none
,,,,,,,,,,,,0.02768000029027462,0.044319998472929,0.03485680012963712,0.034383999183773994,0.0055026368557764575,40,0.19673599302768707,0.256415992975235,0.20552639961242675,0.20257600396871567,0.01192187811380864,20,0.03248000144958496,0.040608000010252,0.0347503999248147,0.034463999792933464,0.0017346384696506191,20,,,,,,,0.036031998693943024,0.039264000952243805,0.03777600005269051,0.03787200152873993,0.000741302822380856,20,0.03753599897027016,0.04438399896025658,0.039076799899339675,0.03867200016975403,0.0014642322552416147,20,0.030880000442266464,0.03328000009059906,0.031708800327032806,0.03166399896144867,0.00047913521883856066,20,0.02751999907195568,0.029184000566601753,0.028319999761879443,0.028271999210119247,0.0005218061609596942,20,0.028543999418616295,0.03129599988460541,0.030047999881207942,0.029983999207615852,0.0007037092520697928,20,0.025087999179959297,0.031936001032590866,0.026457600016146898,0.026095999404788017,0.001358195793121026,20,16,16,2048,10944,102400,True,False,False,200,4,2048,10944,generic,generic,2816,,CUDA_EVENT,BF16,none
,,,,,,,,,,,,0.02768000029027462,0.04371200129389763,0.03444960028864443,0.033568000420928,0.006286432352550504,40,0.1990080028772354,0.2560639977455139,0.20772959887981415,0.20563200116157532,0.01159789406838064,20,0.03187200054526329,0.038336001336574554,0.03363359961658716,0.03348799981176853,0.0014659170779562124,20,,,,,,,0.03619199991226196,0.0435199998319149,0.038203199952840806,0.03771200031042099,0.0015564725639744489,20,0.035840000957250595,0.0432640016078949,0.03845600038766861,0.038095999509096146,0.0016674388166949368,20,0.03187200054526329,0.033376000821590424,0.03254559990018606,0.03248000144958496,0.00039406499206500655,20,0.026847999542951584,0.029152000322937965,0.027921599987894296,0.027888000011444092,0.0005502210211132957,20,0.028896000236272812,0.031647998839616776,0.030156799871474505,0.030047999694943428,0.0007572174421647376,20,0.02595200017094612,0.03494400158524513,0.02697920026257634,0.026560000143945217,0.0018672462014279493,20,16,16,2048,10944,102400,True,False,False,192,4,2048,10944,generic,generic,2816,,CUDA_EVENT,BF16,none
,,,,,,,,,,,,0.027775999158620834,0.050144001841545105,0.03476480022072792,0.03377600107342005,0.006504702955142934,40,0.1995519995689392,0.29628801345825195,0.21014879867434502,0.20572799444198608,0.020130603559763347,20,0.031968001276254654,0.03936000168323517,0.033710400387644765,0.033056000247597694,0.0018113379309864048,20,,,,,,,0.03651199862360954,0.04134399816393852,0.03773759976029396,0.03744000010192394,0.0011869412818883843,20,0.036768000572919846,0.042399998754262924,0.03897760007530451,0.03880000114440918,0.0013271890237500604,20,0.030880000442266464,0.03244800120592117,0.03164960006251931,0.03169599920511246,0.00044930946263891514,20,0.026335999369621277,0.028543999418616295,0.02750239996239543,0.02750399988144636,0.0006120684939908584,20,0.028960000723600388,0.03171199932694435,0.030176000203937292,0.03009600006043911,0.0007294314877585898,20,0.025151999667286873,0.032127998769283295,0.026660799887031315,0.026304000057280064,0.001439013658718183,20,16,16,2048,10944,102400,True,False,False,184,4,2048,10944,generic,generic,2816,,CUDA_EVENT,BF16,none
,,,,,,,,,,,,0.027488000690937042,0.0655680000782013,0.03551359977573156,0.03734399937093258,0.00800747862542693,40,0.20000000298023224,0.2605440020561218,0.20810080021619798,0.20548799633979797,0.012515822876767257,20,0.03174399957060814,0.04032000154256821,0.03436479978263378,0.033983999863266945,0.002063539157450129,20,,,,,,,0.036448001861572266,0.039583999663591385,0.03754879962652922,0.03726400062441826,0.0009237638221029931,20,0.037567999213933945,0.04262400045990944,0.03891999963670969,0.038575999438762665,0.001203424429143868,20,0.031231999397277832,0.03280000016093254,0.03171999976038933,0.03161599859595299,0.0004092842314374181,20,0.026623999699950218,0.028991999104619026,0.02792480019852519,0.027984000742435455,0.000639781946392897,20,0.029440000653266907,0.03471999987959862,0.030924799758940934,0.030640000477433205,0.0013685527177647405,20,0.025312000885605812,0.027648000046610832,0.026382400095462798,0.026415999978780746,0.0005884410881701402,20,16,16,2048,10944,102400,True,False,False,176,4,2048,10944,generic,generic,2816,,CUDA_EVENT,BF16,none
,,,,,,,,,,,,0.026688000187277794,0.04451199993491173,0.033905599685385826,0.03308800049126148,0.0064422678748264975,40,0.19542400538921356,0.25785601139068604,0.20482560098171235,0.2019999995827675,0.01264735014151009,20,0.0315839983522892,0.03830400109291077,0.03412959985435009,0.03395199961960316,0.0018085375627662449,20,,,,,,,0.03753599897027016,0.04771199822425842,0.03896639999002218,0.0382240004837513,0.0021894195853148,20,0.037567999213933945,0.040863998234272,0.039076799526810646,0.039183998480439186,0.0008241019798396127,20,0.028736000880599022,0.031007999554276466,0.029875199776142836,0.029888000339269638,0.0005796680799848582,20,0.02598400041460991,0.029311999678611755,0.027377600129693747,0.027424000203609467,0.0007401257061145911,20,0.02816000021994114,0.031328000128269196,0.029577599838376045,0.02932799980044365,0.0008487002300454116,20,0.026399999856948853,0.028416000306606293,0.027076799981296064,0.026895999908447266,0.0005868554951278922,20,16,16,2048,10944,102400,True,False,False,168,4,2048,10944,generic,generic,2816,,CUDA_EVENT,BF16,none
,,,,,,,,,,,,0.026944000273942947,0.04614400118589401,0.03402480012737215,0.03292800020426512,0.0065359287436856555,40,0.19487999379634857,0.2495039999485016,0.20275840014219285,0.20014400035142899,0.011241234401077452,20,0.03222399950027466,0.03542400151491165,0.03382080011069775,0.033983999863266945,0.0010340458325082806,20,,,,,,,0.03488000109791756,0.03846399858593941,0.03629279993474484,0.03622400015592575,0.0007994411519231956,20,0.037087999284267426,0.04064000025391579,0.0388544000685215,0.03884800150990486,0.001027573714600828,20,0.031328000128269196,0.03526400029659271,0.03232320006936788,0.03219199925661087,0.0007919531851315983,20,0.02582399919629097,0.03094400092959404,0.02708800006657839,0.02691200003027916,0.0010805631148959331,20,0.0289280004799366,0.03167999908328056,0.029956799931824207,0.029791999608278275,0.0006500233241757892,20,0.02582399919629097,0.028031999245285988,0.0267152002081275,0.026736000552773476,0.00047000522021005924,20,16,16,2048,10944,102400,True,False,False,160,4,2048,10944,generic,generic,2816,,CUDA_EVENT,BF16,none
,,,,,,,,,,,,0.02630399912595749,0.044544000178575516,0.033647200046107176,0.03302400000393391,0.006621904977713745,40,0.19510400295257568,0.2505919933319092,0.20268159881234168,0.2003360018134117,0.011411925490532398,20,0.03187200054526329,0.03753599897027016,0.034281599894165994,0.033615998923778534,0.0016892879106185678,20,,,,,,,0.03561599925160408,0.03948799893260002,0.03659679982811213,0.03614399954676628,0.0010647527903543867,20,0.036896001547575,0.04464000090956688,0.03884320016950369,0.03862399980425835,0.0016404886178350228,20,0.029759999364614487,0.03244800120592117,0.030865600053220987,0.0307200001552701,0.0007410245222105886,20,0.02627200074493885,0.028255999088287354,0.02741119982674718,0.027535999193787575,0.000558159168531658,20,0.028831999748945236,0.031039999797940254,0.03007039995864034,0.02991999965161085,0.0006313901933462096,20,0.025599999353289604,0.03142400085926056,0.026582400035113096,0.02628799993544817,0.0012458692295104971,20,16,16,2048,10944,102400,True,False,False,152,4,2048,10944,generic,generic,2816,,CUDA_EVENT,BF16,none
,,,,,,,,,,,,0.026976000517606735,0.047168001532554626,0.03431359990499914,0.03342400025576353,0.006405418513692759,40,0.19404800236225128,0.24860799312591553,0.2032623991370201,0.2008799985051155,0.011080012333024771,20,0.03203200176358223,0.03868800029158592,0.034696000069379805,0.03431999869644642,0.0017895946975212199,20,,,,,,,0.03587200120091438,0.03993599861860275,0.03745279964059591,0.03705599904060364,0.0011893243764815823,20,0.037087999284267426,0.042080000042915344,0.039385600574314596,0.03939200006425381,0.0013888000454841392,20,0.029055999591946602,0.031647998839616776,0.030140800029039384,0.029983999207615852,0.0006406314891278523,20,0.026240000501275063,0.034432001411914825,0.027785600069910286,0.027312000282108784,0.00170311285033338,20,0.02848000079393387,0.035360001027584076,0.030148799903690814,0.02977599948644638,0.0014042960806314043,20,0.025248000398278236,0.028255999088287354,0.026316799968481065,0.026255999691784382,0.0007704228307156689,20,16,16,2048,10944,102400,True,False,False,144,4,2048,10944,generic,generic,2816,,CUDA_EVENT,BF16,none
,,,,,,,,,,,,0.02723200060427189,0.043776001781225204,0.034431200055405495,0.03372799977660179,0.006242172224806403,40,0.1934400051832199,0.24675199389457703,0.20274720042943956,0.20134400576353073,0.010519509888526835,20,0.03171199932694435,0.037376001477241516,0.03406719993799925,0.03347200155258179,0.0016347399009908315,20,,,,,,,0.034272000193595886,0.03840000182390213,0.03580640032887459,0.035760000348091125,0.001067259840038765,20,0.03686400130391121,0.040832001715898514,0.03894080016762018,0.039055999368429184,0.0010676159097938915,20,0.028543999418616295,0.03030399978160858,0.029702400136739016,0.02980799973011017,0.00048631586592617627,20,0.0261439997702837,0.028831999748945236,0.027339199930429457,0.027248000726103783,0.0007390735629770267,20,0.028704000636935234,0.03830400109291077,0.03037440003827214,0.030063999816775322,0.001953955983230674,20,0.025439999997615814,0.02812799997627735,0.026239999942481516,0.026096000336110592,0.0006388790176524389,20,16,16,2048,10944,102400,True,False,False,136,4,2048,10944,generic,generic,2816,,CUDA_EVENT,BF16,none
,,,,,,,,,,,,0.02783999964594841,0.04793599992990494,0.03442320004105568,0.034992000088095665,0.005708772150481525,40,0.1960960030555725,0.24697600305080414,0.2038432002067566,0.2012000009417534,0.010527066209583364,20,0.032127998769283295,0.037087999284267426,0.034095999971032145,0.033376000821590424,0.0015884224149978418,20,,,,,,,0.034912001341581345,0.038943998515605927,0.03631200045347214,0.03622400015592575,0.0011278746134496588,20,0.03654399886727333,0.04092799872159958,0.03886239975690842,0.039023999124765396,0.0012170301717290505,20,0.028192000463604927,0.03062400035560131,0.029601599834859372,0.029647999443113804,0.0006343328022111062,20,0.02566399984061718,0.028416000306606293,0.026814400032162667,0.026688000187277794,0.000695326710864478,20,0.027936000376939774,0.030719999223947525,0.029326400067657233,0.029536000452935696,0.0007496113922727549,20,0.02659199945628643,0.02816000021994114,0.02720480002462864,0.027023999951779842,0.0004812011651305047,20,16,16,2048,10944,102400,True,False,False,128,4,2048,10944,generic,generic,2816,,CUDA_EVENT,BF16,none
,,,,,,,,,,,,0.02755199931561947,0.051552001386880875,0.03458160012960434,0.03339200001209974,0.006594013218873209,40,0.19779199361801147,0.24294400215148926,0.20607679858803749,0.20454400032758713,0.009338700317450922,20,0.032127998769283295,0.03683200106024742,0.03392320051789284,0.0342399999499321,0.0012721723914928419,20,,,,,,,0.03468799963593483,0.036768000572919846,0.0358176002278924,0.03580800071358681,0.000590406617208106,20,0.03731200098991394,0.04064000025391579,0.03885120004415512,0.03883200138807297,0.0009469458825512176,20,0.028511999174952507,0.030368000268936157,0.02923679994419217,0.029311999678611755,0.0005326126912375698,20,0.026048000901937485,0.033376000821590424,0.02735680006444454,0.027055999264121056,0.001454782912431009,20,0.028575999662280083,0.0307839997112751,0.029732799902558327,0.02967999968677759,0.0006267651529672931,20,0.026847999542951584,0.028575999662280083,0.02761279996484518,0.02739199995994568,0.0005984001797949647,20,16,16,2048,10944,102400,True,False,False,120,4,2048,10944,generic,generic,2816,,CUDA_EVENT,BF16,none
,,,,,,,,,,,,0.028031999245285988,0.046560000628232956,0.034540799958631394,0.03385600075125694,0.005983862331652152,40,0.19804799556732178,0.24659200012683868,0.2053023986518383,0.20359999686479568,0.009713395186627732,20,0.03219199925661087,0.03747199848294258,0.03467839956283569,0.034432001411914825,0.0015992989776407922,20,,,,,,,0.03471999987959862,0.03984000161290169,0.03648000005632639,0.03620800003409386,0.0011160160381546696,20,0.0360959991812706,0.041919998824596405,0.038974400237202646,0.03911999985575676,0.0011556151202160893,20,0.029759999364614487,0.031936001032590866,0.030726400017738343,0.0306560005992651,0.0005933044975431668,20,0.026367999613285065,0.028543999418616295,0.027380800060927867,0.02734400052577257,0.0006132217698737588,20,0.028511999174952507,0.03174399957060814,0.03007199987769127,0.029999999329447746,0.0008813010036070207,20,0.025728000327944756,0.034143999218940735,0.026979200076311827,0.02651200070977211,0.0017820838158105893,20,16,16,2048,10944,102400,True,False,False,112,4,2048,10944,generic,generic,2816,,CUDA_EVENT,BF16,none
,,,,,,,,,,,,0.027807999402284622,0.04495999962091446,0.03464640006422996,0.034047999419271946,0.006073631258255607,40,0.20000000298023224,0.24624000489711761,0.20812960118055343,0.20609600096940994,0.009514959745050372,20,0.03190400078892708,0.04070400074124336,0.03449760042130947,0.034143999218940735,0.0021033394388297144,20,,,,,,,0.034304000437259674,0.039583999663591385,0.036191999725997445,0.03614399954676628,0.0010750286985314066,20,0.036607999354600906,0.04608000069856644,0.038803200237452984,0.03883200138807297,0.0019310457333266363,20,0.028416000306606293,0.030592000111937523,0.029472000151872634,0.02947199996560812,0.0005151899645444611,20,0.026367999613285065,0.02812799997627735,0.02712960010394454,0.02707199938595295,0.0005084477008841332,20,0.028736000880599022,0.03145600110292435,0.029907200112938882,0.029823999851942062,0.0005829272727344273,20,0.025567999109625816,0.03376000002026558,0.026635200064629317,0.025968000292778015,0.0018318505632428262,20,16,16,2048,10944,102400,True,False,False,104,4,2048,10944,generic,generic,2816,,CUDA_EVENT,BF16,none
,,,,,,,,,,,,0.02768000029027462,0.04713600128889084,0.034498400054872036,0.03414400015026331,0.005872075906686073,40,0.1950719952583313,0.24329599738121033,0.203524798899889,0.2019359990954399,0.00976523057441586,20,0.031968001276254654,0.03743999823927879,0.034480000101029876,0.034463999792933464,0.0013852153576038488,20,,,,,,,0.03465599939227104,0.037728000432252884,0.03592160027474165,0.03577600046992302,0.0009869019195734925,20,0.03625600039958954,0.04572800174355507,0.03914240002632141,0.03921600058674812,0.0019276014330277412,20,0.029152000322937965,0.03126399964094162,0.02993759997189045,0.029839999973773956,0.0005564206109177199,20,0.025855999439954758,0.028896000236272812,0.027315199933946134,0.027343999594449997,0.0006854576058638898,20,0.028736000880599022,0.031647998839616776,0.030017599929124117,0.02985600009560585,0.000858260678193502,20,0.02505600079894066,0.03161599859595299,0.026398399844765663,0.026095999404788017,0.001359094935585558,20,16,16,2048,10944,102400,True,False,False,96,4,2048,10944,generic,generic,2816,,CUDA_EVENT,BF16,none
,,,,,,,,,,,,0.02812799997627735,0.04428799822926521,0.03452159999869764,0.03380800038576126,0.005763897488280367,40,0.19871999323368073,0.24131199717521667,0.20421760007739068,0.20208000391721725,0.00877274314141078,20,0.032416000962257385,0.0382080003619194,0.03453439977020025,0.034063998609781265,0.001515820517224737,20,,,,,,,0.033535998314619064,0.042080000042915344,0.03568479996174574,0.03521599993109703,0.0017906073754392097,20,0.03747199848294258,0.046560000628232956,0.039313599839806555,0.038896000012755394,0.0019269867426247832,20,0.028831999748945236,0.033504001796245575,0.030048000160604715,0.02977599948644638,0.0011627501627816902,20,0.026655999943614006,0.028351999819278717,0.027545600105077027,0.027648000046610832,0.00042484139383440304,20,0.028351999819278717,0.03136000037193298,0.030059200152754782,0.029952000826597214,0.0007163481038956447,20,0.02550400048494339,0.036320000886917114,0.02745440024882555,0.02675200067460537,0.0024731152365766915,20,16,16,2048,10944,102400,True,False,False,88,4,2048,10944,generic,generic,2816,,CUDA_EVENT,BF16,none
,,,,,,,,,,,,0.028031999245285988,0.04416000097990036,0.03449199995957315,0.03390400018543005,0.005695762794050595,40,0.19846400618553162,0.28044798970222473,0.20778720080852509,0.20451200008392334,0.016847118504172896,20,0.03209599852561951,0.040063999593257904,0.03372639995068312,0.03331200033426285,0.0016422727686001152,20,,,,,,,0.03315199911594391,0.04233599826693535,0.03546399995684624,0.03505600057542324,0.0020204361214158934,20,0.03593600168824196,0.047168001532554626,0.03915680032223463,0.03883200138807297,0.0025371838434383575,20,0.029791999608278275,0.03545600175857544,0.0307392000220716,0.030592000111937523,0.0011641759835096454,20,0.025855999439954758,0.02864000014960766,0.027126399986445903,0.027104000560939312,0.0006077557959813322,20,0.02812799997627735,0.031968001276254654,0.029865600075572728,0.02980799973011017,0.0009807935084128053,20,0.026335999369621277,0.033663999289274216,0.02778880000114441,0.02750399988144636,0.0014534270115369884,20,16,16,2048,10944,102400,True,False,False,80,4,2048,10944,generic,generic,2816,,CUDA_EVENT,BF16,none
,,,,,,,,,,,,0.027775999158620834,0.043136000633239746,0.03490399974398315,0.0338399987667799,0.0060749947436677405,40,0.19884799420833588,0.2672959864139557,0.20953600034117698,0.20572800189256668,0.014129383989152425,20,0.03219199925661087,0.040832001715898514,0.03419520016759634,0.033503999933600426,0.0021644023849013215,20,,,,,,,0.034143999218940735,0.038336001336574554,0.03564160000532866,0.035071998834609985,0.0013633882537442304,20,0.03622400015592575,0.048895999789237976,0.03940799999982118,0.03891200013458729,0.003024016700216111,20,0.02783999964594841,0.031072000041604042,0.029209599923342468,0.029039999470114708,0.0007343005691501133,20,0.025728000327944756,0.028095999732613564,0.026980800088495016,0.026895999908447266,0.0005933627373054006,20,0.02783999964594841,0.03235200047492981,0.029433600045740603,0.02932799980044365,0.0010083100077719902,20,0.025855999439954758,0.03200000151991844,0.02715199990198016,0.02700799982994795,0.0012948937726238686,20,16,16,2048,10944,102400,True,False,False,72,4,2048,10944,generic,generic,2816,,CUDA_EVENT,BF16,none
,,,,,,,,,,,,0.027807999402284622,0.043327998369932175,0.034463999792933464,0.03356799948960543,0.005801318485616045,40,0.19728000462055206,0.24582399427890778,0.20458080098032952,0.2030239999294281,0.009675902108291239,20,0.03219199925661087,0.03920000046491623,0.03412480000406504,0.03356799855828285,0.0016793571943269096,20,,,,,,,0.033440001308918,0.03791999816894531,0.03515520039945841,0.03495999984443188,0.0010410775589808035,20,0.036479998379945755,0.04131200164556503,0.03885120023041964,0.038944000378251076,0.0012153222966726279,20,0.02924799919128418,0.035071998834609985,0.0305744000710547,0.030271999537944794,0.0011827657546467278,20,0.026335999369621277,0.03254399821162224,0.027731199841946365,0.027424000203609467,0.0013274944371776472,20,0.028960000723600388,0.032575998455286026,0.03012640019878745,0.029920000582933426,0.0008325211255902624,20,0.025567999109625816,0.02800000086426735,0.026694400049746037,0.0266720000654459,0.0006818029052126659,20,16,16,2048,10944,102400,True,False,False,64,4,2048,10944,generic,generic,2816,,CUDA_EVENT,BF16,none
,,,,,,,,,,,,0.02659199945628643,0.04467200115323067,0.03421280006878078,0.036447999998927116,0.006648166751200886,40,0.19526399672031403,0.24995200335979462,0.20387679934501649,0.2022400051355362,0.010911706727770597,20,0.03286400064826012,0.03862399980425835,0.0348496001213789,0.03457599878311157,0.0015927345437977568,20,,,,,,,0.03359999880194664,0.03699199855327606,0.03523680008947849,0.03542400151491165,0.0008260881613089218,20,0.03596799820661545,0.05011200159788132,0.039457600004971026,0.03920000046491623,0.0027751492919831358,20,0.03328000009059906,0.03702399879693985,0.03482720013707876,0.03484800085425377,0.0008273266777399633,20,0.026399999856948853,0.028095999732613564,0.027004800178110598,0.02705600019544363,0.000386379031976105,20,0.028351999819278717,0.03872000053524971,0.029788800235837697,0.02932799980044365,0.0021084067300541037,20,0.02579200081527233,0.028863999992609024,0.027392000053077938,0.02734400052577257,0.0006553360143869469,20,16,16,2048,10944,102400,True,False,False,56,4,2048,10944,generic,generic,2816,,CUDA_EVENT,BF16,none
,,,,,,,,,,,,0.026688000187277794,0.04419200122356415,0.03414160003885627,0.0340960007160902,0.006627212429635326,40,0.19705599546432495,0.24928000569343567,0.20539200007915498,0.2037919983267784,0.010794405271114402,20,0.03251200169324875,0.037151999771595,0.034163199737668036,0.03417599946260452,0.0012684839128523223,20,,,,,,,0.0331839993596077,0.03705599904060364,0.035289599932730197,0.03513599932193756,0.000938184257157588,20,0.03587200120091438,0.04016000032424927,0.03837279994040728,0.03799999877810478,0.0013201798225068316,20,0.02924799919128418,0.03097599931061268,0.030331200268119574,0.03038400039076805,0.00046131935997420666,20,0.02630399912595749,0.02768000029027462,0.027049599774181844,0.0272000003606081,0.00048720997255471277,20,0.028543999418616295,0.03145600110292435,0.029782400093972684,0.029823999851942062,0.0008232836284021587,20,0.025439999997615814,0.028351999819278717,0.026367999985814093,0.02643200010061264,0.0006367115132702927,20,16,16,2048,10944,102400,True,False,False,48,4,2048,10944,generic,generic,2816,,CUDA_EVENT,BF16,none
,,,,,,,,,,,,0.026335999369621277,0.0451200008392334,0.03418160006403923,0.03582399897277355,0.006581731554600167,40,0.19299200177192688,0.24697600305080414,0.20341759994626046,0.20112000405788422,0.010802134117145415,20,0.03139200061559677,0.037087999284267426,0.0336047999560833,0.03348799981176853,0.0014407204635178592,20,,,,,,,0.033440001308918,0.03763199970126152,0.034966399893164635,0.03473600000143051,0.0010874396786361203,20,0.03673600032925606,0.04012800008058548,0.03834239970892668,0.038095999509096146,0.0009881005431158093,20,0.027648000046610832,0.03750399872660637,0.02914079986512661,0.028912000358104706,0.002005209583730218,20,0.025536000728607178,0.027583999559283257,0.026548799965530633,0.026655999943614006,0.0005055870719681513,20,0.028351999819278717,0.031007999554276466,0.02941759992390871,0.029343999922275543,0.0007062581045726748,20,0.025696000084280968,0.030400000512599945,0.02689119977876544,0.02672000043094158,0.0009082183298750583,20,16,16,2048,10944,102400,True,False,False,40,4,2048,10944,generic,generic,2816,,CUDA_EVENT,BF16,none
,,,,,,,,,,,,0.026335999369621277,0.045504000037908554,0.03385919998399913,0.033455999568104744,0.006704751462589889,40,0.19574399292469025,0.24659200012683868,0.20316799953579903,0.20096000283956528,0.010628953071866785,20,0.0318400003015995,0.03606399893760681,0.03373440001159907,0.033440001308918,0.001177260761696285,20,,,,,,,0.033504001796245575,0.03852799907326698,0.03530080020427704,0.0352960005402565,0.0012502655177463492,20,0.036607999354600906,0.04022400081157684,0.038540799729526044,0.03868800029158592,0.0011504611874798582,20,0.03331200033426285,0.03884800150990486,0.034660799987614156,0.03455999866127968,0.0012029736815770608,20,0.025728000327944756,0.02816000021994114,0.026756799872964622,0.0266720000654459,0.0005562179356943821,20,0.027775999158620834,0.03411199897527695,0.029782400000840425,0.029823999851942062,0.0012741103807162118,20,0.024992000311613083,0.02812799997627735,0.02697120010852814,0.027040000073611736,0.0006514397303665938,20,16,16,2048,10944,102400,True,False,False,32,4,2048,10944,generic,generic,2816,,CUDA_EVENT,BF16,none
,,,,,,,,,,,,0.02611199952661991,0.04368000105023384,0.03362640016712248,0.033760000951588154,0.006488160512555063,40,0.19545599818229675,0.2517760097980499,0.20540160089731216,0.20329599827528,0.011223696397525984,20,0.031072000041604042,0.03747199848294258,0.03372800005599856,0.033536000177264214,0.001692766490351761,20,,,,,,,0.03280000016093254,0.03791999816894531,0.0350959999486804,0.034752000123262405,0.001281753352301126,20,0.03545600175857544,0.04694399982690811,0.03884000014513731,0.038095999509096146,0.0027228757996390416,20,0.033376000821590424,0.035999998450279236,0.03453759998083115,0.03444799967110157,0.0006404873177216676,20,0.026528000831604004,0.03452799841761589,0.028172799944877626,0.027583999559283257,0.002134963447547974,20,0.02864000014960766,0.03203200176358223,0.030038400180637838,0.02995199989527464,0.0007810954292542784,20,0.02627200074493885,0.032607998698949814,0.02755359997972846,0.02715199999511242,0.001321312051970187,20,16,16,2048,10944,102400,True,False,False,24,4,2048,10944,generic,generic,2816,,CUDA_EVENT,BF16,none
,,,,,,,,,,,,0.025728000327944756,0.04291199892759323,0.032960799802094695,0.032271998934447765,0.006254213101009458,40,0.19164800643920898,0.25990399718284607,0.20143039971590043,0.19886399805545807,0.014144752497549623,20,0.03152000159025192,0.038975998759269714,0.033564800210297105,0.03307200036942959,0.0017564732127059509,20,,,,,,,0.03379200026392937,0.036896001547575,0.035225600376725195,0.035151999443769455,0.0008092646720504584,20,0.03699199855327606,0.04745600000023842,0.03859680015593767,0.03827200084924698,0.0021789222752109758,20,0.03411199897527695,0.04076800122857094,0.03518239986151457,0.03473600000143051,0.0013887957158656465,20,0.026208000257611275,0.027775999158620834,0.026903999876230954,0.026847999542951584,0.0004273975917884268,20,0.028384000062942505,0.030719999223947525,0.02967039979994297,0.02953599952161312,0.0006609841059293043,20,0.026464000344276428,0.03222399950027466,0.02762559987604618,0.027184000238776207,0.0012708914254583098,20,16,16,2048,10944,102400,True,False,False,16,4,2048,10944,generic,generic,2816,,CUDA_EVENT,BF16,none
,,,,,,,,,,,,0.02611199952661991,0.0427200011909008,0.03308240016922355,0.03228799905627966,0.006223629459408743,40,0.19142399728298187,0.25651198625564575,0.20252959728240966,0.19758399575948715,0.016710446911293763,20,0.031968001276254654,0.04169600084424019,0.03417760021984577,0.03307200036942959,0.00264174462856827,20,,,,,,,0.03267199918627739,0.03766399994492531,0.03393439967185259,0.03331200033426285,0.0013160713002498606,20,0.03638400137424469,0.04633599892258644,0.03829600028693676,0.03787199966609478,0.0021284657546457686,20,0.03388800099492073,0.042208001017570496,0.03521919976919889,0.03471999987959862,0.0017017685254212228,20,0.02579200081527233,0.028095999732613564,0.0268800001591444,0.026736000552773476,0.0005663185826075226,20,0.028991999104619026,0.030751999467611313,0.02979999976232648,0.02980799973011017,0.0005168643306649082,20,0.02630399912595749,0.03145600110292435,0.02729600006714463,0.02699200063943863,0.0010838038954879186,20,16,16,2048,10944,102400,True,False,False,8,4,2048,10944,generic,generic,2816,,CUDA_EVENT,BF16,none
,,,,,,,,,,,,0.027744000777602196,0.05347200110554695,0.03391520017758012,0.03318400029093027,0.005987856023744706,40,0.1919039934873581,0.24451200664043427,0.1990224003791809,0.19660799950361252,0.011073367954905561,20,0.03110400028526783,0.03657599911093712,0.03327040029689669,0.032896000891923904,0.00146534464498018,20,,,,,,,0.031968001276254654,0.037151999771595,0.03387519996613264,0.033695999532938004,0.0011732443183972777,20,0.036768000572919846,0.040352001786231995,0.0383584002032876,0.03828800097107887,0.0008909631652604736,20,0.03267199918627739,0.03951999917626381,0.03471839986741543,0.03440000116825104,0.0013110424811504403,20,0.02550400048494339,0.027807999402284622,0.026484800036996603,0.02643200010061264,0.0005476839564416985,20,0.028511999174952507,0.03171199932694435,0.029633599799126387,0.029392000287771225,0.0007670978683388622,20,0.02595200017094612,0.027583999559283257,0.0267280001193285,0.026736000552773476,0.00044442874703978146,20,16,16,2048,10944,102400,True,False,False,4,4,2048,10944,generic,generic,2816,,CUDA_EVENT,BF16,none
,,,,,,,,,,,,0.02735999971628189,0.058079998940229416,0.0340935998596251,0.03376000002026558,0.006376969868726713,40,0.1892160028219223,0.2515519857406616,0.19957759827375413,0.19575999677181244,0.013852821838050713,20,0.030848000198602676,0.041120000183582306,0.03325280006974936,0.03259200043976307,0.002299958091759698,20,,,,,,,0.032255999743938446,0.03798399865627289,0.03344480041414499,0.0329120010137558,0.0014160596320845619,20,0.036031998693943024,0.04649600014090538,0.038176000118255615,0.03790399990975857,0.0021616232352393784,20,0.03311999887228012,0.03619199991226196,0.03403680007904768,0.03377600014209747,0.0008711570077464911,20,0.025631999596953392,0.028991999104619026,0.02658079992979765,0.026304000057280064,0.0007786772679212933,20,0.02879999950528145,0.03155200183391571,0.029608000162988903,0.029504000209271908,0.0006753347824432017,20,0.025599999353289604,0.031488001346588135,0.026982400193810464,0.026783999986946583,0.0012229530302032756,20,16,16,2048,10944,102400,True,False,False,2,4,2048,10944,generic,generic,2816,,CUDA_EVENT,BF16,none
,,,,,,,,,,,,0.027264000847935677,0.04358400031924248,0.03361839991994202,0.036528000608086586,0.005257561379330443,40,0.18745599687099457,0.2353920042514801,0.1943231999874115,0.19115199893712997,0.010189865516326245,20,0.03161599859595299,0.03759999945759773,0.033201600424945354,0.03286400064826012,0.0014781600429488308,20,,,,,,,0.03235200047492981,0.042367998510599136,0.03393120002001524,0.033615998923778534,0.00204983057451424,20,0.03638400137424469,0.04076800122857094,0.03851200044155121,0.038576001301407814,0.0010908903675675356,20,0.033344000577926636,0.041728001087903976,0.0347631998360157,0.03441600129008293,0.0017101083355989535,20,0.025472000241279602,0.02751999907195568,0.026497599948197604,0.026560000143945217,0.00046067473446464194,20,0.027936000376939774,0.03136000037193298,0.029404800105839967,0.029280000366270542,0.0009362339609702541,20,0.026559999212622643,0.02816000021994114,0.027225599996745585,0.027135999873280525,0.000425203030621065,20,16,16,2048,10944,102400,True,False,False,1,4,2048,10944,generic,generic,2816,,CUDA_EVENT,BF16,none
