time_stats.emb.min,time_stats.emb.max,time_stats.emb.mean,time_stats.emb.median,time_stats.emb.std,time_stats.emb.count,time_stats.input_layernorm.min,time_stats.input_layernorm.max,time_stats.input_layernorm.mean,time_stats.input_layernorm.median,time_stats.input_layernorm.std,time_stats.input_layernorm.count,time_stats.attn_pre_proj.min,time_stats.attn_pre_proj.max,time_stats.attn_pre_proj.mean,time_stats.attn_pre_proj.median,time_stats.attn_pre_proj.std,time_stats.attn_pre_proj.count,time_stats.attn_rope.min,time_stats.attn_rope.max,time_stats.attn_rope.mean,time_stats.attn_rope.median,time_stats.attn_rope.std,time_stats.attn_rope.count,time_stats.attn_post_proj.min,time_stats.attn_post_proj.max,time_stats.attn_post_proj.mean,time_stats.attn_post_proj.median,time_stats.attn_post_proj.std,time_stats.attn_post_proj.count,time_stats.post_attention_layernorm.min,time_stats.post_attention_layernorm.max,time_stats.post_attention_layernorm.mean,time_stats.post_attention_layernorm.median,time_stats.post_attention_layernorm.std,time_stats.post_attention_layernorm.count,time_stats.mlp_up_proj.min,time_stats.mlp_up_proj.max,time_stats.mlp_up_proj.mean,time_stats.mlp_up_proj.median,time_stats.mlp_up_proj.std,time_stats.mlp_up_proj.count,time_stats.mlp_act.min,time_stats.mlp_act.max,time_stats.mlp_act.mean,time_stats.mlp_act.median,time_stats.mlp_act.std,time_stats.mlp_act.count,time_stats.mlp_down_proj.min,time_stats.mlp_down_proj.max,time_stats.mlp_down_proj.mean,time_stats.mlp_down_proj.median,time_stats.mlp_down_proj.std,time_stats.mlp_down_proj.count,time_stats.share_expert_up_proj.min,time_stats.share_expert_up_proj.max,time_stats.share_expert_up_proj.mean,time_stats.share_expert_up_proj.median,time_stats.share_expert_up_proj.std,time_stats.share_expert_up_proj.count,time_stats.share_expert_act.min,time_stats.share_expert_act.max,time_stats.share_expert_act.mean,time_stats.share_expert_act.median,time_stats.share_expert_act.std,time_stats.share_expert_act.count,time_stats.share_expert_down_proj.min,time_stats.share_expert_down_proj.max,time_stats.share_expert_down_proj.mean,time_stats.share_expert_down_proj.median,time_stats.share_expert_down_proj.std,time_stats.share_expert_down_proj.count,n_head,n_kv_head,n_embd,n_expanded_embd,vocab_size,use_gated_mlp,use_qk_norm,attn_output_gate,num_tokens,num_tensor_parallel_workers,padded_n_embd,padded_n_expanded_embd,model_arch,model_architecture_profile,share_expert_dim,share_q_dim,measurement_type,profiling_precision,quant_signature
0.011585000000000002,0.01392,0.012893000000000002,0.012896000000000001,0.0004406959863454081,21.0,0.20415999999999998,0.207488,0.20583735,0.206002,0.0008565412584925528,20.0,0.015744,0.06720000000000001,0.0414345,0.041232000000000005,0.024684386390996235,40,0.06751800000000001,0.06880000000000001,0.0680913,0.0680945,0.0003342134198382831,20,0.044128,0.044704,0.0443616,0.0443365,0.00016069113230044702,20,0.206527,0.20889899999999997,0.20763485000000004,0.20768150000000002,0.000628074937805987,20.0,0.466657,0.468673,0.4678637,0.467873,0.0005125780038199079,20,0.090176,0.091712,0.0911266,0.0912165,0.0004224100377595207,20,0.21712,0.219105,0.2178423,0.2178885,0.0005226350638830095,20,0.12252800000000001,0.12380800000000002,0.12309955000000002,0.1231045,0.000358110244896737,20,0.021568,0.022785,0.02193285,0.021888,0.00030260424236946764,20,0.05939200000000001,0.059936,0.05966570000000001,0.0596165,0.00015586792485947757,20,16,16,2048,10944,102400,True,False,False,4096,1,2048,10944,generic,generic,2816,,KERNEL_ONLY,BF16,none
0.011616,0.013408,0.01257295238095238,0.012480000000000002,0.00041207690870128494,21.0,0.203039,0.207169,0.20497485000000001,0.20478400000000002,0.0010547059910230871,20.0,0.016672,0.067616,0.041816874999999996,0.04166449999999999,0.024861970875402758,40,0.06742700000000003,0.06908999999999998,0.06815170000000001,0.06804850000000001,0.0005288423300001619,20,0.044128,0.045312,0.04458730000000001,0.044528,0.0003425557034994453,20,0.20556699999999997,0.20854499999999998,0.2069493,0.20699399999999996,0.0009313351759705037,20.0,0.451745,0.456354,0.4533967,0.4526255,0.0014472803494831152,20,0.08912,0.090912,0.0902112,0.09027199999999999,0.0005210107100626642,20,0.21715299999999998,0.220705,0.21871614999999997,0.218305,0.0010591478308055028,20,0.12230400000000001,0.124256,0.12333445000000001,0.123296,0.00044676979251063916,20,0.021312,0.022432,0.021744000000000003,0.0216,0.00036716426841401563,20,0.059488,0.060544,0.059880199999999995,0.0598085,0.00029427089560471286,20,16,16,2048,10944,102400,True,False,False,4064,1,2048,10944,generic,generic,2816,,KERNEL_ONLY,BF16,none
0.010816000000000001,0.013664,0.012652,0.01264,0.0005102374797232027,21.0,0.202114,0.20492900000000003,0.20367264999999998,0.2037775,0.0007682408655493399,20.0,0.016736,0.068544,0.04211855,0.0419685,0.02498945855550896,40,0.06780800000000001,0.06899300000000001,0.0684615,0.06846549999999998,0.00034502746267507466,20,0.044416,0.044961,0.044747350000000005,0.044784,0.00014149850705926298,20,0.203968,0.206913,0.20538970000000006,0.2054245,0.000601069139117953,20.0,0.459745,0.462337,0.46113885000000004,0.4611055,0.0006961368597481383,20,0.08822400000000001,0.089792,0.08916189999999999,0.08921599999999999,0.0004106364450459786,20,0.21824100000000002,0.219841,0.21893820000000003,0.21880100000000002,0.0005149747178260332,20,0.11801600000000001,0.119424,0.11857314999999999,0.118576,0.0003256406416588672,20,0.021056000000000002,0.022432,0.021432,0.021296000000000002,0.00041610767837183644,20,0.05964800000000001,0.060384,0.060028950000000005,0.06,0.00014525166952568692,20,16,16,2048,10944,102400,True,False,False,4032,1,2048,10944,generic,generic,2816,,KERNEL_ONLY,BF16,none
0.010784,0.013408,0.012513523809523808,0.012513,0.0004705946207216507,21.0,0.19971500000000003,0.203169,0.2015128,0.20147500000000002,0.0007261462387150355,20.0,0.016672,0.067777,0.041748125000000004,0.0416315,0.02478524325398835,40,0.06716699999999999,0.068544,0.06778909999999999,0.06769750000000001,0.000351366745723043,20,0.044128,0.04464,0.044302549999999996,0.044272000000000006,0.00014035258280487622,20,0.201278,0.20467300000000002,0.20335925000000002,0.2033595,0.0008587485007264973,20.0,0.457793,0.461921,0.4588316499999999,0.458642,0.0008822154087863108,20,0.08652800000000001,0.08777599999999999,0.087293,0.0873755,0.0003771738326024207,20,0.216513,0.218849,0.21743584999999999,0.21739250000000002,0.0006270076773852105,20,0.11427200000000001,0.115776,0.11515070000000001,0.115152,0.0002950122200858796,20,0.021472,0.022816,0.02175535,0.021616000000000003,0.0003503657053708305,20,0.059264000000000004,0.059969,0.059539449999999994,0.0594885,0.00018292607113257512,20,16,16,2048,10944,102400,True,False,False,4000,1,2048,10944,generic,generic,2816,,KERNEL_ONLY,BF16,none
0.010464000000000001,0.013023999999999999,0.012321523809523812,0.012223000000000001,0.0005531479281218428,21.0,0.19737600000000002,0.200449,0.19906334999999997,0.19904149999999998,0.0008255313607004838,20.0,0.016512000000000002,0.068416,0.041605725,0.0412,0.024825471132475515,40,0.066176,0.06796799999999999,0.06673475,0.066638,0.0004834567069552338,20,0.043776,0.044736,0.0441345,0.044032,0.0003136307542317861,20,0.19926300000000005,0.20284999999999997,0.20078765,0.20072049999999997,0.0010507472234081666,20.0,0.455681,0.460289,0.4577692,0.457137,0.0014873687370655564,20,0.087232,0.08819199999999999,0.0877602,0.08780850000000001,0.000266095208525068,20,0.215008,0.217921,0.21661015000000003,0.216369,0.0010161806569208068,20,0.118976,0.12073600000000001,0.11989625,0.119856,0.0004850181311043942,20,0.020544,0.02176,0.02122575,0.021424000000000002,0.0004101057028376958,20,0.05888,0.06,0.05931200000000001,0.059328000000000006,0.000253361599300288,20,16,16,2048,10944,102400,True,False,False,3968,1,2048,10944,generic,generic,2816,,KERNEL_ONLY,BF16,none
0.01072,0.013472,0.012620190476190476,0.012576,0.0005346885714887923,21.0,0.196576,0.19904200000000002,0.19819910000000002,0.19836750000000003,0.0006880510809525744,20.0,0.01712,0.068416,0.042158575000000004,0.042016,0.02479071750059637,40,0.066717,0.06781200000000001,0.06728304999999998,0.0672805,0.00026772177255502067,20,0.04432,0.04512,0.04458895,0.0445285,0.0002073811647667161,20,0.19849400000000003,0.201152,0.20005959999999998,0.20012950000000002,0.0006695657846694321,20.0,0.45766500000000004,0.460865,0.45916579999999996,0.459233,0.0008678319307331299,20,0.084928,0.086336,0.08576494999999999,0.085776,0.00035297768697185297,20,0.217057,0.219169,0.21817340000000002,0.2181285,0.0005371154810652903,20,0.114368,0.11571200000000001,0.11497795,0.1149605,0.00028046202505865387,20,0.020992,0.02208,0.02143045,0.02128,0.0003635977825839973,20,0.059232,0.059808,0.0594595,0.059424,0.0001661542957615008,20,16,16,2048,10944,102400,True,False,False,3936,1,2048,10944,generic,generic,2816,,KERNEL_ONLY,BF16,none
0.01008,0.012609,0.012152428571428573,0.012256000000000001,0.00048631476887070664,21.0,0.19465600000000002,0.19651400000000002,0.19554755000000001,0.19559900000000002,0.0005269665525439077,20.0,0.016544,0.069696,0.0420234,0.04156800000000001,0.025245733545294344,40,0.065471,0.067711,0.0660785,0.065856,0.000559321508615575,20,0.043616,0.044768999999999996,0.043912150000000004,0.043776,0.0003461944937459277,20,0.195008,0.198623,0.19622925000000002,0.19630499999999998,0.0008166291003264584,20.0,0.459009,0.472034,0.46516625000000006,0.465266,0.0042281174164750975,20,0.08499200000000001,0.086496,0.08572969999999999,0.0857925,0.00044889264863661805,20,0.214976,0.217825,0.21601200000000004,0.2158885,0.0007411002631223387,20,0.11932899999999999,0.123041,0.1216645,0.1216805,0.0009626780614514917,20,0.020224,0.021504000000000002,0.020516750000000004,0.020448,0.00030814020753546623,20,0.05856,0.059457,0.05893155,0.05888,0.0002068945323105476,20,16,16,2048,10944,102400,True,False,False,3904,1,2048,10944,generic,generic,2816,,KERNEL_ONLY,BF16,none
0.009696,0.013087999999999999,0.01215847619047619,0.012192,0.0006221100514376644,21.0,0.19350399999999998,0.19577599999999995,0.19462,0.19465800000000003,0.0006079116712154785,20.0,0.017088000000000002,0.071424,0.042932975,0.041999999999999996,0.025675873225157797,40,0.06611199999999999,0.06713600000000002,0.06661825,0.0666255,0.0002401697056250049,20,0.044288,0.045056,0.04458245000000001,0.044576500000000005,0.0002083999700095939,20,0.19503999999999996,0.19712,0.19618639999999998,0.196241,0.0005822896530078536,20.0,0.45776100000000003,0.461378,0.45935635,0.4591535,0.0009527732823185193,20,0.083008,0.084544,0.0839873,0.084032,0.0003977481741001448,20,0.216705,0.2184,0.21750935,0.2174565,0.00048406025193151295,20,0.11433600000000001,0.119169,0.11598100000000003,0.115345,0.0014443271097642667,20,0.020800000000000003,0.021665,0.021080050000000003,0.021024,0.00023975518242574007,20,0.058817,0.060096,0.059325,0.059296,0.0002877347737066193,20,16,16,2048,10944,102400,True,False,False,3872,1,2048,10944,generic,generic,2816,,KERNEL_ONLY,BF16,none
0.009984,0.012928,0.011943571428571427,0.011969,0.0004920804784574488,21.0,0.190944,0.194464,0.19246059999999998,0.192608,0.0009097518562772968,20.0,0.016449000000000002,0.068288,0.0415,0.041264,0.02469097428920131,40,0.06499300000000001,0.066208,0.06571724999999999,0.065824,0.0003899734446087314,20,0.043424,0.04464,0.04390240000000001,0.044048,0.000349643160951275,20,0.19203299999999998,0.195585,0.1936104,0.1937265,0.0010172968789886345,20.0,0.434273,0.437761,0.43604755000000006,0.4360175,0.001097710912535724,20,0.08425700000000001,0.085952,0.08509465,0.085072,0.0004985715871366908,20,0.211009,0.214656,0.2128437,0.2128325,0.0011905418976247777,20,0.108864,0.11017600000000001,0.10955524999999999,0.1095515,0.0003508492375650849,20,0.019552,0.021089,0.019934550000000002,0.01984,0.00033413956290747715,20,0.057952,0.059456,0.0585665,0.058576,0.0004200413670104419,20,16,16,2048,10944,102400,True,False,False,3840,1,2048,10944,generic,generic,2816,,KERNEL_ONLY,BF16,none
0.009856,0.012705000000000001,0.011847809523809524,0.011840999999999999,0.0005120775256640829,21.0,0.190114,0.192832,0.19147745,0.19177849999999996,0.0008497074481843703,20.0,0.016928000000000002,0.06425600000000001,0.040216075000000004,0.0400645,0.022958912165417924,40,0.065504,0.06691099999999998,0.0661852,0.0660145,0.00047710445397208513,20,0.042272,0.043137,0.042661,0.0426565,0.00029214397135659013,20,0.19244799999999995,0.19548700000000002,0.19394920000000002,0.19373,0.0008197990973403289,20.0,0.42556900000000003,0.429442,0.4278155,0.4279855,0.0009687399805933417,20,0.084032,0.085825,0.08509625,0.0851845,0.00042169501716287836,20,0.20864,0.21091200000000002,0.20985485,0.2101125,0.0007574815690827067,20,0.11023999999999999,0.111008,0.11071400000000002,0.11078400000000001,0.00018599677416557598,20,0.019296,0.020384,0.01961445,0.019488,0.00034381528107400904,20,0.056799999999999996,0.057696,0.057224,0.0571835,0.00021998590863962222,20,16,16,2048,10944,102400,True,False,False,3808,1,2048,10944,generic,generic,2816,,KERNEL_ONLY,BF16,none
0.009856,0.013087999999999999,0.012147952380952379,0.012096,0.0006087199274817431,21.0,0.18640199999999998,0.19126400000000002,0.1900646,0.19032100000000002,0.0010438920633858695,20.0,0.016448,0.067968,0.042176875,0.04198400000000001,0.025180681470313212,40,0.065568,0.066688,0.06612370000000001,0.06605150000000001,0.00034511608192027186,20,0.044161,0.045344,0.0447921,0.04488,0.00037949689063284883,20,0.189953,0.193375,0.19188809999999995,0.191795,0.0008259955750486795,20.0,0.436321,0.43984100000000004,0.43779155000000003,0.43785700000000005,0.0008600472356214007,20,0.082944,0.084928,0.0838434,0.08392050000000001,0.0005123762679906236,20,0.213697,0.216384,0.21517650000000002,0.215184,0.0007669275389500629,20,0.10851300000000001,0.11017600000000001,0.10926110000000003,0.1093125,0.00041602486704522774,20,0.019232,0.020416,0.0196081,0.019488,0.0003451634250612309,20,0.05872,0.060096,0.059468900000000005,0.0596005,0.00044729239877288213,20,16,16,2048,10944,102400,True,False,False,3776,1,2048,10944,generic,generic,2816,,KERNEL_ONLY,BF16,none
0.009023999999999999,0.012416,0.01159004761904762,0.011712,0.0006124524064067174,21.0,0.18585600000000002,0.188484,0.1874322,0.1875685,0.0006566374646637246,20.0,0.01648,0.063872,0.040070499999999995,0.040128,0.022905641845405684,40,0.064864,0.06627200000000001,0.06539995000000001,0.06536,0.0002997618179488518,20,0.04224,0.042881,0.0425313,0.04256,0.0001653859425707033,20,0.189216,0.191808,0.19027875000000002,0.190112,0.0006700214082400704,20.0,0.41507299999999997,0.417441,0.4161467,0.4159855,0.0007071229808173366,20,0.082208,0.08368,0.08319695000000002,0.083232,0.0003094621907438787,20,0.207744,0.21072100000000002,0.2094694,0.2095205,0.0006335628145653756,20,0.109984,0.11087999999999999,0.11039240000000002,0.11036900000000001,0.00019718072928153933,20,0.018911999999999998,0.019872,0.019198399999999997,0.019104,0.0002954223078916015,20,0.056896,0.062496,0.05879859999999999,0.057471999999999995,0.002125851885715467,20,16,16,2048,10944,102400,True,False,False,3744,1,2048,10944,generic,generic,2816,,KERNEL_ONLY,BF16,none
0.008896000000000001,0.012480000000000002,0.011690904761904763,0.011776,0.0006591678668169367,21.0,0.183681,0.185984,0.18462910000000002,0.184448,0.000651209943105907,20.0,0.015872,0.07222400000000001,0.042566425000000005,0.040768,0.0258717307131621,40,0.06371199999999999,0.06476699999999999,0.06417465,0.06409550000000001,0.00031334793361373873,20,0.043616,0.044351999999999996,0.0438881,0.043856,0.00021242266828189305,20,0.18463799999999997,0.18799700000000003,0.18629754999999998,0.186432,0.0007762914707118745,20.0,0.421089,0.431649,0.42540425000000004,0.424145,0.003210358233515386,20,0.08144,0.083104,0.08226105,0.0823845,0.0005013920098086937,20,0.211617,0.214944,0.21261020000000003,0.21236850000000002,0.0007810919024032962,20,0.112545,0.11763200000000001,0.11428829999999998,0.1137605,0.001329718244591691,20,0.019456,0.020288,0.019663849999999997,0.0196315,0.00020634371204376482,20,0.05808,0.059103,0.05846239999999999,0.058416,0.00030236524271152614,20,16,16,2048,10944,102400,True,False,False,3712,1,2048,10944,generic,generic,2816,,KERNEL_ONLY,BF16,none
0.008896000000000001,0.012544000000000001,0.011733285714285715,0.011776,0.0006924404834563413,21.0,0.18112100000000003,0.18368099999999998,0.1823303,0.18239900000000003,0.0007250322820399078,20.0,0.016224,0.063296,0.039290375,0.039264,0.02250127488908962,40,0.06345599999999998,0.06435300000000001,0.06388020000000001,0.063904,0.000242582893048956,20,0.041888,0.045728000000000005,0.043032150000000005,0.042928,0.0010327033589080656,20,0.18403099999999994,0.187648,0.18562784999999998,0.18556850000000003,0.0008879118354318814,20.0,0.407777,0.411361,0.40887485,0.40857699999999997,0.0009629218179582328,20,0.081344,0.082849,0.08216995,0.0823205,0.00043228757500071566,20,0.206176,0.207681,0.20694625000000003,0.20696000000000003,0.00043857814298024365,20,0.10873600000000001,0.11027200000000001,0.10943875,0.109456,0.00032213100983916537,20,0.018463999999999998,0.019616,0.0188304,0.0187035,0.00033586789069513657,20,0.056384000000000004,0.060737000000000006,0.057221,0.0567365,0.0011518031515845065,20,16,16,2048,10944,102400,True,False,False,3680,1,2048,10944,generic,generic,2816,,KERNEL_ONLY,BF16,none
0.008896000000000001,0.012384000000000001,0.011529238095238096,0.011585000000000002,0.0006672600624417028,21.0,0.178336,0.18150400000000003,0.1799671,0.17998599999999998,0.0009245374465104161,20.0,0.01616,0.073312,0.043004074999999996,0.040224,0.026515481228319714,40,0.062496,0.064066,0.0631333,0.0631205,0.00040418722147044547,20,0.043456,0.044256000000000004,0.043760200000000006,0.0437765,0.0001750892915057921,20,0.180544,0.18445000000000003,0.1823633,0.182319,0.0007964576636582759,20.0,0.411041,0.41395299999999996,0.41236575000000003,0.412449,0.0007393601879327744,20,0.08016,0.08144,0.0810049,0.08104050000000002,0.00031197450216323874,20,0.211073,0.213057,0.21181825,0.211793,0.00044040479958783256,20,0.112193,0.11792100000000001,0.11344029999999998,0.112976,0.0012822793026482204,20,0.018976,0.019968,0.0193505,0.019232,0.00031715650710650747,20,0.057984,0.058688000000000004,0.058318350000000005,0.058368,0.00022508804388505466,20,16,16,2048,10944,102400,True,False,False,3648,1,2048,10944,generic,generic,2816,,KERNEL_ONLY,BF16,none
0.008961,0.012224,0.011293190476190476,0.011328,0.0005802501610797765,21.0,0.176864,0.179552,0.17813820000000002,0.178209,0.0006543594272263593,20.0,0.016192,0.0632,0.039424875,0.039232500000000003,0.02266195665447657,40,0.06294399999999999,0.06435100000000002,0.06340515,0.063376,0.00034639764361207983,20,0.042048,0.046113,0.043257699999999996,0.043008000000000005,0.0011568697895614696,20,0.18012699999999998,0.184192,0.18228970000000003,0.18225750000000002,0.0009800728595364728,20.0,0.40825700000000004,0.41193799999999997,0.4100651,0.410065,0.0008657798161195345,20,0.079649,0.081024,0.08052814999999999,0.0806405,0.0004012124468408241,20,0.20630500000000002,0.218305,0.20981825000000004,0.2077445,0.003565897080329154,20,0.10787300000000001,0.109185,0.10858120000000002,0.10860800000000001,0.00033723902502527816,20,0.01808,0.019264,0.01832645,0.018272,0.0002831791791428178,20,0.056512,0.064288,0.05957935000000001,0.059152,0.002394424383333079,20,16,16,2048,10944,102400,True,False,False,3616,1,2048,10944,generic,generic,2816,,KERNEL_ONLY,BF16,none
0.008320000000000001,0.012352,0.011419571428571428,0.011519999999999999,0.0007506180038842007,21.0,0.17404800000000004,0.17657800000000004,0.17555555,0.17564800000000003,0.0006669017525093163,20.0,0.016288,0.06688,0.0412297,0.041312,0.024610334602763937,40,0.06262399999999999,0.06377500000000001,0.06321125,0.0632315,0.00029572417469662753,20,0.043649,0.044064,0.043851299999999996,0.043856000000000006,9.491264404703975e-05,20,0.176098,0.179875,0.17811565000000001,0.178336,0.0008861614003667751,20.0,0.412193,0.415009,0.4134683,0.413473,0.0006440649113249461,20,0.079296,0.080896,0.0800642,0.08008,0.0004804699366245497,20,0.211456,0.21273599999999998,0.21217024999999995,0.212145,0.0003418742276042467,20,0.108416,0.109312,0.108845,0.1088325,0.0002829572405859248,20,0.018368,0.019264,0.018624099999999998,0.018528,0.0002609093520746236,20,0.058272,0.0592,0.05859225,0.058592500000000006,0.00019200882141193464,20,16,16,2048,10944,102400,True,False,False,3584,1,2048,10944,generic,generic,2816,,KERNEL_ONLY,BF16,none
0.008128,0.012256000000000001,0.011245809523809523,0.011295999999999999,0.0007524486768796052,21.0,0.17366600000000004,0.175456,0.1745539,0.1745765,0.0004779247744153833,20.0,0.016608,0.058496000000000006,0.03756475,0.037536,0.020307048689740714,40,0.06278600000000001,0.06358400000000002,0.06316815,0.06315200000000001,0.00022966285616094,20,0.039168,0.039617,0.03928985,0.0392485,0.00011576885375609374,20,0.17612899999999995,0.17952,0.17748415,0.177425,0.0008993896416459386,20.0,0.40825700000000004,0.410433,0.40954335,0.40969700000000003,0.0005803045127344718,20,0.077984,0.079649,0.07892175,0.079088,0.000497810694441172,20,0.19289599999999998,0.195009,0.19389174999999997,0.193888,0.0004692965879910083,20,0.107744,0.108865,0.10819235000000002,0.1081445,0.00027478032589688817,20,0.017792000000000002,0.018591999999999997,0.018086450000000007,0.017984000000000003,0.00023110202833380615,20,0.052512,0.053408000000000004,0.05285445,0.052832500000000004,0.00020764235478341162,20,16,16,2048,10944,102400,True,False,False,3552,1,2048,10944,generic,generic,2816,,KERNEL_ONLY,BF16,none
0.008480000000000001,0.011553,0.011146666666666668,0.011295999999999999,0.0006119338847989044,21.0,0.17014400000000005,0.17318400000000003,0.17160215,0.17141000000000003,0.0007261436686358988,20.0,0.016128,0.055808,0.035341625,0.035168000000000005,0.01855449254586002,40,0.06140800000000001,0.06272,0.06201329999999999,0.06195450000000001,0.00033586814377073557,20,0.043424,0.044609,0.043684900000000006,0.043616,0.00025282126097304463,20,0.172639,0.17558800000000002,0.1742723,0.174369,0.0008153677145926303,20.0,0.410689,0.413441,0.4118471,0.41166500000000006,0.0006736229583379716,20,0.077696,0.079168,0.07845605,0.0785915,0.0004933616802103712,20,0.210272,0.212416,0.21122110000000002,0.211009,0.0005288870295252089,20,0.107616,0.108416,0.10796975,0.107952,0.00021599325799663045,20,0.017856,0.01968,0.018292949999999995,0.0181605,0.00042320260809687837,20,0.057792,0.058335000000000005,0.05807520000000001,0.05808,0.0001322042359381882,20,16,16,2048,10944,102400,True,False,False,3520,1,2048,10944,generic,generic,2816,,KERNEL_ONLY,BF16,none
0.007872,0.011712,0.010902904761904763,0.01104,0.0007016799504293015,21.0,0.16959799999999997,0.17267400000000002,0.17086969999999999,0.1709135,0.0007637711764658349,20.0,0.014688000000000001,0.056192,0.035264075,0.03536,0.020293535367682365,40,0.06211199999999999,0.06288,0.062499250000000006,0.062448000000000004,0.00025982818842458445,20,0.039104,0.039904,0.03944165000000001,0.039408,0.00019631537764525764,20,0.17235199999999998,0.176129,0.17415740000000002,0.17414450000000004,0.0008099393434078936,20.0,0.389153,0.392065,0.39070820000000006,0.39092899999999997,0.0008512256222647403,20,0.077184,0.078721,0.07792985,0.0780805,0.0004781221888806238,20,0.19296100000000002,0.195072,0.1937062,0.19366450000000002,0.0005228802539779038,20,0.103712,0.104801,0.1041154,0.10416,0.0002615122176878184,20,0.018144,0.019168,0.018456149999999998,0.018303999999999997,0.00033023041577056515,20,0.052000000000000005,0.053344,0.052588899999999994,0.052528500000000006,0.00032358521288835174,20,16,16,2048,10944,102400,True,False,False,3488,1,2048,10944,generic,generic,2816,,KERNEL_ONLY,BF16,none
0.008352,0.011904,0.011037,0.011136,0.0006437250226314841,21.0,0.16739099999999998,0.170144,0.16877365000000005,0.16885099999999997,0.0007460298435719579,20.0,0.016288,0.058464,0.0371081,0.0364485,0.019746274162231216,40,0.062272,0.062977,0.06260580000000002,0.062623,0.00020317593361419636,20,0.043936,0.044737000000000006,0.044245099999999996,0.044192,0.00022286832435319413,20,0.170082,0.17305800000000005,0.17129005,0.171248,0.0008481139944017018,20.0,0.390722,0.393281,0.39182210000000006,0.391554,0.000659385160585219,20,0.075297,0.07673600000000001,0.0760915,0.076224,0.00040542638049342785,20,0.211904,0.214369,0.21308075000000004,0.2129925,0.0006592572999216591,20,0.099169,0.10031999999999999,0.09973470000000001,0.09976,0.00030643271692167647,20,0.01856,0.019808,0.018950350000000005,0.018848,0.0003162197455884119,20,0.058528,0.059136,0.05888659999999999,0.05896,0.00020334365001150204,20,16,16,2048,10944,102400,True,False,False,3456,1,2048,10944,generic,generic,2816,,KERNEL_ONLY,BF16,none
0.00784,0.011488,0.010780999999999999,0.010881,0.0006781220567195289,21.0,0.16476799999999997,0.16787100000000005,0.16643065000000004,0.16655950000000003,0.0007900421048906265,20.0,0.014752000000000001,0.055456000000000005,0.035152925,0.035344,0.019863535038340357,40,0.060927000000000016,0.06227,0.06138555,0.061392,0.00029764584240334963,20,0.038880000000000005,0.039392,0.0391313,0.039152000000000006,0.00014395697273838484,20,0.16684800000000002,0.17046499999999998,0.1687766,0.16883399999999998,0.0008744888449831678,20.0,0.390401,0.392994,0.39162044999999995,0.391521,0.000663974357562101,20,0.07424,0.07568000000000001,0.075045,0.0752,0.00048241807594658244,20,0.19161699999999998,0.193856,0.19261495,0.192624,0.0005759168755124312,20,0.09827200000000001,0.09990399999999999,0.09909935,0.09918450000000001,0.0003828076899697776,20,0.017472,0.018463999999999998,0.017819250000000002,0.017792000000000002,0.0002566801268115618,20,0.051937,0.052832000000000004,0.052328200000000005,0.052351999999999996,0.0002767760105211445,20,16,16,2048,10944,102400,True,False,False,3424,1,2048,10944,generic,generic,2816,,KERNEL_ONLY,BF16,none
0.008095000000000001,0.011776,0.010841857142857143,0.01088,0.0006867710705914745,21.0,0.16476799999999997,0.16684900000000003,0.16556669999999998,0.165631,0.0005172689919181356,20.0,0.016800000000000002,0.060224,0.03800005,0.037424,0.0205370132236287,40,0.06048200000000001,0.061952999999999994,0.06144845,0.0614875,0.000341205579526478,20,0.043329,0.044609,0.044352249999999996,0.0443845,0.0002596248976889548,20,0.165184,0.16854200000000003,0.166994,0.1670565,0.0008118826269849675,20.0,0.38793700000000003,0.395681,0.39320895000000006,0.3932645,0.0015133483893340588,20,0.073504,0.075136,0.07456325,0.0748,0.0005064251055190678,20,0.209921,0.21500899999999998,0.21362945,0.2137605,0.0010837921145219673,20,0.099616,0.102336,0.10060505,0.1004645,0.000726236013634687,20,0.018144,0.0192,0.0184337,0.0183195,0.00028814529321160215,20,0.058336,0.05936,0.058982599999999996,0.058976,0.00020804215918894943,20,16,16,2048,10944,102400,True,False,False,3392,1,2048,10944,generic,generic,2816,,KERNEL_ONLY,BF16,none
0.007968,0.011936,0.010910571428571427,0.010912000000000002,0.0007219515596089316,21.0,0.16108900000000004,0.164929,0.16287525,0.16289550000000003,0.000778995049727526,20.0,0.014464000000000001,0.055552000000000004,0.034866524999999995,0.034784,0.02017756788612976,40,0.06108800000000001,0.062015,0.0614962,0.061505500000000005,0.00020910370632774397,20,0.038528,0.03904,0.038827299999999995,0.038816,0.00013551830134708745,20,0.16307199999999997,0.16591899999999998,0.16458599999999998,0.1645605,0.0007261571455270574,20.0,0.380801,0.383425,0.38237065,0.382369,0.0006490046436659657,20,0.073632,0.07494400000000001,0.07437615,0.074432,0.00039173170346552355,20,0.186432,0.18828899999999998,0.1873332,0.187185,0.0004708177566744891,20,0.09504000000000001,0.09616,0.09563075000000001,0.0955685,0.0002858257992204312,20,0.017952000000000003,0.018911999999999998,0.018321649999999995,0.018208,0.0002649538214481909,20,0.05139200000000001,0.052128,0.051724950000000006,0.05171200000000001,0.00020365963640348595,20,16,16,2048,10944,102400,True,False,False,3360,1,2048,10944,generic,generic,2816,,KERNEL_ONLY,BF16,none
0.007839,0.011488,0.010457809523809524,0.010528000000000001,0.0006284080126681132,21.0,0.15881800000000001,0.161218,0.16036394999999998,0.1604815,0.000675689460847206,20.0,0.01536,0.056353,0.03578745,0.0356485,0.02022340185892324,40,0.06060400000000001,0.06179199999999999,0.06114365000000001,0.061152000000000005,0.0002901730992011504,20,0.040128000000000004,0.043648000000000006,0.0415889,0.041232000000000005,0.000905887515092245,20,0.16339199999999998,0.16608100000000003,0.16464885,0.164801,0.0006688858852599665,20.0,0.368801,0.370593,0.369609,0.36950550000000004,0.000484446281851771,20,0.073825,0.074912,0.0743589,0.074448,0.00033229999999999935,20,0.203776,0.219392,0.21139555,0.21,0.005071383297237546,20,0.092641,0.099041,0.09372375,0.09323300000000001,0.001399640592259314,20,0.018208,0.019104,0.01855205,0.018448,0.00029298113847140437,20,0.05328,0.056864,0.054675249999999995,0.054512500000000005,0.0009533187753841835,20,16,16,2048,10944,102400,True,False,False,3328,1,2048,10944,generic,generic,2816,,KERNEL_ONLY,BF16,none
0.007744,0.011136,0.010495952380952384,0.01056,0.0006444512228903032,21.0,0.158209,0.16006399999999998,0.1590297,0.1590255,0.0004794086044284131,20.0,0.014465,0.055648,0.03499685,0.034976,0.02021526771347587,40,0.06054600000000001,0.06153600000000001,0.06107695,0.061167000000000006,0.0002691643503512318,20,0.038688,0.03936,0.03910745,0.039136000000000004,0.00017471676364905594,20,0.159711,0.162303,0.16108515000000004,0.16104200000000002,0.000643801854222246,20.0,0.380801,0.385825,0.38279005,0.3828975,0.0011844014300481044,20,0.071937,0.073088,0.072605,0.072752,0.00037622652750703486,20,0.18672,0.188992,0.1879078,0.187856,0.0006124852324750365,20,0.095553,0.09804900000000001,0.09650430000000002,0.096448,0.0006270019218471362,20,0.017472,0.018784,0.017862450000000002,0.017792000000000002,0.0003439583514031884,20,0.0512,0.052031999999999995,0.05149285,0.05139200000000001,0.00023967754901116502,20,16,16,2048,10944,102400,True,False,False,3296,1,2048,10944,generic,generic,2816,,KERNEL_ONLY,BF16,none
0.007584,0.01024,0.010002380952380954,0.010144,0.000546002570741417,21.0,0.154078,0.15804900000000002,0.1557509,0.1558405,0.0009798523307111187,20.0,0.015295999999999999,0.056928,0.035568125000000006,0.035585,0.019928190308188425,40,0.059393,0.06032299999999999,0.05991535,0.05995149999999999,0.00031203930441532434,20,0.040223999999999996,0.045152000000000005,0.0432737,0.043568,0.0011916880925812768,20,0.159716,0.16246,0.16080245,0.160835,0.000662133406119938,20.0,0.370241,0.37244900000000003,0.37123950000000006,0.3711215,0.0006507173349465974,20,0.070753,0.072256,0.07172495,0.071872,0.0004738899107387704,20,0.20777600000000002,0.227361,0.2172614,0.2186085,0.00602596198461292,20,0.097696,0.100736,0.09856825,0.09860850000000002,0.0007037085955848503,20,0.016672,0.017216000000000002,0.016852850000000003,0.016800500000000003,0.00013806892300586692,20,0.0544,0.064864,0.05736325,0.056831999999999994,0.002253395834623825,20,16,16,2048,10944,102400,True,False,False,3264,1,2048,10944,generic,generic,2816,,KERNEL_ONLY,BF16,none
0.007424000000000001,0.011328,0.010515809523809524,0.010496,0.0007551408962853422,21.0,0.15292700000000004,0.15552000000000002,0.15437945000000003,0.15435200000000002,0.0006666584939082352,20.0,0.014751,0.056128000000000004,0.035230375,0.035408499999999996,0.020026486001901957,40,0.05951800000000001,0.06067099999999999,0.06023015,0.060193,0.0003117169028140739,20,0.038816,0.039296,0.0389952,0.0389125,0.00014586418340360225,20,0.15616,0.158848,0.1575105,0.1575515,0.0007240759283390097,20.0,0.37152100000000005,0.374241,0.37281065,0.372865,0.000846169561908246,20,0.070081,0.07158400000000001,0.07088505,0.0710085,0.00046357949426177147,20,0.186689,0.18864,0.1872566,0.1871205,0.00047326973281628716,20,0.097344,0.0984,0.09775055000000002,0.0977285,0.0002626702257584597,20,0.016416,0.017568,0.016736199999999996,0.016736,0.0002399803325274802,20,0.050753,0.051712,0.05111855,0.05108800000000001,0.00021076538496631752,20,16,16,2048,10944,102400,True,False,False,3232,1,2048,10944,generic,generic,2816,,KERNEL_ONLY,BF16,none
0.007136,0.01104,0.010057190476190477,0.010112,0.0007362097668882681,21.0,0.150656,0.153664,0.15211100000000002,0.1522575,0.0007267554609357922,20.0,0.015039,0.055808,0.03547285,0.035472500000000004,0.01982445147608125,40,0.05885,0.059904,0.05928079999999999,0.0592685,0.00025907307849330817,20,0.041248,0.047232,0.043967950000000006,0.043983999999999995,0.0014408908520425832,20,0.155584,0.15856,0.1570295,0.156931,0.0007084119211306358,20.0,0.36921800000000005,0.371842,0.3706234,0.370801,0.0007779342131568734,20,0.069088,0.070304,0.0697173,0.06987299999999999,0.00044871863121559793,20,0.212928,0.24019200000000002,0.22460524999999998,0.2222885,0.00857898954932922,20,0.097792,0.100288,0.09867069999999999,0.098593,0.0005726390748106514,20,0.016416,0.017761,0.016769700000000002,0.016624,0.0003528315603797369,20,0.053183999999999995,0.062848,0.058187449999999995,0.057424,0.003332155630744159,20,16,16,2048,10944,102400,True,False,False,3200,1,2048,10944,generic,generic,2816,,KERNEL_ONLY,BF16,none
0.007168,0.010848000000000002,0.010304047619047619,0.010433,0.0007274200644149011,21.0,0.14985800000000002,0.15245000000000003,0.1510117,0.15094399999999997,0.0006615825043031328,20.0,0.01472,0.050657,0.032568825,0.03264,0.017662283154914457,40,0.05926399999999999,0.060191,0.05979850000000001,0.059775999999999996,0.0002296104309477282,20,0.035265000000000005,0.036351999999999995,0.0355297,0.0354565,0.000221880170362291,20,0.15296200000000001,0.154946,0.15396569999999998,0.153954,0.000553083185425129,20.0,0.37180900000000006,0.375329,0.37353695000000003,0.37384100000000003,0.0008921435688833846,20,0.068288,0.0696,0.06885609999999999,0.069024,0.0004693161940525782,20,0.1712,0.212673,0.17616525,0.172592,0.00925191915699116,20,0.099008,0.10105599999999999,0.10042095,0.10057650000000001,0.0004901473732460472,20,0.016224,0.016800000000000002,0.0164273,0.016399999999999998,0.00013999003535966457,20,0.046560000000000004,0.04768,0.046947300000000004,0.0468965,0.00025512743874385555,20,16,16,2048,10944,102400,True,False,False,3168,1,2048,10944,generic,generic,2816,,KERNEL_ONLY,BF16,none
0.007072,0.011104,0.010220238095238096,0.010336,0.0007673110069625586,21.0,0.14892899999999998,0.15101,0.1498888,0.149874,0.0005842179901372512,20.0,0.014944,0.057375999999999996,0.035824875,0.035152,0.01994541251038381,40,0.0592,0.06022800000000002,0.059645149999999994,0.059567999999999996,0.0002998613471256338,20,0.035168,0.038304000000000005,0.035588949999999994,0.035328000000000005,0.0007632089147147072,20,0.1504,0.153248,0.15201965,0.1520165,0.0007722385172341437,20.0,0.374721,0.378081,0.37621550000000004,0.37614400000000003,0.0008979851056671171,20,0.06729600000000001,0.068704,0.06792665,0.06816,0.0004845080262493052,20,0.1712,0.194433,0.1778519,0.17555300000000001,0.006878568215115699,20,0.098464,0.10128100000000001,0.1001604,0.10030450000000002,0.0006820934246860919,20,0.015968,0.016256,0.016102449999999997,0.016096,7.76256884027449e-05,20,0.046368000000000006,0.047584,0.04681774999999999,0.046688,0.000356960904722071,20,16,16,2048,10944,102400,True,False,False,3136,1,2048,10944,generic,generic,2816,,KERNEL_ONLY,BF16,none
0.007201,0.010848000000000002,0.010055666666666666,0.010112,0.0006854922689525033,21.0,0.145984,0.149057,0.14720230000000004,0.14719950000000004,0.0007456951186644561,20.0,0.014240000000000001,0.049984,0.03214085,0.0322075,0.01760516087337744,40,0.05859199999999999,0.05939199999999999,0.05893229999999999,0.0589595,0.00023690485431919684,20,0.034944,0.038336,0.0354911,0.0351995,0.0008647627940655169,20,0.148096,0.15078400000000003,0.14977175,0.14993650000000003,0.0007989219533220996,20.0,0.369633,0.375169,0.37129379999999995,0.370897,0.001213050188574233,20,0.066528,0.06790500000000001,0.0670819,0.06729650000000001,0.00043872347783085406,20,0.170464,0.22726400000000002,0.18643225,0.182928,0.016677901648214026,20,0.094592,0.097312,0.09606725,0.09625600000000001,0.000860378920883118,20,0.016416,0.017056,0.016592000000000003,0.016528,0.00016609425035202168,20,0.045984000000000004,0.048159999999999994,0.046633749999999995,0.046385,0.0005752282047153109,20,16,16,2048,10944,102400,True,False,False,3104,1,2048,10944,generic,generic,2816,,KERNEL_ONLY,BF16,none
0.00688,0.010816000000000001,0.010055714285714284,0.010176000000000001,0.0007628627875660613,21.0,0.14412699999999998,0.14671900000000002,0.14546745,0.1455045,0.0006931965431968103,20.0,0.014848000000000002,0.050657,0.0324826,0.03272,0.017391847466269938,40,0.05766399999999999,0.059295999999999995,0.058462749999999994,0.05844749999999999,0.0004218293345655317,20,0.034848,0.035391,0.0349984,0.034928,0.00017159265718555815,20,0.146208,0.149954,0.14775285,0.1475035,0.001089922211673843,20.0,0.340801,0.343969,0.34226815000000005,0.342145,0.000718588983703476,20,0.068449,0.069824,0.06908025,0.06900799999999999,0.0004884630871417019,20,0.168193,0.171073,0.16956530000000003,0.16947250000000003,0.0008188438251583697,20,0.088384,0.08937600000000001,0.08894265000000001,0.08896000000000001,0.0002839662435924379,20,0.016,0.016864,0.01620005,0.016128,0.00018099957872879147,20,0.046496,0.046976,0.04680639999999999,0.0468005,0.0001236023462560483,20,16,16,2048,10944,102400,True,False,False,3072,1,2048,10944,generic,generic,2816,,KERNEL_ONLY,BF16,none
0.007168,0.010528000000000001,0.009737285714285716,0.009824,0.0006144588128207303,21.0,0.143649,0.147235,0.1449253,0.144881,0.0007927620765399911,20.0,0.014432,0.05072,0.032442525,0.0325445,0.01779671445518456,40,0.058174,0.059648,0.058716899999999995,0.05859199999999999,0.0003928307396322255,20,0.035168,0.035552,0.03532010000000001,0.035328000000000005,7.948893004689443e-05,20,0.14633500000000002,0.149343,0.1475856,0.147504,0.0007281160896450496,20.0,0.342625,0.344577,0.34334974999999995,0.343281,0.0004913311383374728,20,0.068001,0.06905599999999999,0.06842899999999999,0.0682565,0.0003751660965492478,20,0.169793,0.171553,0.17068864999999997,0.17075200000000001,0.0004732054812658082,20,0.08841700000000001,0.08921599999999999,0.0888401,0.08887999999999999,0.00023983033586266674,20,0.015744,0.016224,0.015972850000000004,0.015968,0.00012740732906705156,20,0.04672,0.047328,0.046934649999999994,0.046928000000000004,0.00013084046583530722,20,16,16,2048,10944,102400,True,False,False,3040,1,2048,10944,generic,generic,2816,,KERNEL_ONLY,BF16,none
0.006304000000000001,0.010816000000000001,0.009879,0.009953,0.0008660988616175627,21.0,0.141952,0.14432000000000003,0.14306734999999998,0.14297749999999998,0.0006121214973352956,20.0,0.014944,0.05081600000000001,0.03268255,0.0328325,0.01756179237143806,40,0.058112000000000004,0.059393,0.05866150000000001,0.058639500000000004,0.00026820971272494866,20,0.035040999999999996,0.03536,0.03522745,0.0352005,7.9188051497686e-05,20,0.14393599999999998,0.14604700000000004,0.14506405,0.144976,0.0005789123832671098,20.0,0.341793,0.343457,0.34252265,0.34252900000000003,0.000400665231209294,20,0.067168,0.06873699999999999,0.06801949999999998,0.06811249999999999,0.00042646928377082255,20,0.169376,0.17104,0.17021954999999997,0.17011199999999999,0.00046325602802337827,20,0.08806399999999999,0.088832,0.08854595,0.0885765,0.00021249693527201875,20,0.015584,0.016545,0.01575535,0.015696500000000002,0.0001988432234198592,20,0.046464,0.047104,0.04678910000000001,0.0467845,0.00013919766521030508,20,16,16,2048,10944,102400,True,False,False,3008,1,2048,10944,generic,generic,2816,,KERNEL_ONLY,BF16,none
0.00656,0.010528000000000001,0.009546714285714289,0.009664,0.0007873908173961189,21.0,0.14019399999999999,0.14323399999999997,0.14154155,0.1415055,0.0008256874393497802,20.0,0.014273,0.050688000000000004,0.032417650000000006,0.032432,0.01790789275787355,40,0.05820799999999998,0.059392999999999994,0.058672249999999995,0.058656,0.00035180489976690106,20,0.035136,0.035488,0.035301,0.035296499999999995,9.553638050502015e-05,20,0.14371300000000004,0.14592000000000002,0.1448918,0.14478450000000004,0.0005339746810477057,20.0,0.34166500000000005,0.343777,0.34275954999999997,0.342673,0.0004790445151548984,20,0.066433,0.067777,0.06726105,0.06729600000000001,0.0003262852241521189,20,0.170017,0.17100800000000002,0.17042295000000002,0.170304,0.00034731231982180295,20,0.08768000000000001,0.088545,0.08816835,0.08817649999999999,0.00023333629700498598,20,0.015488,0.01648,0.015766399999999996,0.0156485,0.0002520141662684862,20,0.046528,0.047264,0.046789000000000004,0.04678450000000001,0.0002225039325495177,20,16,16,2048,10944,102400,True,False,False,2976,1,2048,10944,generic,generic,2816,,KERNEL_ONLY,BF16,none
0.006528,0.009633,0.009202380952380951,0.009344,0.0006515064942256067,21.0,0.136032,0.13926400000000003,0.13813350000000002,0.1381285,0.0007817478173938263,20.0,0.015616,0.049696,0.032778474999999994,0.03278350000000001,0.016483235968685728,40,0.056445,0.05772799999999999,0.05721420000000001,0.057281,0.0002916752646351758,20,0.035648000000000006,0.037792,0.0365505,0.036496,0.0003756544289636413,20,0.140672,0.143267,0.14206780000000002,0.142097,0.0006179478618783332,20.0,0.33427300000000004,0.350049,0.33808425000000003,0.337649,0.0033750205906779296,20,0.064896,0.066336,0.06573290000000001,0.065936,0.0004880181246634192,20,0.169345,0.179905,0.17562475,0.17580849999999998,0.002896727151027522,20,0.086753,0.087872,0.08738745,0.087456,0.000367450061232816,20,0.015295999999999999,0.016288,0.01561275,0.015552,0.0002741778391847163,20,0.048159999999999994,0.050689,0.04912175,0.04912,0.0005686702801272456,20,16,16,2048,10944,102400,True,False,False,2944,1,2048,10944,generic,generic,2816,,KERNEL_ONLY,BF16,none
0.006144,0.010464000000000001,0.009340999999999999,0.009472,0.0007858270135583881,21.0,0.13491199999999998,0.138146,0.13657375,0.136608,0.0009828122849761276,20.0,0.013952,0.050656,0.031897725,0.031920000000000004,0.017571536143700557,40,0.05648199999999999,0.058113000000000005,0.0572052,0.05713650000000001,0.000499778110765166,20,0.034945000000000004,0.037952,0.036534500000000004,0.036656,0.0007306739697019448,20,0.13900900000000002,0.14262400000000003,0.14071264999999997,0.140592,0.0008627287682116544,20.0,0.33398500000000003,0.349025,0.34184735000000005,0.34225700000000003,0.003950874716755766,20,0.064128,0.065728,0.06481624999999999,0.06456049999999999,0.0005044872520688684,20,0.17104,0.18224100000000001,0.176482,0.17668850000000003,0.003097088632893802,20,0.08624,0.08796899999999999,0.08706900000000001,0.0871845,0.0004601921337876176,20,0.015072,0.01616,0.015335900000000003,0.0152955,0.00023009930464910173,20,0.04784000000000001,0.05008100000000001,0.04910735000000001,0.049088,0.0004992058969002669,20,16,16,2048,10944,102400,True,False,False,2912,1,2048,10944,generic,generic,2816,,KERNEL_ONLY,BF16,none
0.006240000000000001,0.010400000000000001,0.00937290476190476,0.009536,0.0008170971793204984,21.0,0.133344,0.136608,0.1346518,0.1345925,0.0007482975744982752,20.0,0.015616,0.049248,0.032570475,0.032591999999999996,0.01640950036866982,40,0.056638,0.05788800000000001,0.05708995,0.0571385,0.00029181269249297796,20,0.034304,0.034625,0.034446449999999997,0.034431500000000004,9.618028644166126e-05,20,0.137408,0.139967,0.13864315,0.13862450000000004,0.0007118688274534843,20.0,0.31926499999999997,0.32092899999999996,0.32016075,0.320305,0.0005132517778829447,20,0.06425600000000001,0.065536,0.06484815000000001,0.064752,0.00042007443090481036,20,0.164065,0.16576,0.16480679999999998,0.164705,0.0004820412430487663,20,0.08422400000000001,0.08496,0.08451545,0.0845755,0.00021680140105635837,20,0.015361000000000001,0.016192,0.015627399999999996,0.0155685,0.0001764039115212588,20,0.045664,0.046560000000000004,0.0459649,0.0459525,0.0002067894823244163,20,16,16,2048,10944,102400,True,False,False,2880,1,2048,10944,generic,generic,2816,,KERNEL_ONLY,BF16,none
0.006240000000000001,0.01024,0.009360714285714286,0.009473,0.0007982865067998928,21.0,0.131006,0.134176,0.13247840000000002,0.132353,0.0007616062893647825,20.0,0.01408,0.049152,0.032132974999999994,0.032736,0.01675395278208623,40,0.056222,0.057504,0.0568546,0.056975000000000005,0.00038771682965793515,20,0.034177,0.034592,0.0343809,0.034384,0.0001066437527471725,20,0.136064,0.13830300000000004,0.13728405000000002,0.1372515,0.0005920129622736304,20.0,0.318561,0.32019400000000003,0.3193915,0.31931300000000007,0.0004877880174830216,20,0.063424,0.064831,0.06420165,0.06432,0.00043925007398974816,20,0.163552,0.165153,0.164215,0.164193,0.0004203155957135067,20,0.08204900000000001,0.08288,0.08239870000000002,0.082401,0.00020791202466427904,20,0.014464000000000001,0.014816000000000001,0.0146223,0.014608000000000001,9.082956567109655e-05,20,0.045792,0.046432,0.04607535,0.046079999999999996,0.00019518434235358262,20,16,16,2048,10944,102400,True,False,False,2848,1,2048,10944,generic,generic,2816,,KERNEL_ONLY,BF16,none
0.006304000000000001,0.010208,0.009148952380952381,0.009248,0.0007480523585055791,21.0,0.12815999999999997,0.130624,0.129496,0.129696,0.0006654057408829596,20.0,0.012480000000000002,0.045408000000000004,0.028710475000000003,0.028895999999999998,0.015942053462442502,40,0.05545799999999999,0.056863999999999984,0.05606675000000001,0.056081,0.0003645883809174365,20,0.031776,0.033857,0.03270094999999999,0.032752,0.0004659412489788821,20,0.13321599999999997,0.135523,0.1346388,0.134768,0.0006422109155098572,20.0,0.31728100000000004,0.31926499999999997,0.3181226,0.318129,0.00045526677893295976,20,0.062784,0.06396800000000001,0.0633136,0.063216,0.000392372068322913,20,0.151872,0.16723300000000002,0.1571668,0.15708850000000002,0.004584786555555233,20,0.08380800000000001,0.084928,0.08441825,0.084481,0.00032635500225980754,20,0.014207000000000001,0.014688000000000001,0.014363049999999999,0.014367500000000002,0.0001320539567752514,20,0.042144,0.046273,0.04418415,0.0444805,0.0012750476569524766,20,16,16,2048,10944,102400,True,False,False,2816,1,2048,10944,generic,generic,2816,,KERNEL_ONLY,BF16,none
0.006208,0.009984,0.009002714285714288,0.009087999999999999,0.0007236865371703639,21.0,0.127809,0.12953800000000001,0.128661,0.1287695,0.0005099893136135358,20.0,0.012544000000000001,0.045408000000000004,0.029068024999999997,0.029296,0.016074346852185784,40,0.056032,0.057277,0.056423900000000006,0.05635299999999999,0.00031882313278681554,20,0.032256,0.033985,0.0330833,0.03312,0.0004139223477900182,20,0.13312000000000002,0.134912,0.13418705,0.134208,0.0004360641552569974,20.0,0.319073,0.32035199999999997,0.31972069999999997,0.319681,0.0003816409438202348,20,0.06236800000000001,0.063424,0.06282595,0.062592,0.00038289495622167606,20,0.152608,0.16739300000000001,0.1610499,0.160944,0.004851423367425275,20,0.082016,0.08297700000000001,0.08246255,0.08248,0.00029795242489363914,20,0.014176000000000001,0.014721,0.01434235,0.014272,0.00014627586096140391,20,0.043072000000000006,0.046496,0.04472330000000001,0.044768,0.0008819317490599818,20,16,16,2048,10944,102400,True,False,False,2784,1,2048,10944,generic,generic,2816,,KERNEL_ONLY,BF16,none
0.00544,0.009216,0.00879242857142857,0.008992000000000002,0.0007904789730300997,21.0,0.12582400000000002,0.12838500000000003,0.12708565,0.126977,0.0005973211259448321,20.0,0.012544000000000001,0.045183999999999995,0.029109649999999997,0.029392,0.01587947183717078,40,0.055522999999999996,0.05692900000000001,0.0562628,0.05628849999999999,0.00033231108919204184,20,0.032159999999999994,0.034272,0.03295205,0.0329285,0.0005472382913320302,20,0.13088400000000003,0.13404800000000003,0.13252,0.13220949999999998,0.0009730867895516841,20.0,0.31804899999999997,0.319714,0.31896105,0.319041,0.00047399424838283013,20,0.061503999999999996,0.062944,0.06225295000000001,0.062384,0.0005064626812510484,20,0.153121,0.170048,0.16128530000000002,0.16148849999999998,0.005067024176970144,20,0.083872,0.08505700000000001,0.08438110000000001,0.084368,0.0003112116482395869,20,0.013792,0.014688000000000001,0.014118400000000003,0.014048,0.00027031951464886897,20,0.04176,0.046336,0.044179300000000005,0.0439205,0.0012053197127733374,20,16,16,2048,10944,102400,True,False,False,2752,1,2048,10944,generic,generic,2816,,KERNEL_ONLY,BF16,none
0.006048,0.009281000000000001,0.008720666666666668,0.008832000000000001,0.0006278754299664509,21.0,0.12355200000000001,0.12576,0.12480795,0.1247985,0.0005669252574193521,20.0,0.012672000000000001,0.04528,0.029003225000000004,0.0292,0.015875871570542984,40,0.055233000000000004,0.056223999999999996,0.055781000000000004,0.055792499999999995,0.0002416195356340189,20,0.032512,0.034303,0.0332575,0.033168500000000004,0.0004085598487369991,20,0.129024,0.13183900000000004,0.13039594999999998,0.1302735,0.0007694828441882295,20.0,0.313665,0.315744,0.3147319,0.314689,0.0005777998701972896,20,0.060031999999999995,0.061376,0.06076665000000001,0.0608965,0.000428181302137308,20,0.152576,0.17100800000000002,0.16191565000000002,0.164288,0.005639743037364381,20,0.081024,0.082016,0.08156334999999999,0.08153700000000001,0.00022685552120237326,20,0.013568,0.01456,0.01380815,0.01376,0.00020345448508204492,20,0.046784,0.05024,0.048126550000000004,0.047936,0.0009549875640551553,20,16,16,2048,10944,102400,True,False,False,2720,1,2048,10944,generic,generic,2816,,KERNEL_ONLY,BF16,none
0.005921,0.009504,0.008601809523809525,0.008672000000000001,0.0006409268303122121,21.0,0.12217699999999998,0.12383999999999999,0.1227673,0.12273800000000001,0.0004917117143204987,20.0,0.012576,0.045185,0.028731300000000005,0.028768,0.01591327316456297,40,0.05494300000000001,0.055936,0.05544,0.0554245,0.00024945640901768767,20,0.032352,0.033951999999999996,0.0330977,0.0330725,0.00044952476016344166,20,0.126753,0.128766,0.12787385,0.1279375,0.0005268845485492968,20.0,0.33327999999999997,0.343553,0.3368648,0.3367045000000001,0.002141253502040338,20,0.058688000000000004,0.059903,0.05928495000000002,0.0592005,0.0004061012773927211,20,0.15193600000000002,0.164256,0.15553630000000002,0.1543365,0.0038404508342120463,20,0.083776,0.084384,0.0840066,0.08396800000000001,0.00017337543078533123,20,0.013408,0.013824,0.013592200000000002,0.0135685,9.74564518131046e-05,20,0.042688000000000004,0.045856,0.04442265,0.0443845,0.0006779270075015449,20,16,16,2048,10944,102400,True,False,False,2688,1,2048,10944,generic,generic,2816,,KERNEL_ONLY,BF16,none
0.0060160000000000005,0.009056,0.008426809523809527,0.008544000000000001,0.0005725337685235459,21.0,0.11900800000000002,0.121506,0.12050785000000001,0.12067349999999999,0.000719628881785601,20.0,0.01264,0.044799,0.028672925,0.028784,0.01581762801811242,40,0.05440000000000001,0.055327,0.05490910000000001,0.054865000000000004,0.0002527858579905129,20,0.032128000000000004,0.033568,0.0329985,0.0330245,0.0003527895264885278,20,0.124674,0.128,0.12606250000000002,0.1258245,0.0009934211845939228,20.0,0.33565,0.344705,0.33945400000000003,0.339425,0.0024985712717471146,20,0.058048,0.059328000000000006,0.05873779999999999,0.058864,0.0004331689739582006,20,0.157728,0.167489,0.1631236,0.16348849999999998,0.0027141684988224294,20,0.07724800000000001,0.078464,0.07769465,0.07768050000000001,0.0002849140703791219,20,0.013343,0.014368,0.013588699999999999,0.013504,0.00024294281220073186,20,0.04672,0.050369000000000004,0.04881284999999999,0.049152,0.0012701186273336835,20,16,16,2048,10944,102400,True,False,False,2656,1,2048,10944,generic,generic,2816,,KERNEL_ONLY,BF16,none
0.005824,0.009248,0.008411428571428573,0.008448,0.0006482026851907012,21.0,0.11689700000000003,0.119679,0.11837195,0.118336,0.0007022023550943118,20.0,0.012417,0.044704,0.02851205,0.028687999999999998,0.01576002777115256,40,0.054240000000000003,0.055298999999999994,0.05491705,0.0549915,0.0002505888016252916,20,0.032288,0.034976,0.033616,0.033488000000000004,0.0006894867656452872,20,0.12304000000000001,0.124706,0.1236931,0.12353399999999999,0.000554729925278956,20.0,0.335776,0.345089,0.33793210000000007,0.33686499999999997,0.002395403951320103,20,0.057216,0.058592,0.05789609999999999,0.057648,0.0004506122390703567,20,0.160128,0.176,0.16815080000000004,0.1683365,0.004711430415489543,20,0.082944,0.084064,0.08345475,0.0834405,0.0002936644130636206,20,0.012961,0.013632,0.013204849999999999,0.0132005,0.00015219141730071377,20,0.04396800000000001,0.046848,0.04512809999999999,0.0450565,0.0007757578165896877,20,16,16,2048,10944,102400,True,False,False,2624,1,2048,10944,generic,generic,2816,,KERNEL_ONLY,BF16,none
0.006112,0.008896000000000001,0.008381000000000003,0.008449,0.0005871048417770844,21.0,0.115774,0.118272,0.11718135,0.11737599999999998,0.000581414849741559,20.0,0.012448,0.045152000000000005,0.028627225,0.028832500000000004,0.015531304495256509,40,0.053757000000000006,0.0552,0.05453124999999999,0.054543499999999995,0.00033916012073945053,20,0.031361,0.038880000000000005,0.0356529,0.036000000000000004,0.0022116126672634155,20,0.11993600000000001,0.123521,0.12172235,0.12191950000000001,0.001010330702047601,20.0,0.289729,0.291233,0.29037040000000003,0.290385,0.0003754696259353118,20,0.058176000000000005,0.059457,0.058782600000000004,0.05888,0.0003705669170338865,20,0.198785,0.21792,0.20736700000000002,0.20777600000000002,0.005331444794799997,20,0.072896,0.07465600000000001,0.07353285000000001,0.073424,0.00046863528196242364,20,0.012992000000000002,0.013824999999999999,0.01322575,0.0132005,0.00017451529302614117,20,0.039744,0.044512,0.0414784,0.0406875,0.0017919528844252573,20,16,16,2048,10944,102400,True,False,False,2592,1,2048,10944,generic,generic,2816,,KERNEL_ONLY,BF16,none
0.006368,0.008961,0.008262285714285715,0.008320000000000001,0.0005203284807611021,21.0,0.11503800000000002,0.11708900000000001,0.11619215000000001,0.1162405,0.0005753429651086387,20.0,0.011519999999999999,0.043872,0.027752100000000002,0.027791999999999997,0.01589989052132121,40,0.053152,0.05401600000000001,0.05355705000000001,0.053585,0.0002400413453969971,20,0.028288,0.028608,0.028433749999999997,0.028416,8.435394181660993e-05,20,0.118243,0.121059,0.11974144999999999,0.119825,0.0007410447675410745,20.0,0.286177,0.28889800000000004,0.2872105,0.28713700000000003,0.0007425617482741801,20,0.057248,0.05881600000000001,0.05785444999999999,0.057808,0.0004792437245285545,20,0.13868799999999998,0.142465,0.13988515,0.139776,0.0008194458051024516,20,0.07200000000000001,0.0736,0.07283049999999999,0.0728325,0.00034903903793128836,20,0.012672000000000001,0.013023999999999999,0.0128273,0.012816000000000001,0.0001057870975119361,20,0.03824,0.038848,0.038524899999999994,0.038512000000000005,0.00016505087094589968,20,16,16,2048,10944,102400,True,False,False,2560,1,2048,10944,generic,generic,2816,,KERNEL_ONLY,BF16,none
0.006144,0.00976,0.008527190476190476,0.008512,0.0007333022256852977,21.0,0.11276800000000002,0.11651299999999999,0.11458725,0.11456050000000001,0.0009980868637047566,20.0,0.01168,0.042592,0.027107375,0.027152,0.015092725030105563,40,0.053119000000000006,0.054240000000000003,0.0536739,0.053710999999999995,0.00028231115812167064,20,0.029183,0.029825,0.0296002,0.0296165,0.0001826128692069649,20,0.11705599999999998,0.119582,0.11863345,0.11886449999999998,0.0006741502410442344,20.0,0.286721,0.290433,0.28919615000000004,0.289489,0.0010699730031640971,20,0.056352,0.057537,0.0570401,0.057216,0.00039951994943932407,20,0.13398500000000002,0.136864,0.13564040000000002,0.1358565,0.0007186500121756055,20,0.07334399999999999,0.074049,0.07368665,0.0737125,0.00019004638249648395,20,0.012384000000000001,0.012801,0.012616100000000002,0.012624,8.700396542687002e-05,20,0.038657,0.039136000000000004,0.0388931,0.0388805,0.00010234788713012179,20,16,16,2048,10944,102400,True,False,False,2528,1,2048,10944,generic,generic,2816,,KERNEL_ONLY,BF16,none
0.005696,0.008864,0.008143380952380954,0.008256000000000001,0.0005960771343654938,21.0,0.11177700000000002,0.11404800000000001,0.11286870000000002,0.112752,0.0005545927424696442,20.0,0.011711000000000001,0.044095999999999996,0.027890475000000005,0.0279685,0.015952040259771632,40,0.053217,0.054142,0.05365479999999999,0.053665,0.0002628184925000519,20,0.028289,0.028640000000000002,0.028470600000000002,0.028496,9.316619558616748e-05,20,0.114625,0.117633,0.11611045000000002,0.11611099999999999,0.000700018033696274,20.0,0.292961,0.29491300000000004,0.29377705,0.2939045,0.0004923984641527618,20,0.056032,0.057184,0.05660814999999999,0.0566725,0.00042767864980613617,20,0.138976,0.14131200000000002,0.1400499,0.14001599999999997,0.0005175170431976172,20,0.07392,0.07465600000000001,0.0741746,0.0741285,0.00018407346359538223,20,0.012512,0.01344,0.012710450000000002,0.012640499999999999,0.00021741055057195353,20,0.037888,0.038593,0.03818895,0.038176,0.00017614212301434367,20,16,16,2048,10944,102400,True,False,False,2496,1,2048,10944,generic,generic,2816,,KERNEL_ONLY,BF16,none
0.005248,0.009952,0.00883047619047619,0.008992000000000002,0.0008820535357387878,21.0,0.10886500000000002,0.11174500000000001,0.11032035,0.11035350000000001,0.0008674543950548622,20.0,0.011456,0.039809,0.02554575,0.025552,0.01396843846453497,40,0.05254600000000001,0.054048000000000006,0.053306200000000005,0.0533305,0.000340683078534873,20,0.029312,0.029536000000000003,0.02943055,0.029424000000000002,7.7152106257704e-05,20,0.11235300000000001,0.11488,0.1136518,0.1136965,0.0006485976102330312,20.0,0.292065,0.293792,0.29287290000000005,0.29288100000000006,0.00045546842920229187,20,0.055232,0.056832,0.055819350000000004,0.055792,0.00046493282041602406,20,0.134272,0.135713,0.13486295,0.1348165,0.0004010000592269276,20,0.07296,0.073472,0.07316494999999999,0.07316800000000001,0.0001296227121302431,20,0.012192,0.013087999999999999,0.0124513,0.012416,0.0001825042739225574,20,0.0384,0.038912,0.0386594,0.03864000000000001,0.00011531452640495949,20,16,16,2048,10944,102400,True,False,False,2464,1,2048,10944,generic,generic,2816,,KERNEL_ONLY,BF16,none
0.005248,0.008960000000000001,0.008204190476190476,0.008288,0.0007518606519224804,21.0,0.10688000000000003,0.10995300000000001,0.10836950000000001,0.10839950000000001,0.0007218793181688985,20.0,0.011584,0.044161,0.027836125,0.0278715,0.015929965461650413,40,0.052451,0.05337800000000001,0.052856950000000014,0.052847500000000006,0.00022666461457404217,20,0.02816,0.028545,0.028347300000000002,0.02832,0.00011952116967299157,20,0.111264,0.113696,0.11258409999999999,0.11289750000000001,0.0007456579577795702,20.0,0.300417,0.30873700000000004,0.30524080000000003,0.30524850000000003,0.0021173788182562003,20,0.053376,0.054656,0.054030449999999994,0.053856,0.00043582674023056516,20,0.13904,0.145632,0.14016515000000002,0.13984000000000002,0.0013591006686408495,20,0.073761,0.07452800000000001,0.07414895,0.074224,0.00024015588166855387,20,0.012224,0.013056,0.012459250000000002,0.012416,0.00017944327097999506,20,0.03763300000000001,0.038144,0.0378226,0.0378085,0.00014057538902667092,20,16,16,2048,10944,102400,True,False,False,2432,1,2048,10944,generic,generic,2816,,KERNEL_ONLY,BF16,none
0.00544,0.009216,0.00832461904761905,0.008448,0.0007142116850526598,21.0,0.105537,0.10752100000000002,0.1064965,0.1065795,0.0005578062835788107,20.0,0.011328,0.039841,0.025448,0.0255515,0.013931939599352275,40,0.05187500000000002,0.05305700000000001,0.052430300000000006,0.05241350000000001,0.0002457279186417357,20,0.029152,0.029473,0.0293266,0.029344000000000002,9.852431172050879e-05,20,0.109087,0.11206300000000001,0.11082689999999999,0.11088100000000001,0.0007269956602346401,20.0,0.27561599999999997,0.277697,0.2764888,0.276401,0.0005277940507432816,20,0.053185,0.054496,0.053648249999999995,0.053456000000000004,0.00041147367777295374,20,0.13350399999999998,0.135072,0.13422585000000004,0.1341445,0.00042291373529361757,20,0.07270399999999999,0.07344,0.0731122,0.0730885,0.00017642720878594816,20,0.011999000000000001,0.012704000000000002,0.01221285,0.0121925,0.00018179749035671547,20,0.03792,0.038464,0.03818885000000001,0.038208,0.00012760496659613204,20,16,16,2048,10944,102400,True,False,False,2400,1,2048,10944,generic,generic,2816,,KERNEL_ONLY,BF16,none
0.005152,0.008832000000000001,0.007928333333333334,0.008063,0.0006765779674448069,21.0,0.10319999999999999,0.106241,0.10476180000000002,0.1047675,0.0007838054350411219,20.0,0.011553,0.041185000000000006,0.02596735,0.026064,0.014226663863235822,40,0.051425,0.05251400000000001,0.05189195,0.051823499999999995,0.00033469620180098,20,0.027872,0.02832,0.028081600000000005,0.0280965,0.00011729296654105063,20,0.10752100000000002,0.10995300000000002,0.1087714,0.10873650000000001,0.0006336047979616318,20.0,0.30636900000000006,0.31334500000000004,0.30951325,0.3095215,0.0019890723937302985,20,0.051905,0.053312,0.052734649999999994,0.052832500000000004,0.00045685011491735424,20,0.13552,0.137569,0.13643725,0.136417,0.0005295342174968481,20,0.073504,0.07456,0.07389135,0.0738715,0.0002673578641072659,20,0.011744,0.012128,0.01194065,0.0119515,0.0001172251146299291,20,0.036992,0.037696,0.03735215,0.037313000000000006,0.0001984848293950951,20,16,16,2048,10944,102400,True,False,False,2368,1,2048,10944,generic,generic,2816,,KERNEL_ONLY,BF16,none
0.005248,0.009023999999999999,0.008126476190476191,0.008288,0.0007088733259830345,21.0,0.100224,0.10396799999999999,0.1024688,0.10270400000000002,0.0009841609421227832,20.0,0.0112,0.039488,0.025216150000000003,0.0252965,0.013772828967844625,40,0.05049600000000001,0.052288000000000015,0.051373,0.051295999999999994,0.0005014482027089115,20,0.028736,0.029504000000000002,0.029068999999999994,0.028960000000000003,0.0002466690089978881,20,0.10486400000000001,0.108258,0.1066947,0.1068165,0.0008791911111925528,20.0,0.27366500000000005,0.278561,0.27553695000000006,0.27553700000000003,0.0011686649423594336,20,0.051424,0.052768,0.05197444999999999,0.051744,0.0004812916449513738,20,0.13228800000000002,0.134497,0.13306125000000002,0.13289600000000001,0.0005987574529807535,20,0.07232,0.07366400000000001,0.07284639999999999,0.072784,0.00038552696403753634,20,0.011552,0.012353,0.011766350000000002,0.0117275,0.00021434138074576264,20,0.037568,0.038048000000000005,0.0378512,0.0378565,0.0001295266767889925,20,16,16,2048,10944,102400,True,False,False,2336,1,2048,10944,generic,generic,2816,,KERNEL_ONLY,BF16,none
0.0057599999999999995,0.008705000000000001,0.008051904761904764,0.008128,0.0005714503606956858,21.0,0.09952000000000001,0.102176,0.10068495,0.1005765,0.0006994810558549789,20.0,0.012480000000000002,0.04233700000000001,0.02698565,0.026799999999999997,0.014063320569037028,40,0.04960000000000001,0.051296,0.050376149999999995,0.050273000000000005,0.00046399248646933886,20,0.026784,0.027361,0.026973000000000004,0.0268965,0.00017020693287877532,20,0.10422400000000001,0.10704000000000001,0.10570435000000003,0.10563150000000002,0.0008154664478076349,20.0,0.269376,0.272481,0.2704887,0.2704,0.0008372537906751946,20,0.051872,0.053248,0.052553749999999996,0.052736000000000005,0.0004286027152270506,20,0.122272,0.124704,0.12311400000000002,0.1229765,0.0005963566047257274,20,0.06614400000000001,0.066656,0.06633460000000001,0.06635250000000001,0.00011003199534680741,20,0.011616,0.012320000000000001,0.011870499999999999,0.0118085,0.00017916542635229625,20,0.035425,0.035840000000000004,0.03561759999999999,0.035584000000000005,0.00012782816591033527,20,16,16,2048,10944,102400,True,False,False,2304,1,2048,10944,generic,generic,2816,,KERNEL_ONLY,BF16,none
0.005152,0.008959,0.008010714285714284,0.008128,0.0007021130110403231,21.0,0.09852700000000002,0.10025800000000003,0.09923035,0.0991515,0.0005107323442861252,20.0,0.012192,0.039617,0.026114575,0.02632,0.013310759200525529,40,0.050016,0.05100800000000001,0.050613,0.05065600000000001,0.00027895555201501286,20,0.027104,0.027456,0.027265650000000002,0.027264,0.00010401888049772465,20,0.10377399999999999,0.10566299999999999,0.10488835,0.10491199999999999,0.0004979290386189567,20.0,0.27110500000000004,0.272737,0.27219609999999994,0.27228850000000004,0.0004169069320603753,20,0.051329,0.052607999999999995,0.051998449999999995,0.052064,0.0004252294057329518,20,0.123777,0.12473600000000001,0.12434765,0.1243845,0.00027029599978542246,20,0.06627200000000001,0.06688,0.06648655000000002,0.06648,0.00015624739197823173,20,0.011456,0.012480000000000002,0.0117088,0.011648,0.0002525887170876803,20,0.035328000000000005,0.035872,0.03555855000000001,0.0355525,0.00014171149388811092,20,16,16,2048,10944,102400,True,False,False,2272,1,2048,10944,generic,generic,2816,,KERNEL_ONLY,BF16,none
0.00512,0.008672000000000001,0.007861428571428571,0.008,0.0006833583436604402,21.0,0.096414,0.098656,0.09762595,0.09772750000000001,0.0005387449744545191,20.0,0.01104,0.04544,0.027377625000000006,0.026816,0.01600645499429449,40,0.049539,0.050815,0.050111800000000005,0.050128000000000006,0.0003002016988626146,20,0.027072,0.027425,0.0271905,0.0272,9.339566371090318e-05,20,0.10083300000000002,0.103906,0.1025895,0.10235150000000001,0.0008039220422404153,20.0,0.27014499999999997,0.27174400000000004,0.270884,0.27088100000000004,0.0003725599280652747,20,0.050497,0.052001,0.0513074,0.051456,0.0004099306526718875,20,0.123393,0.12444799999999999,0.12396365000000001,0.12400050000000001,0.0003031368131718723,20,0.065824,0.06656000000000001,0.06615855000000001,0.066176,0.00018002568566735164,20,0.011231999999999999,0.01168,0.011387350000000001,0.0113605,0.00014135673843153007,20,0.035009,0.035552,0.03534735,0.0353445,0.00012148468010411837,20,16,16,2048,10944,102400,True,False,False,2240,1,2048,10944,generic,generic,2816,,KERNEL_ONLY,BF16,none
0.004992,0.009056,0.007875047619047618,0.007968,0.0007398491143592324,21.0,0.094879,0.09769599999999999,0.0962018,0.09614349999999999,0.0007134641266384689,20.0,0.011264,0.038656,0.025172825,0.0256,0.013266247700249496,40,0.04893200000000001,0.050145,0.04945435000000001,0.04940800000000001,0.0003145290566863415,20,0.026688,0.027039999999999998,0.02690555,0.026912,8.189778690538595e-05,20,0.09977799999999999,0.10198100000000002,0.10087555,0.1010095,0.0005772343090115163,20.0,0.249922,0.257249,0.2524537,0.251633,0.0022960621311279815,20,0.049920000000000006,0.051072000000000006,0.05048825,0.050336000000000006,0.0003739703029653555,20,0.1216,0.12384,0.12252040000000002,0.122496,0.00045195424547181775,20,0.06544,0.06624,0.065717,0.06561600000000001,0.00023638802846167876,20,0.010976000000000001,0.012096,0.0112384,0.011167999999999999,0.00023151142520402759,20,0.035168,0.035903,0.035420850000000004,0.03539250000000001,0.00016300131134441777,20,16,16,2048,10944,102400,True,False,False,2208,1,2048,10944,generic,generic,2816,,KERNEL_ONLY,BF16,none
0.005312000000000001,0.007936,0.007567333333333333,0.007712,0.0005519417958732115,21.0,0.09388699999999998,0.097436,0.09553800000000001,0.09553599999999998,0.0008975628111725657,20.0,0.012768000000000002,0.049312,0.03013925,0.029407999999999997,0.015282412425317542,40,0.048959,0.050271,0.04958925,0.04958500000000001,0.0003346045240279923,20,0.026656,0.027039999999999998,0.026861000000000003,0.02688,0.00010528817597432266,20,0.097281,0.10073900000000001,0.0990404,0.0990885,0.0008347659791821916,20.0,0.272449,0.281313,0.27599119999999994,0.275681,0.002231324664857178,20,0.047937,0.049280000000000004,0.048653,0.048752500000000004,0.0004306803919381524,20,0.122241,0.12345600000000001,0.12273329999999998,0.1227685,0.00032512337658187525,20,0.06528,0.065728,0.06550255,0.0654725,0.0001344550017663882,20,0.010816000000000001,0.011391,0.011027200000000001,0.0110075,0.00014027280563245277,20,0.034976,0.035584000000000005,0.03518725,0.035184,0.00013793073442855367,20,16,16,2048,10944,102400,True,False,False,2176,1,2048,10944,generic,generic,2816,,KERNEL_ONLY,BF16,none
0.005216,0.00816,0.007151238095238094,0.007424000000000001,0.0006354501145428825,21.0,0.090945,0.09312000000000001,0.09242444999999999,0.092529,0.0005772764913799956,20.0,0.012288,0.038496,0.025828125,0.027072000000000002,0.01243831464505441,40,0.047712000000000004,0.04905600000000001,0.0482549,0.04825650000000001,0.00034827875329971025,20,0.026591999999999998,0.027072,0.026793699999999997,0.026800499999999998,0.00011718877932635031,20,0.096259,0.09824000000000001,0.0970723,0.09697800000000001,0.00046692762822519063,20.0,0.275073,0.280449,0.2772763,0.27731300000000003,0.0016378826606323134,20,0.047232,0.048223999999999996,0.047627300000000004,0.0474885,0.00035036496685599087,20,0.121568,0.12300799999999999,0.12244359999999996,0.122448,0.00034764153952023756,20,0.0648,0.067232,0.06519545000000002,0.06504,0.0004980605861740115,20,0.010656,0.011169,0.010894499999999998,0.01088,0.00013288660579606942,20,0.034944,0.035457,0.0351891,0.035200499999999996,0.0001562763257822503,20,16,16,2048,10944,102400,True,False,False,2144,1,2048,10944,generic,generic,2816,,KERNEL_ONLY,BF16,none
0.004768,0.007583,0.00695,0.007265,0.0006120573424738818,21.0,0.08911999999999999,0.09215900000000002,0.09083255,0.09110399999999999,0.0007884138174207792,20.0,0.010688000000000001,0.035808,0.0232792,0.0234235,0.012182075732813352,40,0.046911,0.048225,0.0475581,0.0475855,0.00036837818882230386,20,0.026528,0.027296,0.0270353,0.027072,0.00019318128791371086,20,0.09376000000000002,0.09718399999999998,0.09566115,0.09568,0.0008360145498135776,20.0,0.24649700000000002,0.250176,0.24888855000000004,0.249233,0.0010187440539703766,20,0.04768,0.049024000000000005,0.048280100000000006,0.04824,0.000402212120652772,20,0.120608,0.123104,0.12237640000000001,0.122609,0.0006580798127886897,20,0.06790500000000001,0.070017,0.0684643,0.06835200000000001,0.00045716715761305224,20,0.010431,0.010912000000000002,0.01064645,0.010624500000000002,0.00013316548914790223,20,0.034527999999999996,0.03504,0.03475225,0.034752500000000006,0.00013916388719779424,20,16,16,2048,10944,102400,True,False,False,2112,1,2048,10944,generic,generic,2816,,KERNEL_ONLY,BF16,none
0.004831,0.0076159999999999995,0.006991238095238094,0.0072640000000000005,0.0006208784026922705,21.0,0.08745900000000001,0.09043300000000001,0.08915705,0.089233,0.0007831271592148986,20.0,0.010656,0.035776,0.023200850000000002,0.0233445,0.01206020846741465,40,0.046142999999999997,0.04828699999999999,0.04719065000000001,0.047168,0.0005086488253205728,20,0.026463999999999998,0.028736,0.02680165,0.026672500000000002,0.0004616966834405467,20,0.09215899999999999,0.09398500000000001,0.09311719999999998,0.09308949999999999,0.00046790283179310056,20.0,0.248737,0.25116900000000003,0.24997694999999992,0.249873,0.0007532241681597795,20,0.0456,0.046945,0.046182549999999996,0.0460325,0.00042541526477078874,20,0.12112,0.122336,0.12172365,0.121729,0.0003284641951567931,20,0.061825000000000005,0.062496,0.062160150000000004,0.062144,0.00019952400231551025,20,0.010336,0.010721,0.010536100000000001,0.0105445,8.231761658357228e-05,20,0.034688000000000004,0.035264000000000004,0.03495055,0.034928,0.0001668596640893182,20,16,16,2048,10944,102400,True,False,False,2080,1,2048,10944,generic,generic,2816,,KERNEL_ONLY,BF16,none
0.004768,0.008095000000000001,0.007289857142857143,0.007296,0.0006190319851505704,21.0,0.08588799999999998,0.089248,0.08745515000000001,0.087394,0.0007059577377577241,20.0,0.010401,0.035232,0.022855175000000002,0.022896,0.012189939189527363,40,0.047230999999999995,0.04831800000000001,0.04770535,0.047682,0.0002753663514302375,20,0.024352000000000002,0.024800000000000003,0.024565,0.02456,0.00011144505372604026,20,0.091456,0.09350400000000002,0.09240365,0.09236749999999999,0.00048778953197050684,20.0,0.24688100000000002,0.248865,0.24782964999999998,0.247857,0.0004811279741399353,20,0.046017,0.047264,0.04649775,0.0463365,0.0003879220121364599,20,0.110016,0.111136,0.11061455,0.110592,0.00030638610852974445,20,0.058465,0.060128,0.05880985000000001,0.058736000000000003,0.0003512322984863436,20,0.009632,0.01008,0.009805,0.0097765,0.00010572795278449332,20,0.03168,0.032193,0.031921750000000006,0.031904,0.00015835778319994202,20,16,16,2048,10944,102400,True,False,False,2048,1,2048,10944,generic,generic,2816,,KERNEL_ONLY,BF16,none
0.004801000000000001,0.007873,0.007252000000000001,0.007328,0.0005815810142967841,21.0,0.08592100000000001,0.087839,0.0869365,0.08700749999999999,0.0005743414924937956,20.0,0.010592,0.035233,0.022858625,0.022832,0.012084490001004387,40,0.047424999999999995,0.04899100000000001,0.04814745,0.048270999999999994,0.0003931350245144803,20,0.02416,0.024544,0.024358499999999998,0.024336000000000003,0.00010103242053915202,20,0.09129499999999999,0.093185,0.0921583,0.09216000000000002,0.0005794438799400675,20.0,0.241089,0.24419300000000002,0.24230820000000003,0.242177,0.0007808709624515488,20,0.044864,0.046016,0.0454881,0.045520000000000005,0.0003517727817782388,20,0.109376,0.110496,0.10989470000000001,0.1098245,0.00031736951649457364,20,0.061984000000000004,0.06444799999999999,0.06269300000000001,0.062416,0.0006085635546103613,20,0.010176000000000001,0.01088,0.010379349999999999,0.010352,0.0001670431905226908,20,0.031457,0.032096,0.03173605,0.03176,0.00013184592333477762,20,16,16,2048,10944,102400,True,False,False,2032,1,2048,10944,generic,generic,2816,,KERNEL_ONLY,BF16,none
0.004383,0.00736,0.0069972857142857154,0.007136,0.000596943097141168,21.0,0.08476799999999998,0.08733000000000002,0.0862866,0.086528,0.0007140591992265111,20.0,0.011104,0.035104,0.0231832,0.023072000000000002,0.01173456607676654,40,0.046974999999999996,0.048221999999999994,0.0475775,0.04753500000000001,0.00028981226682112734,20,0.024032,0.024640000000000002,0.0243474,0.024384,0.00016597300985401206,20,0.08988700000000001,0.09241600000000001,0.09126254999999998,0.091329,0.0006586306609170258,20.0,0.227713,0.23081700000000002,0.22959290000000002,0.22979300000000003,0.0008235951614719521,20,0.046017,0.047168999999999996,0.0465299,0.0465765,0.00036878162915199525,20,0.108577,0.11078400000000001,0.11000195000000001,0.1101445,0.0006941271839511822,20,0.057888,0.058592,0.05814104999999999,0.058112000000000004,0.00016408152699191867,20,0.009664,0.01024,0.009865599999999999,0.0098085,0.00014201105590763008,20,0.031328,0.031808,0.031545550000000006,0.0315835,0.00012782506600819674,20,16,16,2048,10944,102400,True,False,False,2016,1,2048,10944,generic,generic,2816,,KERNEL_ONLY,BF16,none
0.0048330000000000005,0.007583,0.007052380952380953,0.007073,0.0005211878809567964,21.0,0.084131,0.08624300000000001,0.08524400000000001,0.08529599999999998,0.0005389734687347817,20.0,0.011552,0.034976,0.023253625,0.023312000000000003,0.011433818171738391,40,0.0464,0.04780800000000001,0.0471282,0.047120999999999996,0.00034919845360482514,20,0.024032,0.024544,0.0242096,0.024176000000000003,0.0001257705847962869,20,0.089218,0.09091300000000001,0.08994445,0.08976100000000001,0.00053576939768897,20.0,0.240033,0.244704,0.24185505000000002,0.24168,0.0011566059603425906,20,0.044095999999999996,0.045503999999999996,0.0446835,0.044511999999999996,0.0004186216071824295,20,0.108416,0.11017600000000001,0.10906254999999998,0.1090565,0.00039942614774198383,20,0.057952,0.058528,0.05827525,0.0583205,0.00016061596278078968,20,0.009536,0.010176000000000001,0.009795050000000003,0.009792,0.00012828892196912428,20,0.03136,0.031968,0.031611299999999995,0.031616,0.0001525165892616278,20,16,16,2048,10944,102400,True,False,False,2000,1,2048,10944,generic,generic,2816,,KERNEL_ONLY,BF16,none
0.004864,0.00784,0.006933238095238096,0.007008,0.0005079304325033483,21.0,0.08422199999999999,0.08608000000000002,0.08489309999999999,0.08467150000000001,0.0005835887164776242,20.0,0.011712,0.035456,0.023553675000000003,0.023696000000000002,0.011328917921380445,40,0.046590999999999994,0.04758400000000001,0.04706495,0.04704099999999999,0.0003098556881840333,20,0.024127,0.024672,0.024355250000000002,0.024336000000000003,0.00013470852794088444,20,0.08848099999999999,0.091009,0.08960995,0.0895045,0.0005923154965894455,20.0,0.24608000000000002,0.248833,0.24703910000000007,0.2469925,0.0007428700357397663,20,0.044704,0.046304000000000005,0.0452705,0.045392,0.00041887414577650953,20,0.108768,0.110464,0.10964505,0.109696,0.00039185245628935503,20,0.057984,0.063072,0.059971399999999994,0.0599685,0.0013202174972329376,20,0.009313,0.009792,0.009571449999999999,0.0095525,0.00012943433663444945,20,0.031264,0.031808,0.0315632,0.0315835,0.00015847132232678593,20,16,16,2048,10944,102400,True,False,False,1984,1,2048,10944,generic,generic,2816,,KERNEL_ONLY,BF16,none
0.004352000000000001,0.007072,0.006729047619047617,0.006848,0.0005403664961055399,21.0,0.083008,0.085245,0.08419184999999998,0.0842245,0.0006795043248574652,20.0,0.011744,0.036384,0.0236569,0.023536500000000002,0.011386265735086285,40,0.046817000000000004,0.047587,0.04725345,0.047245999999999996,0.00020705445539760656,20,0.024032,0.024512000000000003,0.024284800000000002,0.024288,0.0001192218939624768,20,0.087934,0.09027199999999999,0.08891215,0.0889935,0.0006192668467631686,20.0,0.244288,0.248256,0.24558614999999998,0.24534499999999998,0.0009812469248359453,20,0.04336,0.044671999999999996,0.044000050000000006,0.0439995,0.0003876742801631266,20,0.109056,0.11008100000000001,0.10957639999999999,0.1096165,0.0002627370168057775,20,0.057888,0.058369000000000004,0.058115400000000005,0.058112000000000004,0.00013534489277397895,20,0.009504,0.00992,0.00967195,0.009632,0.00012175117042558562,20,0.031105,0.031744,0.0313745,0.031376,0.00013623894450560058,20,16,16,2048,10944,102400,True,False,False,1968,1,2048,10944,generic,generic,2816,,KERNEL_ONLY,BF16,none
0.004736,0.0072640000000000005,0.0068190952380952395,0.006912,0.00048305968326530006,21.0,0.08262400000000002,0.08515,0.08381779999999998,0.08380800000000002,0.0006690229891416278,20.0,0.011456,0.03728,0.023754475000000004,0.023520000000000003,0.011725200177369043,40,0.046528,0.047425999999999996,0.04695845,0.04696,0.0002525409818227507,20,0.024032,0.024512000000000003,0.024310599999999998,0.024304,0.00012841783365249589,20,0.087009,0.089601,0.08817005,0.088032,0.0006160786049685548,20.0,0.227585,0.228833,0.22822174999999997,0.228257,0.0003464228449453057,20,0.044576000000000005,0.045856,0.04515225,0.045008,0.0004349126205342867,20,0.108705,0.109984,0.1094403,0.10950499999999999,0.00032439021255272117,20,0.057441000000000006,0.058272,0.05773935,0.057744000000000004,0.00017607080251989528,20,0.009408,0.009856,0.009585699999999999,0.009583999999999999,0.00012808946092477698,20,0.031168,0.031808,0.03138085,0.03136,0.00013366460825514064,20,16,16,2048,10944,102400,True,False,False,1952,1,2048,10944,generic,generic,2816,,KERNEL_ONLY,BF16,none
0.004608,0.00704,0.006736809523809524,0.006848,0.0004921705684828438,21.0,0.081731,0.083551,0.08266110000000002,0.082625,0.00048073473974740284,20.0,0.011295999999999999,0.032192,0.021762524999999998,0.021728,0.009917537446330869,40,0.045663,0.047423,0.04647795,0.0464155,0.0004986310735403472,20,0.02384,0.024417,0.0241329,0.02416,0.00016338968755707955,20,0.086048,0.08809600000000001,0.08725915,0.08731250000000002,0.0005197380373803722,20.0,0.228129,0.230624,0.22902925000000005,0.22892800000000002,0.0006558207739161664,20,0.043808,0.045088,0.04446575,0.044416,0.0003963577771408058,20,0.108256,0.10972900000000001,0.10893634999999999,0.1089125,0.000407765897912026,20,0.057504,0.058496000000000006,0.057865650000000005,0.05784,0.0002637266150770542,20,0.00928,0.009952,0.00946885,0.009455999999999999,0.000153361753706718,20,0.031104,0.031744,0.03139845,0.0314235,0.00016917756204650822,20,16,16,2048,10944,102400,True,False,False,1936,1,2048,10944,generic,generic,2816,,KERNEL_ONLY,BF16,none
0.004705,0.007105,0.006686619047619047,0.006816,0.0004654934377513492,21.0,0.081539,0.083424,0.0823399,0.08222399999999999,0.0004696543303324264,20.0,0.009408,0.034625,0.0220449,0.022047999999999998,0.01237810914033319,40,0.045855999999999994,0.04672,0.04632305,0.04627200000000001,0.00018262296542329994,20,0.023904,0.024257,0.02406415,0.024032,0.0001047059095753436,20,0.085889,0.087489,0.08669160000000001,0.086688,0.0004667731140500708,20.0,0.22489699999999999,0.226593,0.22561525,0.225489,0.0005222707032756104,20,0.042527999999999996,0.043840000000000004,0.04311675000000001,0.043008000000000005,0.00040427006752912143,20,0.10774500000000001,0.108928,0.1084532,0.10855999999999999,0.0003100847626053232,20,0.055072,0.056608,0.055712149999999995,0.05568,0.0004104048336703643,20,0.009728,0.010656,0.009982300000000001,0.00992,0.0002328959209604154,20,0.030976,0.03152,0.03127194999999999,0.03128,0.00013496387479618407,20,16,16,2048,10944,102400,True,False,False,1920,1,2048,10944,generic,generic,2816,,KERNEL_ONLY,BF16,none
0.0045119999999999995,0.0076170000000000005,0.006870904761904762,0.0069440000000000005,0.0005662290386963907,21.0,0.080735,0.08310400000000001,0.0819232,0.0819045,0.000617984514369093,20.0,0.00992,0.033024000000000005,0.02141365,0.021984,0.010524656318735543,40,0.046147000000000014,0.047262,0.04665585,0.0466245,0.0003209439631773724,20,0.0232,0.023552,0.023331249999999998,0.023312,0.00010701349214001048,20,0.08531400000000001,0.08777700000000001,0.08631195,0.08627349999999999,0.0006616198663129724,20.0,0.221152,0.22291300000000003,0.22184844999999997,0.221888,0.0004143479787569913,20,0.042624,0.043840000000000004,0.04308965,0.042896500000000004,0.00040045852157245923,20,0.104384,0.105568,0.10496354999999999,0.10496050000000001,0.00033882229486856296,20,0.056,0.056799999999999996,0.056392,0.056416,0.00016316893086614276,20,0.009184,0.00976,0.00935995,0.009311999999999999,0.00013480114057380966,20,0.029920000000000002,0.03024,0.0301072,0.030112,8.238118717280052e-05,20,16,16,2048,10944,102400,True,False,False,1904,1,2048,10944,generic,generic,2816,,KERNEL_ONLY,BF16,none
0.004192,0.006848,0.00653552380952381,0.006656,0.0005380811249729487,21.0,0.07942399999999998,0.082623,0.08068969999999999,0.0805125,0.0007650919617928279,20.0,0.009505000000000001,0.034752000000000005,0.022062500000000002,0.021984,0.012356499484077197,40,0.04511899999999999,0.046624,0.04569605,0.045632000000000006,0.00031519794970779903,20,0.022848,0.023296,0.0230993,0.0231365,0.00013403436126605732,20,0.084449,0.0864,0.08517014999999999,0.085122,0.0004760296498118582,20.0,0.218817,0.221537,0.22016054999999998,0.22008099999999997,0.0006995085757158388,20,0.042113,0.043424,0.0428466,0.042976,0.0004148812360182125,20,0.103233,0.105632,0.10415100000000002,0.10419199999999999,0.0005823315206993333,20,0.056,0.056672,0.05625605,0.056256,0.00017442031848382801,20,0.009056,0.009408,0.00919845,0.0091845,9.299918010391282e-05,20,0.029695,0.030272,0.029939299999999995,0.029952000000000003,0.00014853588791938373,20,16,16,2048,10944,102400,True,False,False,1888,1,2048,10944,generic,generic,2816,,KERNEL_ONLY,BF16,none
0.004288,0.007168,0.006599714285714284,0.006848,0.0006138976293485159,21.0,0.079393,0.08147099999999997,0.08025760000000001,0.080224,0.0005333242353390657,20.0,0.010976000000000001,0.03472,0.0232896,0.023696000000000002,0.011119950039905756,40,0.04496,0.047007,0.04607515,0.04617500000000001,0.0006766039665121683,20,0.022912,0.023265,0.0230929,0.023072,9.246020765713254e-05,20,0.08348699999999999,0.08492799999999999,0.08424784999999999,0.08427100000000001,0.00037121129764596254,20.0,0.22300899999999999,0.225216,0.22400235000000004,0.223841,0.0006376544734415382,20,0.041664,0.04288,0.04223040000000001,0.042111499999999996,0.00034062169631425516,20,0.10348900000000001,0.104928,0.10410604999999999,0.104065,0.00034364436194996684,20,0.056128000000000004,0.056737,0.05642109999999999,0.056416,0.00016385325752025826,20,0.008928,0.00944,0.00912815,0.0091035,0.0001364618170038782,20,0.0296,0.030208,0.0298912,0.029888,0.00013143994826535753,20,16,16,2048,10944,102400,True,False,False,1872,1,2048,10944,generic,generic,2816,,KERNEL_ONLY,BF16,none
0.004416000000000001,0.00704,0.006457904761904763,0.006464,0.000552816072466534,21.0,0.07808,0.08095999999999999,0.07986094999999999,0.07998549999999999,0.0007159785244684397,20.0,0.009471,0.034944,0.0220921,0.022032,0.012372130331515263,40,0.044833,0.046177,0.045607949999999994,0.045677499999999996,0.0003795156749068489,20,0.02384,0.024352000000000002,0.024051300000000005,0.024032,0.00013922790668540548,20,0.08304299999999999,0.084674,0.0836935,0.08361599999999998,0.0004197997737017039,20.0,0.224609,0.229441,0.22685045,0.22665700000000003,0.0012760844985736622,20,0.040896,0.042145,0.041409749999999995,0.04124850000000001,0.000354960684442658,20,0.107584,0.109472,0.10853325,0.10849600000000001,0.0005815978743943289,20,0.057568,0.059616,0.058478600000000006,0.0584005,0.0005029686272522373,20,0.009504,0.009887,0.0097185,0.009728500000000001,8.757882164085096e-05,20,0.030656,0.031232,0.0310258,0.031024,0.0001509230267387983,20,16,16,2048,10944,102400,True,False,False,1856,1,2048,10944,generic,generic,2816,,KERNEL_ONLY,BF16,none
0.004288,0.006784,0.006299571428571427,0.006528,0.0005351168605283976,21.0,0.078368,0.080736,0.07927464999999999,0.07921700000000001,0.0005163914479346084,20.0,0.009536,0.034688000000000004,0.022064075000000002,0.0220165,0.012338308187080392,40,0.04563000000000001,0.046464,0.046067550000000006,0.04606400000000001,0.00025575114369245553,20,0.02288,0.023264,0.023025550000000002,0.0230085,7.675055374393029e-05,20,0.081984,0.08387200000000002,0.0829807,0.0828795,0.0005081492005307106,20.0,0.222945,0.22489599999999998,0.22375115,0.223697,0.0004678504328308362,20,0.040896,0.041857,0.04132335,0.04113700000000001,0.0003588327291371286,20,0.103169,0.105312,0.10401630000000002,0.10403300000000001,0.0004635793459592438,20,0.055808,0.056448,0.056118499999999995,0.056096,0.00015316282185961417,20,0.0088,0.009216,0.0089793,0.008944,0.0001008553915266801,20,0.029504000000000002,0.030048,0.029814450000000003,0.029824000000000003,0.0001501204433113619,20,16,16,2048,10944,102400,True,False,False,1840,1,2048,10944,generic,generic,2816,,KERNEL_ONLY,BF16,none
0.0045119999999999995,0.006816,0.0062414761904761905,0.006208,0.0004795055607252537,21.0,0.077982,0.07932800000000002,0.0785815,0.078546,0.00035193770755632535,20.0,0.009631,0.03488,0.022169675,0.022176500000000002,0.012384850496448272,40,0.045347000000000005,0.046526000000000005,0.045971250000000005,0.045921,0.00031544205093804494,20,0.022944,0.023329000000000003,0.0231024,0.023087999999999997,0.00010351057916947471,20,0.081984,0.083041,0.08254085000000001,0.0825275,0.0003144972615143094,20.0,0.21865700000000002,0.220256,0.21943245,0.21955200000000002,0.00041119465889040646,20,0.040832,0.042048,0.04148485,0.0416,0.0004284201530040346,20,0.103456,0.104768,0.10411565000000003,0.104128,0.0003590230180643004,20,0.055423,0.056064,0.0557504,0.055776000000000006,0.0001804282128714903,20,0.008736,0.009313,0.00895515,0.008912,0.00013936652216368144,20,0.029504000000000002,0.030048,0.02978415,0.029792000000000003,0.00013566807841198242,20,16,16,2048,10944,102400,True,False,False,1824,1,2048,10944,generic,generic,2816,,KERNEL_ONLY,BF16,none
0.004192,0.006816,0.006383285714285713,0.006528,0.0005514237971666008,21.0,0.07648,0.07849600000000001,0.07761935000000002,0.0775355,0.00046906953375805665,20.0,0.009536,0.034593000000000006,0.02206555,0.022080000000000002,0.012275933371744083,40,0.044865,0.04659300000000001,0.0457389,0.0458065,0.00037617109139326526,20,0.022848,0.023232,0.0230353,0.023039499999999997,9.819424626728367e-05,20,0.08048,0.08275400000000001,0.08153780000000002,0.08161750000000001,0.0005732920372724569,20.0,0.212289,0.213664,0.21295580000000003,0.21288050000000003,0.00037477534604079394,20,0.040992,0.0424,0.041608,0.0414085,0.0004255558717724381,20,0.102913,0.104448,0.1035971,0.1035845,0.00031732111496085363,20,0.053888,0.054433,0.0541649,0.05416,0.00014575078044388038,20,0.008384,0.008864,0.00866405,0.008672000000000001,0.00013233044812136025,20,0.029344000000000002,0.029824000000000003,0.029529700000000002,0.029536000000000003,0.0001237627165183445,20,16,16,2048,10944,102400,True,False,False,1808,1,2048,10944,generic,generic,2816,,KERNEL_ONLY,BF16,none
0.004384000000000001,0.00656,0.006079904761904763,0.006143,0.0004169405467223519,21.0,0.07616099999999999,0.078048,0.07708605,0.07713700000000001,0.0005707435041242256,20.0,0.0096,0.031392,0.020537625,0.021056,0.01054285484982009,40,0.044417000000000005,0.046013,0.045374199999999996,0.0453755,0.0005114406710460164,20,0.023712,0.024065000000000003,0.0239345,0.02392,0.00011151838413463525,20,0.08012999999999998,0.082208,0.08121955,0.0812495,0.00048581318168613004,20.0,0.226593,0.228512,0.22738155000000004,0.22734500000000002,0.0005103633485077054,20,0.040992,0.042336,0.041472150000000006,0.041296,0.00041938255507352744,20,0.105824,0.107393,0.1065923,0.106576,0.0004155731102946854,20,0.055296,0.056416,0.05587215000000001,0.055856,0.0002946026603749541,20,0.008736,0.009151999999999999,0.008932900000000002,0.008928,0.00011379318960289271,20,0.030272,0.030753,0.03048805,0.03048,0.00012644385117513624,20,16,16,2048,10944,102400,True,False,False,1792,1,2048,10944,generic,generic,2816,,KERNEL_ONLY,BF16,none
0.004193,0.006368,0.005999333333333334,0.006144,0.00044096834281508185,21.0,0.075392,0.077152,0.07634415000000001,0.076383,0.0005268958412248079,20.0,0.010079000000000001,0.030303,0.0202056,0.020432000000000002,0.00984078887539002,40,0.044449999999999996,0.046687000000000006,0.0455344,0.045552499999999996,0.0005056599054700703,20,0.021376000000000003,0.021632000000000002,0.021481600000000003,0.0214725,6.736794489963311e-05,20,0.079744,0.08096,0.08042575,0.08040050000000001,0.0003512010642068156,20.0,0.21161600000000003,0.214977,0.2122934,0.2121445,0.0007229364010754996,20,0.040704000000000004,0.041631999999999995,0.0410081,0.040896,0.0002829220564042334,20,0.09603300000000001,0.097152,0.09652825000000001,0.0964805,0.00030376074055084805,20,0.05392,0.05436800000000001,0.0541026,0.054079999999999996,0.00010769512523786876,20,0.008448,0.00912,0.008670400000000002,0.00864,0.00016141635604857376,20,0.027424,0.028128,0.0276449,0.0276475,0.00014873429328840103,20,16,16,2048,10944,102400,True,False,False,1776,1,2048,10944,generic,generic,2816,,KERNEL_ONLY,BF16,none
0.004256,0.006528,0.0060603333333333325,0.006112,0.00043881098364225053,21.0,0.07472,0.07731200000000002,0.0759011,0.0758075,0.0005908199302664053,20.0,0.010336,0.03024,0.020329725,0.02064,0.009589426090719664,40,0.044449,0.045248,0.0448441,0.044816499999999995,0.000266053359309746,20,0.021215,0.021632000000000002,0.021436700000000003,0.02144,9.280738117197362e-05,20,0.07856300000000001,0.08041600000000002,0.07981619999999999,0.0800635,0.0005342101271971531,20.0,0.210017,0.212897,0.21194644999999998,0.2119205,0.0006597191428933999,20,0.040128000000000004,0.041441000000000006,0.04080009999999999,0.040704000000000004,0.0003823884020207726,20,0.094913,0.09648000000000001,0.09604685,0.09614400000000001,0.00036171691624805273,20,0.055424,0.056193,0.055769849999999996,0.055760000000000004,0.00018926602309976329,20,0.008288,0.00864,0.00849765,0.008528,9.880398524351154e-05,20,0.027423,0.027712,0.0275873,0.0275835,8.823043692513371e-05,20,16,16,2048,10944,102400,True,False,False,1760,1,2048,10944,generic,generic,2816,,KERNEL_ONLY,BF16,none
0.003936,0.006240000000000001,0.005941523809523809,0.006113,0.00047554135757727736,21.0,0.074301,0.076992,0.0754734,0.07550449999999999,0.0007114866407740894,20.0,0.010400000000000001,0.029984000000000004,0.020396875000000002,0.02088,0.009392075428752422,40,0.044225,0.045505000000000004,0.0448389,0.0448335,0.00037288643043157255,20,0.021249,0.021632000000000002,0.021369700000000002,0.021344000000000002,9.574398153408911e-05,20,0.07856099999999999,0.080544,0.07932975,0.07931200000000001,0.0004167430713281275,20.0,0.205153,0.206753,0.20605975,0.2061445,0.00041514538116182905,20,0.039648,0.040544,0.0399665,0.03992,0.00024203357205148114,20,0.09487999999999999,0.09648000000000001,0.09587685,0.09592,0.0003854792179871724,20,0.0536,0.054273,0.05384825,0.0538565,0.00015589030598468862,20,0.008224,0.0088,0.0084912,0.008464000000000001,0.00016365653057547093,20,0.027296,0.027712,0.0274769,0.027472,0.00010707049079928566,20,16,16,2048,10944,102400,True,False,False,1744,1,2048,10944,generic,generic,2816,,KERNEL_ONLY,BF16,none
0.00432,0.006144,0.005735523809523808,0.005792,0.00034781284226237304,21.0,0.07375799999999999,0.07619200000000001,0.07466054999999999,0.0745605,0.0006632003826144876,20.0,0.011007999999999999,0.029344000000000002,0.0201545,0.020560500000000002,0.00864183935860879,40,0.04358599999999999,0.044736,0.04425015,0.044337,0.0003133046879636498,20,0.023424,0.023937,0.0236449,0.023616500000000002,0.0001346053119308448,20,0.077792,0.08006600000000001,0.0788177,0.07881600000000001,0.0006114741286432353,20.0,0.208289,0.210273,0.20941359999999998,0.209425,0.0004520653050168736,20,0.038784,0.040064,0.0393776,0.039296,0.00037067389980952373,20,0.10464,0.106592,0.10526740000000001,0.105296,0.0004170120381955437,20,0.050912,0.051265000000000005,0.0510771,0.051056500000000005,8.725130371518849e-05,20,0.008385,0.008928,0.00861445,0.008576,0.00014130869576922718,20,0.029888,0.030335,0.0300944,0.030112,0.00011359242932519704,20,16,16,2048,10944,102400,True,False,False,1728,1,2048,10944,generic,generic,2816,,KERNEL_ONLY,BF16,none
0.004,0.006176,0.005863666666666667,0.005952,0.0004342086763333669,21.0,0.073728,0.07561799999999999,0.07463080000000001,0.074593,0.0005445031313041277,20.0,0.010816000000000001,0.030208,0.020788099999999997,0.0215525,0.009158946106949206,40,0.044159000000000004,0.04531100000000001,0.04482735,0.044816,0.00024775477291063517,20,0.021216000000000002,0.02208,0.021377600000000004,0.021344000000000002,0.00017595692654737944,20,0.07782599999999999,0.07897499999999999,0.07839429999999999,0.078385,0.0002919923115426189,20.0,0.209345,0.21174500000000002,0.21077510000000005,0.2107205,0.0007342990467105358,20,0.038208,0.039264,0.0386849,0.038608,0.00032620498156833873,20,0.094497,0.09542400000000001,0.0950467,0.095024,0.00024271178380952258,20,0.051712,0.052095999999999996,0.051915350000000006,0.051904000000000006,0.00011010961583803528,20,0.008288,0.008928,0.008512049999999998,0.0084955,0.00015031782163136892,20,0.027104,0.027584,0.027291350000000002,0.0272795,0.00010544110915577523,20,16,16,2048,10944,102400,True,False,False,1712,1,2048,10944,generic,generic,2816,,KERNEL_ONLY,BF16,none
0.004001,0.0064,0.0059214761904761905,0.0060160000000000005,0.00046825741994961336,21.0,0.07273600000000001,0.07459,0.07363365,0.0735675,0.00039484430792402134,20.0,0.011424,0.029792000000000003,0.02089375,0.021760500000000002,0.00875537658170681,40,0.043359999999999996,0.04412599999999999,0.04372115,0.043679,0.0002308298670016511,20,0.021152,0.02144,0.021300750000000004,0.02128,7.980969552629585e-05,20,0.076127,0.078528,0.0771878,0.07705550000000001,0.0005874143852511618,20.0,0.20832,0.211264,0.20944865,0.2093605,0.0007773407409238257,20,0.037697,0.038880000000000005,0.03810255,0.037984000000000004,0.00031568171866612813,20,0.094849,0.096192,0.09548015000000001,0.09545600000000001,0.00032923567167000503,20,0.05081600000000001,0.051553,0.0510962,0.051072000000000006,0.0002039140995615548,20,0.008032000000000001,0.008512,0.008216,0.008176,0.00014234605719864543,20,0.027136,0.027584,0.02730555,0.027296,0.00010672650795374108,20,16,16,2048,10944,102400,True,False,False,1696,1,2048,10944,generic,generic,2816,,KERNEL_ONLY,BF16,none
0.003872,0.006655,0.005922952380952381,0.0060160000000000005,0.0005020437731048746,21.0,0.072352,0.073792,0.0731377,0.073167,0.00043115021744166964,20.0,0.009568,0.03008,0.019856925000000004,0.020272000000000002,0.009945301044683113,40,0.043743,0.044478000000000004,0.044083300000000006,0.04406500000000001,0.0001969358017222868,20,0.02112,0.02144,0.0212721,0.021248000000000003,8.280150964807326e-05,20,0.075808,0.077697,0.0768382,0.07688,0.0004896902694561104,20.0,0.209376,0.21200100000000002,0.21090625,0.21089650000000001,0.0006988467553763122,20,0.03728,0.038656,0.0378833,0.037824,0.0004753042288892457,20,0.093889,0.095265,0.09465789999999999,0.0947045,0.0003818773232335221,20,0.051457,0.051937,0.05167700000000001,0.051680000000000004,0.0001390974478558106,20,0.008096,0.008481,0.008284900000000001,0.008256000000000001,0.00010822287188944857,20,0.027008,0.02768,0.027198550000000005,0.027168,0.00014886687845185704,20,16,16,2048,10944,102400,True,False,False,1680,1,2048,10944,generic,generic,2816,,KERNEL_ONLY,BF16,none
0.004192,0.006144,0.0058437619047619046,0.00592,0.0003893787365194904,21.0,0.071648,0.073442,0.0724195,0.072354,0.000478061240846817,20.0,0.012288,0.030463999999999998,0.021472025,0.021552,0.00862537782792006,40,0.042978,0.04396900000000001,0.04341015,0.0433935,0.0002815321074051761,20,0.023489000000000003,0.024192,0.023881549999999994,0.023936,0.00017165152926787469,20,0.07571299999999999,0.077537,0.0765154,0.07660800000000001,0.000453462170417777,20.0,0.209633,0.212321,0.2105239,0.210449,0.0005733801444068331,20,0.038016,0.039297,0.03863210000000001,0.038688,0.0003867548189745027,20,0.104608,0.10630400000000001,0.10576045,0.10583999999999999,0.0003810221089385753,20,0.05081600000000001,0.056832,0.05333140000000001,0.053296500000000004,0.0016127804066270153,20,0.008416,0.009056,0.008641600000000001,0.00864,0.00014537379406206604,20,0.030112,0.03056,0.030396699999999992,0.030432,0.00013979023571050994,20,16,16,2048,10944,102400,True,False,False,1664,1,2048,10944,generic,generic,2816,,KERNEL_ONLY,BF16,none
0.003968,0.006272000000000001,0.0058377142857142855,0.00592,0.0004503386178735945,21.0,0.070498,0.07280299999999999,0.0717875,0.0718235,0.0005200707163453798,20.0,0.010400000000000001,0.029185,0.019880025000000003,0.020224000000000002,0.009085844711658625,40,0.04336199999999999,0.044127000000000006,0.04381794999999999,0.0438235,0.00019022341469966407,20,0.020032,0.020415,0.020171300000000003,0.020144500000000003,0.00010660117260143035,20,0.07500699999999999,0.07709,0.0759602,0.0758725,0.0005009266014098293,20.0,0.189345,0.19056,0.1900342,0.19001649999999998,0.00026999659257108947,20,0.037823999999999997,0.039072,0.0383489,0.03832,0.0003676696751161297,20,0.089024,0.09017700000000001,0.08954575000000001,0.089536,0.00024443462827512726,20,0.050976,0.051776,0.051299250000000005,0.051296,0.00018386730949247044,20,0.008,0.008414999999999999,0.008195400000000002,0.008160500000000001,0.00011619999999999984,20,0.025536000000000003,0.025824000000000003,0.025700850000000004,0.025696500000000004,7.584673691069409e-05,20,16,16,2048,10944,102400,True,False,False,1648,1,2048,10944,generic,generic,2816,,KERNEL_ONLY,BF16,none
0.00432,0.00672,0.005997761904761905,0.005952,0.0005160992802941906,21.0,0.07043300000000001,0.071808,0.07112985,0.071151,0.00036432008934451693,20.0,0.010783,0.029920000000000002,0.02042245,0.0209755,0.009254695165022996,40,0.04284599999999999,0.043773999999999993,0.043422249999999996,0.04345349999999999,0.00025108741007864264,20,0.021217,0.021568,0.021406500000000002,0.021424000000000002,8.109963008546977e-05,20,0.07443099999999998,0.075934,0.0753234,0.0753915,0.0004582656871292029,20.0,0.209569,0.211073,0.21039425,0.210513,0.0004016082512847526,20,0.03696,0.037888,0.03726565,0.0371045,0.00032208667699859886,20,0.094656,0.095776,0.09524995000000001,0.095264,0.00025678891623276856,20,0.050336,0.051008000000000005,0.05066405,0.050656,0.00016284301489471477,20,0.007744,0.008128,0.007921649999999999,0.0079045,8.970522560029594e-05,20,0.026943,0.02752,0.0272112,0.0272,0.0001552789747518963,20,16,16,2048,10944,102400,True,False,False,1632,1,2048,10944,generic,generic,2816,,KERNEL_ONLY,BF16,none
0.004224,0.006592,0.005988619047619048,0.0060160000000000005,0.0004902898536473799,21.0,0.06998299999999999,0.070912,0.07058895000000001,0.0706395,0.00027401468482547036,20.0,0.011392,0.028928000000000002,0.020464175,0.020832,0.008332174994824281,40,0.042621000000000006,0.044162,0.0434017,0.0434405,0.0003852729032776628,20,0.019936,0.02032,0.020083250000000004,0.020064000000000002,9.673410722180695e-05,20,0.074145,0.07539200000000001,0.07471155,0.0747015,0.0003257444512190502,20.0,0.188161,0.189825,0.18898300000000004,0.18905650000000002,0.00045707198557776597,20,0.036992,0.038112,0.0374529,0.0373445,0.0003578784570213759,20,0.08841700000000001,0.091936,0.08897799999999999,0.088816,0.0007084989767106236,20,0.048737,0.049408,0.049045200000000004,0.049025,0.00016595589775600096,20,0.00768,0.008192,0.0078225,0.007808,0.00012287697099131308,20,0.025409,0.025888,0.025619350000000003,0.025616,0.00011767126879574294,20,16,16,2048,10944,102400,True,False,False,1616,1,2048,10944,generic,generic,2816,,KERNEL_ONLY,BF16,none
0.004192,0.006144,0.005627428571428571,0.005664,0.00035293876056262646,21.0,0.069569,0.071297,0.07014129999999999,0.070016,0.00040725496927600593,20.0,0.011776,0.030144,0.020955325,0.020976,0.008954262578201233,40,0.04249500000000001,0.04333,0.04286715,0.042832999999999996,0.0002663712212308197,20,0.023712,0.024129,0.02391205,0.023904500000000002,0.00014809506237548905,20,0.073375,0.074818,0.0741029,0.074096,0.0003462835398918058,20.0,0.175808,0.180097,0.17695415,0.176608,0.0011047062629948297,20,0.037503999999999996,0.038593,0.03782265,0.0376805,0.00034639403502370044,20,0.104801,0.10608,0.10529335,0.10526450000000001,0.00026984722992834235,20,0.051296,0.057600000000000005,0.05426099999999999,0.0538245,0.001606737066230813,20,0.008321,0.008672000000000001,0.0085121,0.008512,9.253858654637008e-05,20,0.030015999999999998,0.030591999999999998,0.03024815,0.03024,0.0001527066714325211,20,16,16,2048,10944,102400,True,False,False,1600,1,2048,10944,generic,generic,2816,,KERNEL_ONLY,BF16,none
0.004096,0.005792,0.005574190476190476,0.005633,0.00034219440576647135,21.0,0.068736,0.07059299999999999,0.0695093,0.06948750000000001,0.0004862713337222314,20.0,0.011488,0.027584,0.0197111,0.0206885,0.007576634146505954,40,0.041983999999999994,0.043072,0.042515700000000003,0.04252999999999999,0.0002455544949700573,20,0.01984,0.020128,0.0200016,0.02,7.25805759139456e-05,20,0.072159,0.07350399999999999,0.0729678,0.0731685,0.0003958528261867023,20.0,0.194304,0.196928,0.19552870000000003,0.195457,0.0006064706175900005,20,0.035328000000000005,0.036607999999999995,0.03577935,0.0357445,0.00030129607946337213,20,0.08809600000000001,0.089185,0.08869145,0.08868799999999999,0.0002610799638041949,20,0.048416,0.049089,0.048781050000000006,0.048768,0.00017100043128600619,20,0.007488000000000001,0.00784,0.007688100000000001,0.007696,9.216610005853559e-05,20,0.025376000000000003,0.025696000000000004,0.02550885,0.025504000000000002,8.232027393054509e-05,20,16,16,2048,10944,102400,True,False,False,1584,1,2048,10944,generic,generic,2816,,KERNEL_ONLY,BF16,none
0.00384,0.0057599999999999995,0.0055313809523809526,0.005632,0.00038855243884503704,21.0,0.067776,0.06915200000000002,0.06852685,0.068464,0.0003985422530924431,20.0,0.009664,0.029408000000000004,0.019798525,0.020032,0.009385725755069504,40,0.04185699999999999,0.04255899999999999,0.04222094999999999,0.04220850000000001,0.00018404577555597497,20,0.020864,0.021152,0.020998600000000003,0.020976500000000002,8.26452660471241e-05,20,0.07113599999999998,0.07238399999999999,0.0718096,0.07185550000000002,0.00031844189422875944,20.0,0.19209700000000002,0.193888,0.19295250000000003,0.1929765,0.00045059810252596485,20,0.035840000000000004,0.037088,0.0362991,0.036143999999999996,0.0004003419663237913,20,0.09238400000000001,0.094592,0.09312835000000001,0.0930405,0.0004896833951646707,20,0.049664,0.050273000000000005,0.049888100000000005,0.04984,0.0001664310367689881,20,0.007552,0.008064,0.007700950000000001,0.007664,0.00012074289834189025,20,0.026463999999999998,0.026912,0.026687999999999996,0.026672500000000002,0.0001319518851703152,20,16,16,2048,10944,102400,True,False,False,1568,1,2048,10944,generic,generic,2816,,KERNEL_ONLY,BF16,none
0.004,0.006464,0.005737095238095237,0.0057599999999999995,0.0004482547006379196,21.0,0.066816,0.06860900000000002,0.06789314999999999,0.06808049999999999,0.0004972074290474787,20.0,0.009344,0.027489000000000003,0.01851605,0.0188635,0.00878586472394721,40,0.04217799999999999,0.04323300000000001,0.04273165,0.042737,0.0002388998273335517,20,0.02,0.020288,0.020139350000000004,0.020144000000000002,7.987570030991873e-05,20,0.070464,0.071968,0.07155215000000001,0.07164700000000002,0.00036601397172785963,20.0,0.194881,0.197505,0.19621665,0.196321,0.0006659593287130968,20,0.034465,0.03552,0.034867300000000004,0.0347045,0.00033389655583728313,20,0.088577,0.08956900000000001,0.08906114999999999,0.0890405,0.0002611165017765091,20,0.04832,0.048896,0.04858735,0.048591999999999996,0.00014583047521008852,20,0.007424000000000001,0.007872,0.007585750000000002,0.0075685,0.00012074596266542396,20,0.025280999999999998,0.025632000000000002,0.025472250000000002,0.025472,8.398206653804165e-05,20,16,16,2048,10944,102400,True,False,False,1552,1,2048,10944,generic,generic,2816,,KERNEL_ONLY,BF16,none
0.003648,0.005856,0.005565095238095238,0.005664,0.00043944661139100674,21.0,0.066434,0.068126,0.0675127,0.06748950000000001,0.0003969362795210346,20.0,0.008831,0.027039999999999998,0.017953724999999997,0.017967999999999998,0.008930177713762196,40,0.041537000000000004,0.042656999999999994,0.04224014999999999,0.042350500000000006,0.0003327334180691789,20,0.019072,0.01936,0.01919375,0.019184,9.527794865549996e-05,20,0.068994,0.071104,0.07026235,0.0702715,0.0004916109513629647,20.0,0.176064,0.177345,0.17666795000000002,0.1766565,0.0003467522855007611,20,0.035136,0.03632,0.0354608,0.035344,0.00034127212016219513,20,0.08390399999999999,0.08505700000000001,0.08436054999999999,0.0843365,0.00025438444822748526,20,0.046336,0.047104,0.0466961,0.046688,0.0001961596033845905,20,0.007392,0.00784,0.00755035,0.007520499999999999,0.00011418155499028705,20,0.024225000000000003,0.024704,0.02438895,0.024384,0.00010566999337560302,20,16,16,2048,10944,102400,True,False,False,1536,1,2048,10944,generic,generic,2816,,KERNEL_ONLY,BF16,none
0.004,0.006272000000000001,0.005350190476190475,0.005344000000000001,0.000389122409317565,21.0,0.06624200000000001,0.06758499999999999,0.06688505,0.06688100000000001,0.0003277447901950525,20.0,0.010591,0.027135000000000003,0.019143225000000003,0.019568000000000002,0.00782930560933567,40,0.04221,0.043167000000000004,0.042630049999999996,0.042622499999999994,0.00021109440423658902,20,0.019167000000000003,0.019457000000000002,0.019281700000000002,0.0192645,6.614310243706459e-05,20,0.069151,0.070753,0.07009320000000001,0.07020900000000001,0.0003741064821678451,20.0,0.176064,0.177217,0.1767142,0.17672100000000002,0.0002738272448095674,20,0.03481600000000001,0.036033,0.035273650000000004,0.035104,0.00039105578566235225,20,0.08422400000000001,0.084929,0.08452355,0.0844485,0.00019797713883173564,20,0.046304000000000005,0.047104,0.0466786,0.0466405,0.00019206207329923276,20,0.007424000000000001,0.007712,0.0075441499999999995,0.007535999999999999,7.762040646634067e-05,20,0.024192,0.024640000000000002,0.02439525,0.024384,0.00011038155416554009,20,16,16,2048,10944,102400,True,False,False,1520,1,2048,10944,generic,generic,2816,,KERNEL_ONLY,BF16,none
0.003776,0.005536,0.005283142857142858,0.005345,0.0003490123869700092,21.0,0.06556800000000002,0.06707500000000001,0.06628945,0.0663035,0.0003642698827792364,20.0,0.010848000000000002,0.027168,0.01936,0.019903999999999998,0.007658275634893275,40,0.04191899999999999,0.042464999999999996,0.0422684,0.04230300000000001,0.00017362557415312167,20,0.019168,0.019425,0.019257600000000003,0.019232,6.302332901394593e-05,20,0.06864100000000001,0.07036999999999999,0.06946265,0.069472,0.0004671356628432461,20.0,0.17644800000000002,0.17788900000000002,0.17706605,0.17704050000000002,0.000373376281383808,20,0.034433,0.03568,0.03503385,0.035072000000000006,0.0003787569504312767,20,0.08419199999999999,0.08489700000000001,0.08459875,0.084576,0.00018513019067672564,20,0.046336,0.047008,0.04658735000000001,0.046560500000000005,0.00015784843204796247,20,0.007328,0.00768,0.0075041,0.0074725,8.551075955691156e-05,20,0.024224,0.024512000000000003,0.0243681,0.024368,0.00010136759837344532,20,16,16,2048,10944,102400,True,False,False,1504,1,2048,10944,generic,generic,2816,,KERNEL_ONLY,BF16,none
0.004032,0.005888,0.005548238095238096,0.005632,0.00036676759278892314,21.0,0.064702,0.06719800000000001,0.06570585000000001,0.06571300000000001,0.0005733431149843892,20.0,0.011167999999999999,0.027232,0.019536875000000002,0.019888,0.007279706275625067,40,0.04169399999999999,0.042783999999999996,0.04218714999999999,0.042208,0.0003128078124024396,20,0.018913,0.019456,0.019097799999999998,0.019041000000000002,0.00013818379065577891,20,0.068223,0.069825,0.06899554999999999,0.068833,0.00048652332677888904,20.0,0.174625,0.177697,0.17583425,0.1756805,0.0007456731103506393,20,0.034048,0.035232,0.03451855,0.034304,0.0003652687332636063,20,0.083168,0.08524899999999999,0.08387724999999999,0.0837445,0.0004766332840874602,20,0.046079999999999996,0.04672,0.0463138,0.04632,0.00017162796974852363,20,0.007296,0.007712,0.007462500000000001,0.007440500000000001,0.00010042833265568018,20,0.024064000000000002,0.024512000000000003,0.024272049999999996,0.024272500000000002,0.00010194139247626566,20,16,16,2048,10944,102400,True,False,False,1488,1,2048,10944,generic,generic,2816,,KERNEL_ONLY,BF16,none
0.003969,0.006048,0.005493285714285714,0.005536,0.00038304396650007264,21.0,0.06409799999999999,0.066241,0.06521990000000001,0.06536100000000002,0.0004969975754468034,20.0,0.009056,0.027137,0.018030375,0.018095999999999998,0.008740437602567448,40,0.041090999999999996,0.042212,0.04163925,0.041602,0.0003220229611378672,20,0.018944,0.019264,0.019075250000000002,0.019055999999999997,8.750249996428687e-05,20,0.067998,0.069157,0.06857109999999998,0.06860749999999999,0.0003212441283510106,20.0,0.174656,0.176161,0.17542450000000004,0.17545650000000002,0.0004379664941522384,20,0.03376,0.034944,0.03421949999999999,0.034128500000000006,0.00034619669264740314,20,0.083073,0.08412900000000001,0.08375225,0.08374400000000001,0.00024777285464715654,20,0.046016,0.046624000000000006,0.046331250000000004,0.046336,0.00013819402121655034,20,0.007263,0.0076159999999999995,0.007393600000000002,0.007392,7.617309236206703e-05,20,0.024032,0.024416,0.0242304,0.024224,0.00011104206410185269,20,16,16,2048,10944,102400,True,False,False,1472,1,2048,10944,generic,generic,2816,,KERNEL_ONLY,BF16,none
0.0038079999999999998,0.005792,0.005435476190476189,0.005503999999999999,0.00038527289265410177,21.0,0.06380999999999999,0.06614099999999999,0.06484029999999999,0.06480050000000001,0.0006172584628824439,20.0,0.008992000000000002,0.027039999999999998,0.01833765,0.018624,0.008470922345146365,40,0.041441999999999986,0.04233399999999999,0.04182755,0.04179349999999999,0.00025705281072184395,20,0.019039,0.019232,0.019126599999999997,0.019136,5.8336438012618226e-05,20,0.067261,0.06909,0.06824515,0.068162,0.0004155460594206132,20.0,0.17456100000000002,0.17628800000000003,0.1754804,0.1755365,0.000399027116873027,20,0.033504,0.034688000000000004,0.0338929,0.033743999999999996,0.0003782382714639025,20,0.08307200000000001,0.084384,0.08382590000000001,0.08380850000000001,0.000256748690356932,20,0.045984000000000004,0.046464,0.046191949999999996,0.046208,0.0001193656043422889,20,0.007200000000000001,0.0076159999999999995,0.0073808,0.00736,0.00011151080665119394,20,0.024096,0.02432,0.0242001,0.024192,7.214492359133828e-05,20,16,16,2048,10944,102400,True,False,False,1456,1,2048,10944,generic,generic,2816,,KERNEL_ONLY,BF16,none
0.003968,0.005664,0.0054308095238095235,0.005503999999999999,0.00033877462926421535,21.0,0.063232,0.06521500000000001,0.06441795,0.0644325,0.0005770773323394358,20.0,0.009536,0.0272,0.0185697,0.018816,0.008445296469633259,40,0.040667999999999996,0.041596999999999995,0.041260849999999995,0.04129549999999999,0.00022731284059639058,20,0.0192,0.019456,0.019339250000000006,0.019328,6.257145914872063e-05,20,0.066817,0.06860899999999999,0.06775075,0.0678065,0.0004487408912724577,20.0,0.170656,0.172193,0.17137335000000004,0.17140850000000002,0.0003736799800631568,20,0.033408,0.0344,0.0337377,0.0335845,0.0003212906939206298,20,0.083681,0.0848,0.0843363,0.0843205,0.0002855342536369311,20,0.04224,0.043008000000000005,0.04246725,0.042448,0.00018008661110698978,20,0.007167,0.007329,0.00725275,0.0072475000000000005,4.676844555894494e-05,20,0.02416,0.024800000000000003,0.0243248,0.02432,0.00013661976430956127,20,16,16,2048,10944,102400,True,False,False,1440,1,2048,10944,generic,generic,2816,,KERNEL_ONLY,BF16,none
0.0037120000000000005,0.005952,0.005415619047619048,0.005472,0.000409692158088354,21.0,0.062721,0.06441500000000001,0.06360129999999999,0.063568,0.0004863045444986125,20.0,0.010272,0.026912,0.018688774999999998,0.018944,0.007974512974117916,40,0.040702,0.042178,0.041210149999999994,0.041089,0.0004495549215613157,20,0.018848,0.019168,0.018972999999999997,0.018944,8.453638269999499e-05,20,0.066113,0.06742700000000001,0.06684335000000001,0.066816,0.0003664796413172238,20.0,0.168577,0.17088,0.1695446,0.1695045,0.0005838357988338842,20,0.032863,0.034176000000000005,0.03342730000000001,0.0333285,0.00040146806846871506,20,0.08256000000000001,0.08431999999999999,0.0831204,0.0830725,0.00042828067899450994,20,0.043584000000000005,0.044319000000000004,0.0438688,0.043840000000000004,0.00015153501245586761,20,0.006911,0.007296,0.007041400000000001,0.00704,8.563083556756885e-05,20,0.023872,0.024224,0.0240177,0.024,8.831256988673794e-05,20,16,16,2048,10944,102400,True,False,False,1424,1,2048,10944,generic,generic,2816,,KERNEL_ONLY,BF16,none
0.003648,0.005664,0.0052297619047619055,0.00528,0.00037026179988423696,21.0,0.062241,0.064385,0.06317799999999998,0.0630385,0.0006000785781878901,20.0,0.008928,0.025024,0.016926500000000004,0.016944,0.007869122714763064,40,0.04073399999999999,0.04143799999999999,0.0410881,0.04110349999999999,0.00018807442675706959,20,0.018015999999999997,0.01952,0.018369699999999996,0.0182085,0.00043710377486359017,20,0.06611199999999999,0.067426,0.06669459999999999,0.0667195,0.0003748820347789433,20.0,0.182208,0.187872,0.18406459999999997,0.183888,0.001331484675090181,20,0.031776,0.032673,0.03209785,0.032033,0.0002786826645128827,20,0.076928,0.09200100000000001,0.07891060000000001,0.07736,0.004099852282704831,20,0.045248,0.047329,0.04665299999999999,0.0468005,0.0005135048198410606,20,0.007008,0.007392,0.007163250000000001,0.007168,8.356008317372605e-05,20,0.022368,0.023264,0.02260475,0.022576,0.00022640999867497026,20,16,16,2048,10944,102400,True,False,False,1408,1,2048,10944,generic,generic,2816,,KERNEL_ONLY,BF16,none
0.0037440000000000004,0.0056,0.005245095238095239,0.005312000000000001,0.0003522132612578573,21.0,0.061601,0.06399999999999999,0.06284205000000001,0.0628805,0.0005435275039038948,20.0,0.00912,0.024864,0.0170433,0.0170885,0.007661437176535484,40,0.04064299999999999,0.041726000000000006,0.041297600000000004,0.041313,0.00029290022191866115,20,0.017824000000000003,0.018112,0.017955200000000004,0.017920000000000002,9.043649705732683e-05,20,0.065088,0.067328,0.06583330000000001,0.06577549999999999,0.0004608664774096711,20.0,0.163041,0.164608,0.16403105,0.164065,0.00035480212442994447,20,0.032223999999999996,0.033472,0.032697800000000006,0.032560500000000006,0.000376472256613951,20,0.076032,0.07696,0.07649465000000001,0.076464,0.00023675140443089258,20,0.04396800000000001,0.045024,0.044323299999999996,0.044288,0.0002196187833496942,20,0.006848,0.007328,0.0069953,0.006976,0.0001294500289687107,20,0.022015999999999997,0.022368,0.022193549999999996,0.0222085,9.773099559505194e-05,20,16,16,2048,10944,102400,True,False,False,1392,1,2048,10944,generic,generic,2816,,KERNEL_ONLY,BF16,none
0.003711,0.0054080000000000005,0.005129238095238096,0.005216,0.0003384719028589277,21.0,0.06124900000000001,0.06316899999999999,0.06211065,0.0619045,0.0005869150939445977,20.0,0.009728,0.024800000000000003,0.017287975,0.0173755,0.0072683651376616336,40,0.040126999999999996,0.041343,0.040829849999999994,0.0408635,0.00031088523203909183,20,0.017792000000000002,0.019424,0.01828825,0.0179845,0.0005654663451523879,20,0.064576,0.066275,0.06528160000000001,0.06531,0.0004462605068791106,20.0,0.168352,0.172608,0.17001495000000003,0.169921,0.0012445128554980898,20,0.031552000000000004,0.032608,0.03193925000000001,0.031824000000000005,0.00032711937805638975,20,0.075776,0.093473,0.0794675,0.07638400000000001,0.006323750726428107,20,0.044801,0.046847,0.046091400000000005,0.046256000000000005,0.0006379052750996818,20,0.006816,0.007232000000000001,0.006988749999999999,0.00696,0.00010944627677541173,20,0.022303999999999997,0.026463999999999998,0.02386245,0.0229915,0.0015744475372332996,20,16,16,2048,10944,102400,True,False,False,1376,1,2048,10944,generic,generic,2816,,KERNEL_ONLY,BF16,none
0.00352,0.005856,0.005526857142857142,0.0056,0.0004649991588025453,21.0,0.06054600000000001,0.06211200000000001,0.061466199999999985,0.061551499999999995,0.0004445871793023267,20.0,0.00992,0.024704,0.017335300000000005,0.017312,0.007168113703060241,40,0.040449,0.041278999999999996,0.0408614,0.040896499999999995,0.00020908118040607952,20,0.017727,0.017984000000000003,0.0178192,0.017792000000000002,8.112927954813928e-05,20,0.06432,0.06591899999999999,0.06508175000000002,0.0651505,0.0004251067954055769,20.0,0.16220900000000002,0.163776,0.16307270000000001,0.1630565,0.00044740698474654827,20,0.031488,0.032544,0.03188805000000001,0.031743999999999994,0.0003319206945943552,20,0.07555200000000001,0.07651300000000001,0.07605635,0.07608000000000001,0.00026984926811092074,20,0.043616,0.044161,0.04392025000000001,0.0439205,0.0001639859368970396,20,0.006528,0.006817,0.00664795,0.0066245,8.158092607956843e-05,20,0.021920000000000002,0.022208,0.02205765,0.0220645,7.303511141909665e-05,20,16,16,2048,10944,102400,True,False,False,1360,1,2048,10944,generic,generic,2816,,KERNEL_ONLY,BF16,none
0.003648,0.005632,0.005057428571428571,0.005119,0.0003493510407310446,21.0,0.060159000000000004,0.06137600000000001,0.06104170000000001,0.061072999999999995,0.00025915499223437614,20.0,0.009952,0.024640000000000002,0.017516825000000003,0.017552,0.006947285778948136,40,0.039777,0.040898,0.04032965,0.040289,0.00032764268265901976,20,0.017824000000000003,0.019584,0.018279999999999998,0.017984000000000003,0.0005455743762311417,20,0.063938,0.06518400000000002,0.06438459999999999,0.064305,0.0003529643608071532,20.0,0.18633600000000003,0.192257,0.1891572,0.1891365,0.0018223059457731033,20,0.029984000000000004,0.030753,0.0302931,0.030255999999999998,0.00024255286021813863,20,0.076193,0.100865,0.0812946,0.076688,0.00811168805120118,20,0.044,0.046784,0.045899350000000005,0.046272,0.0008619954335725929,20,0.00656,0.006976,0.006705549999999999,0.006671999999999999,0.00010277425504473398,20,0.022175999999999998,0.023488,0.0226032,0.022448,0.0003686206179800584,20,16,16,2048,10944,102400,True,False,False,1344,1,2048,10944,generic,generic,2816,,KERNEL_ONLY,BF16,none
0.003711,0.005792,0.0050803809523809525,0.005152,0.00035640526373517634,21.0,0.059840000000000004,0.061441,0.06071185,0.06073550000000001,0.0003921887651374018,20.0,0.010400000000000001,0.024704,0.01753925,0.017584500000000003,0.00695908241347234,40,0.039809,0.04092799999999999,0.04034765,0.04039999999999999,0.0002662754729598645,20,0.017408000000000003,0.020576,0.01920805,0.01976,0.0011142535382488129,20,0.063265,0.064864,0.06402125000000002,0.06395250000000001,0.00044077067450092603,20.0,0.158048,0.159809,0.15897325,0.15892850000000003,0.0004390089833932828,20,0.030848,0.031904,0.031196800000000004,0.031072,0.0003108999195882814,20,0.073729,0.08681699999999999,0.0755956,0.074352,0.00304397270684216,20,0.04112,0.042688000000000004,0.04198400000000001,0.041968,0.0003537411482991494,20,0.006497,0.006752,0.00659995,0.006592,6.46045470535937e-05,20,0.021536000000000003,0.024384,0.022918499999999998,0.0228,0.000987254551774769,20,16,16,2048,10944,102400,True,False,False,1328,1,2048,10944,generic,generic,2816,,KERNEL_ONLY,BF16,none
0.003328,0.005536,0.005028714285714285,0.0050880000000000005,0.000408073889534393,21.0,0.059295999999999995,0.060545,0.059984,0.060031,0.0003692694138430647,20.0,0.010592,0.024736,0.017673675000000003,0.017711499999999998,0.00675315447915824,40,0.03888099999999999,0.03977499999999999,0.039454499999999997,0.03944049999999999,0.00020290699840074398,20,0.017856,0.020097,0.018655949999999998,0.018271999999999997,0.0008161707220306304,20,0.06230399999999999,0.063552,0.06306110000000001,0.0631055,0.00038890768827576713,20.0,0.15763200000000002,0.160224,0.1586338,0.158352,0.0007026260456316696,20,0.030336,0.031232,0.030633650000000002,0.030559999999999997,0.0002549786804813297,20,0.075617,0.10316800000000001,0.08051865,0.0764,0.009096841348924365,20,0.039713000000000005,0.041951999999999996,0.04127375000000001,0.041488,0.0006644548799579982,20,0.006304000000000001,0.006528,0.0064367999999999995,0.006432,5.5708706680374425e-05,20,0.022144,0.023615,0.022580799999999998,0.0223685,0.00043077553319565434,20,16,16,2048,10944,102400,True,False,False,1312,1,2048,10944,generic,generic,2816,,KERNEL_ONLY,BF16,none
0.003297,0.005472,0.005075857142857142,0.00512,0.00041999787819353907,21.0,0.05843100000000001,0.060353,0.05958429999999999,0.05952,0.0004473686511144904,20.0,0.010944,0.024545,0.01774485,0.01792,0.006654530443802929,40,0.039270000000000006,0.040447000000000004,0.03983045,0.03987249999999999,0.0003082579236613382,20,0.017313,0.019872,0.01854405,0.018816,0.0008691577805554059,20,0.062592,0.06365000000000001,0.06318125000000001,0.0631855,0.0002934527006180055,20.0,0.1552,0.15696000000000002,0.1560019,0.155968,0.00044537432570816336,20,0.029952000000000003,0.031265,0.030385699999999998,0.030303999999999998,0.00031516949408215276,20,0.073504,0.092992,0.07863695000000001,0.0748965,0.006908681990618761,20,0.040128000000000004,0.041888,0.04135845,0.041551500000000005,0.0005323422278008759,20,0.006272000000000001,0.006719,0.0064496,0.006432500000000001,0.0001114452331865296,20,0.021376000000000003,0.024864,0.022396849999999996,0.022143999999999997,0.0009756736275517546,20,16,16,2048,10944,102400,True,False,False,1296,1,2048,10944,generic,generic,2816,,KERNEL_ONLY,BF16,none
0.003391,0.005696,0.005089523809523809,0.0051210000000000006,0.00041147859043392225,21.0,0.058464,0.060352,0.0592287,0.05915150000000001,0.0004714291145018519,20.0,0.007776,0.024384,0.0160577,0.016112500000000002,0.00808414323289735,40,0.038754,0.03981,0.039451499999999994,0.039425,0.00025039359017354996,20,0.01648,0.016769,0.0166047,0.016591,8.155924227210538e-05,20,0.061534,0.063362,0.06265429999999998,0.06270400000000001,0.0004816422012241023,20.0,0.15635300000000002,0.158017,0.1572072,0.15720100000000004,0.0004750580596095598,20,0.02928,0.030656,0.029737600000000003,0.029584,0.0004002047475980257,20,0.069888,0.070592,0.07022565,0.070304,0.00023662740225933126,20,0.046112,0.047008,0.0465826,0.04664,0.00021342502196321702,20,0.006241,0.006497,0.006376049999999999,0.0063365,7.491560251376217e-05,20,0.020384,0.020832,0.020537649999999998,0.020560000000000002,9.246041044684998e-05,20,16,16,2048,10944,102400,True,False,False,1280,1,2048,10944,generic,generic,2816,,KERNEL_ONLY,BF16,none
0.003425,0.00608,0.0055132857142857145,0.005568,0.0004934859618649989,21.0,0.057955,0.05929800000000001,0.05861015000000001,0.05860799999999999,0.00032222046412355774,20.0,0.007776,0.0232,0.01546005,0.015696,0.007541763805470177,40,0.039009,0.040098,0.039481350000000005,0.03947049999999999,0.0002464778438318547,20,0.016384,0.016864,0.01653775,0.0165285,0.00010336531091231702,20,0.06121599999999999,0.06271999999999998,0.062064549999999996,0.06206400000000001,0.0003816974554539237,20.0,0.150112,0.151521,0.1507573,0.15073599999999998,0.0003796182424489094,20,0.02912,0.03024,0.0295554,0.0294405,0.0003103672663152481,20,0.069248,0.07024,0.06963075,0.069537,0.0002667110562012755,20,0.040768,0.041472,0.0411345,0.041167999999999996,0.0001899166922626861,20,0.006048,0.006368,0.006164750000000001,0.0061435,8.663537095205407e-05,20,0.020352000000000002,0.020800000000000003,0.020523400000000004,0.0204965,9.713413406213074e-05,20,16,16,2048,10944,102400,True,False,False,1264,1,2048,10944,generic,generic,2816,,KERNEL_ONLY,BF16,none
0.0033929999999999997,0.005312000000000001,0.005056142857142857,0.005152,0.0003911089588427692,21.0,0.057440000000000005,0.059235,0.05837745,0.0583515,0.00048699809804556737,20.0,0.007776,0.023136,0.015447949999999998,0.015471500000000001,0.007552488076620843,40,0.03856,0.039520999999999994,0.03898265,0.03899299999999999,0.00025993985362002476,20,0.016352000000000002,0.016801,0.01651375,0.0164645,0.00014109425041439463,20,0.06048099999999999,0.06220800000000001,0.061314,0.06127950000000001,0.0004456445893310075,20.0,0.149249,0.150784,0.1500692,0.1500165,0.00041322797581964547,20,0.028800000000000003,0.03008,0.029265650000000004,0.029168,0.00031974838154398793,20,0.06905599999999999,0.06998399999999999,0.0694067,0.06937650000000001,0.00023662673137242937,20,0.040768,0.044768,0.04124175000000001,0.04104,0.000826564629959449,20,0.005984,0.006305,0.00616645,0.006176,7.659861291172323e-05,20,0.020321000000000002,0.020575,0.0204528,0.020448,6.486647824570099e-05,20,16,16,2048,10944,102400,True,False,False,1248,1,2048,10944,generic,generic,2816,,KERNEL_ONLY,BF16,none
0.0036160000000000003,0.005184,0.004961571428571429,0.005024,0.00031282546045276264,21.0,0.05772900000000001,0.058785000000000004,0.05818255000000001,0.058161000000000004,0.0002955285899875005,20.0,0.0088,0.022368,0.015525549999999999,0.015616000000000001,0.006548785883467256,40,0.038848,0.03955400000000001,0.03925735,0.039266499999999996,0.00020239794341840462,20,0.016417,0.019776000000000002,0.0181249,0.017904,0.0012063949975028906,20,0.060321,0.06214400000000001,0.06092190000000001,0.06088,0.00037788012649516415,20.0,0.149153,0.150817,0.15000360000000001,0.15004850000000003,0.00037223680634778554,20,0.028576,0.029728,0.028936200000000006,0.028864,0.00030049602326819594,20,0.06896,0.071552,0.06940500000000001,0.0692485,0.0005558137277901673,20,0.038592,0.04096,0.038968100000000006,0.0388475,0.0004872865584027542,20,0.005984,0.006304000000000001,0.006118500000000001,0.0061125,7.751870741956439e-05,20,0.020544,0.025888,0.022490000000000003,0.022128000000000002,0.0016129326086355873,20,16,16,2048,10944,102400,True,False,False,1232,1,2048,10944,generic,generic,2816,,KERNEL_ONLY,BF16,none
0.00352,0.005248,0.005007285714285714,0.00512,0.0003531469602165706,21.0,0.05702600000000001,0.058462,0.05769295,0.057648000000000005,0.00038936582733978926,20.0,0.007745,0.024352000000000002,0.0160713,0.0160795,0.0080335218528364,40,0.038561,0.039391,0.0389266,0.0389765,0.00022610935407452786,20,0.016448,0.016831,0.016632,0.016624,9.317617721284762e-05,20,0.060128,0.06131300000000001,0.060768100000000005,0.0608635,0.0002993462710641317,20.0,0.155649,0.157025,0.15652880000000002,0.15662500000000001,0.0003572295620465912,20,0.028064000000000002,0.029024,0.0283937,0.028352500000000003,0.0002628863062238123,20,0.06937600000000001,0.070304,0.0697603,0.06975999999999999,0.0002681317027134229,20,0.046047,0.046784,0.046371249999999996,0.046432,0.00020209103765382537,20,0.0060160000000000005,0.006240000000000001,0.006102450000000001,0.006080500000000001,6.408859102835688e-05,20,0.020289,0.020672,0.020403400000000002,0.0204,8.235435629036237e-05,20,16,16,2048,10944,102400,True,False,False,1216,1,2048,10944,generic,generic,2816,,KERNEL_ONLY,BF16,none
0.003552,0.005856,0.00536247619047619,0.0054080000000000005,0.0004311174427381784,21.0,0.055998000000000006,0.057953,0.0570466,0.056993,0.0005449514106780513,20.0,0.009888000000000001,0.022784,0.0160393,0.015968000000000003,0.006019851797179064,40,0.03833399999999999,0.039101,0.038713149999999995,0.0386875,0.0002607159901118453,20,0.015648,0.016,0.015819200000000002,0.015823999999999998,0.00010280593368089218,20,0.059008,0.06070300000000001,0.05994889999999999,0.060015,0.00044745803155156515,20.0,0.14627199999999999,0.14844900000000003,0.14733795,0.147248,0.000591505661426839,20,0.027649,0.028640000000000002,0.02802735,0.028,0.00024201348619446835,20,0.068705,0.069792,0.06908810000000001,0.069024,0.00027224141859754074,20,0.0384,0.039296,0.03893610000000001,0.0389765,0.00020301376800601533,20,0.005856,0.006271,0.0059936500000000005,0.005952,0.00012216639267818293,20,0.019872,0.02032,0.020057750000000003,0.020064000000000002,0.0001238817480503084,20,16,16,2048,10944,102400,True,False,False,1200,1,2048,10944,generic,generic,2816,,KERNEL_ONLY,BF16,none
0.0035510000000000003,0.006048,0.005400333333333333,0.00544,0.0004504821050653699,21.0,0.056257,0.057282000000000007,0.05681689999999999,0.056801000000000004,0.00028651193692409975,20.0,0.010112,0.023104,0.016759274999999997,0.0168955,0.0061849895108540805,40,0.037534,0.038144,0.0378989,0.037920499999999996,0.00014242433078656184,20,0.016288,0.016576,0.016451149999999998,0.016448,8.812563474948691e-05,20,0.058464,0.060224,0.0594349,0.059521500000000005,0.000424944219868914,20.0,0.148353,0.15008000000000002,0.1491861,0.1491045,0.0004021493379330654,20,0.027584,0.028832,0.028036999999999996,0.02792,0.00032831326503813396,20,0.068448,0.06934399999999999,0.06876969999999999,0.068736,0.00022788178953132555,20,0.040672,0.041568,0.0410321,0.040992,0.0002530487897619754,20,0.005856,0.006176,0.00598395,0.005983499999999999,8.526691914218563e-05,20,0.020192,0.020512000000000002,0.020326450000000003,0.02032,9.406459216942339e-05,20,16,16,2048,10944,102400,True,False,False,1184,1,2048,10944,generic,generic,2816,,KERNEL_ONLY,BF16,none
0.003392,0.005344000000000001,0.004819761904761905,0.004863,0.0003576128399689497,21.0,0.05539500000000001,0.05667200000000001,0.0561334,0.05619300000000001,0.00026599424805811043,20.0,0.010656,0.02368,0.0166744,0.016640000000000002,0.005545679037773464,40,0.037888000000000005,0.038624,0.0382033,0.03822299999999999,0.00019729954384133786,20,0.01568,0.016097,0.0158545,0.0158245,0.00011423987920161687,20,0.059104000000000004,0.060224999999999994,0.059723799999999994,0.059839500000000004,0.00032186994267871446,20.0,0.146465,0.147841,0.14697165,0.146944,0.00028909363102635024,20,0.02688,0.028193000000000003,0.027251249999999998,0.027184,0.0002855575029656905,20,0.068289,0.06950400000000001,0.0688418,0.0688165,0.0002787288287924317,20,0.038304000000000005,0.0424,0.0390497,0.038768,0.0009412699984595271,20,0.005823000000000001,0.006112,0.0059121,0.005888,8.206454776576785e-05,20,0.019808,0.020192,0.020043200000000004,0.020064000000000002,0.00010122232955232819,20,16,16,2048,10944,102400,True,False,False,1168,1,2048,10944,generic,generic,2816,,KERNEL_ONLY,BF16,none
0.003456,0.005632,0.005101761904761905,0.005153,0.000398725219234393,21.0,0.05504100000000001,0.05628900000000002,0.055664500000000006,0.055616,0.00029502313468607967,20.0,0.009824,0.024416,0.016986499999999998,0.0169755,0.006986465683734517,40,0.037441,0.038271,0.037713750000000004,0.03769499999999999,0.00019622381990981656,20,0.016384,0.01952,0.017915300000000002,0.0183685,0.001062188123639122,20,0.058019,0.059903000000000005,0.05886090000000001,0.058832499999999996,0.0004449768420940569,20.0,0.13968100000000003,0.143393,0.14179429999999998,0.1416325,0.0008709508654338614,20,0.026849,0.027808,0.02721285,0.02712,0.00027285404065177416,20,0.068,0.068768,0.06833930000000002,0.0682885,0.00023132749512325414,20,0.036448,0.037408000000000004,0.036765,0.036752,0.00022091627373283377,20,0.005696,0.006048,0.005843200000000001,0.005824,8.247884577271927e-05,20,0.019488,0.02416,0.0219202,0.0217605,0.0017808492805400462,20,16,16,2048,10944,102400,True,False,False,1152,1,2048,10944,generic,generic,2816,,KERNEL_ONLY,BF16,none
0.0033610000000000003,0.005184,0.004903666666666667,0.004961,0.0003680032781082428,21.0,0.054495999999999996,0.056479,0.05537765,0.0553125,0.0005451874241946544,20.0,0.009344,0.021440999999999998,0.015678425000000003,0.0158395,0.005545492092174959,40,0.03773,0.038431999999999994,0.03805615,0.038016999999999995,0.0001860312540945732,20,0.015137000000000001,0.015393,0.015283449999999999,0.015295999999999999,7.591276243162286e-05,20,0.05820500000000001,0.05916799999999999,0.05861165,0.058593000000000006,0.0002773208025013602,20.0,0.137409,0.13856000000000002,0.1378757,0.137872,0.0002744762466954113,20,0.026368,0.027488,0.026745750000000006,0.026592499999999998,0.00033519843003808943,20,0.06342300000000001,0.064065,0.06360335000000002,0.06353600000000001,0.0001851794467536823,20,0.036607999999999995,0.037536,0.03700805,0.036992,0.0002107017975718296,20,0.005696,0.006048,0.005804800000000001,0.005792,9.779652345559145e-05,20,0.018911999999999998,0.019232,0.0189953,0.0189765,7.396560011248485e-05,20,16,16,2048,10944,102400,True,False,False,1136,1,2048,10944,generic,generic,2816,,KERNEL_ONLY,BF16,none
0.003232,0.004993,0.0047178571428571426,0.0048,0.00034659504100459886,21.0,0.053823,0.055360000000000006,0.05476625,0.05484800000000001,0.0003879055136241293,20.0,0.008352,0.021632000000000002,0.015030475000000005,0.015152,0.00627002320963607,40,0.03721699999999999,0.037856,0.03752029999999999,0.0375195,0.00017839033045543686,20,0.014976000000000001,0.015233,0.015116850000000001,0.01512,7.99288902712904e-05,20,0.05664400000000001,0.058657,0.05792790000000001,0.05793450000000001,0.0004661822497693355,20.0,0.146881,0.149984,0.14789485000000002,0.14782499999999998,0.000671325798327458,20,0.025568,0.026625,0.025960150000000005,0.025904000000000003,0.0002656091630573004,20,0.06364800000000001,0.08672,0.07440189999999999,0.07014400000000001,0.009027830392181723,20,0.035488,0.037632,0.0366656,0.036879999999999996,0.0007305433868019053,20,0.005536,0.00592,0.0057424500000000005,0.005743999999999999,9.520949269899516e-05,20,0.018911999999999998,0.019552,0.01923695,0.019216,0.0001718174831034379,20,16,16,2048,10944,102400,True,False,False,1120,1,2048,10944,generic,generic,2816,,KERNEL_ONLY,BF16,none
0.003296,0.005344000000000001,0.004870238095238096,0.004896,0.0003887416702230422,21.0,0.05392100000000001,0.055807999999999996,0.054585650000000006,0.05454450000000001,0.0003817162918975279,20.0,0.008511,0.021184,0.014952799999999999,0.015120000000000001,0.006055557530896722,40,0.037441999999999996,0.038238999999999995,0.0379515,0.0379515,0.00021113609355105428,20,0.014976000000000001,0.015295999999999999,0.015150550000000002,0.0151685,8.494555609329967e-05,20,0.056478,0.05804900000000001,0.05702569999999999,0.056976000000000006,0.00045345497020101013,20.0,0.146369,0.149409,0.14794769999999996,0.148144,0.0008977970873198406,20,0.025248000000000003,0.026463,0.025614400000000002,0.025536000000000003,0.0002510219910685116,20,0.062432,0.06352000000000001,0.06285624999999999,0.062832,0.00024558071483730184,20,0.036545,0.037888,0.03723555,0.0371525,0.00032177841366381327,20,0.005568,0.00592,0.0056624,0.0056475,8.373792450258115e-05,20,0.018751999999999998,0.019264,0.018910549999999998,0.01888,0.00010627345623437666,20,16,16,2048,10944,102400,True,False,False,1104,1,2048,10944,generic,generic,2816,,KERNEL_ONLY,BF16,none
0.003296,0.00512,0.0046049047619047614,0.00464,0.0003215150007256427,21.0,0.052833000000000005,0.054818,0.053714000000000005,0.053697,0.0004662785648086329,20.0,0.00912,0.024224,0.016848049999999996,0.01696,0.007184256241776181,40,0.037121,0.037885999999999996,0.037505550000000006,0.0375525,0.0002050071888983407,20,0.017664000000000003,0.020257,0.01894735,0.018944,0.0006760629611951831,20,0.055617999999999994,0.056928,0.05628955,0.056257,0.00036657884213358693,20.0,0.141505,0.14672100000000002,0.14380555,0.14371299999999998,0.0013640039396937262,20,0.02528,0.026336,0.02562565,0.0255515,0.0003048380348644165,20,0.066848,0.06812800000000001,0.06739695,0.067296,0.0003422017643145643,20,0.036288,0.040159,0.03763689999999999,0.036624,0.0015644680214053598,20,0.005536,0.005856,0.0056223,0.005631000000000001,7.443997581944791e-05,20,0.020800000000000003,0.023233,0.021828950000000003,0.021760500000000002,0.0006724532307157123,20,16,16,2048,10944,102400,True,False,False,1088,1,2048,10944,generic,generic,2816,,KERNEL_ONLY,BF16,none
0.003328,0.005184,0.0046918571428571434,0.004736,0.0003428491665738859,21.0,0.05174600000000001,0.053378,0.052767949999999994,0.0527995,0.00042519095416059546,20.0,0.009569000000000001,0.021312,0.015550550000000002,0.01568,0.005500265416095846,40,0.036960999999999994,0.037986,0.0375398,0.037488499999999994,0.000298849058890941,20,0.014431,0.014784,0.014531200000000003,0.014528000000000001,7.301136897771466e-05,20,0.05456300000000001,0.055969,0.055437200000000006,0.05544050000000001,0.000370587992250153,20.0,0.14656,0.14940799999999999,0.14782285,0.14777650000000003,0.0007467780978978975,20,0.024448,0.025537,0.0247649,0.024672,0.00029978674086757065,20,0.062272,0.06288,0.06256980000000001,0.062608,0.00018580032292760026,20,0.03664,0.04144,0.03727699999999999,0.037105,0.000983867115010965,20,0.005472,0.005984,0.0056511,0.005632,0.00014036555845363204,20,0.018335999999999998,0.018784,0.018544249999999998,0.018529,0.00011789566361830272,20,16,16,2048,10944,102400,True,False,False,1072,1,2048,10944,generic,generic,2816,,KERNEL_ONLY,BF16,none
0.0026880000000000003,0.00512,0.004637095238095239,0.004736,0.0004585202809828179,21.0,0.049919000000000005,0.051135999999999994,0.05041715,0.0503995,0.00031046228031759337,20.0,0.010624000000000001,0.021249,0.01574005,0.015376,0.004994620996382008,40,0.036194000000000004,0.03657899999999999,0.036359199999999994,0.03632049999999999,0.00010967114479205492,20,0.014944,0.015231999999999999,0.0151168,0.015136,7.985649629178553e-05,20,0.051904,0.052704,0.05232225,0.052351999999999996,0.00021110799961157254,20.0,0.15872,0.163745,0.1615063,0.16147250000000002,0.0011392286030468182,20,0.024032,0.024992999999999998,0.02422735,0.02416,0.00021950883239632956,20,0.075105,0.09299299999999999,0.08202115000000001,0.0817765,0.004986328130749119,20,0.035168,0.036704,0.03584980000000001,0.035856,0.0004502943037614393,20,0.005312000000000001,0.0056,0.0054321000000000005,0.0054245000000000005,7.499393308795028e-05,20,0.018719000000000003,0.019744,0.019131299999999997,0.019024,0.0003251690483425507,20,16,16,2048,10944,102400,True,False,False,1056,1,2048,10944,generic,generic,2816,,KERNEL_ONLY,BF16,none
0.0028799999999999997,0.004736,0.004452666666666666,0.0045119999999999995,0.00036101396006952327,21.0,0.04940800000000001,0.05023999999999999,0.049939050000000006,0.050015500000000004,0.00022071168410394573,20.0,0.008928,0.022049,0.0149912,0.014559500000000001,0.005364365191707216,40,0.036668,0.03728,0.03697365,0.0370085,0.000177048376157477,20,0.014336,0.014592,0.0144704,0.0144805,7.688523915551025e-05,20,0.051136,0.05216,0.0517062,0.051680000000000004,0.00025521904317663956,20.0,0.137056,0.138496,0.1377891,0.137792,0.00037852964216822133,20,0.023488,0.024769,0.0238865,0.023776,0.00037809780480716897,20,0.07615999999999999,0.092256,0.08244175000000001,0.08100850000000001,0.004282247387470744,20,0.031328,0.032768,0.032148949999999996,0.0322565,0.00038841169845925074,20,0.0050880000000000005,0.005728,0.0054705,0.0054564999999999995,0.00015321993995560745,20,0.018015,0.018751,0.018337399999999997,0.018367500000000002,0.00018455958387469335,20,16,16,2048,10944,102400,True,False,False,1040,1,2048,10944,generic,generic,2816,,KERNEL_ONLY,BF16,none
0.0027519999999999997,0.00496,0.004548619047619048,0.004545,0.0004444179153080038,21.0,0.049024000000000005,0.05008100000000001,0.04954415,0.049536000000000004,0.00025910370028233885,20.0,0.008064,0.019585,0.01375535,0.013807500000000002,0.005572073310492245,40,0.036255,0.036957000000000004,0.03658565,0.036545999999999995,0.00018158063635751465,20,0.013824,0.014048999999999999,0.013940950000000002,0.013952,6.186151873337735e-05,20,0.050975000000000006,0.052384,0.05161145,0.051631500000000004,0.0004506366024858591,20.0,0.124129,0.125088,0.12453804999999998,0.12457599999999999,0.00024731568389408585,20,0.023743,0.024864,0.024147099999999998,0.024016000000000003,0.0003507252343359406,20,0.056961,0.057888,0.0572691,0.0572485,0.00019173312181258693,20,0.032064,0.032608,0.032365000000000005,0.032352,0.0001520131573252789,20,0.005344000000000001,0.005888,0.005609650000000001,0.005536,0.0001844595551875802,20,0.017087,0.017376000000000003,0.0172287,0.0172,7.882455201268218e-05,20,16,16,2048,10944,102400,True,False,False,1024,1,2048,10944,generic,generic,2816,,KERNEL_ONLY,BF16,none
0.0026880000000000003,0.005152,0.004446619047619048,0.004543999999999999,0.00042983734201389374,21.0,0.049248,0.05007899999999999,0.04963985,0.049599500000000005,0.0002602593466141011,20.0,0.00784,0.019488,0.013752724999999999,0.013871999999999999,0.005581310240380389,40,0.036832,0.037247,0.03701095,0.037008,0.00011178035381944487,20,0.013856,0.01408,0.0139712,0.013952,6.270693741524907e-05,20,0.050782,0.052512,0.0518119,0.051809499999999994,0.00044598418133382384,20.0,0.120128,0.12192,0.12084350000000002,0.1207525,0.00046255556422985605,20,0.02336,0.024576,0.023804800000000004,0.0237125,0.0003396555019427773,20,0.056992,0.057888,0.0573105,0.057248,0.00024923171949011656,20,0.032128000000000004,0.033088,0.03255035,0.032528,0.00020810340578664271,20,0.005183,0.005856,0.0055761,0.005568,0.00018075007607190637,20,0.017184,0.017376000000000003,0.017264150000000002,0.017248000000000003,5.403820407822582e-05,20,16,16,2048,10944,102400,True,False,False,1016,1,2048,10944,generic,generic,2816,,KERNEL_ONLY,BF16,none
0.0028799999999999997,0.004865,0.004530285714285713,0.004608,0.00038838887518484233,21.0,0.048286,0.05040200000000001,0.049457900000000006,0.049472,0.0003826320556356991,20.0,0.008928,0.019488,0.01436405,0.014623999999999998,0.004896141883922483,40,0.036192,0.037150999999999997,0.0366612,0.036671999999999996,0.0002579262685342464,20,0.013664,0.014048,0.0138609,0.013888000000000001,0.00011470392321102175,20,0.050720999999999995,0.052542,0.051644800000000005,0.0516785,0.00043861732751910253,20.0,0.135712,0.13833600000000001,0.13717005,0.137345,0.0006335609264309152,20,0.022784,0.024064000000000002,0.02331205,0.023280500000000003,0.00033472398704006946,20,0.056448,0.057280000000000005,0.05674100000000001,0.056752,0.00020467535269299124,20,0.032032,0.032928,0.03241135,0.0323845,0.00022826876155094083,20,0.00528,0.005792,0.0055216499999999995,0.005552,0.00017039902435166677,20,0.016992,0.017313,0.017161600000000003,0.017152,7.976490456334806e-05,20,16,16,2048,10944,102400,True,False,False,1008,1,2048,10944,generic,generic,2816,,KERNEL_ONLY,BF16,none
0.002719,0.004897,0.004621714285714285,0.004672,0.0004429765276870014,21.0,0.048992,0.050109,0.04951670000000001,0.049584,0.00028474463998467026,20.0,0.009056,0.019616,0.014472125000000002,0.014720500000000001,0.004940863867723437,40,0.036418,0.037152,0.03677255,0.0367985,0.0001974754351811898,20,0.013889,0.014176000000000001,0.014022499999999999,0.014,7.534155559848769e-05,20,0.051105,0.052672000000000004,0.051764799999999986,0.0518405,0.00043412482076011323,20.0,0.136992,0.140225,0.13794610000000002,0.137824,0.0007772511112890079,20,0.022912,0.024224,0.023193699999999998,0.023104,0.00030234617576546256,20,0.056352,0.056992,0.056701049999999996,0.056736,0.00019036267359963253,20,0.031232,0.032128000000000004,0.03164005,0.031632,0.0002207791826690191,20,0.00512,0.0057599999999999995,0.005457700000000001,0.005424,0.0001900915831908397,20,0.017216000000000002,0.017536000000000003,0.01736315,0.017344000000000002,8.77167458356728e-05,20,16,16,2048,10944,102400,True,False,False,1000,1,2048,10944,generic,generic,2816,,KERNEL_ONLY,BF16,none
0.0026880000000000003,0.004928,0.004486142857142857,0.004575999999999999,0.0004468887456855543,21.0,0.048576,0.049438,0.049018000000000006,0.04903950000000001,0.00024062772076384117,20.0,0.008992000000000002,0.01936,0.014456775,0.014736500000000001,0.004761363415490882,40,0.035873,0.03644899999999999,0.03616984999999999,0.036192,0.0001423995347604745,20,0.013665,0.01392,0.0137937,0.013792,6.176495770256799e-05,20,0.05055900000000001,0.051842,0.0512513,0.05123149999999999,0.0003481015800021597,20.0,0.12294400000000001,0.124192,0.1235011,0.123408,0.0002786221276209038,20,0.023008,0.023937,0.023364949999999995,0.023312,0.00024274729143700037,20,0.056481,0.057409,0.056916999999999995,0.056832,0.00026461897135315155,20,0.031808,0.032544,0.0322305,0.032241000000000006,0.0001695250718920349,20,0.005183,0.0056,0.0053951,0.0054080000000000005,0.0001466648901407559,20,0.017024,0.017473,0.017124999999999998,0.0171045,0.00010969412017059048,20,16,16,2048,10944,102400,True,False,False,992,1,2048,10944,generic,generic,2816,,KERNEL_ONLY,BF16,none
0.0026880000000000003,0.005152,0.0044739523809523805,0.0045119999999999995,0.00044196643658286954,21.0,0.048513,0.049537,0.04892465,0.04888050000000001,0.00023810654652906926,20.0,0.009151,0.019297,0.014477674999999999,0.014688,0.004679969782955334,40,0.03644599999999999,0.037315,0.03673264999999999,0.036704,0.00021101949554484402,20,0.013696,0.01408,0.0138512,0.013856,9.510972610621907e-05,20,0.050560999999999995,0.051938000000000005,0.0510403,0.05092850000000001,0.0004215298447322552,20.0,0.135712,0.137217,0.1364932,0.136592,0.00042145149187065655,20,0.022208,0.023488,0.022486299999999997,0.0224,0.0002889020768357333,20,0.055873,0.056832,0.0562788,0.0562565,0.0002480301594564662,20,0.030816,0.031584,0.031147150000000005,0.0311195,0.00018501628982335635,20,0.004992,0.005664,0.005313700000000002,0.005296,0.00017119932826971024,20,0.016992,0.017217,0.01707855,0.017072000000000004,7.09510218390125e-05,20,16,16,2048,10944,102400,True,False,False,984,1,2048,10944,generic,generic,2816,,KERNEL_ONLY,BF16,none
0.002655,0.0048,0.00422552380952381,0.004256,0.00039098917523045613,21.0,0.04806200000000001,0.049281000000000005,0.048710500000000004,0.0486725,0.00029282187418292247,20.0,0.009151999999999999,0.01952,0.014485624999999999,0.014943500000000002,0.0047697410919645316,40,0.036287,0.037182999999999994,0.036616050000000004,0.036541500000000005,0.00023408790549705823,20,0.013696,0.01408,0.0138561,0.013856,0.00011315162393885475,20,0.049922,0.051840000000000004,0.0508292,0.050802,0.00048361747280262755,20.0,0.135712,0.13772800000000002,0.1365846,0.136385,0.0006763480169262008,20,0.022049,0.023007000000000003,0.022302399999999997,0.02224,0.0002193028499586818,20,0.055712000000000005,0.056799999999999996,0.05623845000000001,0.056223999999999996,0.0002485337954886606,20,0.031808,0.033152,0.0323265,0.032288,0.00034294642438725023,20,0.004928,0.005503999999999999,0.00515515,0.00512,0.00016506885684465142,20,0.016991,0.017408000000000003,0.017099200000000002,0.017072000000000004,9.669467410359335e-05,20,16,16,2048,10944,102400,True,False,False,976,1,2048,10944,generic,generic,2816,,KERNEL_ONLY,BF16,none
0.00272,0.004575999999999999,0.004297190476190475,0.004384000000000001,0.0003717585774522184,21.0,0.048034,0.04902700000000001,0.04841275,0.04838400000000001,0.00023336985130903345,20.0,0.008992000000000002,0.020576,0.014624925,0.0147365,0.005168514614410508,40,0.036224,0.03689399999999999,0.036454150000000005,0.036415499999999996,0.00017798041324819687,20,0.013728,0.014208,0.013872200000000001,0.013856,0.000102435638329636,20,0.050047,0.051458000000000004,0.050734749999999995,0.050752500000000006,0.0004030938941487475,20.0,0.15312,0.162721,0.15901959999999998,0.1596005,0.0024634662246517574,20,0.02144,0.0224,0.021892750000000002,0.021840000000000002,0.00022984535561981645,20,0.055935000000000006,0.056512,0.056240200000000004,0.0562245,0.00018264791266258624,20,0.030816,0.0368,0.031955250000000004,0.031439999999999996,0.001615976481109796,20,0.004832,0.005472,0.005179250000000001,0.005248,0.00020319052020210005,20,0.016960000000000003,0.017473,0.0172339,0.0172485,0.00015567109558296265,20,16,16,2048,10944,102400,True,False,False,968,1,2048,10944,generic,generic,2816,,KERNEL_ONLY,BF16,none
0.0027519999999999997,0.004704,0.004295666666666666,0.004352000000000001,0.0003647759042445929,21.0,0.047712000000000004,0.049056,0.0483812,0.0484015,0.00037352986493719803,20.0,0.007136,0.019168,0.01327295,0.013472499999999998,0.005729839513241186,40,0.03558499999999999,0.036097,0.03583045,0.035824499999999995,0.0001321652280291614,20,0.0136,0.014944,0.013892849999999998,0.0138085,0.00032321220196644836,20,0.049630999999999995,0.051904000000000006,0.050571200000000004,0.050511,0.0005167630598252954,20.0,0.11216,0.11433700000000001,0.11290770000000001,0.112817,0.0004907117381925984,20,0.022624,0.023649,0.023037,0.02296,0.00029339529648581653,20,0.056,0.056608,0.05622590000000001,0.056192,0.00017329711480575696,20,0.029665,0.030432,0.03002745,0.030015999999999998,0.00019533854586332875,20,0.005056,0.0054080000000000005,0.005203350000000001,0.005184,8.969407728495796e-05,20,0.016959,0.017312,0.017054350000000003,0.017024,9.307538611254863e-05,20,16,16,2048,10944,102400,True,False,False,960,1,2048,10944,generic,generic,2816,,KERNEL_ONLY,BF16,none
0.0027519999999999997,0.00496,0.004475523809523809,0.004543999999999999,0.000408822655584082,21.0,0.047872000000000005,0.048799999999999996,0.048465650000000006,0.0484805,0.0002210170298868381,20.0,0.006976,0.021408000000000003,0.013832925000000001,0.0132,0.00648481664115301,40,0.03635399999999999,0.036927999999999996,0.0366418,0.0366745,0.0001428161755544527,20,0.01328,0.013568,0.01340805,0.01344,8.230763937812844e-05,20,0.04979299999999999,0.05136099999999999,0.05049785,0.0504795,0.0004055090966920472,20.0,0.11529600000000001,0.11619199999999999,0.11581640000000001,0.1157445,0.00022492718821876114,20,0.021664000000000003,0.022624,0.022027349999999998,0.021984000000000004,0.0002479018505376665,20,0.053984000000000004,0.061152000000000005,0.055244800000000004,0.05432000000000001,0.0018793946259367668,20,0.030976,0.031776,0.03128335,0.031264,0.00017025195299907717,20,0.00496,0.005248,0.00512805,0.005152,8.516893506437658e-05,20,0.016192,0.016385,0.0163009,0.01632,5.9384257173092784e-05,20,16,16,2048,10944,102400,True,False,False,952,1,2048,10944,generic,generic,2816,,KERNEL_ONLY,BF16,none
0.002624,0.00464,0.004236190476190476,0.004288,0.00038013251061121145,21.0,0.047584,0.04864000000000001,0.04797465000000001,0.047952499999999995,0.000281228425839211,20.0,0.007200000000000001,0.019232,0.013312025,0.01336,0.005775841559840003,40,0.036095999999999996,0.036864999999999995,0.03640639999999999,0.0363685,0.00020064256776666212,20,0.013248,0.013601000000000002,0.013414600000000002,0.0134085,0.00011017731163901228,20,0.049856,0.05065700000000001,0.05018135,0.0501275,0.00024181775679217753,20.0,0.115137,0.116225,0.11574440000000001,0.1157765,0.00031416212375141514,20,0.021664000000000003,0.022751999999999998,0.0219793,0.021840000000000002,0.00032793232533557756,20,0.067873,0.08316899999999999,0.07405300000000001,0.07312,0.0052078999222335285,20,0.029888,0.031232,0.030580749999999997,0.030624,0.0004260834278636047,20,0.004992,0.005248,0.0050975000000000005,0.0050880000000000005,6.47908172505951e-05,20,0.016608,0.016961,0.016803349999999998,0.016800000000000002,8.583779761853197e-05,20,16,16,2048,10944,102400,True,False,False,944,1,2048,10944,generic,generic,2816,,KERNEL_ONLY,BF16,none
0.002944,0.004928,0.0044480000000000006,0.0044800000000000005,0.00037754104160374146,21.0,0.047488999999999996,0.04828800000000001,0.04783225000000001,0.047873500000000006,0.00020347158892582701,20.0,0.00944,0.019264,0.014519975,0.014896,0.004541013600989872,40,0.035777,0.036515,0.0360739,0.0360165,0.0002198042083309596,20,0.013087999999999999,0.013664,0.013416050000000002,0.013424,0.00012987127280503596,20,0.049471999999999995,0.050688000000000004,0.05006059999999999,0.050048999999999996,0.0003139981528608092,20.0,0.114721,0.115968,0.11547384999999999,0.1155845,0.00037364585840070623,20,0.02144,0.02224,0.0216241,0.021584,0.0001832031386194023,20,0.05392,0.062624,0.0555219,0.054352500000000005,0.002529949226763257,20,0.030944,0.031648,0.031232,0.031184,0.00019613923625832794,20,0.004992,0.005248,0.005100749999999999,0.0050880000000000005,6.580567984604377e-05,20,0.016224,0.016544,0.016353550000000005,0.0163515,8.787802626368012e-05,20,16,16,2048,10944,102400,True,False,False,936,1,2048,10944,generic,generic,2816,,KERNEL_ONLY,BF16,none
0.002784,0.00464,0.0042316666666666666,0.004288,0.000358369765589801,21.0,0.046978000000000006,0.047775000000000005,0.04739675,0.047393000000000005,0.00020549595494802312,20.0,0.007200000000000001,0.019264,0.013308850000000002,0.013424,0.005770382572022413,40,0.035425000000000005,0.036000000000000004,0.03562745,0.03559949999999999,0.00014669406088863937,20,0.017024,0.019072,0.01803995,0.017872000000000002,0.0007700510681117193,20,0.048864,0.050401,0.049680249999999995,0.049696500000000005,0.00039870927691740493,20.0,0.114976,0.116096,0.11543220000000003,0.1154405,0.0002921974674770481,20,0.021088000000000003,0.021920000000000002,0.0214114,0.0213765,0.00021955919475166619,20,0.05584000000000001,0.056928,0.056356800000000006,0.056288,0.00031171695494470515,20,0.030688,0.031296,0.031075299999999993,0.0310875,0.0001704365277750045,20,0.00496,0.005312000000000001,0.0050960499999999995,0.005104000000000001,8.08309810654308e-05,20,0.021728,0.023456,0.02229295,0.0221125,0.0004708218851115568,20,16,16,2048,10944,102400,True,False,False,928,1,2048,10944,generic,generic,2816,,KERNEL_ONLY,BF16,none
0.00256,0.004704,0.0042789523809523815,0.004353,0.0004113963997562768,21.0,0.04694400000000001,0.04819300000000001,0.04743860000000001,0.047422500000000006,0.0003163135153609477,20.0,0.009375999999999999,0.01856,0.014151849999999999,0.014528,0.004059038029816917,40,0.03555200000000001,0.036479000000000004,0.03598730000000001,0.0359985,0.00024181007009634598,20,0.013441000000000002,0.014687,0.01386425,0.013744,0.00032625310343351515,20,0.048895999999999995,0.05049599999999999,0.0496707,0.049584,0.0004194941119968219,20.0,0.114785,0.115904,0.1153284,0.115249,0.0002942873425752456,20,0.020928000000000002,0.021664000000000003,0.0211473,0.0210725,0.0001928740780924176,20,0.053664,0.06944,0.060799950000000005,0.061984,0.004815858806848471,20,0.030528,0.03168,0.031142400000000004,0.031184,0.000296271395851844,20,0.004864,0.005312000000000001,0.00498245,0.004928,0.0001136663868520506,20,0.016224,0.017408000000000003,0.0165346,0.016416,0.00028352326183225324,20,16,16,2048,10944,102400,True,False,False,920,1,2048,10944,generic,generic,2816,,KERNEL_ONLY,BF16,none
0.002496,0.00464,0.0043170000000000005,0.004384000000000001,0.0004236226982542254,21.0,0.046719000000000004,0.047425,0.0470626,0.047056000000000014,0.0002334078833287361,20.0,0.00928,0.01936,0.01445525,0.015024,0.0046208498230844944,40,0.035839,0.036415,0.036028700000000004,0.035968,0.0001631055179937207,20,0.013632,0.014816000000000001,0.0140016,0.013903500000000001,0.00032606861241156,20,0.048639999999999996,0.05033699999999999,0.04933735,0.0493445,0.0004623100988514074,20.0,0.10972799999999999,0.111264,0.11049304999999998,0.110464,0.0003772123374175349,20,0.020959,0.021920000000000002,0.02123205,0.0211205,0.00028162128381924574,20,0.071456,0.083841,0.07743065000000002,0.0760325,0.0037564927562155656,20,0.028416,0.029632000000000002,0.02900335,0.028992000000000004,0.0003083052505229196,20,0.004896,0.00512,0.0049888,0.004992,6.136741806528927e-05,20,0.016737,0.019392,0.017571300000000005,0.017216000000000002,0.0008020506904180054,20,16,16,2048,10944,102400,True,False,False,912,1,2048,10944,generic,generic,2816,,KERNEL_ONLY,BF16,none
0.0025910000000000004,0.0050880000000000005,0.004589619047619047,0.004672,0.00046899187486011646,21.0,0.046592,0.047455000000000004,0.04701910000000001,0.046977,0.0002271710588961554,20.0,0.009344,0.018335999999999998,0.013970524999999998,0.0142405,0.004156029180524963,40,0.035232,0.036224000000000006,0.035598399999999995,0.03548900000000001,0.00029773417674160477,20,0.013472,0.014784,0.014073649999999998,0.014016,0.0003850047110101383,20,0.048193,0.04908799999999999,0.0486196,0.048591999999999996,0.00024339276899694554,20.0,0.109376,0.11068800000000001,0.10996195,0.10995250000000001,0.00028585966399616547,20,0.020544,0.021408000000000003,0.0209889,0.020976,0.0002076383635073257,20,0.063456,0.068449,0.06595704999999999,0.0661765,0.001091644057145002,20,0.028864,0.029728,0.029345599999999993,0.029344500000000003,0.00017573855581516537,20,0.0047350000000000005,0.005056,0.0048735,0.0048635,8.173891362135902e-05,20,0.016672,0.019392,0.017518500000000003,0.017056,0.0008996094430362544,20,16,16,2048,10944,102400,True,False,False,904,1,2048,10944,generic,generic,2816,,KERNEL_ONLY,BF16,none
0.002592,0.0048330000000000005,0.004566952380952382,0.004672,0.00045119328306703234,21.0,0.045824,0.047009,0.046358250000000004,0.046304500000000005,0.0003303181610205535,20.0,0.00864,0.018528,0.013342425,0.01344,0.0044930909621745925,40,0.035232,0.03580599999999999,0.035433900000000004,0.035392,0.00014922596958974596,20,0.013536,0.01392,0.0137055,0.013696,0.0001172597543916926,20,0.047648,0.048608000000000005,0.04813465000000001,0.0481605,0.0002508575840990268,20.0,0.12342499999999999,0.125248,0.12431875,0.12430450000000001,0.0004524232393456383,20,0.020385,0.021056000000000002,0.020528100000000004,0.020496,0.000141760678610114,20,0.054208,0.05552000000000001,0.054926550000000005,0.054976500000000005,0.0003707975829209251,20,0.029824000000000003,0.031648,0.0312545,0.03136,0.0003651578425831763,20,0.0048,0.005248,0.0049552,0.004928,0.00010824906466108606,20,0.016576,0.016992,0.0168065,0.016801,9.724016659796498e-05,20,16,16,2048,10944,102400,True,False,False,896,1,2048,10944,generic,generic,2816,,KERNEL_ONLY,BF16,none
0.00256,0.004896,0.004487619047619048,0.004543999999999999,0.0004480951723090888,21.0,0.045985,0.047072,0.046372800000000006,0.046367500000000006,0.00028673081452819263,20.0,0.008576,0.017984000000000003,0.013170375000000002,0.013392000000000001,0.004239511113840251,40,0.035648000000000006,0.036446,0.0359794,0.036015000000000005,0.00018731721757489308,20,0.013023999999999999,0.013632,0.013333000000000001,0.013313000000000002,0.0001651399406564021,20,0.047776,0.048608000000000005,0.0481745,0.048224500000000003,0.00024653650845260256,20.0,0.10928,0.11014499999999999,0.10965475,0.1095685,0.0002669254343445,20,0.020288,0.021856,0.020548800000000002,0.020416,0.0003523127303972991,20,0.056352,0.066528,0.062038599999999985,0.061936000000000005,0.0029242366251724552,20,0.02912,0.03024,0.02972175,0.029680000000000005,0.00030312437628801723,20,0.004736,0.005151,0.0048591500000000004,0.004832,0.00010354818926470914,20,0.015647,0.016864,0.015964850000000003,0.015856000000000002,0.00027108675271949386,20,16,16,2048,10944,102400,True,False,False,888,1,2048,10944,generic,generic,2816,,KERNEL_ONLY,BF16,none
0.002528,0.004992,0.004487714285714286,0.004543999999999999,0.00045879014217594424,21.0,0.045758999999999994,0.046624,0.046245949999999994,0.0462395,0.00020045086056188474,20.0,0.008544000000000001,0.018015999999999997,0.01331695,0.013552,0.004173077101791914,40,0.035456999999999995,0.036101999999999995,0.035840699999999996,0.0359035,0.0001648059768333656,20,0.013151999999999999,0.013824,0.013372799999999999,0.013343999999999998,0.00018321424617097898,20,0.047359000000000005,0.048254000000000005,0.04777105,0.047774500000000004,0.00022154874745753,20.0,0.109184,0.110689,0.1100163,0.110064,0.00032524730590736473,20,0.020064000000000002,0.021567,0.02049765,0.020352000000000002,0.00036877612110872875,20,0.058368,0.068896,0.06307855000000001,0.06256,0.0026787804030005895,20,0.028225000000000004,0.030496,0.029430400000000002,0.029408000000000004,0.000544368294447793,20,0.004768,0.005024,0.004894350000000001,0.004864,6.743684082161613e-05,20,0.01584,0.018015999999999997,0.016422449999999998,0.016256,0.0005603657265572192,20,16,16,2048,10944,102400,True,False,False,880,1,2048,10944,generic,generic,2816,,KERNEL_ONLY,BF16,none
0.002528,0.004992,0.004522619047619047,0.004575999999999999,0.00046044962251617,21.0,0.045343,0.046431,0.045809699999999995,0.045776,0.0002575789393564615,20.0,0.008384,0.017792000000000002,0.013140025000000003,0.013361,0.004201478308211885,40,0.035165999999999996,0.03607,0.03551095,0.035457,0.00022813712433534543,20,0.013408,0.014496,0.014017649999999998,0.013904,0.00033154279889631167,20,0.047233000000000004,0.04819099999999999,0.04758065000000001,0.047473000000000015,0.0002760694251451943,20.0,0.10844799999999999,0.10944100000000001,0.10891555000000001,0.10886399999999999,0.00027789880802191246,20,0.019777000000000003,0.020672,0.020088150000000003,0.020048000000000003,0.00020694208730946903,20,0.0592,0.068512,0.06340174999999999,0.06259200000000001,0.0026118856574321933,20,0.028128,0.029792000000000003,0.029308800000000003,0.029392,0.00040398757406633263,20,0.004639000000000001,0.004959,0.00476155,0.004751999999999999,9.020946458105153e-05,20,0.01584,0.0176,0.016707250000000003,0.016848000000000002,0.0006207807886041582,20,16,16,2048,10944,102400,True,False,False,872,1,2048,10944,generic,generic,2816,,KERNEL_ONLY,BF16,none
0.002528,0.004864,0.004541047619047619,0.004608,0.0004632117150618295,21.0,0.045217,0.04700700000000001,0.0458865,0.045840000000000006,0.0004904939856919777,20.0,0.008673,0.022112,0.014853725000000002,0.0148,0.005936426618713905,40,0.035101,0.035616,0.03530409999999999,0.03526499999999999,0.00012775284732639052,20,0.014144,0.015231999999999999,0.014673650000000002,0.01464,0.000336659661230745,20,0.04694600000000001,0.048481,0.04773980000000001,0.047808500000000004,0.0004910195108139782,20.0,0.10409600000000001,0.105185,0.1046291,0.10465650000000001,0.00026009207984865646,20,0.019937,0.020929,0.020267349999999996,0.020192,0.00025239854892609813,20,0.064671,0.068704,0.06666429999999998,0.06665599999999999,0.0009903932097909392,20,0.027295000000000003,0.028032,0.027699349999999994,0.027728500000000003,0.00020986144834151896,20,0.004736,0.004992,0.00483515,0.004832,6.316824756157172e-05,20,0.017888,0.019776000000000002,0.018831999999999998,0.01888,0.0006264465659575447,20,16,16,2048,10944,102400,True,False,False,864,1,2048,10944,generic,generic,2816,,KERNEL_ONLY,BF16,none
0.002497,0.004575999999999999,0.004129571428571429,0.004192,0.0003827011231494675,21.0,0.044896,0.045822,0.04544795000000001,0.045519000000000004,0.0002717801455220758,20.0,0.008672000000000001,0.018049,0.0133849,0.013552000000000002,0.004104589156054477,40,0.035164,0.035966,0.035576399999999994,0.035554499999999996,0.00020625843013074603,20,0.015488,0.017472,0.016809650000000002,0.017231500000000004,0.000696666295653809,20,0.046497000000000004,0.047582,0.04696770000000001,0.0469735,0.0002928317093485602,20.0,0.104449,0.10608,0.10506279999999998,0.105041,0.0003961683480542079,20,0.01984,0.020832,0.020153700000000004,0.020064500000000002,0.0002784051184874303,20,0.064704,0.07772799999999999,0.072093,0.072672,0.004351770306438517,20,0.026944,0.028416,0.027734500000000006,0.027712,0.00044820648143461785,20,0.00464,0.005152,0.0047231999999999994,0.004704,0.00010919093368956973,20,0.018785,0.021632000000000002,0.02041275,0.0206555,0.0009877211081575612,20,16,16,2048,10944,102400,True,False,False,856,1,2048,10944,generic,generic,2816,,KERNEL_ONLY,BF16,none
0.002496,0.004704,0.004318333333333333,0.004384000000000001,0.0004214303685729774,21.0,0.044321,0.04569700000000001,0.04522570000000001,0.04521700000000001,0.0002951553997473209,20.0,0.00864,0.018496,0.013379275000000001,0.013536000000000001,0.004150806837155278,40,0.035165999999999996,0.03574399999999999,0.0354833,0.03547299999999999,0.000160048461410911,20,0.014240000000000001,0.015521000000000002,0.0148832,0.014864000000000002,0.00034314714045143946,20,0.046432,0.047456000000000005,0.0469988,0.046991500000000005,0.0002299366434477119,20.0,0.104161,0.10512,0.1045156,0.104496,0.0002554498776668337,20,0.01968,0.020544,0.0199362,0.019888000000000003,0.00022469214494503362,20,0.065792,0.074849,0.07062424999999999,0.07116800000000001,0.003146922335790953,20,0.026943,0.028032,0.0275169,0.0274395,0.00030390572551368704,20,0.004575,0.004832,0.0046606,0.00464,6.187600504234255e-05,20,0.0184,0.020319,0.019367949999999995,0.019104,0.0005690477550258856,20,16,16,2048,10944,102400,True,False,False,848,1,2048,10944,generic,generic,2816,,KERNEL_ONLY,BF16,none
0.0024,0.00464,0.004208714285714286,0.0042569999999999995,0.00042216101000370343,21.0,0.04451200000000001,0.04544,0.04503225000000001,0.045134,0.0003079442928518079,20.0,0.008480000000000001,0.01744,0.013084725,0.01336,0.004029880271096773,40,0.035071,0.035616999999999996,0.0353873,0.03539200000000001,0.00013209280828266028,20,0.012961,0.013375999999999999,0.0131105,0.013087999999999999,0.00010659666974160111,20,0.046464,0.047365,0.0469363,0.0469125,0.00024221707206553353,20.0,0.103905,0.105024,0.10449785,0.104448,0.00031696818057969214,20,0.019424,0.020128,0.0197327,0.019744,0.00019970480715295793,20,0.051841000000000005,0.05328,0.052461,0.0523685,0.00038527405830135947,20,0.026657,0.028416,0.027899349999999996,0.027936,0.0003679186425013008,20,0.004608,0.004896,0.004721500000000001,0.00472,7.804261656300356e-05,20,0.015839000000000002,0.016192,0.01602235,0.016016000000000002,7.397180205997434e-05,20,16,16,2048,10944,102400,True,False,False,840,1,2048,10944,generic,generic,2816,,KERNEL_ONLY,BF16,none
0.002528,0.004352000000000001,0.0041111428571428575,0.004192,0.00036450844731400315,21.0,0.044193,0.045186000000000004,0.04473185,0.0447365,0.00021974901023667974,20.0,0.009375999999999999,0.018112,0.013893575000000002,0.014064,0.003978969457582579,40,0.03484799999999999,0.035553,0.035099399999999996,0.0350865,0.00020036851050003046,20,0.019296,0.023904,0.02130245,0.021392,0.0009540189450424973,20,0.046464,0.046976,0.046704199999999994,0.046657000000000004,0.00017072422206587987,20.0,0.124224,0.132512,0.12800525000000001,0.1279845,0.002108913295396469,20,0.01968,0.020672,0.019988999999999996,0.01992,0.0002559955077730854,20,0.054017,0.05808,0.05487215000000001,0.05464000000000001,0.001002438291118211,20,0.0304,0.031808,0.031352099999999994,0.031393000000000004,0.0003181827933751299,20,0.004671000000000001,0.0048,0.0047167,0.004704,3.847609647560401e-05,20,0.024,0.029792000000000003,0.02748815,0.028112,0.0020845274350557255,20,16,16,2048,10944,102400,True,False,False,832,1,2048,10944,generic,generic,2816,,KERNEL_ONLY,BF16,none
0.00256,0.004256,0.00403957142857143,0.004096,0.00034277614122514024,21.0,0.044096,0.045344999999999996,0.0445794,0.044607,0.00027469262822289004,20.0,0.008768000000000001,0.017089,0.012905650000000001,0.013295999999999999,0.00358526069170709,40,0.03532699999999999,0.035997999999999995,0.035628200000000006,0.035583000000000004,0.00019035981718839779,20,0.012320000000000001,0.013087999999999999,0.012654499999999999,0.012608000000000001,0.0001980894999741276,20,0.045792,0.04701,0.04652005000000001,0.0465775,0.00031118265938191443,20.0,0.10316800000000001,0.104576,0.10407705,0.104144,0.00033630395106212975,20,0.018976,0.01968,0.01931045,0.019328,0.00016054702582109722,20,0.056705,0.062464,0.05923055000000001,0.059168,0.0017243724793384984,20,0.026848,0.028480000000000002,0.027941050000000002,0.028113,0.00040116673279323684,20,0.004575999999999999,0.004865,0.00471365,0.004704,6.958108579204554e-05,20,0.014848000000000002,0.016832,0.01573115,0.015632,0.0006084905319723553,20,16,16,2048,10944,102400,True,False,False,824,1,2048,10944,generic,generic,2816,,KERNEL_ONLY,BF16,none
0.0024,0.0044800000000000005,0.004006047619047619,0.004128000000000001,0.00044129349656818966,21.0,0.044,0.044928,0.04454055,0.0445125,0.0002221466801462508,20.0,0.008960000000000001,0.016608,0.0129824,0.01344,0.003421676437069993,40,0.03520199999999999,0.035806000000000004,0.03550844999999999,0.0355515,0.00018599636421177786,20,0.012672000000000001,0.013185,0.012932950000000002,0.012960000000000001,0.0001622481047655097,20,0.04573000000000001,0.047327999999999995,0.04648005000000001,0.0464485,0.00045686907041295557,20.0,0.098464,0.099456,0.09907865,0.09908800000000001,0.0002460585855035346,20,0.019039999999999998,0.019904,0.01922565,0.0191995,0.0001922119338126546,20,0.061792,0.064576,0.06330125,0.06334400000000001,0.0005592667409206445,20,0.025664000000000003,0.02672,0.026416050000000003,0.026496,0.0003020119989338161,20,0.004543999999999999,0.004864,0.004646449999999999,0.004608,8.377140025092102e-05,20,0.015584,0.017248000000000003,0.016527949999999996,0.016512,0.0003891346135979171,20,16,16,2048,10944,102400,True,False,False,816,1,2048,10944,generic,generic,2816,,KERNEL_ONLY,BF16,none
0.002336,0.005024,0.004169095238095239,0.004225,0.0005355276796689504,21.0,0.043681,0.045280999999999995,0.04435535,0.044368000000000005,0.0003541197925843737,20.0,0.008863,0.01712,0.012890374999999999,0.013248000000000001,0.0035942690542549818,40,0.034881999999999996,0.03555100000000001,0.03516385,0.035166,0.00016935326244274266,20,0.012959,0.013632,0.01327195,0.013232,0.00020939352306124456,20,0.045599,0.047039,0.046320349999999996,0.04640350000000001,0.00042351319637055077,20.0,0.098913,0.100161,0.0994629,0.0993765,0.00033480395756322755,20,0.018528,0.019648,0.018964799999999997,0.01888,0.00028581315575039576,20,0.057536000000000004,0.063488,0.06062575,0.059936500000000004,0.0017831536914971729,20,0.025536000000000003,0.027328,0.0268721,0.026944,0.00037439883813922243,20,0.0044480000000000006,0.00464,0.004555249999999999,0.004543999999999999,5.1829407675565826e-05,20,0.015936,0.017921,0.016960000000000003,0.016864,0.0005066818528425902,20,16,16,2048,10944,102400,True,False,False,808,1,2048,10944,generic,generic,2816,,KERNEL_ONLY,BF16,none
0.002432,0.005025000000000001,0.004402238095238095,0.0044480000000000006,0.0005257351229479858,21.0,0.043584,0.044928,0.04421115,0.044271500000000005,0.0003353403159478464,20.0,0.008192,0.017056,0.012821525,0.013039499999999999,0.003897596085970813,40,0.034559999999999994,0.035487999999999985,0.034941450000000006,0.0349125,0.0002187677935620298,20,0.016384,0.017505,0.01693595,0.016911500000000003,0.00030992280893796795,20,0.04528100000000001,0.047136000000000004,0.04625785,0.04628800000000001,0.0005151860125236308,20.0,0.103104,0.104256,0.10357605,0.1035525,0.00028596109438173414,20,0.018496,0.018911999999999998,0.018694250000000003,0.018688,0.0001266913079102115,20,0.07712000000000001,0.079648,0.0783153,0.07832050000000002,0.000626880937658819,20,0.026688,0.027233,0.02684335,0.026816,0.00012985271464239806,20,0.004575999999999999,0.004768,0.00465435,0.00464,5.590462860980293e-05,20,0.020671,0.022688,0.021702400000000004,0.021633,0.0006387194532813289,20,16,16,2048,10944,102400,True,False,False,800,1,2048,10944,generic,generic,2816,,KERNEL_ONLY,BF16,none
0.0022719999999999997,0.004384000000000001,0.003908666666666667,0.00384,0.00046240080875416733,21.0,0.043614999999999994,0.0448,0.0441103,0.04417700000000001,0.00034000295586950557,20.0,0.008255,0.019776000000000002,0.0127216,0.012576,0.003809073895318914,40,0.03497699999999999,0.03558599999999999,0.03539540000000001,0.0354255,0.0001454948109040332,20,0.013023999999999999,0.014079000000000001,0.01347525,0.013472000000000001,0.00026973039780491947,20,0.045152000000000005,0.047234,0.04584705,0.045697,0.0004899981096902314,20.0,0.09865600000000001,0.100161,0.09951085,0.09948850000000001,0.0004299133953484095,20,0.018112,0.019167000000000003,0.0185055,0.018479999999999996,0.0002805641637843301,20,0.056448,0.061056,0.05896965,0.05896,0.0010668029937622035,20,0.02544,0.026976,0.026700999999999996,0.0267845,0.0003150480915669857,20,0.0045119999999999995,0.004832,0.004611249999999999,0.004575999999999999,7.435581685382811e-05,20,0.016608,0.01776,0.0172096,0.017184,0.0002621280984556983,20,16,16,2048,10944,102400,True,False,False,792,1,2048,10944,generic,generic,2816,,KERNEL_ONLY,BF16,none
0.0022080000000000003,0.004416000000000001,0.003987857142857144,0.004,0.0004676854137756527,21.0,0.043135999999999994,0.044384,0.043672,0.043695,0.0003520974296980909,20.0,0.008192,0.017504000000000002,0.012616075,0.0124955,0.0037547730383306797,40,0.034817,0.035582,0.035241499999999995,0.035281,0.0002139211303261085,20,0.013888000000000001,0.015104,0.014431949999999999,0.014432,0.0003360954440333877,20,0.044672,0.046405,0.045496049999999996,0.045569,0.00043424595277331016,20.0,0.097697,0.098976,0.0984274,0.09846450000000001,0.00030983598887153013,20,0.017792000000000002,0.018911999999999998,0.01815845,0.018096,0.0002465101367084112,20,0.048799999999999996,0.051713,0.049504150000000004,0.049488000000000004,0.0005965288153140641,20,0.025568,0.027552,0.02686245,0.026928,0.0004092209030584825,20,0.0044480000000000006,0.004736,0.0045617999999999995,0.004545,6.196902452031982e-05,20,0.018591999999999997,0.019776000000000002,0.0192368,0.019264,0.0003034563560052754,20,16,16,2048,10944,102400,True,False,False,784,1,2048,10944,generic,generic,2816,,KERNEL_ONLY,BF16,none
0.0021760000000000004,0.004673,0.003902428571428572,0.0038079999999999998,0.0005047591194891708,21.0,0.042719,0.04438400000000001,0.043329400000000004,0.0432965,0.0003396416346680715,20.0,0.008288,0.017312,0.012769649999999999,0.012592,0.0037107634628873887,40,0.034878,0.035168,0.03501575,0.035022,9.474010502421735e-05,20,0.013664,0.014272,0.013932899999999998,0.0138885,0.0002082620704785199,20,0.04428800000000001,0.04605000000000001,0.04513109999999999,0.045088,0.00044679860116164215,20.0,0.09827200000000001,0.09948900000000001,0.09899875,0.09900800000000001,0.00025706883805704623,20,0.017633,0.018337,0.0178226,0.017792000000000002,0.00015774866085009983,20,0.048673,0.051552,0.0492244,0.04904,0.0006182143964677622,20,0.025312,0.026784,0.026070550000000005,0.026047999999999998,0.0003416159356645994,20,0.0044800000000000005,0.004768,0.0045871,0.0045925,6.966340502731689e-05,20,0.017568,0.018496,0.018004799999999998,0.018063999999999997,0.00024820527794549354,20,16,16,2048,10944,102400,True,False,False,776,1,2048,10944,generic,generic,2816,,KERNEL_ONLY,BF16,none
0.002368,0.0045119999999999995,0.004018333333333334,0.004065000000000001,0.0003926088970359001,21.0,0.042592,0.043487,0.0430209,0.04295900000000001,0.00024881055041939005,20.0,0.008288,0.017184,0.0125561,0.0121765,0.0036330570240501315,40,0.03443299999999999,0.03497599999999999,0.0347309,0.034782999999999994,0.00013359337558427098,20,0.012192,0.012704000000000002,0.012449749999999999,0.012432499999999999,0.0001265554720270922,20,0.04464100000000001,0.046432999999999995,0.04521770000000001,0.0451835,0.0003812293404238425,20.0,0.09395099999999999,0.095744,0.0946642,0.094576,0.0005087650341758966,20,0.017728,0.018688,0.01808805,0.017968000000000005,0.0002804499019432875,20,0.057377000000000004,0.07129600000000001,0.0648498,0.065024,0.004230537384304741,20,0.024449000000000002,0.02576,0.0251057,0.025168000000000003,0.00029540567022316987,20,0.004543999999999999,0.004704,0.004611349999999999,0.0045925,5.518086171853431e-05,20,0.014592,0.015872,0.0152306,0.015296,0.0003229882970016094,20,16,16,2048,10944,102400,True,False,False,768,1,2048,10944,generic,generic,2816,,KERNEL_ONLY,BF16,none
0.0022080000000000003,0.0042569999999999995,0.004010714285714286,0.004128000000000001,0.00041530116930306107,21.0,0.042430999999999996,0.043904000000000006,0.04314065,0.0431035,0.0003412188850283644,20.0,0.0088,0.017312,0.012839974999999998,0.012511999999999999,0.003259553170969144,40,0.03478400000000001,0.035262999999999996,0.0350448,0.035024,0.00012440401922767566,20,0.012096,0.012671,0.01242725,0.012448,0.00014022263547658768,20,0.044675000000000006,0.045632000000000006,0.0450899,0.045152000000000005,0.00023241017619717066,20.0,0.09366500000000001,0.09625600000000001,0.09466755,0.094544,0.000580312801426954,20,0.01744,0.018112,0.017631950000000004,0.017568,0.00014798934927892572,20,0.05081600000000001,0.059521000000000004,0.0543425,0.0544635,0.001760904185354785,20,0.02416,0.025952000000000003,0.025369449999999998,0.0254235,0.00038964040794045,20,0.0044480000000000006,0.004768,0.0045281,0.0045119999999999995,8.187850755845493e-05,20,0.014144,0.015776000000000002,0.014907350000000003,0.0148,0.0004230112616704193,20,16,16,2048,10944,102400,True,False,False,760,1,2048,10944,generic,generic,2816,,KERNEL_ONLY,BF16,none
0.0022719999999999997,0.004192,0.00393142857142857,0.004032,0.0003882037476118231,21.0,0.042177,0.043297,0.042677150000000004,0.042719999999999994,0.00030733276346657214,20.0,0.008128999999999999,0.01776,0.01288005,0.012143999999999999,0.004045030939004052,40,0.034402999999999996,0.035359,0.03498975,0.034992999999999996,0.00019654818111597986,20,0.012256000000000001,0.012896000000000001,0.012592050000000002,0.012576,0.0001482219535021719,20,0.044096,0.045152000000000005,0.04459020000000001,0.044575500000000004,0.00027750614407612756,20.0,0.093568,0.095072,0.09447230000000001,0.09448000000000001,0.00037477060984020705,20,0.017344000000000002,0.018175999999999998,0.017589050000000002,0.017537,0.0001693530262499018,20,0.053823,0.060353000000000004,0.05654425,0.0555205,0.0019974312222201794,20,0.024192,0.025473,0.025166650000000002,0.025232000000000004,0.00028787779959559207,20,0.0044150000000000005,0.004768,0.00449595,0.0044800000000000005,8.501321956025398e-05,20,0.014656,0.016352000000000002,0.015323300000000003,0.015104,0.00047685030145738647,20,16,16,2048,10944,102400,True,False,False,752,1,2048,10944,generic,generic,2816,,KERNEL_ONLY,BF16,none
0.0021760000000000004,0.004928,0.0042439999999999995,0.004288,0.0004977505590630903,21.0,0.042239000000000006,0.043264,0.0426652,0.0426545,0.0002608477716983596,20.0,0.008864,0.018144,0.012912825,0.012303999999999999,0.003979295238402776,40,0.034466,0.034978,0.034768349999999996,0.0347835,0.00013576754951018276,20,0.012672000000000001,0.013408,0.012952000000000002,0.012960000000000001,0.00021472261175758793,20,0.044416000000000004,0.046178,0.045001900000000004,0.0449125,0.00043979562298867783,20.0,0.09030500000000001,0.091584,0.0908161,0.090752,0.0003518955668944964,20,0.01712,0.018272,0.01751365,0.0174235,0.0002798626940126172,20,0.056479999999999995,0.06332800000000001,0.05970425,0.0600485,0.001693760132811021,20,0.023712,0.024897,0.02452655,0.024544,0.00025293091448061467,20,0.0044800000000000005,0.00464,0.0045280500000000005,0.0045119999999999995,4.894330904219688e-05,20,0.015168,0.017024,0.0160224,0.015696,0.0006214981415901421,20,16,16,2048,10944,102400,True,False,False,744,1,2048,10944,generic,generic,2816,,KERNEL_ONLY,BF16,none
0.0022400000000000002,0.004736,0.004291095238095239,0.004352000000000001,0.00047319259189567125,21.0,0.04153600000000001,0.043234,0.0423472,0.04230400000000001,0.0003667251832094432,20.0,0.008864,0.016735,0.012648875,0.012528,0.0037016767834827232,40,0.034495,0.035104,0.034699549999999996,0.0346895,0.00015263108300736205,20,0.012992000000000002,0.014144,0.013499150000000001,0.013536,0.00031926748581714376,20,0.043775999999999995,0.045216,0.04453085,0.044559,0.0004562255226310776,20.0,0.092961,0.094624,0.09375059999999999,0.0937125,0.0004155209260675083,20,0.016960000000000003,0.017888,0.0172609,0.0171365,0.00027624932579103283,20,0.060192,0.06563200000000001,0.06204504999999999,0.061664500000000004,0.0013047842532388275,20,0.024064000000000002,0.025216000000000002,0.0248849,0.024896500000000002,0.0002483193307014179,20,0.00432,0.004737,0.00444645,0.004416000000000001,9.950752484108905e-05,20,0.016384,0.017888,0.017262400000000004,0.017280000000000004,0.00043341347464055636,20,16,16,2048,10944,102400,True,False,False,736,1,2048,10944,generic,generic,2816,,KERNEL_ONLY,BF16,none
0.0022719999999999997,0.0044480000000000006,0.004195000000000001,0.004256,0.0004385258856452519,21.0,0.04166399999999999,0.042977999999999995,0.0421621,0.042210000000000004,0.00030205775937724056,20.0,0.008224,0.017568,0.012563999999999997,0.012128,0.0041651983086042855,40,0.034495,0.035009000000000005,0.0347214,0.03472,0.00014578765379825737,20,0.013471,0.014273,0.013968,0.014048,0.00022678999096080053,20,0.04393400000000001,0.04509,0.04456825,0.044656,0.0003349266897397089,20.0,0.09024,0.091424,0.090653,0.09056050000000002,0.0003193556011721114,20,0.016704,0.017472,0.01707855,0.017056,0.00019371847485462026,20,0.059296,0.0688,0.0649603,0.065248,0.0026700981648621076,20,0.023392,0.024416,0.02394585,0.023936,0.0002511971884794893,20,0.004416000000000001,0.004672,0.004528,0.0045119999999999995,7.47047521915437e-05,20,0.016416,0.017888,0.01712965,0.017152,0.0004232141626883489,20,16,16,2048,10944,102400,True,False,False,728,1,2048,10944,generic,generic,2816,,KERNEL_ONLY,BF16,none
0.0022080000000000003,0.0044480000000000006,0.004176809523809524,0.004288,0.00044928489413708673,21.0,0.041278,0.042974000000000005,0.04200015,0.0419205,0.0003997048004465302,20.0,0.008,0.01536,0.011807149999999999,0.012176,0.0032805440368176737,40,0.034241999999999995,0.035010999999999994,0.03468534999999999,0.034657,0.00022967439452407367,20,0.013344,0.014368,0.01376805,0.0136165,0.000328004035798342,20,0.043328,0.045216000000000006,0.04423375,0.044399999999999995,0.0005323318396451625,20.0,0.087232,0.08934399999999999,0.0879505,0.0879365,0.00043929881629705965,20,0.017024,0.017665,0.01727045,0.017248000000000003,0.0001721721449596306,20,0.060416,0.068544,0.0637826,0.0640805,0.0022679121323366997,20,0.022912,0.024672,0.023768050000000002,0.023712,0.00034808899364961276,20,0.004383,0.004575999999999999,0.004449700000000001,0.0044480000000000006,4.342245962632696e-05,20,0.017152,0.018816,0.01797775,0.017952000000000003,0.0004337219011071486,20,16,16,2048,10944,102400,True,False,False,720,1,2048,10944,generic,generic,2816,,KERNEL_ONLY,BF16,none
0.0021760000000000004,0.004416000000000001,0.004102142857142858,0.004192,0.00044206499045085316,21.0,0.041278999999999996,0.04224,0.041718450000000004,0.0417275,0.00027016392708872254,20.0,0.008064,0.015968,0.011985675,0.012256,0.0032617930834703476,40,0.034239,0.03533,0.03473885,0.034672999999999995,0.00026641157538665676,20,0.013633,0.0152,0.014387249999999999,0.014288,0.000430669232126002,20,0.04297600000000001,0.044993000000000005,0.044091149999999996,0.04407899999999999,0.0006040187310837306,20.0,0.08652800000000001,0.08870399999999999,0.08785465,0.087968,0.0005468835593615877,20,0.016991,0.017728,0.0171888,0.017088000000000002,0.0002054681483831499,20,0.063456,0.07456,0.068053,0.0675685,0.003638678551342505,20,0.022848,0.023744,0.02329455,0.0233275,0.00024677408190488755,20,0.004384000000000001,0.004543999999999999,0.00445455,0.0044480000000000006,4.358494579553788e-05,20,0.01712,0.018784,0.017819250000000002,0.0176,0.0005482743724632759,20,16,16,2048,10944,102400,True,False,False,712,1,2048,10944,generic,generic,2816,,KERNEL_ONLY,BF16,none
0.0021760000000000004,0.004608,0.0041815238095238095,0.004256,0.00047401362438201415,21.0,0.041151,0.042239000000000006,0.0415088,0.041438,0.00028045420303500566,20.0,0.006752,0.016416,0.01131935,0.011088,0.004353696616382451,40,0.034047999999999995,0.0344,0.03421595,0.034209,0.00010202571979653038,20,0.014112,0.015328,0.014604849999999999,0.01456,0.0003407213340840282,20,0.043201,0.04454600000000001,0.04390295,0.043873,0.0004145135070175649,20.0,0.09228900000000001,0.093632,0.09309955,0.09307200000000002,0.000339611171047126,20,0.016481000000000003,0.017249,0.016691249999999998,0.016608,0.00019166034409861637,20,0.065472,0.077952,0.07132200000000001,0.070017,0.0038930555094937955,20,0.023968,0.02528,0.024281650000000002,0.024208,0.00027446206932835003,20,0.00432,0.004575999999999999,0.004431900000000001,0.0044480000000000006,6.592184766828044e-05,20,0.017824000000000003,0.019616,0.018896049999999994,0.019119999999999998,0.0005953030719725878,20,16,16,2048,10944,102400,True,False,False,704,1,2048,10944,generic,generic,2816,,KERNEL_ONLY,BF16,none
0.002144,0.0044800000000000005,0.004140238095238095,0.004224,0.00046225254948040456,21.0,0.040928,0.041824,0.04133289999999999,0.041345,0.0002601232208012201,20.0,0.006752,0.015359000000000001,0.010888725,0.0108165,0.003878544785016025,40,0.034111999999999996,0.035071000000000005,0.0346393,0.034686,0.0002735233262447652,20,0.011424,0.012096,0.01168,0.011616,0.00019543617884107365,20,0.042721999999999996,0.044703999999999994,0.0435635,0.043601,0.0004987254254597399,20.0,0.084321,0.086113,0.08518919999999999,0.0852165,0.0004390960714923337,20,0.016768,0.017536000000000003,0.0169873,0.016912000000000003,0.00023036060861180202,20,0.049249,0.056384000000000004,0.053381,0.053232,0.0016047601689972248,20,0.022303999999999997,0.02416,0.02367535,0.023760000000000003,0.00038652209186539456,20,0.004128000000000001,0.004575999999999999,0.004385600000000001,0.004384000000000001,9.195237897955643e-05,20,0.013632,0.014849000000000001,0.0142737,0.01432,0.00033056619609391435,20,16,16,2048,10944,102400,True,False,False,696,1,2048,10944,generic,generic,2816,,KERNEL_ONLY,BF16,none
0.002144,0.0044800000000000005,0.004121904761904762,0.004192,0.00045742081331473625,21.0,0.040386,0.041887,0.04097005,0.0409285,0.0004098187983731369,20.0,0.00672,0.015424,0.010985600000000002,0.010991500000000001,0.0039059483854756707,40,0.034144999999999995,0.034627000000000005,0.0343458,0.03435049999999999,0.0001281220511855794,20,0.011328,0.012416,0.01180805,0.011792,0.00027488478950280263,20,0.042527999999999996,0.04429000000000001,0.04316505,0.043087,0.00048668279967551797,20.0,0.086816,0.088128,0.0874101,0.08736050000000001,0.00034940762727793883,20,0.016352000000000002,0.017312,0.016665700000000002,0.016592500000000003,0.0002254497948546416,20,0.053952,0.057377000000000004,0.05549780000000001,0.055456000000000005,0.0008819071152904942,20,0.022849,0.024384,0.0235953,0.023663999999999998,0.00034663700033320136,20,0.004032,0.0044480000000000006,0.004280000000000001,0.0043035,0.00012255978133139786,20,0.014048999999999999,0.015776000000000002,0.014949099999999998,0.0149125,0.000449714453848217,20,16,16,2048,10944,102400,True,False,False,688,1,2048,10944,generic,generic,2816,,KERNEL_ONLY,BF16,none
0.002144,0.0038079999999999998,0.003388857142857143,0.003424,0.00029953015361590906,21.0,0.040033,0.041214,0.04068504999999999,0.04062400000000001,0.0003206105854459589,20.0,0.006784,0.015297000000000002,0.010813675,0.01088,0.0038162554840281593,40,0.033854999999999996,0.034624,0.03414455,0.034160499999999996,0.0001838416370140354,20,0.011744,0.012896000000000001,0.012377699999999998,0.0124165,0.0003050070654919328,20,0.042432000000000004,0.04400099999999999,0.04315835,0.043135,0.00047271960769572455,20.0,0.084161,0.08579200000000001,0.08494104999999999,0.0849445,0.0003518720612665916,20,0.016448,0.017216000000000002,0.016643199999999997,0.0165765,0.000167769663527111,20,0.053248,0.058433,0.05590730000000001,0.05584,0.001410458794151748,20,0.022175999999999998,0.023712,0.023147300000000003,0.023216,0.0003749054680849568,20,0.004001,0.004352000000000001,0.0041408,0.004096,0.00011009613980517232,20,0.013951000000000002,0.015168,0.014628849999999999,0.01464,0.0003427357983928728,20,16,16,2048,10944,102400,True,False,False,680,1,2048,10944,generic,generic,2816,,KERNEL_ONLY,BF16,none
0.0021760000000000004,0.003968,0.0035703809523809525,0.003584,0.00034049228733177834,21.0,0.04022300000000001,0.041409,0.0407025,0.040560000000000006,0.0003687978443537845,20.0,0.0069429999999999995,0.019839,0.011998400000000001,0.011519999999999999,0.0044813770193992825,40,0.03347,0.033762,0.03364775,0.033649,7.890175853553698e-05,20,0.01104,0.011936,0.01136645,0.011295999999999999,0.0002605228348916848,20,0.04230199999999999,0.043458,0.04277299999999999,0.042755,0.000279497406070254,20.0,0.08112000000000001,0.08256000000000001,0.08209295000000001,0.0822725,0.0004146965728095652,20,0.016287,0.017184,0.016734299999999997,0.01672,0.0002565751546818204,20,0.043233,0.052416,0.04668984999999999,0.046240500000000004,0.002200643548487578,20,0.021472,0.02288,0.02226405,0.022335999999999998,0.00038468382796785127,20,0.003968,0.0045119999999999995,0.00411035,0.0040955,0.0001173943248202399,20,0.013312,0.014528000000000001,0.013800200000000002,0.013600000000000001,0.00041928350790366195,20,16,16,2048,10944,102400,True,False,False,672,1,2048,10944,generic,generic,2816,,KERNEL_ONLY,BF16,none
0.002048,0.003552,0.0033112857142857145,0.00336,0.0002927510144518462,21.0,0.040096999999999994,0.041117999999999995,0.040539399999999996,0.040417999999999996,0.0003263628961754082,20.0,0.007392,0.015104,0.0111016,0.011088,0.0034767944920573034,40,0.03408,0.03500899999999999,0.03445349999999999,0.034414,0.00022548359142074892,20,0.011744,0.012384000000000001,0.011995200000000001,0.011952,0.00012690531903746218,20,0.041953000000000004,0.043104,0.0424818,0.042463,0.00029462953008821126,20.0,0.081376,0.082816,0.08210585,0.08212900000000001,0.0003087743957973199,20,0.016064000000000002,0.016799,0.0162993,0.0163045,0.00016306228871201356,20,0.049280000000000004,0.052449,0.05104035,0.0510085,0.0007927210275374309,20,0.021536000000000003,0.022912,0.022510549999999997,0.0225765,0.0003309810379764976,20,0.0039030000000000002,0.00432,0.0040271000000000005,0.004,8.497640849082754e-05,20,0.014624000000000002,0.015488,0.015044850000000002,0.0150725,0.0002281173546664081,20,16,16,2048,10944,102400,True,False,False,664,1,2048,10944,generic,generic,2816,,KERNEL_ONLY,BF16,none
0.002016,0.0037440000000000004,0.0034179999999999996,0.003488,0.000334141116467707,21.0,0.03926700000000001,0.040865000000000005,0.04000715,0.0400335,0.0004102985833511978,20.0,0.007328,0.017536000000000003,0.012260900000000002,0.012192000000000001,0.004606099623325575,40,0.03395100000000001,0.034496,0.03419029999999999,0.03420600000000001,0.0001248719744378197,20,0.012416,0.01392,0.013064049999999999,0.013184,0.00040063468085027246,20,0.041920000000000006,0.04316700000000001,0.04248139999999999,0.042512499999999995,0.00033208212839597455,20.0,0.08089700000000001,0.083616,0.0818418,0.0817445,0.0006164363389677804,20,0.015552,0.016640000000000002,0.015972850000000004,0.0159365,0.00026217365905063816,20,0.043488,0.055328,0.0467873,0.045088,0.003614847882000017,20,0.021376000000000003,0.022912,0.022278599999999996,0.022272,0.0003631217977483581,20,0.003904,0.004128000000000001,0.003963099999999999,0.003936,5.290075613826334e-05,20,0.017088000000000002,0.017824000000000003,0.017454450000000003,0.017408000000000003,0.00018844852745511173,20,16,16,2048,10944,102400,True,False,False,656,1,2048,10944,generic,generic,2816,,KERNEL_ONLY,BF16,none
0.0020150000000000003,0.003456,0.003282142857142857,0.003328,0.00028906191225349325,21.0,0.039583,0.040384,0.04010879999999999,0.040095000000000006,0.00021976137058182107,20.0,0.007937,0.015456,0.011625550000000002,0.011792,0.003001750455567551,40,0.033695,0.034145,0.03395515,0.0339665,0.00011855769692432304,20,0.012480000000000002,0.012896000000000001,0.0126832,0.012688000000000001,0.00011243958377724468,20,0.041248,0.04304,0.042085,0.041952,0.00043284419829772594,20.0,0.078337,0.080704,0.07944514999999999,0.079568,0.0006295809935981233,20,0.015647,0.016288,0.015856000000000002,0.015856000000000002,0.00014251526234056473,20,0.053825000000000005,0.058176000000000005,0.05579850000000001,0.055728,0.0009629983644845929,20,0.021024,0.022144,0.021667250000000002,0.021728,0.0003305641957320842,20,0.003936,0.004128000000000001,0.00402725,0.004032,4.776491913528166e-05,20,0.015584,0.016704,0.01611705,0.0161925,0.00032460983888354326,20,16,16,2048,10944,102400,True,False,False,648,1,2048,10944,generic,generic,2816,,KERNEL_ONLY,BF16,none
0.001984,0.004096,0.0037074761904761907,0.0037440000000000004,0.0004020454391575563,21.0,0.039169999999999996,0.04057700000000001,0.03972465000000001,0.03969450000000001,0.0003464415210392675,20.0,0.008032000000000001,0.014624000000000002,0.011323125,0.011488,0.0027190146026410005,40,0.033472,0.033821000000000004,0.03362520000000001,0.0336025,8.326499864889289e-05,20,0.011136,0.011744,0.011496000000000001,0.0115355,0.00015729780672342524,20,0.041182,0.042209,0.0414625,0.04137650000000001,0.00025494558242887674,20.0,0.077152,0.08409699999999999,0.08111725,0.0814405,0.0017052275178110405,20,0.015681,0.016544,0.016075300000000004,0.016,0.00025648179272611107,20,0.048159999999999994,0.05312,0.05099845000000001,0.051008,0.0014370219370281026,20,0.023648,0.025856,0.024553650000000003,0.024480000000000002,0.0005500135702871342,20,0.003999,0.0041589999999999995,0.004071900000000001,0.00408,4.6184304693261334e-05,20,0.01376,0.014432,0.013993700000000001,0.013951500000000002,0.00018003308029359514,20,16,16,2048,10944,102400,True,False,False,640,1,2048,10944,generic,generic,2816,,KERNEL_ONLY,BF16,none
0.001952,0.003904,0.0036617142857142855,0.0037440000000000004,0.00039072023152087723,21.0,0.039613,0.040736,0.040067149999999996,0.039970000000000006,0.0003252936019967179,20.0,0.008128,0.015231999999999999,0.011646450000000001,0.011904000000000001,0.003109536958696584,40,0.033952,0.034366999999999995,0.034162700000000004,0.034158999999999995,0.00010565798597361114,20,0.011169,0.011744,0.0114977,0.011536,0.00016490121285181632,20,0.041377000000000004,0.04258900000000001,0.0419214,0.041808,0.000355522910654153,20.0,0.078144,0.079841,0.0788642,0.07883200000000001,0.0004223100282967469,20,0.01536,0.016096,0.015680049999999997,0.015728,0.00021886262243699822,20,0.049248,0.0544,0.05175695,0.051264000000000004,0.0015935938150921645,20,0.020672,0.022528,0.02186895,0.021888,0.0003562320135810363,20,0.003968,0.004127,0.0040301,0.004031,4.5536688504984476e-05,20,0.013952,0.014656,0.014278500000000003,0.014272,0.00019302085379564588,20,16,16,2048,10944,102400,True,False,False,632,1,2048,10944,generic,generic,2816,,KERNEL_ONLY,BF16,none
0.001952,0.0038079999999999998,0.003556523809523809,0.0036160000000000003,0.00036768226695491665,21.0,0.039136,0.040352,0.03966555000000001,0.039617000000000006,0.00029318654044822726,20.0,0.008,0.015424,0.011847225,0.011872,0.003065588740254472,40,0.03369500000000001,0.034369000000000004,0.033969400000000004,0.033951999999999996,0.0001888683139121015,20,0.011584,0.012352,0.011875150000000001,0.01176,0.00024492228869582295,20,0.040833999999999995,0.041536000000000003,0.041186,0.041136000000000006,0.00020245814382237288,20.0,0.074849,0.076128,0.07553795,0.075584,0.00034462000449770805,20,0.015456,0.016609000000000002,0.01577605,0.015712,0.0002557624825888276,20,0.050272,0.05436800000000001,0.0524579,0.052576,0.0008379545870749812,20,0.020032,0.021728,0.021086550000000003,0.021152,0.00036560258136397256,20,0.003935,0.004128000000000001,0.0040065000000000005,0.004000500000000001,4.9245812004677094e-05,20,0.014337,0.015168,0.014715200000000001,0.014688000000000001,0.00022664059653998417,20,16,16,2048,10944,102400,True,False,False,624,1,2048,10944,generic,generic,2816,,KERNEL_ONLY,BF16,none
0.001952,0.0038090000000000003,0.003491238095238095,0.003552,0.00035886645675912385,21.0,0.038880000000000005,0.040385,0.039310700000000004,0.0392955,0.0003637529518780558,20.0,0.008032000000000001,0.014432,0.011255275,0.011408500000000002,0.002802961442720003,40,0.033406000000000005,0.034114,0.0337684,0.033809,0.00017372288277598733,20,0.011808,0.012608000000000001,0.0122496,0.012304,0.0002241087682354264,20,0.040704000000000004,0.041696,0.041208449999999994,0.0412335,0.00026822014745354146,20.0,0.07472,0.07632,0.07551060000000001,0.075536,0.0003695335438089485,20,0.0152,0.016288,0.015601700000000001,0.015584,0.00023284761111078652,20,0.05152,0.05584000000000001,0.05321945,0.053024,0.0012291100632164725,20,0.020001,0.021472,0.0209521,0.021024,0.0003476252148507067,20,0.003904,0.004097000000000001,0.00400005,0.004,5.458339949105408e-05,20,0.014464000000000001,0.015264,0.014852900000000002,0.014848000000000002,0.00015917314471982987,20,16,16,2048,10944,102400,True,False,False,616,1,2048,10944,generic,generic,2816,,KERNEL_ONLY,BF16,none
0.001951,0.003936,0.003584,0.003648,0.00038419873329654104,21.0,0.038561000000000005,0.039810000000000005,0.039014150000000004,0.03899100000000001,0.0002712554653827279,20.0,0.007936,0.016192,0.012196000000000002,0.0122725,0.003556473555363515,40,0.03324900000000001,0.033925,0.03359474999999999,0.03356899999999999,0.00016081942513266148,20,0.012096,0.012960000000000001,0.012447950000000001,0.012432,0.00023549128964783393,20,0.040416,0.041375999999999996,0.04088625,0.040833999999999995,0.0002546149789387886,20.0,0.080289,0.08547199999999999,0.08245620000000001,0.0824,0.001348689497252795,20,0.014912000000000002,0.015775,0.015299199999999995,0.0152485,0.00022950960764203296,20,0.054048000000000006,0.05996800000000001,0.056593950000000004,0.056080500000000005,0.001477753344607956,20,0.02144,0.022817,0.02232005,0.0223515,0.0002888573133919233,20,0.003872,0.004128000000000001,0.0039568,0.003968,5.475180362325984e-05,20,0.015776000000000002,0.016224,0.01600635,0.015983999999999998,0.0001232936636652503,20,16,16,2048,10944,102400,True,False,False,608,1,2048,10944,generic,generic,2816,,KERNEL_ONLY,BF16,none
0.00192,0.0036160000000000003,0.003274666666666667,0.003328,0.0003143439628561792,21.0,0.038944000000000006,0.039904,0.0394577,0.0395045,0.0002759748358093534,20.0,0.008032000000000001,0.013984,0.011209624999999999,0.011344,0.00244528711696091,40,0.033631999999999995,0.034432,0.034005,0.033968,0.00022685810543156737,20,0.01088,0.011744,0.01121125,0.0111515,0.0002631107894024871,20,0.04022300000000001,0.041246,0.0409262,0.040977,0.0002568576648651914,20.0,0.072673,0.07440000000000001,0.07322264999999999,0.0731205,0.00036426038420338903,20,0.015168,0.016,0.015611249999999998,0.015584,0.00017685216283664745,20,0.05392,0.05952,0.0566353,0.057152,0.0016343983939052316,20,0.019616,0.020640000000000002,0.020409650000000005,0.020432,0.00021067089855981533,20,0.003968,0.004128000000000001,0.0040272,0.004032,4.078553665210253e-05,20,0.014496,0.01504,0.014761699999999999,0.01472,0.00015832754024489864,20,16,16,2048,10944,102400,True,False,False,600,1,2048,10944,generic,generic,2816,,KERNEL_ONLY,BF16,none
0.00192,0.003648,0.00329452380952381,0.00336,0.0003380134709977751,21.0,0.037986,0.039551,0.03880365,0.038769,0.0003384156135582399,20.0,0.008,0.016928000000000002,0.012572749999999999,0.012704,0.0038626180742470516,40,0.033537,0.034144,0.0337904,0.033775999999999994,0.00014720101901821134,20,0.010943,0.012096,0.011547150000000003,0.0115035,0.0002689638033267676,20,0.040097,0.041374999999999995,0.040544050000000005,0.040511000000000005,0.0003467968389417629,20.0,0.07504000000000001,0.077697,0.07610105000000002,0.0759525,0.0006166830202786512,20,0.014784,0.015168,0.01492005,0.014912000000000002,0.0001031782317158028,20,0.057216,0.06300800000000001,0.059817850000000006,0.059729,0.0017392327122901067,20,0.020255,0.021056000000000002,0.0207696,0.020784000000000004,0.0001567390825544166,20,0.003936,0.0041600000000000005,0.003990349999999999,0.0039685,5.165876014772324e-05,20,0.016416,0.016992,0.0167058,0.016656999999999998,0.00017253944476553756,20,16,16,2048,10944,102400,True,False,False,592,1,2048,10944,generic,generic,2816,,KERNEL_ONLY,BF16,none
0.00192,0.00352,0.003257857142857143,0.003295,0.0003101858560703928,21.0,0.038144000000000004,0.039709,0.03892015,0.0389585,0.000380294790261448,20.0,0.007904,0.014112,0.0111129,0.011248,0.002591733192286582,40,0.033343000000000005,0.034082,0.03367715,0.0336805,0.0001827039340025284,20,0.011872,0.012128,0.01198405,0.011968,8.368660287047147e-05,20,0.040322000000000004,0.041472,0.04083400000000001,0.040816000000000005,0.00033221438861072807,20.0,0.072576,0.074624,0.0734163,0.07336000000000001,0.0006366049088720565,20,0.01472,0.015519999999999999,0.015129549999999997,0.015104,0.00018235829429998483,20,0.058657,0.06220900000000001,0.061003449999999994,0.06096,0.0008391674132734187,20,0.01936,0.020416,0.02006235,0.020096,0.0002701774000541129,20,0.003936,0.004161,0.00402575,0.004032,5.972844799590889e-05,20,0.014624000000000002,0.015647,0.0151727,0.0152155,0.0002796576657272241,20,16,16,2048,10944,102400,True,False,False,584,1,2048,10944,generic,generic,2816,,KERNEL_ONLY,BF16,none
0.00192,0.003904,0.003474285714285715,0.0035510000000000003,0.00039117249183365,21.0,0.03753599999999999,0.038814999999999995,0.03814605,0.038096500000000005,0.00027193849948104203,20.0,0.00784,0.020608,0.013919975000000001,0.012608,0.005489482901364663,40,0.03305800000000001,0.033727000000000014,0.03335065,0.03335950000000001,0.00015380190993612592,20,0.013344,0.014592,0.013854349999999998,0.013776,0.0003834336024659292,20,0.039615,0.040705,0.04003419999999999,0.0399845,0.00029262477680470027,20.0,0.070753,0.072449,0.07139385000000001,0.0715365,0.00043486828753083176,20,0.015231999999999999,0.015936,0.015526599999999998,0.015488,0.00020190651302025918,20,0.060097000000000005,0.066785,0.06268665000000001,0.062704,0.0017066941224191284,20,0.019329000000000002,0.020352000000000002,0.0199938,0.020048000000000003,0.00026721126473260807,20,0.0039030000000000002,0.004128000000000001,0.003998450000000001,0.0039845,4.810974433521764e-05,20,0.017216000000000002,0.018209,0.01767205,0.01768,0.00022160719189593078,20,16,16,2048,10944,102400,True,False,False,576,1,2048,10944,generic,generic,2816,,KERNEL_ONLY,BF16,none
0.00192,0.003584,0.003303714285714286,0.00336,0.0003202737137210612,21.0,0.037504,0.03878500000000001,0.0382567,0.0382885,0.00027725838129802306,20.0,0.007552,0.01472,0.011486425,0.011904000000000001,0.002767386789802792,40,0.033473,0.03424,0.0339239,0.033954,0.00015958035593393018,20,0.010913,0.011969,0.011556999999999998,0.0116,0.00022475052836422877,20,0.039329,0.040576,0.0398882,0.039874999999999994,0.0002667713627809402,20.0,0.07043200000000001,0.07209600000000001,0.07109460000000001,0.071169,0.0003999337945210443,20,0.015009000000000002,0.015904,0.0153921,0.015392,0.00020255984300941805,20,0.046144,0.051072000000000006,0.048886650000000004,0.04888000000000001,0.0012316567815345329,20,0.019135000000000003,0.020321000000000002,0.0199104,0.020064000000000002,0.0003234624244019699,20,0.003904,0.004096,0.00398885,0.0039995,4.429703714696955e-05,20,0.013087999999999999,0.014048,0.01346885,0.013456,0.00023294232655316234,20,16,16,2048,10944,102400,True,False,False,568,1,2048,10944,generic,generic,2816,,KERNEL_ONLY,BF16,none
0.001888,0.003456,0.0032563333333333333,0.003328,0.0003138055711869,21.0,0.037313000000000006,0.038465,0.0379695,0.037999,0.0002881151679450415,20.0,0.007008,0.012832000000000001,0.0100576,0.010064,0.002467594930291437,40,0.033344000000000006,0.034140000000000004,0.033764499999999996,0.033807500000000004,0.000216382878250566,20,0.01104,0.012,0.011526499999999999,0.011536,0.0002335730078583569,20,0.038913,0.04019199999999999,0.03969305,0.039729999999999994,0.00034957838534440305,20.0,0.07062399999999999,0.07232,0.0713554,0.0712005,0.0005267514973875241,20,0.014784,0.015329,0.015136149999999998,0.015136,0.00015687009753295852,20,0.04752000000000001,0.050976,0.049245,0.049312,0.0010304270959170274,20,0.019328,0.020095,0.0197887,0.019792,0.00020114574318140526,20,0.003936,0.004225,0.00399375,0.003968,6.147102976199431e-05,20,0.014240000000000001,0.014846999999999999,0.0144898,0.014464000000000001,0.00014176127821094163,20,16,16,2048,10944,102400,True,False,False,560,1,2048,10944,generic,generic,2816,,KERNEL_ONLY,BF16,none
0.00192,0.003552,0.003326619047619047,0.003392,0.0003285172281037902,21.0,0.037313000000000006,0.038239999999999996,0.03777135,0.037728000000000005,0.00028917559976595307,20.0,0.007424000000000001,0.012608000000000001,0.01006075,0.01016,0.0023804562561618313,40,0.033344,0.03433699999999999,0.0338961,0.03393650000000001,0.00022087980894595135,20,0.011712,0.012256000000000001,0.011985449999999998,0.011936,0.0001654848860168204,20,0.038877,0.040032,0.03935305,0.0393115,0.0002805965921033259,20.0,0.066881,0.069024,0.0678979,0.067856,0.0005914037453381566,20,0.014944,0.01568,0.015228749999999996,0.015184,0.00020925579442395356,20,0.048928,0.052065,0.05035695,0.050448,0.0009718895243287698,20,0.018209,0.019232,0.0189392,0.019008,0.00024059168730444541,20,0.003935,0.004033,0.00397755,0.003968,3.377939460677171e-05,20,0.014144,0.014528000000000001,0.014369500000000002,0.014368,0.00010107150933868548,20,16,16,2048,10944,102400,True,False,False,552,1,2048,10944,generic,generic,2816,,KERNEL_ONLY,BF16,none
0.00192,0.003552,0.0032594761904761902,0.003328,0.0003127916725002242,21.0,0.03696,0.038015,0.03741145,0.037376,0.0003106687102042931,20.0,0.007585,0.015424,0.0108833,0.0107365,0.00308966439277796,40,0.033088000000000006,0.033601,0.03328845,0.033247,0.00013929769380718134,20,0.01184,0.012481,0.0120913,0.012064,0.00015129444801445982,20,0.038528999999999994,0.03958299999999999,0.039128,0.039088000000000005,0.00024270867310419698,20.0,0.071425,0.073728,0.07241155,0.072464,0.0005650003960175599,20,0.014240000000000001,0.015392,0.014679900000000001,0.014655500000000002,0.0002309116497710757,20,0.038464,0.052064,0.04101785,0.039200000000000006,0.004416000456012204,20,0.019104,0.019776000000000002,0.019483300000000002,0.0195045,0.0001622461401698051,20,0.0038079999999999998,0.0041600000000000005,0.00390565,0.003872,8.553319531035897e-05,20,0.015265,0.015936,0.015611349999999996,0.015696,0.00021727247294583854,20,16,16,2048,10944,102400,True,False,False,544,1,2048,10944,generic,generic,2816,,KERNEL_ONLY,BF16,none
0.001888,0.003488,0.0031832857142857145,0.003232,0.00030028988262251227,21.0,0.036510999999999995,0.037729,0.03708325,0.037119,0.0002690953130398224,20.0,0.007392,0.013247,0.010116024999999999,0.010192,0.002488095501457892,40,0.033406000000000005,0.034047,0.03371275,0.0337285,0.00015459167991842165,20,0.010431,0.011103,0.0107104,0.010656,0.00016342625248105027,20,0.038016,0.03935999999999999,0.03864485000000001,0.038608,0.00032845019028765785,20.0,0.06672,0.06937600000000001,0.06811695,0.068192,0.0007389915070553909,20,0.014432,0.01504,0.0146336,0.0145765,0.00015456015010344683,20,0.044736,0.048609,0.0469393,0.04700800000000001,0.0009925033047803924,20,0.018175,0.019104,0.018707300000000003,0.018623999999999998,0.0002456707349278712,20,0.0037120000000000005,0.004,0.0038720000000000004,0.003872,6.919103988234311e-05,20,0.013023999999999999,0.0136,0.013334449999999998,0.01336,0.000179604141099252,20,16,16,2048,10944,102400,True,False,False,536,1,2048,10944,generic,generic,2816,,KERNEL_ONLY,BF16,none
0.001855,0.003328,0.0030886190476190475,0.0031360000000000003,0.0002851418153748823,21.0,0.03462300000000001,0.035168000000000005,0.034836799999999994,0.034832,0.00014393248417226762,20.0,0.007584,0.012641,0.010297800000000001,0.010448500000000001,0.002131654453704915,40,0.033184,0.033854,0.03348845,0.0334695,0.00018723126742080056,20,0.010656,0.0112,0.010870499999999998,0.0108315,0.0001410345702301389,20,0.035005,0.036161,0.0355389,0.0355665,0.0003333646501955477,20.0,0.061761,0.064737,0.0630806,0.06323300000000001,0.0008216122199675454,20,0.013344,0.014816000000000001,0.013872,0.013888000000000001,0.0003081717053851637,20,0.038496,0.054240000000000003,0.042312,0.03958400000000001,0.005365931056210096,20,0.0176,0.018688,0.01835845,0.018368,0.0002385725204209399,20,0.00352,0.0037120000000000005,0.0035936,0.003584,4.763968933567899e-05,20,0.013919,0.014496,0.014268949999999999,0.014288499999999999,0.00012850115758233468,20,16,16,2048,10944,102400,True,False,False,528,1,2048,10944,generic,generic,2816,,KERNEL_ONLY,BF16,none
0.001888,0.003521,0.0030491428571428575,0.003104,0.000283055990711292,21.0,0.034208,0.035456,0.0348286,0.034815,0.00028498006947855187,20.0,0.007808,0.012288,0.010072025,0.01016,0.001990733463921024,40,0.033152,0.03372599999999999,0.0334403,0.0334395,0.00018494163944336397,20,0.011167999999999999,0.011713,0.011379150000000001,0.01136,0.00015536739522821388,20,0.034912,0.03584100000000001,0.03534230000000001,0.035311999999999996,0.00026758607960804167,20.0,0.061824,0.06444799999999999,0.06291535000000001,0.06294449999999999,0.0007505295647074792,20,0.01312,0.014400000000000001,0.013675250000000003,0.013680000000000001,0.0002673993034770288,20,0.049408,0.052192,0.050559999999999994,0.050224000000000005,0.0008312612104507223,20,0.017728999999999998,0.018719000000000003,0.0185008,0.0185755,0.0002096767989072709,20,0.00352,0.003713,0.0035681999999999997,0.003552,5.315881864752078e-05,20,0.014016,0.014816000000000001,0.0143265,0.0142565,0.0002347276080907402,20,16,16,2048,10944,102400,True,False,False,520,1,2048,10944,generic,generic,2816,,KERNEL_ONLY,BF16,none
0.0018560000000000002,0.003328,0.0031359047619047625,0.0032,0.00029360191785443167,21.0,0.03408,0.03481600000000001,0.03443050000000001,0.03446400000000001,0.00022111275404191604,20.0,0.006495,0.011807,0.009008650000000002,0.008992,0.0023128423806001133,40,0.032639,0.033088000000000006,0.03286409999999999,0.0328345,0.00011580928287490718,20,0.010784,0.011489000000000001,0.011255999999999999,0.011248,0.00015545578149428862,20,0.034881,0.035648000000000006,0.03523205,0.0352,0.0001814054781421997,20.0,0.062240000000000004,0.064224,0.06307540000000002,0.063088,0.0004411637337769278,20,0.0136,0.014400000000000001,0.0138128,0.013776,0.00019931748543467075,20,0.044256000000000004,0.047776000000000006,0.0460608,0.045968,0.0010040251789671419,20,0.017920000000000002,0.018784,0.018557,0.018656,0.00020236402842402582,20,0.003456,0.00368,0.0035457,0.0035515,5.223609862920468e-05,20,0.012928,0.014048,0.013348750000000001,0.013327499999999999,0.0002961676678842576,20,16,16,2048,10944,102400,True,False,False,512,1,2048,10944,generic,generic,2816,,KERNEL_ONLY,BF16,none
0.001824,0.003263,0.0030490952380952375,0.003104,0.00027999403135847717,21.0,0.034079000000000005,0.035009,0.03449485000000001,0.034480000000000004,0.0002605803666817585,20.0,0.007296,0.011712,0.009683250000000001,0.009760000000000001,0.0016025152690380205,40,0.033122,0.034019,0.03360235,0.033634000000000004,0.0002209654441309764,20,0.010752000000000001,0.011425000000000001,0.01110415,0.011151999999999999,0.00021587433265675624,20,0.034654,0.035328000000000005,0.03493165,0.03492850000000001,0.00020215644313254053,20.0,0.06176,0.063808,0.0628418,0.06280050000000001,0.000532589297676924,20,0.013344,0.014112,0.013623849999999998,0.013568,0.00018387204110467705,20,0.044,0.048032,0.04622405,0.046752,0.0011829380573385921,20,0.0176,0.018335999999999998,0.01809115,0.018096,0.00015121020964207343,20,0.00352,0.003968,0.0036368499999999996,0.003568,0.00014992473945283342,20,0.013023,0.013633,0.013270399999999998,0.0132,0.0002053230138099478,20,16,16,2048,10944,102400,True,False,False,504,1,2048,10944,generic,generic,2816,,KERNEL_ONLY,BF16,none
0.0018560000000000002,0.003584,0.003142142857142858,0.0031680000000000002,0.00031125036404098584,21.0,0.03330999999999999,0.03459400000000001,0.0339013,0.033840999999999996,0.00028100037366523347,20.0,0.007392,0.011456,0.009692025,0.00984,0.0015831544379418575,40,0.033247000000000006,0.03372900000000001,0.0334691,0.0334565,0.00012270977956136948,20,0.010752000000000001,0.011488,0.0111679,0.011183499999999999,0.00021644442704768312,20,0.034337000000000006,0.035136,0.03471220000000001,0.034656000000000006,0.00024094783667839655,20.0,0.061824,0.064512,0.0629586,0.062912,0.0006632247281276532,20,0.011328,0.014272,0.013459200000000001,0.0134565,0.0005861736602748371,20,0.046208,0.048992,0.04741145,0.047232,0.0007836771959805896,20,0.017632000000000002,0.018656,0.018451199999999997,0.0185445,0.0002541988591634503,20,0.003488,0.00384,0.0035953000000000005,0.003584,9.874669614726354e-05,20,0.013216,0.014112,0.013750599999999998,0.01376,0.00020235770309034448,20,16,16,2048,10944,102400,True,False,False,496,1,2048,10944,generic,generic,2816,,KERNEL_ONLY,BF16,none
0.001823,0.003232,0.003043095238095239,0.003073,0.0002796892671659041,21.0,0.033343000000000005,0.03424,0.03390695,0.033950999999999995,0.0002566266695026051,20.0,0.007232000000000001,0.011712,0.0096719,0.009728,0.0016760296506923734,40,0.0328,0.033569,0.0333553,0.0333785,0.00019869828887033502,20,0.011167999999999999,0.011968,0.011595249999999998,0.011584500000000001,0.0001843867877587763,20,0.034176000000000005,0.035136,0.03460175,0.034544000000000005,0.00023087006627104978,20.0,0.062079999999999996,0.063712,0.06303065000000001,0.0631365,0.0005021609577615536,20,0.013056,0.014400000000000001,0.0135168,0.013440500000000001,0.0003433614130912211,20,0.046816,0.049856000000000004,0.048228900000000005,0.048192,0.0006599455204787735,20,0.017344000000000002,0.018335999999999998,0.01797605,0.018015999999999997,0.00022619117467310586,20,0.003487,0.003936,0.0035999000000000005,0.003552,0.0001341167029120534,20,0.0136,0.014048,0.013816099999999998,0.013808,0.00012126701942407935,20,16,16,2048,10944,102400,True,False,False,488,1,2048,10944,generic,generic,2816,,KERNEL_ONLY,BF16,none
0.001824,0.0031680000000000002,0.0029927142857142856,0.00304,0.00026964441185297613,21.0,0.033537,0.03420800000000001,0.033828750000000005,0.033791,0.00017878587052672893,20.0,0.006752,0.011712,0.009260675,0.009328,0.0022525497484794867,40,0.032638999999999994,0.033344,0.03299535,0.0329915,0.00019110867981334556,20,0.009632,0.009984,0.009774349999999998,0.0097755,9.886823301748656e-05,20,0.033825,0.03469,0.03421285,0.034209,0.00021862165377656544,20.0,0.056479999999999995,0.057824,0.0570768,0.0569605,0.0004291417714462204,20,0.012064,0.012384000000000001,0.012201650000000001,0.012192,8.097238726874753e-05,20,0.050273000000000005,0.053344,0.051450050000000004,0.051217,0.0009064463842390227,20,0.016704,0.017632000000000002,0.01737765,0.017440499999999998,0.00023919349384964478,20,0.003488,0.0036160000000000003,0.0035311500000000003,0.00352,3.385598174621437e-05,20,0.014688000000000001,0.01536,0.0148896,0.014831500000000001,0.0001824739433453441,20,16,16,2048,10944,102400,True,False,False,480,1,2048,10944,generic,generic,2816,,KERNEL_ONLY,BF16,none
0.001792,0.003456,0.003047666666666667,0.003104,0.00029889834764050175,21.0,0.033409,0.03417400000000001,0.033748850000000004,0.033715,0.00020878512279374814,20.0,0.006784,0.011809,0.00920155,0.00928,0.0022593625976146457,40,0.033023000000000004,0.033889999999999997,0.033345650000000004,0.033232,0.0002775149140136413,20,0.009728,0.010081,0.00988815,0.009856,0.00010530017806252753,20,0.033697000000000005,0.034466000000000004,0.034027,0.033951999999999996,0.00021293473178417868,20.0,0.056385,0.057536000000000004,0.056849899999999995,0.0568325,0.00030039422431198706,20,0.011807,0.012352,0.01206875,0.012112000000000001,0.0001535812081603737,20,0.03712,0.043840000000000004,0.04245285,0.042752000000000005,0.0013903175635443879,20,0.016768,0.017568,0.01728495,0.017296,0.00016004389241704907,20,0.003456,0.00368,0.0035393,0.0035364999999999997,4.456467210695036e-05,20,0.012064,0.012512,0.0122432,0.012224,0.00011149600889718006,20,16,16,2048,10944,102400,True,False,False,472,1,2048,10944,generic,generic,2816,,KERNEL_ONLY,BF16,none
0.001792,0.003232,0.002939428571428571,0.002976,0.00027193916886801334,21.0,0.033087,0.033792,0.033504049999999994,0.033504000000000006,0.00022043762723273816,20.0,0.006783000000000001,0.011713,0.009244875,0.009296,0.0021729058905932855,40,0.032928000000000006,0.03382000000000001,0.03337925000000001,0.033345,0.00025319337965278493,20,0.009952,0.01056,0.010216,0.010224,0.00014624910256134905,20,0.03347000000000001,0.034465,0.0339188,0.0338895,0.0002508315370921286,20.0,0.056256,0.057375999999999996,0.056699299999999994,0.056704000000000004,0.0002901372261534182,20,0.011712,0.012512,0.011982499999999998,0.0119685,0.00016487919820280542,20,0.051840000000000004,0.055712000000000005,0.05389465,0.053792,0.001180466699022044,20,0.016800000000000002,0.017536000000000003,0.01732655,0.01736,0.0001613537960507907,20,0.003424,0.0036160000000000003,0.00352335,0.00352,3.633493497998864e-05,20,0.013472,0.013889,0.013697599999999999,0.013696,0.00010636230535297771,20,16,16,2048,10944,102400,True,False,False,464,1,2048,10944,generic,generic,2816,,KERNEL_ONLY,BF16,none
0.0017929999999999999,0.0031680000000000002,0.0029014285714285717,0.002944,0.0002551081136692128,21.0,0.032929,0.033631999999999995,0.0331954,0.033120000000000004,0.0002080676332349639,20.0,0.0065910000000000005,0.011936,0.00930635,0.0093285,0.002215718095223307,40,0.03270600000000001,0.033663000000000005,0.0331809,0.0331355,0.00029095977385198627,20,0.010176000000000001,0.010784,0.01044485,0.010432,0.0001403361232897645,20,0.033311,0.034208,0.0336403,0.0335845,0.00022482083978136931,20.0,0.054304000000000005,0.055424,0.054763400000000004,0.054720500000000005,0.00029808159956629305,20,0.01168,0.012512,0.011948899999999998,0.011888,0.00020067932130640677,20,0.043904000000000006,0.047233,0.04569605,0.0457755,0.0008730471622426823,20,0.016352000000000002,0.017025,0.0166672,0.016640000000000002,0.00014128396936666208,20,0.003456,0.003648,0.0035296,0.00352,4.422601044634257e-05,20,0.012960000000000001,0.013856,0.013568149999999998,0.01352,0.00019514130136903346,20,16,16,2048,10944,102400,True,False,False,456,1,2048,10944,generic,generic,2816,,KERNEL_ONLY,BF16,none
0.001792,0.003073,0.002872428571428572,0.002912,0.0002508119332295418,21.0,0.032384,0.033152,0.0327504,0.0327515,0.00022439950980338537,20.0,0.006176,0.011712,0.008875225,0.008912,0.0025264512313470447,40,0.032129,0.032801000000000004,0.032555049999999995,0.0325285,0.0001687143962440662,20,0.00912,0.010431,0.00973435,0.00952,0.00043512001505331867,20,0.033280000000000004,0.034047,0.03353735000000001,0.033471,0.000251427579036191,20.0,0.06128,0.06531300000000001,0.06296815000000001,0.06272,0.0010630067861965894,20,0.012288,0.013216,0.012724850000000001,0.0126875,0.00022037202068320714,20,0.036704,0.05104,0.04155194999999999,0.037999500000000005,0.0054350284679567235,20,0.016512000000000002,0.019008,0.016873650000000004,0.016768,0.0005328892262937955,20,0.003488,0.003585,0.0035184,0.00352,2.7726160931510104e-05,20,0.010336,0.011295999999999999,0.010704000000000002,0.010656,0.0002082078288633736,20,16,16,2048,10944,102400,True,False,False,448,1,2048,10944,generic,generic,2816,,KERNEL_ONLY,BF16,none
0.001792,0.0030080000000000003,0.002828142857142857,0.002848,0.00023709798772303598,21.0,0.032286999999999996,0.033281,0.032976200000000004,0.03299200000000001,0.0002590516550806049,20.0,0.0064,0.011776,0.008860075,0.008896500000000002,0.0022425019775632305,40,0.03315100000000001,0.033664,0.03335610000000001,0.033329500000000005,0.00012093010377899992,20,0.009216,0.0096,0.00936165,0.009344,9.726935540035188e-05,20,0.032993,0.033951999999999996,0.03339185,0.033391000000000004,0.00021659877077213517,20.0,0.054017,0.055584,0.054766749999999996,0.054736,0.0004115069713868763,20,0.011456,0.012288,0.011752150000000001,0.0117285,0.00019116727622686913,20,0.03568,0.043264000000000004,0.03984815,0.04124800000000001,0.0025379697845916128,20,0.016352000000000002,0.017536000000000003,0.01675525,0.016608499999999998,0.0003632088758552033,20,0.003456,0.003648,0.0035153,0.00352,4.4438834368151505e-05,20,0.01104,0.011584,0.011353700000000001,0.011328,0.00015473981388123772,20,16,16,2048,10944,102400,True,False,False,440,1,2048,10944,generic,generic,2816,,KERNEL_ONLY,BF16,none
0.00176,0.002975,0.002811238095238095,0.002848,0.0002380275903899547,21.0,0.032322000000000004,0.03299200000000001,0.0325699,0.03256150000000001,0.00016438944613326063,20.0,0.006656,0.01264,0.0094465,0.009328,0.002422196596067297,40,0.032734,0.033568,0.03309095,0.033085500000000004,0.00020884575049543043,20,0.009472,0.009856,0.009656,0.009648,0.00010789763667476705,20,0.032928,0.033887,0.03333145,0.0333435,0.00024847262927735187,20.0,0.05232,0.05376,0.052867449999999996,0.0528005,0.00042000898502294004,20,0.01088,0.011936,0.01125135,0.0111525,0.00027322120616818873,20,0.039456000000000005,0.042944,0.04165925,0.041632,0.0009148516204827972,20,0.015519,0.016224,0.015971250000000003,0.0159845,0.00015997808443658757,20,0.003425,0.003648,0.00349775,0.003488,4.7441411235333264e-05,20,0.01168,0.012352,0.011950549999999999,0.01192,0.00019339402136570852,20,16,16,2048,10944,102400,True,False,False,432,1,2048,10944,generic,generic,2816,,KERNEL_ONLY,BF16,none
0.00176,0.003072,0.002876857142857143,0.002912,0.0002576777769515522,21.0,0.03216,0.033059,0.03243865,0.032384500000000004,0.0001995608365887446,20.0,0.007008,0.011584,0.00916395,0.009136,0.0019202794842157742,40,0.03235300000000001,0.033567,0.0329421,0.03289600000000001,0.00031265794408586475,20,0.009504,0.010208,0.0098658,0.009872,0.0001699133897019303,20,0.032991,0.033696,0.033280000000000004,0.0332785,0.0001688386804023295,20.0,0.051872,0.053569000000000006,0.05256475000000001,0.052544,0.00045795566106338303,20,0.010784,0.011616,0.01110075,0.011056,0.00019888284868233336,20,0.040672,0.044159,0.04202884999999999,0.0416805,0.0009874905202076616,20,0.015775,0.016896,0.0163457,0.0163525,0.00033767515454945733,20,0.003425,0.0036160000000000003,0.00351675,0.00352,4.61561209375312e-05,20,0.011519999999999999,0.012096,0.011771249999999999,0.011744,0.0001335540620872315,20,16,16,2048,10944,102400,True,False,False,424,1,2048,10944,generic,generic,2816,,KERNEL_ONLY,BF16,none
0.00176,0.0030710000000000004,0.0028524285714285713,0.0028799999999999997,0.00025177230291874205,21.0,0.031809000000000004,0.032577,0.0321428,0.03214449999999999,0.0001900312079633242,20.0,0.006656,0.012256000000000001,0.00937435,0.009263500000000001,0.0022125085824692297,40,0.032191000000000004,0.03302200000000001,0.032619350000000005,0.0327055,0.00023837874800409549,20,0.008736,0.009408,0.0090543,0.009008,0.0001549519602973769,20,0.03212600000000001,0.032962,0.03265,0.032671500000000006,0.0002107833010463571,20.0,0.055136000000000004,0.056448,0.055870600000000006,0.055968000000000004,0.0003214240812384772,20,0.010656,0.011328,0.010947050000000002,0.0108795,0.00020219705116544042,20,0.037247999999999996,0.054976,0.043614499999999994,0.038256,0.007038732460464739,20,0.016544,0.017504000000000002,0.017144100000000002,0.017184,0.0002672320901388908,20,0.003392,0.0036160000000000003,0.0034671999999999993,0.003456,5.0874944717414745e-05,20,0.013536,0.01408,0.013790350000000002,0.013808,0.00015167507211140543,20,16,16,2048,10944,102400,True,False,False,416,1,2048,10944,generic,generic,2816,,KERNEL_ONLY,BF16,none
0.001792,0.00304,0.0028342857142857145,0.0028799999999999997,0.0002379618102327592,21.0,0.031618,0.032354,0.03196975,0.03195100000000001,0.0002050923877183158,20.0,0.007071,0.012128,0.009737675,0.009792,0.0022628126235671835,40,0.03248100000000001,0.033057,0.03280765000000001,0.03279950000000001,0.0001434811050278043,20,0.009056,0.009536,0.00927045,0.0092485,0.00013442115718888907,20,0.032224,0.03318600000000001,0.03259365,0.03257549999999999,0.00025273529136232676,20.0,0.050624,0.052128,0.05125615,0.051184,0.00038222418487060756,20,0.009664,0.011264,0.010747099999999999,0.0107675,0.00034373273047529204,20,0.038976,0.041951999999999996,0.0408706,0.04092850000000001,0.00078274072335608,20,0.015168,0.015968,0.0154143,0.015392,0.00018221418715347066,20,0.003392,0.0036160000000000003,0.0034641000000000003,0.003456,5.3473264347709386e-05,20,0.011136,0.011553,0.011363100000000001,0.011359500000000002,0.00011974760957948202,20,16,16,2048,10944,102400,True,False,False,408,1,2048,10944,generic,generic,2816,,KERNEL_ONLY,BF16,none
0.001792,0.003072,0.0028890952380952375,0.002944,0.00025732930630242287,21.0,0.031232000000000003,0.032032,0.03170680000000001,0.031712,0.00022947474806609924,20.0,0.006496000000000001,0.012704000000000002,0.0094642,0.0089605,0.002702245614299337,40,0.032605,0.033533999999999994,0.03299045,0.032959,0.00024486618284279136,20,0.009023999999999999,0.009409,0.0092049,0.0092165,9.57250750848494e-05,20,0.031810000000000005,0.03277,0.032302849999999994,0.032288000000000004,0.00022213290503660127,20.0,0.051488,0.05264,0.0520799,0.052127999999999994,0.00036117598203645675,20,0.010464000000000001,0.011295999999999999,0.010753750000000001,0.010656,0.00023490676341902077,20,0.03776,0.040545000000000005,0.0385809,0.038447999999999996,0.0006201357028909086,20,0.018144,0.019201,0.01864655,0.018656,0.00032021078604569205,20,0.00336,0.003648,0.0034528000000000002,0.003456,7.290171465747568e-05,20,0.011584,0.012512,0.01198405,0.011984,0.0002324997795697881,20,16,16,2048,10944,102400,True,False,False,400,1,2048,10944,generic,generic,2816,,KERNEL_ONLY,BF16,none
0.001728,0.00304,0.0028221904761904764,0.002848,0.00025955541092003554,21.0,0.031198999999999998,0.032032,0.03161774999999999,0.031648499999999996,0.00020961962575102587,20.0,0.006496000000000001,0.0128,0.009665675,0.00912,0.002876907874676386,40,0.032449,0.032896999999999996,0.03265645000000001,0.032641,0.00012928823419012262,20,0.00944,0.010048999999999999,0.00975055,0.009792,0.00017531870265319647,20,0.031905,0.032831000000000006,0.03205155,0.0319855,0.00019658903199314132,20.0,0.049792,0.052095999999999996,0.050675349999999994,0.050624,0.0005420318510013949,20,0.008993000000000001,0.010144,0.00966405,0.009680000000000001,0.00022736083105935368,20,0.035809,0.038368000000000006,0.036883450000000005,0.036863999999999994,0.0006747678471148435,20,0.015519999999999999,0.017376000000000003,0.016902500000000004,0.016976,0.0003971854101046518,20,0.003104,0.003328,0.0031888,0.0031680000000000002,5.087396190587079e-05,20,0.011616,0.012319000000000002,0.0118879,0.0118875,0.00017762007206394248,20,16,16,2048,10944,102400,True,False,False,392,1,2048,10944,generic,generic,2816,,KERNEL_ONLY,BF16,none
0.001729,0.002944,0.0027749047619047623,0.002816,0.00023847090363833938,21.0,0.030881,0.031746,0.03142905,0.031489500000000004,0.0002299398780116229,20.0,0.0060160000000000005,0.010688000000000001,0.008287225,0.008096,0.002092906382133468,40,0.03199900000000001,0.03257700000000001,0.03229585000000001,0.0323055,0.0001470871425380212,20,0.008608000000000001,0.009023999999999999,0.00877285,0.0088,0.00012731899897501522,20,0.031488,0.032255,0.03186790000000001,0.0318725,0.00022858366083340176,20.0,0.048704000000000004,0.050175,0.049411199999999995,0.049344,0.00041137362579533437,20,0.009504,0.010048,0.00970875,0.009680000000000001,0.00013600289518977162,20,0.040831000000000006,0.045984000000000004,0.04314255,0.043328000000000005,0.001508051639533607,20,0.014528000000000001,0.015135000000000001,0.014784150000000001,0.014752000000000001,0.00015869539218263393,20,0.003104,0.00336,0.0031825,0.0031680000000000002,5.295516971930123e-05,20,0.010592,0.011328,0.0109457,0.010896000000000001,0.0002043223188983518,20,16,16,2048,10944,102400,True,False,False,384,1,2048,10944,generic,generic,2816,,KERNEL_ONLY,BF16,none
0.001696,0.003072,0.002749047619047619,0.002784,0.0002462810002126831,21.0,0.030913,0.031935,0.031464450000000005,0.0314735,0.00024150869031983106,20.0,0.005984,0.01088,0.0083184,0.008224500000000001,0.002165257130227263,40,0.032511000000000005,0.032802,0.03266960000000001,0.032657500000000006,0.00010070173782015779,20,0.008673,0.008865,0.008777700000000001,0.008768000000000001,5.7316751478080024e-05,20,0.031487,0.03225600000000001,0.03181079999999999,0.0318085,0.0002014116679837599,20.0,0.048223999999999996,0.050496000000000006,0.0492001,0.049232,0.0005308620253888965,20,0.008672000000000001,0.01056,0.00961615,0.009583999999999999,0.00034837010132903194,20,0.032768,0.040512,0.03869770000000001,0.039279499999999995,0.0017618360338011025,20,0.014689,0.015744,0.015089849999999998,0.0150405,0.0002648018646082384,20,0.003104,0.00336,0.0031632,0.0031525,6.178235994197698e-05,20,0.010368,0.011648,0.011188849999999998,0.011264,0.0003028037772221473,20,16,16,2048,10944,102400,True,False,False,376,1,2048,10944,generic,generic,2816,,KERNEL_ONLY,BF16,none
0.001696,0.003232,0.0027184761904761904,0.00272,0.0002564359418846146,21.0,0.030462000000000003,0.031327,0.030962999999999997,0.030976000000000004,0.00024671603109648196,20.0,0.0060160000000000005,0.010944,0.0083584,0.008112000000000001,0.0022095337042009567,40,0.03250900000000001,0.033087000000000005,0.032748650000000004,0.032752500000000004,0.00014053158897557545,20,0.008704000000000002,0.009504,0.0089665,0.008944,0.00018827094836963004,20,0.03126500000000001,0.031872000000000004,0.031590450000000006,0.031569,0.00016649128355562592,20.0,0.048288,0.049792,0.049085100000000007,0.049248,0.0004131729541003384,20,0.009311999999999999,0.010176000000000001,0.009659199999999998,0.0096,0.00021639075765845478,20,0.037792,0.040928,0.0393009,0.039312,0.0009204738399324547,20,0.014656,0.016800000000000002,0.0156849,0.0157285,0.0004927134968721688,20,0.0031030000000000003,0.003296,0.0031488500000000003,0.0031360000000000003,5.500479524550561e-05,20,0.011264,0.01184,0.0115392,0.011536,0.0001572140578955966,20,16,16,2048,10944,102400,True,False,False,368,1,2048,10944,generic,generic,2816,,KERNEL_ONLY,BF16,none
0.0016950000000000001,0.002913,0.002715285714285715,0.002751,0.00023808624744930097,21.0,0.030145,0.031327,0.0307684,0.030784500000000003,0.00027284178565608236,20.0,0.006751,0.012512,0.009493650000000001,0.009008,0.0025110763185335486,40,0.032317,0.03283300000000001,0.032544500000000004,0.032559500000000005,0.00014173020143921312,20,0.008993000000000001,0.009345000000000001,0.00915215,0.0091355,8.350465555883715e-05,20,0.030976000000000004,0.031807,0.031303700000000004,0.0312955,0.00021739505514155628,20.0,0.047585,0.049824,0.04874105000000001,0.048768,0.0005847067192191302,20,0.009023999999999999,0.009792,0.00933445,0.0093125,0.0002054656844828357,20,0.041568,0.046816,0.044974450000000006,0.04568,0.0016150915910560617,20,0.014143000000000001,0.014816000000000001,0.01445915,0.014432,0.000161609181360466,20,0.0031030000000000003,0.003231,0.0031647000000000003,0.0031680000000000002,3.633744625039022e-05,20,0.012192,0.0128,0.012553650000000003,0.012592,0.0001678190319957782,20,16,16,2048,10944,102400,True,False,False,360,1,2048,10944,generic,generic,2816,,KERNEL_ONLY,BF16,none
0.001664,0.002848,0.0026528571428571434,0.0026880000000000003,0.0002279369766100324,21.0,0.030176000000000005,0.031136,0.030704050000000004,0.030657,0.00024394066389185571,20.0,0.006816,0.0112,0.00886,0.00864,0.001834636149213244,40,0.032221999999999994,0.032994,0.032506400000000005,0.032481,0.0002119571654839717,20,0.008320000000000001,0.008832000000000001,0.008520000000000002,0.0085125,0.00011524018396375469,20,0.030689,0.031742,0.031180950000000002,0.0311365,0.00024396730826075862,20.0,0.048288,0.050464,0.049171549999999994,0.0491205,0.0005342169479715144,20,0.00928,0.00976,0.009435249999999997,0.009408,0.00012330120640123533,20,0.042048,0.04396800000000001,0.0431121,0.0432,0.0005191640299558518,20,0.01488,0.017568,0.01667675,0.0167835,0.0006423033453906344,20,0.003072,0.003264,0.0031358500000000004,0.0031355000000000003,5.166263156286173e-05,20,0.012128,0.012480000000000002,0.0123343,0.012336,0.00010384849541519617,20,16,16,2048,10944,102400,True,False,False,352,1,2048,10944,generic,generic,2816,,KERNEL_ONLY,BF16,none
0.001663,0.002784,0.0026574285714285714,0.00272,0.0002248376284870339,21.0,0.029824000000000007,0.030811000000000005,0.030443300000000006,0.030434000000000003,0.0001912746977516887,20.0,0.00672,0.01264,0.009542525,0.0091205,0.0026478968256665515,40,0.032479999999999995,0.033472,0.03299850000000001,0.03299300000000001,0.00030116316175787567,20,0.008223000000000001,0.008576,0.0084704,0.0085115,0.00010326296528765778,20,0.030594000000000003,0.031553000000000005,0.031139550000000005,0.031120000000000002,0.0002702790178685736,20.0,0.047488,0.049472,0.0482178,0.04816,0.0005847421311997274,20,0.008768000000000001,0.009568,0.00917115,0.009167999999999999,0.00021592157719875954,20,0.035040999999999996,0.039808,0.038185800000000006,0.038416000000000006,0.001026995696193515,20,0.014272,0.015136,0.014555300000000002,0.01448,0.00023787162504174383,20,0.00304,0.003232,0.0031104,0.003104,4.2379712127384726e-05,20,0.010016,0.01056,0.010259299999999999,0.0102405,0.0001378071478552545,20,16,16,2048,10944,102400,True,False,False,344,1,2048,10944,generic,generic,2816,,KERNEL_ONLY,BF16,none
0.001728,0.0027210000000000003,0.0025981904761904757,0.002624,0.0001994164388905119,21.0,0.029857000000000005,0.030561,0.030169349999999994,0.0301745,0.00018926311711477218,20.0,0.007201,0.011136,0.009040125,0.00904,0.0016634699304090234,40,0.03232,0.032865000000000005,0.03273440000000001,0.032782000000000006,0.00012701393624323356,20,0.008673,0.009056,0.008846450000000002,0.008848000000000002,8.543212217895527e-05,20,0.030527000000000002,0.031648,0.031096350000000002,0.031153,0.000274744476741572,20.0,0.046945,0.048161,0.04749135,0.0474885,0.0003517434114521552,20,0.008704000000000002,0.009664,0.00902245,0.009008,0.00020155606540116794,20,0.04576,0.052737000000000006,0.04965125,0.049536,0.00212326860936152,20,0.013504,0.014367000000000001,0.013903950000000002,0.013808,0.0002728020298678148,20,0.003072,0.003232,0.0031215500000000003,0.0031355000000000003,3.7130142741443935e-05,20,0.010432,0.01168,0.011279899999999999,0.0113275,0.00024605708687213204,20,16,16,2048,10944,102400,True,False,False,336,1,2048,10944,generic,generic,2816,,KERNEL_ONLY,BF16,none
0.0016970000000000002,0.00272,0.0025738095238095234,0.002592,0.00020111300283496604,21.0,0.029920000000000002,0.030593000000000006,0.03025125,0.0302245,0.00015021147592644276,20.0,0.007136,0.010911,0.00903525,0.00904,0.0016146083077638368,40,0.03225700000000001,0.03315100000000001,0.032641500000000004,0.0326245,0.00022836078910355796,20,0.008544000000000001,0.00944,0.00897115,0.008944,0.00018853707195138014,20,0.030623000000000004,0.031232,0.030945550000000006,0.030943000000000002,0.00016195940077686134,20.0,0.046561,0.048479999999999995,0.04722095,0.047264,0.0005047292813974633,20,0.008607,0.009504,0.00902395,0.008976000000000001,0.00024743857318534614,20,0.033504,0.034688,0.0339712,0.033856000000000004,0.00038683880363789546,20,0.013473,0.015712,0.014419400000000002,0.014288,0.000666223866279196,20,0.00304,0.0032,0.00312175,0.0031045,4.235430910781102e-05,20,0.010144,0.010719,0.0103695,0.010335500000000001,0.00014598989691071094,20,16,16,2048,10944,102400,True,False,False,328,1,2048,10944,generic,generic,2816,,KERNEL_ONLY,BF16,none
0.001664,0.00304,0.002692523809523809,0.00272,0.0002510796912095211,21.0,0.029344000000000002,0.030177999999999993,0.029651550000000006,0.029630000000000004,0.00020753878553176448,20.0,0.006144999999999999,0.012256000000000001,0.0090889,0.008592,0.0026944697882885977,40,0.031905,0.03261100000000001,0.03232870000000001,0.03232050000000001,0.0001637299911439568,20,0.008128,0.008832000000000001,0.0083759,0.008351,0.0001702098410785935,20,0.030144000000000004,0.030944000000000003,0.03052675,0.030497999999999997,0.0002444587644164146,20.0,0.046304000000000005,0.049408,0.047588849999999995,0.0473765,0.0007677868372797223,20,0.008767,0.009536,0.0091585,0.0091845,0.00017325025252506822,20,0.031616,0.03363200000000001,0.03277285,0.032928,0.0005800514869388761,20,0.019296,0.024543,0.0208465,0.01952,0.0019628203050712513,20,0.0030710000000000004,0.003199,0.0030975000000000004,0.003072,3.5770798145973756e-05,20,0.011456,0.012256000000000001,0.0118609,0.011904,0.00023660640312552866,20,16,16,2048,10944,102400,True,False,False,320,1,2048,10944,generic,generic,2816,,KERNEL_ONLY,BF16,none
0.001664,0.003104,0.002614904761904762,0.002624,0.0002466997219991687,21.0,0.029376000000000006,0.030401000000000004,0.0299184,0.029969000000000003,0.00024290150267135014,20.0,0.006239,0.012224,0.009001700000000001,0.008688,0.002578238567316842,40,0.032706,0.033245,0.03289705,0.032894999999999994,0.00013133981688733892,20,0.008064,0.008704000000000002,0.008308850000000001,0.008272000000000002,0.000142460266390317,20,0.030401,0.030851000000000003,0.030605499999999997,0.030592000000000005,0.0001253696534253813,20.0,0.04576,0.047616,0.0464227,0.0464005,0.0004108257659884537,20,0.008544000000000001,0.009087999999999999,0.008769550000000001,0.008752000000000001,0.00014668962983115018,20,0.028992,0.035809,0.03377625,0.03456000000000001,0.0020529920086303313,20,0.013375999999999999,0.014624000000000002,0.013830449999999998,0.013728,0.00034438589910157504,20,0.002976,0.003104,0.0030513000000000003,0.00304,2.9127478435319442e-05,20,0.009472,0.009888000000000001,0.00964,0.0096635,0.00010658423898494581,20,16,16,2048,10944,102400,True,False,False,312,1,2048,10944,generic,generic,2816,,KERNEL_ONLY,BF16,none
0.001664,0.00272,0.0025068095238095236,0.002497,0.00020103887779603118,21.0,0.029374000000000004,0.030016,0.029611400000000003,0.029616000000000003,0.00015620288089532788,20.0,0.0063360000000000005,0.012353,0.009330525000000001,0.008608000000000001,0.002803311372176662,40,0.032350000000000004,0.033053,0.032878000000000004,0.032896499999999995,0.00015150940564862523,20,0.008096,0.008864,0.008339200000000001,0.008320000000000001,0.00018365908635294904,20,0.029953,0.031041000000000003,0.030422499999999998,0.030337000000000003,0.00028071453471453924,20.0,0.043744,0.04652900000000001,0.04507705,0.045023999999999995,0.0005328612835438522,20,0.008864,0.009568,0.009048049999999998,0.0090245,0.00015376133291565832,20,0.029280999999999998,0.03776,0.03555545,0.035824,0.0016110670834884567,20,0.01568,0.016960000000000003,0.0166001,0.0167205,0.0003315009653077955,20,0.0030080000000000003,0.003104,0.0030545000000000004,0.003041,2.5695330315059136e-05,20,0.010112,0.010944,0.010577600000000001,0.010576,0.00022795249505105252,20,16,16,2048,10944,102400,True,False,False,304,1,2048,10944,generic,generic,2816,,KERNEL_ONLY,BF16,none
0.001664,0.002816,0.002563142857142857,0.002561,0.00021568788864032788,21.0,0.029216000000000002,0.029856,0.029440400000000005,0.029439500000000004,0.00014843665315547908,20.0,0.006305,0.012288,0.009220775,0.008688000000000001,0.0027675831648525037,40,0.032159,0.03273600000000001,0.032408900000000004,0.032400500000000006,0.0001469679897120464,20,0.008480000000000001,0.008960000000000001,0.008646550000000001,0.008624,0.0001224767222781538,20,0.029599,0.030561000000000005,0.030112250000000014,0.030144500000000005,0.00026709509074485045,20.0,0.04544,0.047136000000000004,0.04612990000000001,0.045936000000000005,0.0005077037423537472,20,0.008353,0.008992000000000002,0.00861135,0.008592,0.0001584986671868256,20,0.038721,0.040352,0.039590600000000004,0.0396325,0.00037145099272986213,20,0.013248,0.015264,0.0143872,0.014752000000000001,0.0007202061926976192,20,0.0030080000000000003,0.0031360000000000003,0.0030544,0.00304,3.428177358305722e-05,20,0.010079000000000001,0.011328,0.010972800000000001,0.011024,0.0003074115482541274,20,16,16,2048,10944,102400,True,False,False,296,1,2048,10944,generic,generic,2816,,KERNEL_ONLY,BF16,none
0.001663,0.002944,0.002575142857142857,0.00256,0.00022811051743237379,21.0,0.028992999999999998,0.029568000000000004,0.029282100000000005,0.029295500000000006,0.000154247495927811,20.0,0.006368,0.009889,0.008137525,0.008272,0.0013441663027226206,40,0.032032,0.03279800000000001,0.032426300000000005,0.032449500000000006,0.00016604159117522424,20,0.00784,0.00864,0.008083149999999999,0.008032500000000001,0.00018670572433645416,20,0.029537000000000004,0.030209,0.029880050000000002,0.029856,0.000168729509867124,20.0,0.044671999999999996,0.046144,0.0453586,0.0453285,0.0004051131200047717,20,0.008320000000000001,0.009249,0.008561700000000002,0.0085125,0.00021130572637768251,20,0.03404700000000001,0.03536,0.03474705,0.03476850000000001,0.00041501210524513604,20,0.012992000000000002,0.013952,0.01347205,0.013440500000000001,0.00021498313305931695,20,0.0030080000000000003,0.003104,0.0030608499999999995,0.003072,2.737567350769651e-05,20,0.009568,0.010144,0.00979055,0.00976,0.00013488234688053134,20,16,16,2048,10944,102400,True,False,False,288,1,2048,10944,generic,generic,2816,,KERNEL_ONLY,BF16,none
0.001664,0.00272,0.002492809523809524,0.002528,0.00019547417782155106,21.0,0.028929000000000003,0.029344000000000002,0.029147600000000003,0.029167500000000002,0.00012289768101961864,20.0,0.006112,0.012,0.009012025,0.00864,0.0026885869754157106,40,0.032317000000000005,0.033216999999999997,0.03282385,0.032848,0.00022121059536107026,20,0.007808,0.008704000000000002,0.008055900000000001,0.008016,0.00020062724142050136,20,0.029597000000000002,0.030432000000000004,0.029991849999999997,0.029984500000000004,0.00026734308949363203,20.0,0.044192,0.04620900000000001,0.044996999999999995,0.044944,0.0005712533588522707,20,0.008256000000000001,0.00912,0.00847525,0.008464000000000001,0.00017789881253116877,20,0.027392,0.034112,0.0312769,0.0310565,0.001857874966191213,20,0.013087999999999999,0.013984,0.0135025,0.013408,0.0002739303743654582,20,0.0030080000000000003,0.0032010000000000003,0.0030544,0.00304,3.866833329741536e-05,20,0.009056,0.009633,0.00927045,0.009248,0.00013481300938707658,20,16,16,2048,10944,102400,True,False,False,280,1,2048,10944,generic,generic,2816,,KERNEL_ONLY,BF16,none
0.001632,0.002624,0.002480761904761905,0.002496,0.0001954282001296018,21.0,0.028477000000000006,0.029378000000000005,0.028826200000000003,0.028769000000000003,0.00021057863139454632,20.0,0.00656,0.009504,0.008020125,0.008192,0.0012024354907332867,40,0.032225000000000004,0.03286700000000001,0.0325314,0.03248050000000001,0.0001787997203577237,20,0.00784,0.008256000000000001,0.008000150000000001,0.007968,0.0001262518415707274,20,0.029248000000000003,0.030177000000000002,0.029664450000000002,0.0296795,0.00022731244466592696,20.0,0.044224,0.046047,0.04510725,0.045168,0.0004962072021847325,20,0.008096,0.008672000000000001,0.008355250000000002,0.008351,0.00014622478415097774,20,0.030528,0.033088,0.0318274,0.0319685,0.0007729145101497321,20,0.013087999999999999,0.014976000000000001,0.0143377,0.014448,0.0005102851261794728,20,0.002912,0.0031360000000000003,0.00301605,0.00304,6.301228054911208e-05,20,0.009472,0.009696,0.00956155,0.009536,6.034689304347008e-05,20,16,16,2048,10944,102400,True,False,False,272,1,2048,10944,generic,generic,2816,,KERNEL_ONLY,BF16,none
0.0016,0.0026880000000000003,0.002524952380952381,0.002528,0.00021454880146161803,21.0,0.028545,0.029152000000000004,0.028813350000000005,0.028769500000000003,0.0001753080930818663,20.0,0.006208,0.012449,0.00922335,0.0092805,0.002902771189312034,40,0.03199900000000001,0.032608000000000005,0.032288500000000005,0.0322415,0.00015901242089849465,20,0.00784,0.008416,0.008105650000000002,0.008096,0.00014226709914804642,20,0.029534000000000005,0.030049999999999997,0.029731300000000006,0.029696500000000004,0.00016436334749572295,20.0,0.044129,0.046048000000000006,0.044880199999999995,0.044832,0.0005003392449128909,20,0.006656,0.007233,0.00690255,0.006848,0.00019424661515712445,20,0.029024,0.030368,0.02969755,0.029712,0.00033938451275802086,20,0.012832000000000001,0.013441000000000002,0.013128,0.013104,0.00016712211104458907,20,0.002528,0.002624,0.00257115,0.00256,2.3197575304328714e-05,20,0.009344,0.009952,0.00958565,0.0095685,0.00015289940320354446,20,16,16,2048,10944,102400,True,False,False,264,1,2048,10944,generic,generic,2816,,KERNEL_ONLY,BF16,none
0.0015680000000000002,0.0028799999999999997,0.0025051428571428577,0.002528,0.00023162290488642785,21.0,0.028032000000000005,0.028640000000000006,0.028341350000000005,0.028337,0.00016323733488390503,20.0,0.005856,0.009632,0.007726525,0.0077765,0.0016938298466419228,40,0.031425999999999996,0.031812,0.0316719,0.031694000000000014,0.00011142167652660866,20,0.007647999999999999,0.008256000000000001,0.00788015,0.007856,0.00015098916351844604,20,0.028960000000000003,0.029504000000000002,0.02924325,0.0292325,0.00015406260902633046,20.0,0.039808,0.041473,0.040652900000000006,0.0405915,0.00044008020859838783,20,0.00672,0.007072,0.0068816,0.006848,8.962555439159087e-05,20,0.025985,0.031776,0.027638599999999996,0.026463999999999998,0.0021275356260236867,20,0.012639,0.013247,0.012823999999999999,0.0128,0.00014442229744745076,20,0.0024950000000000003,0.0026880000000000003,0.0025439,0.002528,3.9921047080456286e-05,20,0.008447,0.008928,0.008695950000000001,0.0086725,0.00011479175710825237,20,16,16,2048,10944,102400,True,False,False,256,1,2048,10944,generic,generic,2816,,KERNEL_ONLY,BF16,none
0.0015680000000000002,0.002624,0.002464047619047619,0.002496,0.00021111258025506224,21.0,0.027968000000000003,0.028898000000000007,0.028525050000000007,0.028528000000000005,0.000230859150782463,20.0,0.005824,0.009728,0.00767285,0.007664,0.0017013430510922833,40,0.032063,0.032415000000000006,0.032243299999999996,0.0322085,0.00010779475868519967,20,0.007776,0.008224,0.00796,0.007984,0.0001353395729267684,20,0.028896,0.029442999999999997,0.02913465,0.029121,0.00014149603351330993,20.0,0.039488,0.041536000000000003,0.04045615,0.04032,0.0005608317283285604,20,0.006719,0.00752,0.00691045,0.0068955,0.00016493740479345484,20,0.03072,0.033856000000000004,0.03309305,0.033184,0.0006546549835600432,20,0.012672000000000001,0.014272,0.013131300000000002,0.012912,0.00046180559762739936,20,0.002464,0.0026869999999999997,0.00250235,0.002496,4.791583767398825e-05,20,0.008448,0.008960000000000001,0.0087184,0.00872,0.00011689713426769714,20,16,16,2048,10944,102400,True,False,False,248,1,2048,10944,generic,generic,2816,,KERNEL_ONLY,BF16,none
0.0015680000000000002,0.002624,0.002439666666666667,0.002464,0.00020455604269533227,21.0,0.027969000000000004,0.028352000000000006,0.028163100000000007,0.0281595,0.00012324199771181945,20.0,0.006048,0.009952,0.008063975000000001,0.0081435,0.001807443325356289,40,0.03225700000000001,0.03267200000000001,0.03245035,0.0324455,0.00010218721788951814,20,0.007712,0.008448,0.0081394,0.00816,0.00019241164205941402,20,0.028640000000000006,0.029312,0.02893650000000001,0.0289125,0.0001579207079518067,20.0,0.05136,0.054112,0.052507349999999994,0.052655999999999994,0.0007339499489065985,20,0.005728,0.006144999999999999,0.0059743999999999995,0.0059685,9.060264896789728e-05,20,0.032479999999999995,0.035073,0.03420175000000001,0.034288,0.0005937834516892511,20,0.012352,0.013375999999999999,0.012705600000000001,0.012544000000000001,0.0003255726339851059,20,0.002464,0.00256,0.0025087499999999997,0.0024965,2.1262349352787856e-05,20,0.0088,0.009505000000000001,0.00904495,0.009023999999999999,0.00017493212255043365,20,16,16,2048,10944,102400,True,False,False,240,1,2048,10944,generic,generic,2816,,KERNEL_ONLY,BF16,none
0.0015680000000000002,0.0026869999999999997,0.0024197619047619046,0.002432,0.0002031668103664255,21.0,0.027713,0.028289000000000005,0.02794065,0.027919500000000003,0.00017038787368824144,20.0,0.00608,0.010177,0.0081,0.00816,0.0018760614595476344,40,0.03183800000000001,0.032285,0.03200575000000001,0.03203,0.00012333526462451596,20,0.008032000000000001,0.008704000000000002,0.00826575,0.00824,0.0001557982268833636,20,0.028544999999999997,0.028993,0.02878585,0.028785000000000005,0.0001410320087781508,20.0,0.051457,0.055361,0.052413,0.052208500000000005,0.0008413822555770945,20,0.005568,0.006017000000000001,0.005892800000000001,0.00592,0.00010433532479462556,20,0.028705,0.029728,0.029150600000000006,0.029040000000000003,0.00028249431852694017,20,0.012608000000000001,0.013728,0.0132639,0.0133115,0.0002321520837726854,20,0.002528,0.00272,0.0025743500000000004,0.00256,5.942833919940897e-05,20,0.009311999999999999,0.00992,0.009568,0.009504499999999999,0.00018868836742099414,20,16,16,2048,10944,102400,True,False,False,232,1,2048,10944,generic,generic,2816,,KERNEL_ONLY,BF16,none
0.001567,0.0025910000000000004,0.002427380952380953,0.002496,0.00020718578646562288,21.0,0.027360000000000002,0.027968000000000003,0.027553350000000004,0.027536,0.0001526713054244316,20.0,0.005856,0.009153000000000001,0.007469675,0.007471500000000001,0.001512136094858859,40,0.031359000000000005,0.031842,0.03161625,0.031616500000000006,0.00010027007280340407,20,0.007936,0.008513,0.00815215,0.0081125,0.0001538392911450127,20,0.027903000000000004,0.028768000000000002,0.028384,0.028367500000000004,0.00025150009940355926,20.0,0.039104,0.040865000000000005,0.039893000000000005,0.0398075,0.00052513550632194,20,0.006240000000000001,0.007136,0.0066976,0.00672,0.00022448683703059282,20,0.038976,0.039552000000000004,0.039291349999999996,0.039296,0.00017452371615342313,20,0.013344,0.014368,0.01412975,0.014144,0.00020402031148883198,20,0.0024950000000000003,0.0026560000000000004,0.00252635,0.002528,3.574111777770815e-05,20,0.009888000000000001,0.010496,0.0103408,0.010368,0.00013320420413785752,20,16,16,2048,10944,102400,True,False,False,224,1,2048,10944,generic,generic,2816,,KERNEL_ONLY,BF16,none
0.0016,0.0026880000000000003,0.002416714285714286,0.002432,0.00019743404995499803,21.0,0.02758100000000001,0.028224,0.027871800000000002,0.0278725,0.00015431383606144937,20.0,0.006144,0.00944,0.007650500000000002,0.007632,0.0013858220123810993,40,0.031936,0.032288000000000004,0.0321044,0.032097,9.178529293955566e-05,20,0.008031,0.008576,0.008224,0.008224,0.00013657598617619404,20,0.028158000000000002,0.028702000000000002,0.028446199999999998,0.028480000000000005,0.00015529861557657211,20.0,0.04976,0.05264,0.0511954,0.051088,0.0005461939582236335,20,0.005792,0.006112,0.005894600000000001,0.005888,7.820895089438294e-05,20,0.030976,0.032672,0.03170395,0.031712,0.00038667304987547254,20,0.012128,0.012544000000000001,0.01232175,0.012288,0.00011160057123509733,20,0.0024630000000000003,0.0026560000000000004,0.00252325,0.002528,4.983159138538533e-05,20,0.009216,0.009696,0.009382249999999998,0.009375499999999998,0.00010833783964986571,20,16,16,2048,10944,102400,True,False,False,216,1,2048,10944,generic,generic,2816,,KERNEL_ONLY,BF16,none
0.001567,0.0026560000000000004,0.002407619047619048,0.002432,0.00020612351271587402,21.0,0.027135000000000003,0.02784,0.027524150000000004,0.0275195,0.00016476112253805433,20.0,0.006464,0.009185,0.007682474999999999,0.0076635,0.0011067511009142936,40,0.031873000000000005,0.032385,0.032121600000000014,0.03212800000000001,0.0001462215442402372,20,0.008096,0.008608000000000001,0.00830885,0.008288,0.00013174759011078748,20,0.027873000000000002,0.028641000000000003,0.02825295,0.028241500000000003,0.0002260582834138142,20.0,0.038848,0.041121000000000005,0.039529749999999995,0.039504000000000004,0.0005571853259912719,20,0.005632,0.005856,0.00574885,0.0057285,5.560420397775709e-05,20,0.028704,0.030175999999999998,0.02914075,0.0290715,0.000347675836807794,20,0.014688000000000001,0.015776000000000002,0.015262499999999998,0.015231999999999999,0.0002543219416409052,20,0.0024950000000000003,0.002625,0.00253465,0.0025285,3.300041666403628e-05,20,0.00992,0.01072,0.01032165,0.010336,0.00014364061925513963,20,16,16,2048,10944,102400,True,False,False,208,1,2048,10944,generic,generic,2816,,KERNEL_ONLY,BF16,none
0.0016,0.0024630000000000003,0.0023238571428571423,0.002337,0.0001688564579794345,21.0,0.027039999999999998,0.027678,0.02731535,0.0272945,0.00016674389793932523,20.0,0.006368,0.009248,0.00757515,0.007520000000000001,0.0011106287757392207,40,0.031552000000000004,0.03184100000000001,0.03170585,0.031711,8.685751262844264e-05,20,0.0088,0.009408,0.009060849999999999,0.00904,0.00014770452768957313,20,0.02784,0.028672,0.028249599999999996,0.0282245,0.00024038103086558238,20.0,0.038592,0.040479999999999995,0.039297649999999996,0.039279999999999995,0.00045937057752973244,20,0.0056,0.005793,0.00569295,0.005679999999999999,5.5458520535621954e-05,20,0.027008,0.028288,0.0275953,0.0275365,0.00030277732742066426,20,0.012480000000000002,0.01392,0.0132128,0.013215999999999999,0.00039082203110878984,20,0.002431,0.002496,0.00245755,0.002464,2.39384105570942e-05,20,0.010398999999999999,0.010976000000000001,0.01062405,0.010592500000000001,0.00014107107251311345,20,16,16,2048,10944,102400,True,False,False,200,1,2048,10944,generic,generic,2816,,KERNEL_ONLY,BF16,none
0.0015680000000000002,0.0027530000000000002,0.002415238095238095,0.0024,0.00022671061998816799,21.0,0.026686000000000005,0.027392,0.027044400000000003,0.027054500000000002,0.00019106815537917268,20.0,0.005824,0.009856,0.007815325,0.007776,0.0019187402428090677,40,0.031198999999999998,0.031615000000000004,0.03138875000000001,0.031392,0.00011018887194267898,20,0.008321,0.00928,0.0086625,0.008624,0.0002489906624755233,20,0.027297000000000005,0.028225000000000004,0.027707100000000002,0.0276485,0.00020959196072368823,20.0,0.038401000000000005,0.040704000000000004,0.039049749999999994,0.038896,0.0005026436983589866,20,0.005728,0.0060160000000000005,0.0058623500000000005,0.00584,7.550249995861055e-05,20,0.028992,0.030335,0.029761500000000003,0.029775999999999997,0.00034094625676197085,20,0.011872,0.012864,0.01224325,0.012176,0.00028820667497474813,20,0.002464,0.0026560000000000004,0.0025055999999999993,0.002496,4.4227140988311746e-05,20,0.009375999999999999,0.009921,0.009683250000000001,0.009680000000000001,0.00012795306756776097,20,16,16,2048,10944,102400,True,False,False,192,1,2048,10944,generic,generic,2816,,KERNEL_ONLY,BF16,none
0.0015680000000000002,0.0025910000000000004,0.0023360476190476187,0.002337,0.00019495383487489108,21.0,0.026784000000000002,0.027424,0.02711335,0.027104,0.00017130332016630616,20.0,0.005888,0.009632,0.0077383750000000005,0.007712,0.0017781533213913246,40,0.03203,0.032445999999999996,0.03223395,0.032257999999999995,0.00011810227559196226,20,0.008543,0.009408,0.008878450000000001,0.008752000000000001,0.0002914449304757241,20,0.027457000000000002,0.028128000000000004,0.027807600000000005,0.027792500000000005,0.00015713064627882178,20.0,0.038048000000000005,0.039776000000000006,0.03874710000000001,0.038816,0.000488519487840558,20,0.0057599999999999995,0.00608,0.005892700000000001,0.005888,8.670184542441995e-05,20,0.025952,0.027072,0.0262544,0.026192,0.00026856217157298994,20,0.011936,0.013023999999999999,0.012254450000000004,0.0121765,0.0002550749840733114,20,0.002432,0.00272,0.00248315,0.002464,6.744351340195735e-05,20,0.009344,0.009824,0.00957595,0.0095835,0.00011837967519806773,20,16,16,2048,10944,102400,True,False,False,184,1,2048,10944,generic,generic,2816,,KERNEL_ONLY,BF16,none
0.001567,0.002528,0.002314714285714286,0.002336,0.00018130877184598465,21.0,0.026716999999999998,0.027361,0.0269329,0.026864000000000006,0.00018506644752628752,20.0,0.0060160000000000005,0.008384,0.007224925,0.007248,0.0010527487209087457,40,0.031393000000000004,0.03180800000000001,0.0315462,0.03153650000000001,0.00010649535201125179,20,0.008288,0.00912,0.008590400000000002,0.008512000000000002,0.00023394495078971024,20,0.02704,0.027839000000000003,0.0275111,0.027521499999999997,0.00020285386365558828,20.0,0.037823999999999997,0.03936,0.038432100000000004,0.0383685,0.00037041394412197883,20,0.005472,0.005728,0.0055984,0.0056,6.35793991792939e-05,20,0.026046999999999997,0.027039999999999998,0.026406599999999995,0.026352,0.0002876802739153313,20,0.011904,0.013281000000000001,0.0123937,0.0122885,0.0003858482992057891,20,0.002432,0.00272,0.0024766999999999996,0.002464,6.431492828263126e-05,20,0.009472,0.009952,0.00961615,0.0096,0.00011434040187090483,20,16,16,2048,10944,102400,True,False,False,176,1,2048,10944,generic,generic,2816,,KERNEL_ONLY,BF16,none
0.001536,0.002592,0.0023329523809523813,0.002336,0.00019941998662561294,21.0,0.026401000000000004,0.027136,0.026649650000000007,0.026656000000000003,0.00015374435762004378,20.0,0.006048,0.008544000000000001,0.007188849999999999,0.0071685,0.0010227284475851839,40,0.03136100000000001,0.031841,0.031605299999999996,0.0315865,0.00014108653373018953,20,0.007232000000000001,0.008192,0.00756,0.00752,0.00027338471061857125,20,0.027328000000000005,0.027872000000000008,0.027650150000000002,0.0276625,0.00015900920570834947,20.0,0.037376,0.038592,0.037912,0.037823999999999997,0.0003553795154479233,20,0.005568,0.0057599999999999995,0.005644849999999999,0.005633,5.192135880348267e-05,20,0.025024,0.026463999999999998,0.025568050000000002,0.025456,0.0003758596114242644,20,0.011904,0.012512,0.0121504,0.012128,0.00016743936215836498,20,0.0024,0.002592,0.0024527,0.002432,4.331062225366891e-05,20,0.008576,0.009248,0.0088671,0.008832,0.000181319855504023,20,16,16,2048,10944,102400,True,False,False,168,1,2048,10944,generic,generic,2816,,KERNEL_ONLY,BF16,none
0.001536,0.002592,0.0023361428571428574,0.002368,0.00019876218997401214,21.0,0.025855,0.026751999999999998,0.026328399999999995,0.026289500000000004,0.00021170743964254044,20.0,0.005985000000000001,0.008544000000000001,0.007102425000000001,0.007247999999999999,0.0010010646804153066,40,0.031138000000000002,0.031454,0.031299299999999995,0.0312805,9.540550298593894e-05,20,0.007647999999999999,0.007968,0.0077967999999999996,0.007808,7.532038236759024e-05,20,0.026815000000000002,0.027297,0.027088100000000004,0.027104,0.0001393742802671996,20.0,0.037152000000000004,0.038465000000000006,0.03769135,0.0376,0.000339007267621213,20,0.005503,0.005664,0.0055695499999999995,0.005568,4.357117739974439e-05,20,0.024481000000000003,0.025536,0.0248499,0.024816500000000002,0.0002347830700881127,20,0.012192,0.013728,0.012553899999999998,0.012432,0.0003587243928143164,20,0.0024,0.002624,0.00245115,0.002432,5.7617944253504963e-05,20,0.010688000000000001,0.011648,0.0111137,0.011104,0.0002510308945130058,20,16,16,2048,10944,102400,True,False,False,160,1,2048,10944,generic,generic,2816,,KERNEL_ONLY,BF16,none
0.0016,0.002624,0.0023374761904761906,0.002336,0.00021002916329192615,21.0,0.025918000000000004,0.026658000000000005,0.026214400000000006,0.026208500000000003,0.00019886588445482513,20.0,0.00592,0.008544000000000001,0.007090375,0.0070880000000000006,0.0010021105898926526,40,0.032001,0.03241700000000001,0.032168100000000005,0.03213,0.00011066250494182767,20,0.00752,0.007967,0.0077281,0.007712,0.00010868067905566306,20,0.026688000000000003,0.027357,0.02707215,0.0271045,0.00017261178262216025,20.0,0.036992,0.038304000000000005,0.037472099999999994,0.037360000000000004,0.00037971382645355544,20,0.005503,0.005664,0.00555205,0.005536,4.474089292805863e-05,20,0.024416,0.025184,0.02481295,0.024864,0.00022138980893437747,20,0.012032000000000001,0.012321,0.012142499999999999,0.012112000000000001,8.320306484739609e-05,20,0.002336,0.002528,0.00238405,0.002368,3.851295236670381e-05,20,0.009023999999999999,0.009568,0.009291299999999999,0.00928,0.00014700343533400836,20,16,16,2048,10944,102400,True,False,False,152,1,2048,10944,generic,generic,2816,,KERNEL_ONLY,BF16,none
0.0016,0.00256,0.0022978571428571423,0.002335,0.0001779171250930065,21.0,0.025953,0.026463999999999998,0.026220600000000004,0.026177,0.00015563142356221052,20.0,0.005984,0.008352,0.007036049999999999,0.007072,0.000994224369797884,40,0.03116700000000001,0.031742,0.031372849999999994,0.03132750000000001,0.00013464036356159971,20,0.006848,0.007647999999999999,0.007049700000000002,0.007008,0.0001874004002130198,20,0.02656,0.027136,0.02678715,0.026736,0.0001658373525476094,20.0,0.038113,0.041055999999999995,0.03976335000000001,0.039776000000000006,0.0006417901740444445,20,0.005568,0.005824,0.00568795,0.005696,5.801420084772342e-05,20,0.024672,0.025984,0.025171199999999998,0.025056500000000002,0.00037717232135987843,20,0.011617,0.012224,0.01191695,0.011936,0.00014580722718713236,20,0.002368,0.002464,0.0024048,0.0024,2.541377579188114e-05,20,0.008512,0.009087999999999999,0.00870235,0.008704000000000002,0.00012932025170096106,20,16,16,2048,10944,102400,True,False,False,144,1,2048,10944,generic,generic,2816,,KERNEL_ONLY,BF16,none
0.001536,0.002528,0.0023284285714285707,0.002368,0.0001962953487619567,21.0,0.025792000000000002,0.026784000000000002,0.0261679,0.0261285,0.0002092029875503691,20.0,0.00592,0.008544000000000001,0.00701995,0.00704,0.0009612074684999072,40,0.031296000000000004,0.031680000000000014,0.03146535000000001,0.031455500000000004,0.00011284116048676782,20,0.006816,0.007584,0.007163300000000002,0.007136,0.0002227476374734421,20,0.026048,0.026784,0.026467499999999998,0.0264975,0.000188174254349526,20.0,0.037153,0.039776000000000006,0.038389,0.038448500000000004,0.0007028245869347503,20,0.00496,0.00528,0.005057700000000001,0.005056,6.350125983002234e-05,20,0.023521,0.024866,0.024035350000000004,0.023952,0.0003629902581337411,20,0.011585000000000002,0.012032000000000001,0.01174415,0.0117125,0.00011700310893305347,20,0.002239,0.002528,0.0023071499999999996,0.0022719999999999997,7.433927293160732e-05,20,0.008416,0.009216,0.0087153,0.008656500000000001,0.00021702859258632235,20,16,16,2048,10944,102400,True,False,False,136,1,2048,10944,generic,generic,2816,,KERNEL_ONLY,BF16,none
0.001536,0.002496,0.00236047619047619,0.0024,0.0001940168424322803,21.0,0.025408000000000003,0.026335,0.025836600000000005,0.0257605,0.00024033672212127663,20.0,0.00592,0.008257,0.0070385000000000005,0.007104000000000001,0.0010047954518209166,40,0.030912000000000002,0.031170000000000007,0.0310357,0.031041000000000003,7.366145532094883e-05,20,0.0066879999999999995,0.007488000000000001,0.0068944,0.006816,0.00019345449077237795,20,0.024992999999999998,0.025539,0.02518975,0.025169999999999998,0.00013126723696337935,20.0,0.037473,0.039200000000000006,0.0383617,0.0384165,0.000424209983380873,20,0.003968,0.0041600000000000005,0.0040063500000000005,0.0039995,4.811369347701339e-05,20,0.022816,0.02368,0.023107349999999995,0.023104,0.0002259810334961764,20,0.011552,0.012192,0.0117201,0.011664,0.00015926358654758455,20,0.002048,0.0021760000000000004,0.0020640500000000004,0.002048,3.116484397522325e-05,20,0.008320000000000001,0.00864,0.008465350000000002,0.008448,8.195625357469683e-05,20,16,16,2048,10944,102400,True,False,False,128,1,2048,10944,generic,generic,2816,,KERNEL_ONLY,BF16,none
0.0014399999999999999,0.00256,0.002252238095238095,0.0022719999999999997,0.00020799196522070724,21.0,0.025214,0.026113000000000004,0.02570865,0.025743000000000002,0.00024032171666331023,20.0,0.0057599999999999995,0.008352,0.006958300000000001,0.0069595,0.0010553947650050195,40,0.031296,0.031875,0.0316066,0.0316,0.00014081810963082833,20,0.006593,0.00736,0.006833649999999999,0.006784,0.0001718014187950729,20,0.024925000000000003,0.025344,0.025051249999999997,0.025026,9.69086554441861e-05,20.0,0.037472000000000005,0.039232,0.03827515,0.0382715,0.00043441147256949807,20,0.00384,0.004032,0.00391995,0.0039355,3.986160433299198e-05,20,0.022783,0.023872,0.023121800000000005,0.02296,0.00037295879128933245,20,0.011456,0.01216,0.01164165,0.011584,0.0001774523245832529,20,0.002016,0.002368,0.0020703499999999994,0.002048,7.305701540577743e-05,20,0.008192,0.00864,0.008409750000000002,0.008416,0.0001039667615153999,20,16,16,2048,10944,102400,True,False,False,120,1,2048,10944,generic,generic,2816,,KERNEL_ONLY,BF16,none
0.001503,0.00256,0.0022520476190476184,0.002271,0.0001907295457898126,21.0,0.025021,0.026080000000000006,0.025499349999999997,0.025551499999999998,0.0003073482186380793,20.0,0.005728,0.008159000000000001,0.006840825,0.006848,0.0009965668539415708,40,0.031200000000000002,0.031745,0.0314375,0.031363,0.00014877718239031116,20,0.0064,0.007393,0.006657650000000001,0.006624,0.00021255147023721105,20,0.024734000000000006,0.025184,0.0249581,0.0249905,0.00013501255497175082,20.0,0.036031999999999995,0.038816,0.0376496,0.03784,0.0007861505199387737,20,0.0038079999999999998,0.004096,0.00391045,0.003888,7.26205721541768e-05,20,0.02256,0.023904,0.0230722,0.022945,0.0004167881476241861,20,0.0112,0.012256000000000001,0.011555300000000001,0.011456,0.0002684215155310768,20,0.001952,0.0021760000000000004,0.00199835,0.001984,4.351238329487372e-05,20,0.008384,0.009056,0.008777650000000001,0.008768000000000001,0.00015545458339978247,20,16,16,2048,10944,102400,True,False,False,112,1,2048,10944,generic,generic,2816,,KERNEL_ONLY,BF16,none
0.001472,0.002432,0.002232428571428571,0.0022719999999999997,0.00018710592147321294,21.0,0.024863999999999997,0.026111999999999996,0.02550235,0.025457,0.00041818025718582254,20.0,0.005728,0.008672000000000001,0.006856125,0.006784,0.0010115412791255728,40,0.030848000000000004,0.031297000000000005,0.031010250000000007,0.03096050000000001,0.00013569667460921738,20,0.006432,0.00688,0.0066479999999999985,0.006607999999999999,0.00012846205665487378,20,0.024669999999999994,0.025601000000000002,0.025136150000000003,0.0251695,0.0002889740948597304,20.0,0.03596800000000001,0.038497,0.037024150000000006,0.037072,0.0007188036084355725,20,0.003936,0.004224,0.00400325,0.004,6.618147399386031e-05,20,0.0224,0.023297,0.02275515,0.02264,0.0002644296267440544,20,0.011104,0.012064,0.011286299999999999,0.0112475,0.000190759822813925,20,0.001952,0.0020800000000000003,0.00199365,0.001984,3.509740018861799e-05,20,0.008384,0.009151999999999999,0.008761550000000002,0.008736,0.00016923400219813933,20,16,16,2048,10944,102400,True,False,False,104,1,2048,10944,generic,generic,2816,,KERNEL_ONLY,BF16,none
0.0014399999999999999,0.002335,0.0021410000000000005,0.0021760000000000004,0.00017213200914248513,21.0,0.024861000000000005,0.025604,0.025198600000000005,0.0251695,0.0001939271512707796,20.0,0.005536,0.007968,0.0067233,0.006688,0.0010204159495029467,40,0.030461000000000005,0.030815000000000006,0.0306274,0.030621000000000002,9.639522809766016e-05,20,0.00656,0.00736,0.00685275,0.0068000000000000005,0.0002360607707773574,20,0.024735,0.025536000000000007,0.025103800000000003,0.025056500000000002,0.00020378336536626467,20.0,0.035584000000000005,0.037728000000000005,0.036817749999999996,0.036912,0.0005572635709428714,20,0.003968,0.004063,0.003987200000000001,0.003969,2.5289523522597145e-05,20,0.021983,0.023072000000000002,0.0223008,0.022208,0.0003382304835463529,20,0.010976000000000001,0.011872,0.01120805,0.011151999999999999,0.00019034954031990723,20,0.001951,0.002144,0.0019808000000000004,0.001952,5.440091910988276e-05,20,0.008704000000000002,0.009568,0.00891195,0.008896000000000001,0.00017249709417842355,20,16,16,2048,10944,102400,True,False,False,96,1,2048,10944,generic,generic,2816,,KERNEL_ONLY,BF16,none
0.0014390000000000002,0.002337,0.0021654285714285716,0.0021760000000000004,0.00018002660423196488,21.0,0.024897,0.026014000000000002,0.025457749999999994,0.025424499999999996,0.00025574320616587306,20.0,0.005503999999999999,0.008128,0.006684,0.00664,0.0010410840984281721,40,0.030941000000000003,0.031394,0.031170349999999996,0.0311385,0.0001283905272985493,20,0.006528,0.0072640000000000005,0.006908800000000001,0.006896,0.00020735901234332708,20,0.024927,0.025503,0.0250896,0.025055,0.0001381989146122356,20.0,0.036576000000000004,0.038016,0.0371969,0.037087999999999996,0.00041341128431623665,20,0.00368,0.0037440000000000004,0.003695950000000001,0.00368,2.1430060662536748e-05,20,0.021696,0.022848,0.022067449999999995,0.021920000000000002,0.0003455134548754932,20,0.01088,0.011872,0.0111122,0.0110725,0.00020195930283104063,20,0.00192,0.001984,0.0019408500000000003,0.001952,1.8347411261537672e-05,20,0.008768000000000001,0.009056,0.008897550000000002,0.00888,8.853048909838886e-05,20,16,16,2048,10944,102400,True,False,False,88,1,2048,10944,generic,generic,2816,,KERNEL_ONLY,BF16,none
0.0014399999999999999,0.0022719999999999997,0.0021210476190476196,0.002145,0.00016079992779863235,21.0,0.024704,0.025537000000000004,0.025110800000000006,0.025119500000000003,0.00022999121722361586,20.0,0.0057599999999999995,0.007808,0.0067104750000000005,0.006704,0.0008368735862572077,40,0.030495999999999995,0.030946,0.030735850000000002,0.030735500000000002,9.716031854620516e-05,20,0.006240000000000001,0.006592,0.0063887,0.006352,9.817744140076157e-05,20,0.024225000000000003,0.025057000000000003,0.024643100000000005,0.024688,0.0002824597139416521,20.0,0.036095999999999996,0.037856,0.03688810000000001,0.036832000000000004,0.000483105050687736,20,0.003584,0.003776,0.0036416000000000005,0.003648,3.731943193565513e-05,20,0.021502,0.022335999999999998,0.02172325,0.021696,0.00020559423022059709,20,0.010848000000000002,0.011327,0.01098875,0.010960000000000001,0.00010568201124126986,20,0.00192,0.0020800000000000003,0.0019472,0.001952,3.686949958976936e-05,20,0.008544000000000001,0.0096,0.0087873,0.008736500000000001,0.0002123970574184112,20,16,16,2048,10944,102400,True,False,False,80,1,2048,10944,generic,generic,2816,,KERNEL_ONLY,BF16,none
0.0014399999999999999,0.002528,0.002221809523809524,0.0022400000000000002,0.00020413618681272536,21.0,0.024831999999999996,0.025792000000000002,0.0251988,0.025184500000000002,0.00019679065018440373,20.0,0.0057599999999999995,0.008192,0.006795275000000001,0.006768000000000001,0.0009299158560724727,40,0.030241000000000007,0.030911,0.030520300000000007,0.030448500000000003,0.00020984711101180154,20,0.006272000000000001,0.007008,0.006424050000000001,0.006368,0.00016242459019495775,20,0.024480000000000002,0.025085000000000007,0.024779000000000002,0.024832,0.0001505041527666281,20.0,0.035841000000000005,0.037216,0.03645465,0.036352499999999996,0.00039171523776845813,20,0.00384,0.004128000000000001,0.0038991000000000004,0.003872,6.885484732391766e-05,20,0.021248,0.022368000000000002,0.021582499999999998,0.021504,0.0002717437211786137,20,0.010752000000000001,0.011744,0.010985600000000002,0.010912000000000002,0.00023798621808835855,20,0.001888,0.00192,0.0019119499999999997,0.00192,1.3829226297953242e-05,20,0.007999,0.008513,0.0083119,0.008320000000000001,0.00012405881669595283,20,16,16,2048,10944,102400,True,False,False,72,1,2048,10944,generic,generic,2816,,KERNEL_ONLY,BF16,none
0.0014399999999999999,0.002336,0.0021409047619047614,0.0021760000000000004,0.0001796324036846213,21.0,0.024575,0.025152,0.024806050000000003,0.024797500000000004,0.00015560092384044491,20.0,0.0054080000000000005,0.007744,0.006537650000000001,0.006432,0.001001687315233651,40,0.029886000000000003,0.030273,0.03004965,0.030049000000000003,9.896629476746066e-05,20,0.006144,0.006656,0.0063552500000000015,0.006352,0.00013011028975450003,20,0.024191999999999998,0.024672,0.0244065,0.024399500000000005,0.0001291353940637504,20.0,0.0352,0.036607999999999995,0.0358498,0.0358565,0.00036772620249310363,20,0.0038079999999999998,0.003968,0.0038576,0.00384,4.902897102734273e-05,20,0.020865,0.021759999999999998,0.02113285,0.021055499999999998,0.0002595040028593005,20,0.010656,0.011584,0.01088485,0.010832000000000001,0.0001949744278104181,20,0.0018560000000000002,0.001951,0.0018976,0.001888,2.033568292435739e-05,20,0.008256000000000001,0.00928,0.0085073,0.008416,0.00024850354122225296,20,16,16,2048,10944,102400,True,False,False,64,1,2048,10944,generic,generic,2816,,KERNEL_ONLY,BF16,none
0.0014399999999999999,0.002464,0.002113476190476191,0.002112,0.00018827604330005888,21.0,0.024289,0.025085,0.024624150000000004,0.024608500000000002,0.00021901216290425512,20.0,0.005536,0.007776,0.006558375,0.006575500000000001,0.0009124335780619871,40,0.030238000000000004,0.030879000000000004,0.030488000000000008,0.030449000000000007,0.00016571692731884739,20,0.006176,0.006528,0.006324850000000002,0.0063045,0.0001046476349469973,20,0.023776000000000002,0.024447999999999998,0.024129400000000002,0.024176000000000003,0.00019117070905345243,20.0,0.033920000000000006,0.03568,0.03476795,0.034784,0.00044328777052835477,20,0.0037120000000000005,0.0038079999999999998,0.0037745500000000006,0.003776,2.3690662717619164e-05,20,0.020735999999999997,0.021792,0.0211329,0.021072,0.0002629256358744805,20,0.010656,0.01136,0.01085285,0.0108315,0.00014460645732469887,20,0.0018560000000000002,0.002048,0.0019248000000000002,0.00192,5.4751803623259726e-05,20,0.008064,0.008768000000000001,0.008332800000000001,0.0082885,0.0001706254963362749,20,16,16,2048,10944,102400,True,False,False,56,1,2048,10944,generic,generic,2816,,KERNEL_ONLY,BF16,none
0.0013440000000000001,0.0022400000000000002,0.0020525238095238096,0.0020800000000000003,0.00017280504265338993,21.0,0.024288,0.024929999999999997,0.0245456,0.024481000000000003,0.00016304796840193873,20.0,0.005344000000000001,0.007904,0.006450449999999999,0.006416,0.0010126055981970472,40,0.029953000000000004,0.030338,0.030166650000000007,0.030209,0.00012272093342213333,20,0.00608,0.006464,0.00616325,0.0061445,8.056294123230605e-05,20,0.024064,0.024672,0.024346899999999998,0.0243985,0.0001681537689140512,20.0,0.03504,0.036864,0.03562105,0.035536,0.0004873835732767361,20,0.00368,0.003968,0.0037505499999999996,0.0037440000000000004,5.6814148765954364e-05,20,0.020513,0.021472,0.02079045,0.020687999999999998,0.000257654317836904,20,0.010624000000000001,0.01136,0.010836900000000002,0.0107515,0.00022355355063161014,20,0.001857,0.002081,0.0018993,0.001888,4.3419005055390214e-05,20,0.008192,0.009023999999999999,0.00845455,0.008368500000000001,0.00020990413883485002,20,16,16,2048,10944,102400,True,False,False,48,1,2048,10944,generic,generic,2816,,KERNEL_ONLY,BF16,none
0.001409,0.0022400000000000002,0.002089142857142857,0.002112,0.00016598918086208305,21.0,0.024159000000000003,0.024863999999999997,0.024564750000000003,0.024576,0.00017091485453289286,20.0,0.005344000000000001,0.007647999999999999,0.0064383999999999995,0.0063999999999999994,0.001020370491537265,40,0.029696000000000014,0.030080000000000006,0.029847599999999995,0.029821000000000014,9.629350964628872e-05,20,0.00608,0.006368,0.006206250000000001,0.006192,7.200199650009729e-05,20,0.023936000000000002,0.02432,0.024148799999999998,0.02416,9.554873102244748e-05,20.0,0.034624,0.035745,0.0351106,0.034960000000000005,0.0003928661858699474,20,0.003679,0.003872,0.003723250000000001,0.0037120000000000005,5.0864403073269145e-05,20,0.020384,0.021567999999999997,0.020777399999999998,0.020720000000000002,0.0003213546950022676,20,0.010561000000000001,0.011007999999999999,0.01070565,0.010703500000000001,0.0001028193926260992,20,0.001887,0.0020800000000000003,0.0019199499999999997,0.001888,5.727257196948645e-05,20,0.007776,0.008256000000000001,0.00797915,0.007968,0.00014027589778718247,20,16,16,2048,10944,102400,True,False,False,40,1,2048,10944,generic,generic,2816,,KERNEL_ONLY,BF16,none
0.001408,0.002144,0.0019900952380952374,0.002016,0.00014800576075078804,21.0,0.023679,0.024384999999999997,0.024073800000000003,0.024096,0.00019062649343677319,20.0,0.00528,0.008288,0.006597625,0.006544,0.0010935829115229446,40,0.029249000000000004,0.029761,0.029549000000000002,0.029583500000000006,0.00013509256086106445,20,0.006048,0.006657000000000001,0.006213000000000001,0.006176,0.0001286145403910461,20,0.023584000000000004,0.023968,0.02376315,0.023774500000000004,0.00011209829392100377,20.0,0.034272,0.03552,0.0347505,0.034688,0.00037228530725775405,20,0.003424,0.003552,0.0034671999999999993,0.003456,3.243701589234135e-05,20,0.020064000000000002,0.021025,0.020403150000000002,0.0202725,0.0003259276415095841,20,0.010431,0.0112,0.01064485,0.010592,0.0002021898303575131,20,0.001824,0.0020150000000000003,0.0018657500000000004,0.0018560000000000002,3.6371520452133994e-05,20,0.008704000000000002,0.00944,0.008924950000000001,0.0088635,0.00021169919107072641,20,16,16,2048,10944,102400,True,False,False,32,1,2048,10944,generic,generic,2816,,KERNEL_ONLY,BF16,none
0.0013759999999999998,0.002112,0.0019732857142857143,0.0020150000000000003,0.00014684398681112225,21.0,0.023648,0.024384000000000003,0.0239941,0.023983000000000004,0.00020496314302820412,20.0,0.005536,0.007392,0.006433525000000001,0.006416,0.0007883995176146421,40,0.029570000000000003,0.029986000000000002,0.029752500000000005,0.0297455,0.00012069444891957585,20,0.005952,0.0063360000000000005,0.00612,0.0061125,8.277258000086748e-05,20,0.023262000000000005,0.023808999999999997,0.0235197,0.023518999999999998,0.0001377461796203427,20.0,0.033761000000000006,0.035264000000000004,0.034576100000000005,0.034608,0.0004330988224412517,20,0.003424,0.00352,0.00346085,0.003456,3.070875282391007e-05,20,0.019808000000000003,0.021152,0.02041095,0.020255000000000002,0.00042016062107246585,20,0.010400000000000001,0.011392,0.010635200000000001,0.010528000000000001,0.00028392597626846286,20,0.001855,0.002048,0.0018894500000000004,0.001888,4.123769513442763e-05,20,0.008607,0.009536,0.00887675,0.0087845,0.00022847907453418998,20,16,16,2048,10944,102400,True,False,False,24,1,2048,10944,generic,generic,2816,,KERNEL_ONLY,BF16,none
0.007967,0.011776,0.01126090476190476,0.011424,0.0007654817906926893,21.0,0.023231,0.023775999999999995,0.023386749999999998,0.023328,0.0001530159713886099,20.0,0.005344000000000001,0.008065,0.006390425000000001,0.0063514999999999995,0.0009833288587115705,40,0.037761,0.03833600000000001,0.03798110000000001,0.0379535,0.0001286117801758464,20,0.005856,0.006240000000000001,0.0060256500000000005,0.0060160000000000005,9.714179069792793e-05,20,0.023104999999999997,0.023489000000000003,0.0232403,0.023216,0.0001101372325782708,20.0,0.033631999999999995,0.034656,0.03407215,0.034,0.00028252456087922775,20,0.003648,0.003905,0.0037183500000000013,0.0037120000000000005,6.539592877236313e-05,20,0.019647,0.020256,0.019880000000000002,0.019856,0.00016175166150614876,20,0.010208,0.011167999999999999,0.01037265,0.010336,0.00019155189244692917,20,0.001824,0.001952,0.0018609500000000005,0.0018560000000000002,2.526158150235249e-05,20,0.008608000000000001,0.008896000000000001,0.008732800000000002,0.0087355,8.267260731342627e-05,20,16,16,2048,10944,102400,True,False,False,16,1,2048,10944,generic,generic,2816,,KERNEL_ONLY,BF16,none
0.004704,0.006528,0.006267428571428572,0.0063360000000000005,0.00036326214742951423,21.0,0.0208,0.021533,0.02112895,0.021135499999999998,0.0001901902928648047,20.0,0.005248,0.00736,0.0062239,0.006208,0.0008614203329385719,40,0.03043200000000001,0.03136000000000001,0.030985450000000008,0.031056500000000008,0.00026698342176996714,20,0.005824,0.006176,0.005984,0.005984,8.655229633002243e-05,20,0.02064,0.021217,0.020969899999999996,0.020992,0.0001534971986715058,20.0,0.032928,0.034464,0.033633899999999994,0.033616,0.0004803064542560306,20,0.003328,0.003456,0.0034017000000000006,0.003392,3.363941140983291e-05,20,0.019232000000000003,0.020288,0.0196017,0.019488000000000002,0.0002903523893478394,20,0.010048,0.010912000000000002,0.010257650000000002,0.010208,0.00021705443441680738,20,0.001824,0.001984,0.0018528000000000004,0.0018560000000000002,3.6390383345054216e-05,20,0.008352,0.009119,0.00856315,0.008512,0.0001787563355520583,20,16,16,2048,10944,102400,True,False,False,8,1,2048,10944,generic,generic,2816,,KERNEL_ONLY,BF16,none
0.002976,0.004352000000000001,0.003935952380952381,0.003936,0.0002587768805803613,21.0,0.019645999999999997,0.020575,0.02011375,0.020080999999999998,0.00022410128848357935,20.0,0.005537,0.00768,0.0063456499999999996,0.006288,0.0007300014914368327,40,0.027391000000000002,0.028096000000000006,0.02778395000000001,0.02779200000000001,0.00020117118953766778,20,0.005824,0.006432,0.0060079999999999995,0.005984,0.00012842468610045347,20,0.019998000000000002,0.020384,0.020217599999999995,0.0202415,0.00010780231908451675,20.0,0.031168,0.032736,0.03163855,0.031568,0.00042095563602356003,20,0.00336,0.0037770000000000004,0.0034608,0.00344,9.358397298683151e-05,20,0.019136000000000004,0.02,0.019387350000000005,0.019312500000000003,0.00023537805229035147,20,0.009951000000000002,0.010976000000000001,0.010184,0.010112,0.0002210377795762528,20,0.001792,0.001952,0.00183195,0.001824,3.1866086989148824e-05,20,0.008320000000000001,0.009184000000000001,0.0085663,0.008512,0.00019153018038941028,20,16,16,2048,10944,102400,True,False,False,4,1,2048,10944,generic,generic,2816,,KERNEL_ONLY,BF16,none
0.002112,0.002913,0.0027108095238095238,0.00272,0.0001557077907484825,21.0,0.01923,0.019968999999999997,0.019668749999999995,0.0197595,0.00026764040707636023,20.0,0.005631000000000001,0.0072640000000000005,0.00639035,0.0063685,0.0006761123260967812,40,0.02588500000000001,0.026433,0.02614885000000001,0.026163000000000006,0.00017470955182816798,20,0.005825,0.006144,0.0059632,0.0059515,7.899151853205516e-05,20,0.019233999999999998,0.020066000000000004,0.019572999999999997,0.0195515,0.00018837091070544927,20.0,0.031008,0.032223999999999996,0.0315152,0.031376,0.00036314110205263163,20,0.00336,0.00368,0.0034640499999999998,0.003424,8.091073785351364e-05,20,0.019008000000000004,0.019968999999999997,0.019321750000000006,0.019280500000000002,0.00025380876166909515,20,0.009856,0.01072,0.010081600000000001,0.010016,0.00024456479713973563,20,0.001792,0.001888,0.0018113,0.001808,2.3505531263938724e-05,20,0.008384,0.009184000000000001,0.00855025,0.0084965,0.0001774564383165628,20,16,16,2048,10944,102400,True,False,False,2,1,2048,10944,generic,generic,2816,,KERNEL_ONLY,BF16,none
0.001729,0.0024630000000000003,0.002149952380952381,0.002112,0.00015158291026632015,21.0,0.017759,0.018916000000000002,0.018272200000000002,0.018208000000000002,0.00029365227736218935,20.0,0.0056,0.0072640000000000005,0.006369725,0.006384,0.000665467316534028,40,0.025855000000000006,0.02633600000000001,0.026112150000000008,0.026128000000000012,0.00014818173807861927,20,0.005888,0.006112,0.00600005,0.006,6.670567816910356e-05,20,0.017216,0.017664000000000003,0.017376549999999998,0.0173765,0.0001256731773291355,20.0,0.030848,0.031872,0.03122585,0.031072500000000003,0.00034329350052105586,20,0.003263,0.003425,0.0033472499999999995,0.0033439999999999998,5.209978406865047e-05,20,0.018848000000000004,0.019967,0.01915845,0.019072,0.0002933532810452262,20,0.009856,0.010464000000000001,0.01001125,0.009984,0.00013956463556359837,20,0.001791,0.00192,0.0018112,0.0017924999999999998,2.9389794146948383e-05,20,0.008224,0.008896000000000001,0.008420850000000002,0.008383999999999999,0.0001666104063376593,20,16,16,2048,10944,102400,True,False,False,1,1,2048,10944,generic,generic,2816,,KERNEL_ONLY,BF16,none
,,,,,,,,,,,,0.015712,0.035008000000000004,0.025360125,0.025408,0.009443962947797657,40,0.049343999999999985,0.05053000000000001,0.049942549999999995,0.049839499999999995,0.00030272734845071645,20,0.025663000000000002,0.02608,0.02584635,0.0258555,0.00010180730572999149,20,,,,,,,0.242881,0.24496199999999999,0.24406314999999998,0.2441445,0.0005352413731205731,20,0.046656,0.048159999999999994,0.04725135,0.047343500000000004,0.0004468308712477244,20,0.113249,0.11456000000000001,0.1140037,0.11403250000000001,0.00033459170641245693,20,0.05856,0.060607999999999995,0.059499350000000006,0.0593765,0.0005954703414108866,20,0.010176000000000001,0.010816000000000001,0.01035035,0.010336,0.00013293805888457986,20,0.033280000000000004,0.033696,0.03349934999999999,0.0335045,0.00010723118716119849,20,16,16,2048,10944,102400,True,False,False,4096,2,2048,10944,generic,generic,2816,,KERNEL_ONLY,BF16,none
,,,,,,,,,,,,0.015808,0.035328000000000005,0.025582425,0.025647499999999997,0.00951927913995461,40,0.049408000000000014,0.05072,0.0502309,0.05027250000000001,0.0003276102715117436,20,0.025920000000000002,0.026273,0.0261202,0.026144,0.00010563455873907891,20,,,,,,,0.240961,0.243905,0.24229995,0.24228850000000002,0.0006906857081915026,20,0.046304000000000005,0.047552000000000004,0.046904100000000004,0.046912499999999996,0.00042246335935794437,20,0.113697,0.114976,0.1143987,0.1144645,0.00028007750712972157,20,0.061952,0.062912,0.06235215000000001,0.062352000000000005,0.00023742983700453357,20,0.010112,0.011073000000000001,0.0103632,0.010288499999999999,0.00021008107958595437,20,0.032992,0.033375999999999996,0.033212950000000005,0.033232,9.74907559720413e-05,20,16,16,2048,10944,102400,True,False,False,4064,2,2048,10944,generic,generic,2816,,KERNEL_ONLY,BF16,none
,,,,,,,,,,,,0.015648,0.037344,0.0257073,0.025440499999999998,0.009868816446768073,40,0.048863,0.050300000000000004,0.0496701,0.049665,0.00034087576915938357,20,0.025249,0.026112,0.02574885,0.025792000000000002,0.00028796202440599643,20,,,,,,,0.241345,0.245345,0.24326330000000002,0.24272100000000002,0.0013361953861617754,20,0.045761,0.04694400000000001,0.04620020000000001,0.046048000000000006,0.0003781007273201156,20,0.112672,0.120161,0.11415075,0.11392050000000001,0.0015537483668535258,20,0.058592,0.063136,0.06025615000000001,0.060096,0.001258575753580213,20,0.010016,0.010784,0.0103169,0.010241,0.0002329641388712008,20,0.03296,0.033696,0.03327209999999999,0.033248,0.0001831769363211426,20,16,16,2048,10944,102400,True,False,False,4032,2,2048,10944,generic,generic,2816,,KERNEL_ONLY,BF16,none
,,,,,,,,,,,,0.015616,0.037823999999999997,0.025818374999999998,0.025583500000000002,0.009890179398492982,40,0.04896,0.050494000000000004,0.049629200000000005,0.049585500000000005,0.0003480120112869677,20,0.025408000000000003,0.026047,0.025758349999999996,0.025744000000000003,0.00015485905688722234,20,,,,,,,0.23056000000000001,0.236289,0.2329158,0.232689,0.001577335145110256,20,0.045888,0.047136000000000004,0.046355400000000005,0.04616050000000001,0.0004036214067662921,20,0.112224,0.113569,0.11304840000000001,0.1131685,0.0004140688831583455,20,0.058144,0.05872,0.05837945,0.0583365,0.00014529538017431953,20,0.009856,0.010336,0.0100352,0.01,0.00012075495849032459,20,0.032735,0.033408,0.032990450000000004,0.032992,0.00014019788693129506,20,16,16,2048,10944,102400,True,False,False,4000,2,2048,10944,generic,generic,2816,,KERNEL_ONLY,BF16,none
,,,,,,,,,,,,0.015488,0.035136,0.0253473,0.025376000000000003,0.009587929774461221,40,0.048417,0.049503,0.048900250000000006,0.048850000000000005,0.0002809266585783534,20,0.02576,0.02624,0.026000000000000002,0.0260315,0.00012656776840886365,20,,,,,,,0.24316900000000002,0.249058,0.2462007,0.245697,0.0016588686234901117,20,0.045183999999999995,0.046432,0.045846700000000004,0.045984,0.0003665190445256566,20,0.11295999999999999,0.114976,0.11377649999999999,0.11369699999999999,0.0004952319153689516,20,0.06675199999999999,0.071904,0.06967860000000001,0.06985650000000002,0.0013126247902580553,20,0.009632,0.01056,0.010052700000000001,0.009968000000000001,0.0002347773626225493,20,0.03264,0.03312,0.032876899999999994,0.032864,0.00010240356439108976,20,16,16,2048,10944,102400,True,False,False,3968,2,2048,10944,generic,generic,2816,,KERNEL_ONLY,BF16,none
,,,,,,,,,,,,0.015584,0.035104,0.025341049999999997,0.025344,0.009444246224421514,40,0.04838600000000001,0.049567,0.04900315,0.049023500000000005,0.00030387288049445844,20,0.02576,0.026144,0.02587695,0.025872,8.94228578161083e-05,20,,,,,,,0.23075299999999999,0.237793,0.23338155,0.2326085,0.001728020933756301,20,0.045088,0.046176,0.04568015000000001,0.045808,0.00037705188966507034,20,0.11244799999999999,0.11404800000000001,0.1132419,0.113232,0.0003327483884258529,20,0.057888,0.061089,0.058939399999999996,0.058704000000000006,0.0009944235717238405,20,0.009856,0.01024,0.01000145,0.0099835,9.298412498916136e-05,20,0.032928,0.033503,0.033203199999999995,0.033168,0.00013823914062232928,20,16,16,2048,10944,102400,True,False,False,3936,2,2048,10944,generic,generic,2816,,KERNEL_ONLY,BF16,none
,,,,,,,,,,,,0.015584,0.035296,0.025762450000000003,0.026064,0.00910560454047396,40,0.048032,0.049024000000000005,0.04860665000000001,0.04860850000000001,0.00026406178727714544,20,0.025632000000000002,0.026208,0.025904000000000003,0.025904000000000003,0.0001488945935888868,20,,,,,,,0.246689,0.254145,0.250201,0.250033,0.0018005412797267443,20,0.043840000000000004,0.04528,0.044334450000000004,0.044112,0.00043456558480855394,20,0.11295999999999999,0.114368,0.11352504999999999,0.1134405,0.0004107850380673585,20,0.06790399999999999,0.077664,0.07380195,0.0742245,0.002601755205145173,20,0.009568,0.010336,0.00990705,0.009952,0.00022354696933754223,20,0.032416,0.032864,0.032663950000000004,0.032672,0.00011796672200243581,20,16,16,2048,10944,102400,True,False,False,3904,2,2048,10944,generic,generic,2816,,KERNEL_ONLY,BF16,none
,,,,,,,,,,,,0.015552,0.035936,0.025280900000000002,0.025328000000000003,0.009468028439965736,40,0.04748600000000001,0.048479,0.04804010000000001,0.04809400000000001,0.0002470333783115142,20,0.025472,0.025952000000000003,0.02573125,0.025744000000000003,0.0001309258855230704,20,,,,,,,0.229952,0.237633,0.23475745000000003,0.2351685,0.001692531284053563,20,0.043872,0.044927999999999996,0.04444655,0.0445445,0.00038892434675653805,20,0.112608,0.113569,0.11302290000000001,0.11304049999999999,0.0002993848526562439,20,0.057536000000000004,0.061057,0.0592322,0.059312000000000004,0.0010415235763054044,20,0.009504,0.010048,0.009744000000000001,0.009712,0.00013409325113517077,20,0.032736,0.033184,0.0329777,0.0329765,0.00012611348064342712,20,16,16,2048,10944,102400,True,False,False,3872,2,2048,10944,generic,generic,2816,,KERNEL_ONLY,BF16,none
,,,,,,,,,,,,0.015264,0.034944,0.02494725,0.0249445,0.009517878633787048,40,0.047233000000000004,0.048354,0.04785330000000001,0.047791,0.0003282601255102422,20,0.022463999999999998,0.022688,0.02254745,0.022528,6.012942291424397e-05,20,,,,,,,0.222017,0.224257,0.22276395,0.22281650000000003,0.0005593385803786486,20,0.043904000000000006,0.04496,0.04426735,0.044079999999999994,0.0003547069600388469,20,0.110017,0.111425,0.1106279,0.1106565,0.0003829087228047939,20,0.05363300000000001,0.055392000000000004,0.054214649999999996,0.054016,0.0004997959858782386,20,0.009792,0.01072,0.00995855,0.009888500000000001,0.0002006841984312667,20,0.032096,0.032736,0.0323489,0.032384,0.0001573889767423373,20,16,16,2048,10944,102400,True,False,False,3840,2,2048,10944,generic,generic,2816,,KERNEL_ONLY,BF16,none
,,,,,,,,,,,,0.015168,0.034720999999999995,0.024993650000000003,0.0249925,0.009477547819847706,40,0.047614,0.04883199999999999,0.0481067,0.048063999999999996,0.0003241080221160855,20,0.024384,0.024704999999999998,0.024536099999999998,0.024512000000000003,0.00010223986502338503,20,,,,,,,0.21859299999999998,0.21987299999999999,0.21921995,0.2191365,0.0003502860937862116,20,0.0432,0.044288,0.043825600000000006,0.04396800000000001,0.00035367886563943726,20,0.10704000000000001,0.108097,0.10767229999999998,0.107696,0.0003103059941412675,20,0.056384000000000004,0.05718500000000001,0.05684335,0.05688,0.00021116658708233177,20,0.009408,0.009728,0.00952655,0.009536,7.23135360772795e-05,20,0.031072,0.031424,0.031236949999999996,0.031232,8.548010002333876e-05,20,16,16,2048,10944,102400,True,False,False,3808,2,2048,10944,generic,generic,2816,,KERNEL_ONLY,BF16,none
,,,,,,,,,,,,0.015295999999999999,0.034656,0.02499845,0.025056000000000002,0.009440865389226774,40,0.047457000000000006,0.04848100000000001,0.04783835000000001,0.047807,0.00026221408715017535,20,0.022272,0.022976,0.02265295,0.0226245,0.00017673609563414048,20,,,,,,,0.221409,0.223137,0.22238795000000006,0.222417,0.00044415081616496085,20,0.043296,0.04432,0.04360005,0.043504,0.0002518256291563664,20,0.10963200000000001,0.111712,0.11069795,0.1106405,0.000499292847435249,20,0.054784,0.057920000000000006,0.0565458,0.05688,0.0009206260152743905,20,0.009633,0.010048,0.0098354,0.009840499999999999,9.653983633713094e-05,20,0.031937,0.03296,0.03228005,0.03224,0.00020467571301940182,20,16,16,2048,10944,102400,True,False,False,3776,2,2048,10944,generic,generic,2816,,KERNEL_ONLY,BF16,none
,,,,,,,,,,,,0.015424,0.034688000000000004,0.025014550000000003,0.025008500000000003,0.009412036578100406,40,0.04742600000000001,0.048673,0.0480545,0.048015999999999996,0.00034073941656344667,20,0.02432,0.024673,0.024516850000000003,0.024544,0.00010910099678738021,20,,,,,,,0.21696000000000001,0.218401,0.21779270000000003,0.21779300000000001,0.00031470654584866785,20,0.042496000000000006,0.043488,0.0429312,0.042816,0.0003229901856094074,20,0.10681600000000001,0.108128,0.10737780000000001,0.1072485,0.0003546673934829633,20,0.056128000000000004,0.056896999999999996,0.056494649999999993,0.056496,0.00023566083149305833,20,0.009311999999999999,0.009568,0.009380749999999997,0.009375999999999999,6.745656009610937e-05,20,0.031008,0.03136,0.031123300000000003,0.031104,8.905958679446014e-05,20,16,16,2048,10944,102400,True,False,False,3744,2,2048,10944,generic,generic,2816,,KERNEL_ONLY,BF16,none
,,,,,,,,,,,,0.015392,0.040576,0.025068899999999998,0.023536,0.009628628653136437,40,0.04729800000000001,0.048226,0.04765960000000001,0.047601500000000005,0.00026010044213726433,20,0.025728,0.026336,0.02598405,0.026016,0.0001672365016974454,20,,,,,,,0.22249700000000003,0.22409700000000002,0.22314805,0.22308850000000002,0.00039944717735891,20,0.042527999999999996,0.043616,0.042856,0.04272,0.00032013996938839214,20,0.111393,0.11235200000000001,0.11190585000000002,0.11192,0.00028451226247738044,20,0.056641,0.057696,0.05704039999999999,0.057056,0.0002719769107847203,20,0.009311,0.009664,0.0094015,0.009375999999999999,8.961947333029829e-05,20,0.032608,0.033505,0.0329202,0.03288050000000001,0.0002145212343801892,20,16,16,2048,10944,102400,True,False,False,3712,2,2048,10944,generic,generic,2816,,KERNEL_ONLY,BF16,none
,,,,,,,,,,,,0.015136,0.03968,0.0250801,0.023407999999999998,0.009857073000642737,40,0.046401,0.04764799999999999,0.047047849999999995,0.047007999999999994,0.00033868632611901996,20,0.024353000000000003,0.024704,0.0245426,0.02456,8.83172689795148e-05,20,,,,,,,0.211456,0.21865700000000002,0.21346480000000004,0.2128965,0.0017407042712649413,20,0.042432000000000004,0.04339200000000001,0.04288015,0.042896000000000004,0.00033957168241772003,20,0.107041,0.116576,0.10887240000000001,0.10787250000000001,0.0025075381233393037,20,0.056192,0.056704000000000004,0.0563906,0.056352,0.0001357462338335773,20,0.009151999999999999,0.009473,0.009251249999999999,0.009248,6.559868520023873e-05,20,0.031008,0.03312,0.0318288,0.03176,0.0005551297686127084,20,16,16,2048,10944,102400,True,False,False,3680,2,2048,10944,generic,generic,2816,,KERNEL_ONLY,BF16,none
,,,,,,,,,,,,0.015104,0.042208,0.027236925000000002,0.025712,0.011853070417380257,40,0.046526,0.04755200000000001,0.046941250000000004,0.0468485,0.0003168666714881847,20,0.023136,0.025057,0.024203449999999998,0.0243685,0.000509258625356508,20,,,,,,,0.22144,0.223201,0.22240525,0.22249650000000004,0.0004873947963407115,20,0.04224,0.043296,0.0427361,0.04256,0.00035842333908382755,20,0.110592,0.113056,0.11123710000000002,0.11113600000000001,0.0005377344047018016,20,0.05632,0.057824,0.05670744999999999,0.05664,0.0002935594445763922,20,0.009151999999999999,0.00944,0.009264000000000001,0.009248,7.929817147954934e-05,20,0.030817,0.034688000000000004,0.03318580000000001,0.0335205,0.0012176318655488614,20,16,16,2048,10944,102400,True,False,False,3648,2,2048,10944,generic,generic,2816,,KERNEL_ONLY,BF16,none
,,,,,,,,,,,,0.01504,0.044416,0.027600025000000007,0.025792500000000003,0.012357015923125414,40,0.046461999999999996,0.047492,0.04691955,0.046894500000000006,0.00027215482266533384,20,0.024224,0.024608,0.024441650000000002,0.024480000000000002,9.899407810571331e-05,20,,,,,,,0.212065,0.222785,0.21856075000000003,0.218913,0.0028955872957830146,20,0.041408,0.042657,0.04201624999999999,0.04184,0.0003576593176473948,20,0.10672,0.112129,0.10781959999999999,0.1074565,0.0012598438950917688,20,0.055776000000000006,0.056448,0.05605945,0.056032,0.00014941602156395235,20,0.00912,0.009792,0.009230499999999999,0.009184,0.00014069914711895037,20,0.031296,0.034496000000000006,0.032939249999999996,0.032896,0.000866255382378661,20,16,16,2048,10944,102400,True,False,False,3616,2,2048,10944,generic,generic,2816,,KERNEL_ONLY,BF16,none
,,,,,,,,,,,,0.015136,0.031168,0.02311445,0.023104,0.007793661716260207,40,0.04621,0.047584,0.04677955,0.04672,0.0002930806160427539,20,0.02544,0.026081,0.025725050000000006,0.0257125,0.00014632992687758686,20,,,,,,,0.221409,0.223393,0.22215440000000003,0.222049,0.0004901606267337295,20,0.041152,0.042336,0.0416849,0.0415525,0.0003772300226652166,20,0.111873,0.11340900000000001,0.1127445,0.1126405,0.00041692439362551244,20,0.055296,0.055808,0.055504349999999994,0.0555045,0.00014274532391640862,20,0.008992000000000002,0.009216,0.0090544,0.009023999999999999,6.812297703418376e-05,20,0.032288,0.032832,0.0324497,0.0324165,0.00012694727251894808,20,16,16,2048,10944,102400,True,False,False,3584,2,2048,10944,generic,generic,2816,,KERNEL_ONLY,BF16,none
,,,,,,,,,,,,0.014944,0.031136,0.022936875,0.022928,0.007786183590782777,40,0.046238999999999995,0.04765,0.04676965000000001,0.0467535,0.0003531143263873614,20,0.022689,0.023039999999999998,0.022861,0.0228325,9.551963149007646e-05,20,,,,,,,0.22144,0.232417,0.22731905000000002,0.2271845,0.0027173152462495053,20,0.040512,0.041600000000000005,0.0409762,0.040847999999999995,0.0003138460769230684,20,0.09920000000000001,0.10083199999999999,0.10020025000000002,0.1001925,0.0004244480975337267,20,0.055456000000000005,0.056864,0.05620955,0.05624,0.00028655077647774603,20,0.008864,0.009408,0.00898405,0.0089595,0.00011489581149894002,20,0.028864,0.02928,0.029046549999999997,0.0290245,0.00012199896515954528,20,16,16,2048,10944,102400,True,False,False,3552,2,2048,10944,generic,generic,2816,,KERNEL_ONLY,BF16,none
,,,,,,,,,,,,0.015392,0.029025,0.022155400000000002,0.022112,0.006670913328772905,40,0.046718,0.048159999999999994,0.0475152,0.047552,0.0003523998581157484,20,0.021855,0.022335999999999998,0.02211205,0.022096499999999998,0.0001405821734787161,20,,,,,,,0.22089699999999998,0.22393700000000002,0.22219115,0.222241,0.0006014901724051757,20,0.040351,0.041280000000000004,0.04056015,0.0404805,0.00024035687529172175,20,0.112065,0.113633,0.11264365000000001,0.11268900000000001,0.0003632562834969269,20,0.055008,0.055521,0.05534915,0.055344500000000005,0.0001273649382679562,20,0.008768000000000001,0.009056,0.008923249999999999,0.008928,6.168295955934643e-05,20,0.032223999999999996,0.032672,0.03242575,0.0324005,0.00012693733690289936,20,16,16,2048,10944,102400,True,False,False,3520,2,2048,10944,generic,generic,2816,,KERNEL_ONLY,BF16,none
,,,,,,,,,,,,0.014624000000000002,0.029792000000000003,0.022373675000000003,0.0224965,0.007214491525351943,40,0.046689,0.04774400000000001,0.04721929999999999,0.047263,0.0003014445388458738,20,0.022624,0.023072,0.0227921,0.022784,0.0001182344704390394,20,,,,,,,0.20572800000000002,0.208065,0.2069156,0.206992,0.0005402253603821256,20,0.039744,0.040896,0.04023530000000001,0.040144,0.00037830425585763677,20,0.099168,0.10096,0.10009445000000002,0.10012800000000001,0.0005214112076854479,20,0.05568,0.056384000000000004,0.05599219999999999,0.0560485,0.0002101203464683984,20,0.00864,0.008928,0.008790249999999998,0.0088,7.225224909994145e-05,20,0.028608,0.029153,0.02882735,0.028800000000000003,0.0001392699806131959,20,16,16,2048,10944,102400,True,False,False,3488,2,2048,10944,generic,generic,2816,,KERNEL_ONLY,BF16,none
,,,,,,,,,,,,0.015295999999999999,0.029504000000000002,0.0220168,0.022048,0.006615536343336042,40,0.046047,0.04761399999999999,0.04700195,0.0470085,0.000387411083346877,20,0.025344000000000002,0.025984000000000004,0.02559695,0.025632000000000002,0.00015356251984126844,20,,,,,,,0.200033,0.202304,0.20080225000000002,0.2006085,0.0006027075472399582,20,0.039776000000000006,0.040992,0.040373049999999994,0.040192,0.0004082924778880932,20,0.110689,0.112128,0.11144365,0.1114885,0.000380204060341286,20,0.050688000000000004,0.05104,0.05087065,0.0508805,0.00010660969702611453,20,0.008736,0.008993000000000001,0.008805100000000001,0.008784,7.67742795472547e-05,20,0.032416,0.032864,0.032583949999999993,0.032544,0.00013154218904975007,20,16,16,2048,10944,102400,True,False,False,3456,2,2048,10944,generic,generic,2816,,KERNEL_ONLY,BF16,none
,,,,,,,,,,,,0.015521000000000002,0.029728,0.022841800000000002,0.022960500000000002,0.006644106573498051,40,0.045249000000000004,0.046561,0.0458312,0.045809,0.00036857151273531785,20,0.0224,0.02288,0.0226786,0.022688,0.00011233450048849657,20,,,,,,,0.198881,0.20112100000000002,0.19997345,0.1999685,0.0005248204907394549,20,0.039264,0.040512,0.039643300000000006,0.039520000000000007,0.00035473089800579737,20,0.099553,0.103297,0.10094764999999999,0.10076850000000001,0.0010157314248855375,20,0.050815,0.051584000000000005,0.0511824,0.051184,0.00019873384211049772,20,0.008256000000000001,0.008544000000000001,0.0083664,0.008368,6.89857956393922e-05,20,0.028384,0.029056000000000002,0.028571349999999995,0.028544,0.00013662550091399496,20,16,16,2048,10944,102400,True,False,False,3424,2,2048,10944,generic,generic,2816,,KERNEL_ONLY,BF16,none
,,,,,,,,,,,,0.015169,0.030496,0.021971250000000005,0.021968,0.006690243346657879,40,0.044738,0.046719,0.045702199999999985,0.04574249999999999,0.00041443776372333607,20,0.02512,0.025728,0.025438549999999997,0.025440000000000004,0.00016737397497819078,20,,,,,,,0.199009,0.20281700000000003,0.20053824999999997,0.2004965,0.0009277911335532415,20,0.038881,0.039968000000000004,0.0393283,0.0392005,0.0003487535089429222,20,0.109952,0.11225600000000001,0.11102915,0.1109765,0.0004691074796888247,20,0.050432000000000005,0.05152,0.050814700000000004,0.050752000000000005,0.0003011581146175551,20,0.008480000000000001,0.008832000000000001,0.008620850000000001,0.008608000000000001,7.932608335219901e-05,20,0.031904,0.032704000000000004,0.03239695000000001,0.0324165,0.00019585823316879054,20,16,16,2048,10944,102400,True,False,False,3392,2,2048,10944,generic,generic,2816,,KERNEL_ONLY,BF16,none
,,,,,,,,,,,,0.014016,0.029663000000000002,0.021949575000000002,0.022064,0.007485699906780594,40,0.044928,0.04614,0.045501,0.04547349999999999,0.0003310792956377664,20,0.022303999999999997,0.022688,0.02248645,0.02248,0.00010675648692234123,20,,,,,,,0.19433699999999998,0.19833699999999999,0.1954056,0.1952965,0.0007917240933557572,20,0.039424,0.040319,0.039793550000000004,0.039664000000000005,0.00031570009106745417,20,0.096544,0.097953,0.09710914999999999,0.097136,0.0003506032337272431,20,0.050368,0.051072000000000006,0.050739200000000005,0.05076800000000001,0.00014915046094464592,20,0.008032000000000001,0.008288,0.00813115,0.008112000000000001,6.389778947663211e-05,20,0.028095,0.028864,0.028481599999999996,0.028480000000000002,0.00016127752478259396,20,16,16,2048,10944,102400,True,False,False,3360,2,2048,10944,generic,generic,2816,,KERNEL_ONLY,BF16,none
,,,,,,,,,,,,0.015521000000000002,0.029984000000000004,0.0231738,0.023712000000000004,0.006705083460330677,40,0.045217999999999994,0.046528,0.045812849999999995,0.045791,0.0003818553751094784,20,0.020992,0.022784,0.0216081,0.0215515,0.0004337540662633602,20,,,,,,,0.19728,0.199073,0.19823905,0.19822450000000003,0.00045280608156251405,20,0.038816,0.039936,0.03931369999999999,0.039168,0.00036370153972728724,20,0.112096,0.1208,0.1158581,0.115776,0.0022586861867023513,20,0.051808,0.054240000000000003,0.05335525,0.0534405,0.0007240519232071698,20,0.008608000000000001,0.009151999999999999,0.00880005,0.0088,0.00012551353512669442,20,0.02768,0.02944,0.028625749999999995,0.028544,0.00045468790120257253,20,16,16,2048,10944,102400,True,False,False,3328,2,2048,10944,generic,generic,2816,,KERNEL_ONLY,BF16,none
,,,,,,,,,,,,0.015007999999999999,0.029920000000000002,0.0223112,0.022416000000000002,0.007074261933940531,40,0.044895000000000004,0.046178,0.045621249999999995,0.045696,0.0003896319898314317,20,0.022303999999999997,0.022624,0.0224624,0.022432,9.14108308681193e-05,20,,,,,,,0.194336,0.19708900000000001,0.19542305,0.19523200000000002,0.0007653870573115285,20,0.038241,0.039264,0.038630599999999994,0.038464,0.00032726004950192107,20,0.096384,0.097633,0.09691895000000002,0.096848,0.0003553908376703033,20,0.050272,0.05081600000000001,0.050550450000000004,0.050544,0.0001435720986125108,20,0.008,0.008545,0.008160049999999999,0.008128,0.00012576862685105525,20,0.028,0.028448,0.028240200000000003,0.0282245,0.00011072199420169436,20,16,16,2048,10944,102400,True,False,False,3296,2,2048,10944,generic,generic,2816,,KERNEL_ONLY,BF16,none
,,,,,,,,,,,,0.014592,0.030015999999999998,0.023106475,0.0233595,0.006739588859817415,40,0.044767999999999995,0.046145000000000005,0.04558594999999999,0.045585,0.0003553923852588863,20,0.020448,0.022112,0.021494450000000005,0.021504000000000002,0.0004370868878152256,20,,,,,,,0.197761,0.199937,0.19886945,0.19886500000000001,0.000501637067509968,20,0.036833,0.037696,0.03712345,0.0369925,0.00029513039067503795,20,0.114176,0.12784,0.12084849999999998,0.1210405,0.0036447692176597396,20,0.049888,0.050366999999999995,0.050104300000000004,0.0501285,0.000141258309490097,20,0.008224,0.008704000000000002,0.00836965,0.008352,0.00010870385227764488,20,0.02768,0.030432,0.029243350000000008,0.02944,0.0006751646669517004,20,16,16,2048,10944,102400,True,False,False,3264,2,2048,10944,generic,generic,2816,,KERNEL_ONLY,BF16,none
,,,,,,,,,,,,0.014816000000000001,0.029856,0.022424100000000002,0.0224635,0.007083748286747632,40,0.045023999999999995,0.04624,0.04544145,0.045391,0.0003092229737584194,20,0.022081,0.022944,0.022579250000000002,0.022656,0.000266564602863921,20,,,,,,,0.194752,0.20169600000000001,0.19821830000000001,0.19876900000000003,0.001769487216681716,20,0.036927999999999996,0.038016,0.03750245000000001,0.037472000000000005,0.0002850027148993505,20,0.095584,0.098208,0.09729470000000001,0.09747249999999999,0.0007514946506795642,20,0.050049,0.050752000000000005,0.05049295,0.050512,0.00015203304739430738,20,0.008032000000000001,0.008481,0.008185800000000002,0.008159000000000001,0.00011609806199932886,20,0.028032,0.028768000000000002,0.02828485,0.028304500000000003,0.00019468905336459007,20,16,16,2048,10944,102400,True,False,False,3232,2,2048,10944,generic,generic,2816,,KERNEL_ONLY,BF16,none
,,,,,,,,,,,,0.014944,0.030112,0.022982475000000002,0.024480000000000002,0.007005981087569035,40,0.044192,0.04589000000000001,0.04519205,0.045279,0.00048199268407311027,20,0.021184,0.024096,0.02285445,0.022656,0.000752334066422623,20,,,,,,,0.197697,0.208225,0.2014727,0.20094450000000003,0.0028503720827288514,20,0.036544,0.037664,0.0371249,0.037153000000000005,0.0002859122068048169,20,0.112481,0.133761,0.12645169999999997,0.127073,0.004872985738743753,20,0.049504,0.050432000000000005,0.05005935,0.05008,0.0002446600243194631,20,0.007936,0.008576,0.008262600000000002,0.008256000000000001,0.0001457389446922134,20,0.028,0.032159999999999994,0.030492899999999996,0.030656,0.0010873513645551737,20,16,16,2048,10944,102400,True,False,False,3200,2,2048,10944,generic,generic,2816,,KERNEL_ONLY,BF16,none
,,,,,,,,,,,,0.013375999999999999,0.027328,0.02034085,0.020368,0.006782975904977106,40,0.043552,0.044288999999999995,0.043920799999999996,0.043920499999999994,0.0002141131943622361,20,0.02032,0.020800000000000003,0.02050555,0.02048,0.00011344799469360443,20,,,,,,,0.190977,0.19312100000000001,0.19199770000000002,0.191969,0.0005301550810847719,20,0.036544,0.037408000000000004,0.0369568,0.037040000000000003,0.00033606094685339333,20,0.09897700000000001,0.114176,0.11048550000000001,0.11100850000000001,0.0037882757093432363,20,0.049984,0.050849,0.050224349999999994,0.0501925,0.00021623373349225546,20,0.008,0.008288,0.008073650000000002,0.008032000000000001,8.097238726874742e-05,20,0.025696000000000004,0.027232,0.0261008,0.026063999999999997,0.00032036379321015576,20,16,16,2048,10944,102400,True,False,False,3168,2,2048,10944,generic,generic,2816,,KERNEL_ONLY,BF16,none
,,,,,,,,,,,,0.014944,0.029856,0.022831225000000004,0.0231525,0.00680628618075783,40,0.043646000000000004,0.044607,0.04408479999999999,0.044080999999999995,0.00020137691029509719,20,0.020288,0.020640000000000002,0.02042245,0.0204155,0.00010004922538430779,20,,,,,,,0.198849,0.212833,0.20425210000000002,0.20424150000000002,0.0031569562857283883,20,0.035616,0.036832000000000004,0.036255949999999995,0.036351999999999995,0.0003225699110270498,20,0.103776,0.116577,0.11134915000000001,0.1118085,0.0031585284275276048,20,0.049664,0.050272,0.04993444999999999,0.049936,0.00017268482127853567,20,0.00784,0.008225,0.00796495,0.007936,0.00010117928394686331,20,0.02544,0.026303999999999998,0.0258353,0.025808000000000005,0.0001941721143727898,20,16,16,2048,10944,102400,True,False,False,3136,2,2048,10944,generic,generic,2816,,KERNEL_ONLY,BF16,none
,,,,,,,,,,,,0.013375999999999999,0.027136,0.020242450000000002,0.020191999999999998,0.0067437754891084565,40,0.043550000000000005,0.044418,0.0439012,0.04385599999999999,0.0002581425187759653,20,0.020256,0.020576,0.0203794,0.020384,8.652306050990129e-05,20,,,,,,,0.190016,0.19152000000000002,0.19074130000000003,0.19060850000000001,0.00040615810960757795,20,0.035489,0.036671999999999996,0.035896149999999995,0.035824,0.0003021723473450205,20,0.10745600000000001,0.11734399999999999,0.11284355000000001,0.1134885,0.002660586053391243,20,0.049729,0.05392,0.051670499999999994,0.05212800000000001,0.0014008167439033545,20,0.007808,0.008224,0.007947200000000001,0.007936,0.00010582797361756491,20,0.025696000000000004,0.027712,0.02621445,0.026000000000000002,0.0004832557785479647,20,16,16,2048,10944,102400,True,False,False,3104,2,2048,10944,generic,generic,2816,,KERNEL_ONLY,BF16,none
,,,,,,,,,,,,0.013728,0.0272,0.02041125,0.0204,0.006543019477848129,40,0.043968,0.04518300000000001,0.04456994999999999,0.04464,0.0002874065891729021,20,0.020512000000000002,0.020800000000000003,0.0206544,0.020672,8.43085997985968e-05,20,,,,,,,0.176385,0.178113,0.17718594999999998,0.17712,0.0004595717000643126,20,0.035616,0.036737000000000006,0.0361105,0.0360645,0.00032561779742514067,20,0.08729600000000001,0.08851200000000001,0.08797469999999999,0.08792050000000001,0.0003391145971496935,20,0.046784,0.047649000000000004,0.04714235,0.047104,0.00021323749084061267,20,0.007647999999999999,0.007905,0.007720049999999999,0.007712,5.91087768440527e-05,20,0.025504000000000002,0.025761,0.025621000000000005,0.0256165,6.979398254864032e-05,20,16,16,2048,10944,102400,True,False,False,3072,2,2048,10944,generic,generic,2816,,KERNEL_ONLY,BF16,none
,,,,,,,,,,,,0.013153000000000001,0.027104,0.020152075,0.020192,0.006781265709244477,40,0.04396800000000001,0.045282,0.0445109,0.0445435,0.0002704793707475663,20,0.02048,0.020864,0.0206145,0.0205925,0.00010142756035713319,20,,,,,,,0.17648,0.177921,0.17714454999999998,0.1770725,0.00036809054252995933,20,0.035552,0.036353,0.0358753,0.035727999999999996,0.0002646635789072606,20,0.087616,0.088769,0.08803055000000001,0.087984,0.0002986605891308732,20,0.046592,0.047424,0.04698585000000001,0.047008,0.00021602043306131905,20,0.0076159999999999995,0.007936,0.007695949999999998,0.00768,7.590617563808657e-05,20,0.025472,0.025888,0.0256337,0.0256165,0.00010920993544545321,20,16,16,2048,10944,102400,True,False,False,3040,2,2048,10944,generic,generic,2816,,KERNEL_ONLY,BF16,none
,,,,,,,,,,,,0.013408,0.026784,0.020130475000000002,0.020144,0.0065309120074745295,40,0.043747999999999995,0.044510999999999995,0.044142499999999994,0.044176,0.0001782297674351854,20,0.020192,0.020576,0.02037445,0.020384,0.00010477426926492971,20,,,,,,,0.17472100000000002,0.176768,0.17575745000000004,0.175697,0.0005371857662857383,20,0.035071,0.036288,0.03550564999999999,0.035328000000000005,0.0004221267907868428,20,0.08624,0.092544,0.08803865000000001,0.0873125,0.0017281141245589068,20,0.044704,0.047104,0.04648019999999999,0.04672,0.0007231399311336635,20,0.007552,0.00784,0.007657550000000001,0.0076159999999999995,9.39539647912743e-05,20,0.025344000000000002,0.02576,0.025537700000000003,0.025488000000000004,0.0001382769322772241,20,16,16,2048,10944,102400,True,False,False,3008,2,2048,10944,generic,generic,2816,,KERNEL_ONLY,BF16,none
,,,,,,,,,,,,0.012896000000000001,0.027136,0.0200961,0.02,0.006746412271718946,40,0.043200999999999996,0.044895999999999985,0.0439779,0.043949499999999996,0.00036816082083784943,20,0.020128,0.020800000000000003,0.02055045,0.020608,0.00019902197742962968,20,,,,,,,0.174017,0.17747200000000002,0.17631575,0.17664,0.0009211184980772031,20,0.034527999999999996,0.035936,0.03508965,0.035071500000000005,0.00030074944305850417,20,0.08643200000000001,0.08896,0.08788660000000001,0.087984,0.0006196036152250864,20,0.046304000000000005,0.046976,0.046697749999999996,0.046721,0.00019526670863206545,20,0.007424000000000001,0.007649,0.0075601,0.0075675,7.007560203094901e-05,20,0.025152,0.025952000000000003,0.02559225,0.0255685,0.00018281626705520557,20,16,16,2048,10944,102400,True,False,False,2976,2,2048,10944,generic,generic,2816,,KERNEL_ONLY,BF16,none
,,,,,,,,,,,,0.014944,0.026976,0.020903974999999998,0.020943999999999997,0.005796687517399484,40,0.043455999999999995,0.04451099999999999,0.043943449999999995,0.0439035,0.000297349201276881,20,0.020352000000000002,0.021408000000000003,0.020745700000000002,0.020672,0.0002705943643167764,20,,,,,,,0.17430500000000002,0.17660800000000001,0.175663,0.175873,0.0006882996440504668,20,0.034304,0.035329,0.03471705,0.0345925,0.0003465595872285175,20,0.08976,0.097856,0.0929093,0.09280050000000001,0.0019293123153082264,20,0.044864,0.046528,0.04592325,0.04616,0.0005910362827272128,20,0.007328,0.007808,0.007495950000000001,0.007456000000000001,0.00012396510597744809,20,0.026303999999999998,0.028096,0.026836900000000004,0.02656,0.000583091150678863,20,16,16,2048,10944,102400,True,False,False,2944,2,2048,10944,generic,generic,2816,,KERNEL_ONLY,BF16,none
,,,,,,,,,,,,0.014784,0.026783,0.02152575,0.021856,0.005131298547882397,40,0.042846999999999996,0.043905999999999994,0.04324019999999999,0.0432805,0.000300391844097007,20,0.020448,0.02112,0.0206785,0.020640000000000002,0.0001681506764779725,20,,,,,,,0.174432,0.177985,0.175431,0.1752165,0.0007569641999460729,20,0.034048,0.03504,0.0343584,0.0342085,0.00028836789002938557,20,0.090848,0.101088,0.09547069999999999,0.09593650000000001,0.002262567437668986,20,0.045569000000000005,0.046305,0.04590115,0.0458875,0.00018353072631033598,20,0.007232000000000001,0.007456000000000001,0.0073215,0.007312000000000001,6.01818078824489e-05,20,0.02608,0.027168,0.026454299999999997,0.026336,0.00032290000000000086,20,16,16,2048,10944,102400,True,False,False,2912,2,2048,10944,generic,generic,2816,,KERNEL_ONLY,BF16,none
,,,,,,,,,,,,0.014816000000000001,0.026784,0.0206656,0.020672,0.005710314521985632,40,0.042112,0.043329,0.042683950000000005,0.042721,0.0003105909649362014,20,0.020096,0.020641,0.020275249999999998,0.02024,0.0001540515741561899,20,,,,,,,0.173185,0.175905,0.17451585,0.17448,0.0006117779233512724,20,0.034144,0.035103,0.0344416,0.034304,0.0002871782373370244,20,0.084384,0.085569,0.0848628,0.0847685,0.00032146004417345805,20,0.04563300000000001,0.046337,0.046059600000000006,0.046079999999999996,0.0001933045265895236,20,0.007136,0.007328,0.007200050000000001,0.007200000000000001,4.05184834365751e-05,20,0.024896,0.025408000000000003,0.02508005,0.025087500000000002,0.00011170383834049784,20,16,16,2048,10944,102400,True,False,False,2880,2,2048,10944,generic,generic,2816,,KERNEL_ONLY,BF16,none
,,,,,,,,,,,,0.015295999999999999,0.02672,0.02152255,0.021792,0.005014364974500759,40,0.04224200000000001,0.043072000000000006,0.04262115,0.04255949999999999,0.0002726881506409841,20,0.020224,0.020481000000000003,0.02034725,0.0203355,8.908415964693231e-05,20,,,,,,,0.166497,0.167968,0.16715405,0.1671845,0.00041779354650353754,20,0.032799999999999996,0.033631999999999995,0.033094599999999995,0.03296,0.000309086136861555,20,0.084768,0.08656,0.08553305,0.0855685,0.0003660485589371981,20,0.04544,0.046049,0.04577115000000001,0.045792,0.00016142560980216268,20,0.00704,0.007296,0.0071408,0.00712,7.161885226670426e-05,20,0.024895,0.025216000000000002,0.025049599999999998,0.025056000000000002,0.00010064213829206911,20,16,16,2048,10944,102400,True,False,False,2848,2,2048,10944,generic,generic,2816,,KERNEL_ONLY,BF16,none
,,,,,,,,,,,,0.0112,0.024672,0.0179073,0.018032,0.006505385131566002,40,0.04189,0.042593999999999986,0.042270499999999996,0.042303499999999994,0.0001897781599657866,20,0.01776,0.018463999999999998,0.018100900000000003,0.018047999999999998,0.0001942083674819382,20,,,,,,,0.17056100000000002,0.17244900000000002,0.17136855,0.17139300000000002,0.000454253946047801,20,0.033248,0.03424,0.03364335,0.033568,0.0002721986912165453,20,0.08422400000000001,0.08707200000000001,0.08572350000000001,0.08577599999999999,0.0007452844087997535,20,0.046176,0.047648,0.04677615,0.046592,0.0004347055641465842,20,0.007008,0.00736,0.0071489000000000014,0.007136,8.666308325925177e-05,20,0.022783,0.023744,0.023305700000000002,0.023247999999999998,0.00027644983270025674,20,16,16,2048,10944,102400,True,False,False,2816,2,2048,10944,generic,generic,2816,,KERNEL_ONLY,BF16,none
,,,,,,,,,,,,0.011328,0.024608,0.01801045,0.018416500000000002,0.006382457308709555,40,0.041919,0.042656,0.0422516,0.042192999999999994,0.0001967163948429297,20,0.01776,0.018944,0.01845765,0.0184645,0.00027406537085155415,20,,,,,,,0.165569,0.16636900000000002,0.16592545,0.1659525,0.0002229900165926739,20,0.032129,0.033088,0.03244989999999999,0.032304,0.0002920381653140559,20,0.084193,0.086592,0.0853254,0.08532799999999999,0.0007055575384049126,20,0.046176,0.048192,0.046869049999999995,0.046688,0.0004801520045777163,20,0.007072,0.007456000000000001,0.007265650000000001,0.0072640000000000005,7.877453586026388e-05,20,0.022144,0.023584,0.02305765,0.023247999999999998,0.000448163170619809,20,16,16,2048,10944,102400,True,False,False,2784,2,2048,10944,generic,generic,2816,,KERNEL_ONLY,BF16,none
,,,,,,,,,,,,0.011328,0.024480000000000002,0.018245675,0.018432,0.006066908147431853,40,0.041634,0.042433000000000005,0.0420527,0.04201500000000001,0.00020861306286999295,20,0.017920000000000002,0.019584,0.018607999999999996,0.018528,0.0003383538089042298,20,,,,,,,0.16998400000000002,0.172065,0.1706758,0.1706405,0.00046195644816367367,20,0.032608,0.033696,0.033152100000000004,0.0331835,0.0003395248002723812,20,0.08483199999999999,0.089441,0.0868019,0.086384,0.00143821107282624,20,0.04544,0.046880000000000005,0.046062450000000005,0.046016,0.0003592650101248385,20,0.00704,0.00736,0.0071329,0.007104,6.937643692205592e-05,20,0.02208,0.023681,0.022854450000000002,0.022863500000000002,0.0005323999882607063,20,16,16,2048,10944,102400,True,False,False,2752,2,2048,10944,generic,generic,2816,,KERNEL_ONLY,BF16,none
,,,,,,,,,,,,0.011456,0.024416,0.018263275000000002,0.018576000000000002,0.006044453391281548,40,0.0416,0.04233700000000001,0.041995750000000005,0.04201549999999998,0.0001945391670075727,20,0.017696000000000003,0.018848,0.01830735,0.018319999999999996,0.00028290798415739316,20,,,,,,,0.16880099999999998,0.170208,0.16936545,0.16929650000000002,0.0003687966207817022,20,0.032320999999999996,0.033408,0.032744050000000004,0.032544,0.00038684693032257656,20,0.084512,0.091392,0.0868595,0.08683199999999999,0.001442690559336962,20,0.04304,0.044448,0.043484850000000005,0.04334350000000001,0.0004062627567227886,20,0.006976,0.007393,0.0071297,0.0071045,0.00010698275561977264,20,0.022303999999999997,0.02384,0.022872,0.022736,0.000437491257055499,20,16,16,2048,10944,102400,True,False,False,2720,2,2048,10944,generic,generic,2816,,KERNEL_ONLY,BF16,none
,,,,,,,,,,,,0.011295999999999999,0.024416,0.0178496,0.017936,0.006383583745828044,40,0.041218,0.042307,0.041793849999999994,0.04174549999999999,0.0002747714095389121,20,0.017536000000000003,0.019008,0.0183328,0.018288,0.000334686958216181,20,,,,,,,0.16096000000000002,0.182209,0.16837805,0.1673765,0.005181149857657079,20,0.031392,0.032833,0.032166999999999994,0.0320005,0.0004287763986042133,20,0.08460899999999999,0.09030400000000001,0.08648335,0.086224,0.0014459577198175629,20,0.04496,0.0456,0.045270399999999995,0.045231999999999994,0.00020037724421700264,20,0.006624,0.00688,0.006748799999999999,0.006736000000000001,6.550236636946798e-05,20,0.022015999999999997,0.025024,0.023561600000000002,0.023424,0.0008034549396201391,20,16,16,2048,10944,102400,True,False,False,2688,2,2048,10944,generic,generic,2816,,KERNEL_ONLY,BF16,none
,,,,,,,,,,,,0.011231999999999999,0.024448,0.018048075,0.018352,0.006248806111520424,40,0.040928000000000006,0.04176099999999999,0.04136355,0.041376,0.00024019897481046648,20,0.017696000000000003,0.018623999999999998,0.018176,0.01816,0.0002483161291579736,20,,,,,,,0.162144,0.182977,0.17010150000000002,0.1687845,0.0060799970435848096,20,0.030976,0.032159999999999994,0.0314769,0.031440499999999996,0.00032585424655818136,20,0.085696,0.092065,0.08887545000000001,0.08872,0.0016559633895409653,20,0.040736,0.041216,0.0409632,0.0409285,0.00014296139338996464,20,0.006656,0.006912,0.0067664000000000005,0.006768,6.748510946868205e-05,20,0.022688,0.024640000000000002,0.023539200000000003,0.0233445,0.0005410976436836521,20,16,16,2048,10944,102400,True,False,False,2656,2,2048,10944,generic,generic,2816,,KERNEL_ONLY,BF16,none
,,,,,,,,,,,,0.011424,0.024448,0.0182121,0.018688,0.005967908921054342,40,0.04035199999999999,0.04124699999999999,0.0407569,0.0407995,0.00022528979115796666,20,0.017920000000000002,0.019104,0.0185279,0.018479999999999996,0.00027372995817045656,20,,,,,,,0.162624,0.173952,0.16843245,0.167761,0.0034395904767137615,20,0.030465,0.031489,0.030941149999999994,0.03088,0.00028386797547451555,20,0.08448,0.08758400000000001,0.0854499,0.08536099999999999,0.000820077002482087,20,0.045152000000000005,0.048544,0.04677135,0.046928000000000004,0.0010616003614826056,20,0.006464,0.00688,0.0065888000000000006,0.006576,8.522593501980466e-05,20,0.0224,0.02368,0.0232273,0.0232645,0.00033224179448106735,20,16,16,2048,10944,102400,True,False,False,2624,2,2048,10944,generic,generic,2816,,KERNEL_ONLY,BF16,none
,,,,,,,,,,,,0.011295999999999999,0.02432,0.0180728,0.0184325,0.0060948638959373,40,0.040384,0.041119,0.04070870000000001,0.0406865,0.00022431720843484022,20,0.017024,0.018528,0.01776795,0.01784,0.000461948100439865,20,,,,,,,0.14972900000000003,0.15104,0.1503014,0.1501765,0.00039037243755162405,20,0.030816,0.031776,0.031120000000000002,0.031024,0.0002893859015225172,20,0.10815999999999999,0.112513,0.1102789,0.1102725,0.0012462016249387604,20,0.041248,0.041888,0.0415426,0.041536000000000003,0.0001598844582815983,20,0.00656,0.00688,0.006665600000000001,0.0066555,8.1569847370214e-05,20,0.02224,0.024512000000000003,0.02322405,0.023039999999999998,0.0006512517543162559,20,16,16,2048,10944,102400,True,False,False,2592,2,2048,10944,generic,generic,2816,,KERNEL_ONLY,BF16,none
,,,,,,,,,,,,0.011104,0.024224,0.017624849999999997,0.0176475,0.006396919405268446,40,0.04035400000000001,0.041151999999999994,0.04073054999999999,0.040719500000000006,0.000231001185061894,20,0.016288,0.016800000000000002,0.016472000000000004,0.016448,0.00010697336116996647,20,,,,,,,0.155808,0.157856,0.1570437,0.1571845,0.00048110831420793414,20,0.029920000000000002,0.030881000000000002,0.03023535,0.030112,0.0002801616096113102,20,0.07129600000000001,0.07817600000000001,0.07435065,0.074352,0.0018585077959212314,20,0.045792,0.046880000000000005,0.04620165,0.046128,0.0003251112540346778,20,0.0064,0.0066879999999999995,0.0064625,0.006432,7.539462845587861e-05,20,0.02032,0.020544,0.0204016,0.0204,5.671719316045149e-05,20,16,16,2048,10944,102400,True,False,False,2560,2,2048,10944,generic,generic,2816,,KERNEL_ONLY,BF16,none
,,,,,,,,,,,,0.011007999999999999,0.023008,0.01704085,0.017103999999999998,0.005843185109809546,40,0.040479,0.041024,0.0406946,0.0406725,0.00013704284001727338,20,0.017472,0.017792000000000002,0.017611250000000002,0.0176,9.449596552234398e-05,20,,,,,,,0.148385,0.149665,0.1489559,0.1489445,0.0002984008880683837,20,0.029696000000000004,0.030463999999999998,0.02995215,0.029856,0.00026447254583415546,20,0.069856,0.07078400000000001,0.07006735,0.07000050000000001,0.000186967717801767,20,0.040801000000000004,0.042689,0.04193300000000001,0.042128,0.0005032478514608879,20,0.006305,0.006625,0.0064592500000000014,0.0064475,7.72527507600861e-05,20,0.0216,0.021856,0.021739249999999998,0.02176,8.77358963024827e-05,20,16,16,2048,10944,102400,True,False,False,2528,2,2048,10944,generic,generic,2816,,KERNEL_ONLY,BF16,none
,,,,,,,,,,,,0.010976000000000001,0.024257,0.017600875,0.0176645,0.006459036910358619,40,0.040129,0.04099099999999999,0.0405885,0.04046299999999999,0.00025645769631656493,20,0.016352000000000002,0.016800000000000002,0.016488000000000003,0.01648,8.987157503905257e-05,20,,,,,,,0.151233,0.15305600000000003,0.15207415000000002,0.1520165,0.00043904980070602953,20,0.029888,0.030817,0.030277000000000005,0.030175999999999998,0.0003089815528474147,20,0.073632,0.082592,0.07757955,0.0781605,0.002323061029654623,20,0.045472000000000005,0.046880000000000005,0.0461169,0.04616,0.0003154756567470775,20,0.006240000000000001,0.00656,0.006383949999999999,0.006368,7.53136607794361e-05,20,0.020319,0.020607,0.0203841,0.020368,6.695886797131469e-05,20,16,16,2048,10944,102400,True,False,False,2496,2,2048,10944,generic,generic,2816,,KERNEL_ONLY,BF16,none
,,,,,,,,,,,,0.010912000000000002,0.021759,0.0163215,0.0163195,0.005262860776231878,40,0.040129,0.040898,0.040528749999999995,0.040561,0.00020608538885617206,20,0.017408000000000003,0.017664000000000003,0.017572849999999994,0.017568,6.813316006174949e-05,20,,,,,,,0.15084899999999998,0.152064,0.1515733,0.1516325,0.00031705332359084507,20,0.029441,0.030496,0.0298048,0.029728,0.00028873700836574403,20,0.06950400000000001,0.07001600000000001,0.06976655000000001,0.069744,0.0001470090048262352,20,0.040256,0.043424,0.041057699999999996,0.040816500000000006,0.0008100531525770384,20,0.006240000000000001,0.006496000000000001,0.00634575,0.0063360000000000005,6.487748068474915e-05,20,0.021344000000000002,0.021728,0.021488000000000004,0.0214875,9.890652152411353e-05,20,16,16,2048,10944,102400,True,False,False,2464,2,2048,10944,generic,generic,2816,,KERNEL_ONLY,BF16,none
,,,,,,,,,,,,0.011104,0.02432,0.0177433,0.017824,0.006381081386410928,40,0.03990199999999999,0.04086199999999999,0.04030734999999999,0.040271999999999995,0.00027304272101632675,20,0.016319,0.016704,0.016523150000000004,0.016512500000000003,0.00010782498550892564,20,,,,,,,0.152,0.153089,0.15241795000000002,0.1524005,0.00032093324461638295,20,0.02912,0.030015,0.029456099999999995,0.029345,0.00029105083748376333,20,0.07084900000000001,0.08278400000000001,0.07840175,0.0786405,0.0030093742019728967,20,0.0376,0.042527999999999996,0.03951995,0.039456000000000005,0.0010956233602383621,20,0.006433,0.006785,0.006572950000000001,0.006543500000000001,8.846551588048297e-05,20,0.02032,0.022239000000000002,0.0207393,0.020608500000000002,0.00043916159895874364,20,16,16,2048,10944,102400,True,False,False,2432,2,2048,10944,generic,generic,2816,,KERNEL_ONLY,BF16,none
,,,,,,,,,,,,0.011072,0.02176,0.01639365,0.016448,0.00512303564085787,40,0.039554,0.040383999999999996,0.03994765,0.039952,0.0002020641667886712,20,0.017376000000000003,0.017792000000000002,0.017547250000000004,0.017568,0.00012932434998870072,20,,,,,,,0.14112,0.14716800000000002,0.14246115,0.142368,0.0012181751218523574,20,0.029184,0.030112,0.029547200000000003,0.029456000000000003,0.0002862658903886379,20,0.068704,0.06944,0.06898245000000001,0.068928,0.00018766365524522957,20,0.03968,0.041313,0.0403523,0.040223999999999996,0.0004019833454261517,20,0.006112,0.006432,0.00622725,0.0062085000000000005,7.532919420782362e-05,20,0.021184,0.021856,0.021432200000000002,0.021408000000000003,0.00016019038672779358,20,16,16,2048,10944,102400,True,False,False,2400,2,2048,10944,generic,generic,2816,,KERNEL_ONLY,BF16,none
,,,,,,,,,,,,0.011007999999999999,0.024128,0.017543325,0.017551999999999998,0.006267027562519173,40,0.038463000000000004,0.03990199999999999,0.03915085000000001,0.0392165,0.00033348602294548956,20,0.016032,0.016513000000000003,0.01625605,0.016256,0.0001414222312792439,20,,,,,,,0.149921,0.15187299999999998,0.15087725,0.151072,0.0006351863407693833,20,0.028288,0.02912,0.028518300000000003,0.0284325,0.0002302600920698155,20,0.068576,0.069856,0.0691506,0.06916800000000001,0.00030816852532340136,20,0.040545000000000005,0.044767,0.0427154,0.0427685,0.0010800614519553967,20,0.006304000000000001,0.006719,0.006496050000000001,0.0064645,0.0001213002370154318,20,0.020032,0.02048,0.020228850000000003,0.020192,0.0001289551375479088,20,16,16,2048,10944,102400,True,False,False,2368,2,2048,10944,generic,generic,2816,,KERNEL_ONLY,BF16,none
,,,,,,,,,,,,0.011103,0.021632000000000002,0.0163545,0.016416,0.0051055632745075265,40,0.038754,0.03977699999999999,0.03927435,0.039295,0.0002360371316128037,20,0.01744,0.017664000000000003,0.017568100000000003,0.017552,6.860969319272624e-05,20,,,,,,,0.141217,0.143329,0.14204544999999996,0.1419685,0.0005950170984938178,20,0.028097,0.029088000000000003,0.028502400000000004,0.028432,0.00029133218153853225,20,0.068288,0.06928100000000001,0.0686482,0.06864,0.0002064406936628538,20,0.039712000000000004,0.041024000000000005,0.0403363,0.040192,0.0003314456365680504,20,0.005984,0.006304000000000001,0.006113600000000001,0.006112,7.79585787453825e-05,20,0.021024,0.021664000000000003,0.02131215,0.021312499999999998,0.00012309397832550588,20,16,16,2048,10944,102400,True,False,False,2336,2,2048,10944,generic,generic,2816,,KERNEL_ONLY,BF16,none
,,,,,,,,,,,,0.012192,0.024,0.018479275,0.01872,0.005284628917849862,40,0.03836799999999999,0.039425999999999996,0.0389812,0.038945999999999995,0.0002723028828345389,20,0.016064000000000002,0.016576,0.016192049999999993,0.0161445,0.00011486447449059257,20,,,,,,,0.134912,0.136992,0.13597160000000003,0.13593650000000002,0.0004890810157836819,20,0.027104,0.028063,0.0274368,0.027375999999999998,0.0002657206427810982,20,0.06384000000000001,0.065216,0.0641489,0.06395200000000001,0.00040624941846111924,20,0.035168,0.036416,0.03586734999999999,0.036031499999999994,0.0004062012155323994,20,0.005952,0.006528,0.006113450000000001,0.00608,0.00014437121423607952,20,0.019904,0.020161000000000002,0.020064000000000002,0.0200795,6.631063263157716e-05,20,16,16,2048,10944,102400,True,False,False,2304,2,2048,10944,generic,generic,2816,,KERNEL_ONLY,BF16,none
,,,,,,,,,,,,0.012096,0.021472,0.017446549999999998,0.017616,0.0038790242777662536,40,0.03843100000000001,0.039741000000000005,0.039196049999999996,0.0392305,0.0003167280339660502,20,0.015968,0.016256,0.016139200000000003,0.01616,7.795036882529791e-05,20,,,,,,,0.134945,0.13632,0.13555250000000002,0.135457,0.00039513877309117713,20,0.026784,0.027648,0.02704965,0.026976,0.00022980301890967414,20,0.063649,0.06425600000000001,0.06381455,0.063808,0.00013597223062081673,20,0.035744,0.03648,0.03611369999999999,0.036112,0.00019472341923867188,20,0.005919,0.006112,0.0059934,0.0059995,5.182894943947852e-05,20,0.01984,0.020064000000000002,0.019968049999999998,0.019968,6.702870653682673e-05,20,16,16,2048,10944,102400,True,False,False,2272,2,2048,10944,generic,generic,2816,,KERNEL_ONLY,BF16,none
,,,,,,,,,,,,0.010752000000000001,0.023905000000000003,0.0178417,0.01816,0.0058538440413116585,40,0.038464,0.03967900000000001,0.03892435000000001,0.038927,0.000263170909296603,20,0.016,0.016384,0.0161536,0.016128,0.00010349463754224137,20,,,,,,,0.134689,0.135617,0.13518460000000002,0.1351205,0.00026091577184984393,20,0.0264,0.027296,0.026766650000000003,0.026640999999999998,0.0002697910812091458,20,0.063488,0.06384000000000001,0.06365130000000001,0.06364800000000001,0.00011045591880926963,20,0.035808,0.036416,0.03603854999999999,0.03601649999999999,0.00017517661801735905,20,0.005824,0.005984,0.00589125,0.005888,4.618969040814181e-05,20,0.019808,0.02016,0.019923299999999998,0.019904,7.595004937457247e-05,20,16,16,2048,10944,102400,True,False,False,2240,2,2048,10944,generic,generic,2816,,KERNEL_ONLY,BF16,none
,,,,,,,,,,,,0.01136,0.02176,0.016922525,0.01736,0.004549290999636647,40,0.03869000000000001,0.039548999999999994,0.039094699999999996,0.039008,0.0002561802295260115,20,0.01616,0.016415,0.016273500000000003,0.016256,6.171912183432298e-05,20,,,,,,,0.139936,0.141184,0.1406084,0.1405925,0.0003331981992748448,20,0.025823000000000002,0.026656,0.0259805,0.025952000000000003,0.00017650169970852896,20,0.063457,0.064096,0.0636498,0.0636005,0.00016442919448808425,20,0.036351999999999995,0.037247999999999996,0.0367041,0.036704,0.00020039184115128023,20,0.005824,0.005984,0.005897649999999999,0.005888,4.643842697594297e-05,20,0.019936,0.020224,0.0200657,0.020064000000000002,6.447720527442235e-05,20,16,16,2048,10944,102400,True,False,False,2208,2,2048,10944,generic,generic,2816,,KERNEL_ONLY,BF16,none
,,,,,,,,,,,,0.011808,0.02432,0.01897525,0.019712,0.0050952620675977014,40,0.038144000000000004,0.039425,0.0388805,0.0388655,0.0003411878514836059,20,0.016192,0.016384,0.016284899999999998,0.016288,5.1475139630699775e-05,20,,,,,,,0.14316800000000002,0.14752,0.14497644999999998,0.144641,0.0012222648843438185,20,0.025824000000000003,0.026593000000000002,0.026128050000000003,0.0260475,0.00024403657000539804,20,0.063393,0.06403199999999999,0.06354760000000001,0.0634885,0.00016517699597704246,20,0.037793,0.040544,0.039486600000000004,0.039488,0.0006278305026040063,20,0.005792,0.00608,0.0058879,0.0059035,7.774953376065989e-05,20,0.019904,0.02016,0.02002715,0.020032,7.975354224108203e-05,20,16,16,2048,10944,102400,True,False,False,2176,2,2048,10944,generic,generic,2816,,KERNEL_ONLY,BF16,none
,,,,,,,,,,,,0.012768000000000002,0.021472,0.017943225,0.018656000000000002,0.003529709092032232,40,0.037986,0.03897400000000001,0.0384558,0.0384795,0.00021710264853290083,20,0.01616,0.016384,0.0162705,0.016256,6.679708077453716e-05,20,,,,,,,0.14428800000000003,0.14857599999999999,0.14558454999999998,0.145232,0.0011131786233574512,20,0.025409,0.026177,0.025659400000000006,0.025616,0.00021344751111221632,20,0.063264,0.066913,0.06367864999999999,0.0635365,0.000753866849980817,20,0.039168999999999995,0.043072000000000006,0.0421122,0.0422565,0.0008386752410796465,20,0.005728,0.006017000000000001,0.0058416,0.005839500000000001,6.910311136265874e-05,20,0.01984,0.020096,0.020003200000000006,0.02,6.63042985031898e-05,20,16,16,2048,10944,102400,True,False,False,2144,2,2048,10944,generic,generic,2816,,KERNEL_ONLY,BF16,none
,,,,,,,,,,,,0.009344,0.019456,0.014408899999999999,0.0145275,0.004904764315438612,40,0.037280999999999995,0.03824099999999999,0.0379476,0.038031499999999996,0.00025021039147085715,20,0.016032,0.016448,0.016236850000000004,0.016239999999999997,0.00012282559790206568,20,,,,,,,0.12736,0.128833,0.12802750000000002,0.12806399999999998,0.00040103771643076153,20,0.025152,0.026175999999999998,0.025622350000000006,0.025616,0.00023518445420562918,20,0.062817,0.063872,0.06324674999999999,0.06321650000000001,0.00021490204163758013,20,0.037183,0.039008,0.0383216,0.0384,0.00040651191864446136,20,0.005536,0.005792,0.005627350000000001,0.005616,5.65776236687261e-05,20,0.019808,0.020256,0.019996899999999998,0.019968,0.00012095656245115428,20,16,16,2048,10944,102400,True,False,False,2112,2,2048,10944,generic,generic,2816,,KERNEL_ONLY,BF16,none
,,,,,,,,,,,,0.00992,0.019457000000000002,0.015004,0.015088500000000001,0.004357257686894361,40,0.037246999999999995,0.03839999999999999,0.037911600000000004,0.0379185,0.00026242301728316396,20,0.015872,0.016512000000000002,0.0162288,0.016224,0.0001529949672374879,20,,,,,,,0.127104,0.128833,0.12804220000000002,0.1280645,0.00041054763426428463,20,0.024736,0.025952000000000003,0.0250736,0.025024,0.00030211113849045715,20,0.062464,0.062944,0.06265295000000001,0.0626245,0.00014352298596392144,20,0.037823999999999997,0.039616,0.0388625,0.0387835,0.0004327192507850798,20,0.005472,0.0057599999999999995,0.00558245,0.005568,7.112346659155451e-05,20,0.019616,0.020224,0.019971250000000003,0.02,0.00017462842695277286,20,16,16,2048,10944,102400,True,False,False,2080,2,2048,10944,generic,generic,2816,,KERNEL_ONLY,BF16,none
,,,,,,,,,,,,0.010624000000000001,0.019424,0.015002525,0.015087999999999999,0.0042120785070289225,40,0.03699199999999999,0.037953,0.037479200000000004,0.037457500000000005,0.00028875363201179077,20,0.014624000000000002,0.015041,0.014766699999999999,0.0147685,9.206253309571716e-05,20,,,,,,,0.122752,0.123905,0.12324365000000001,0.123264,0.0002588758920795835,20,0.024384,0.025312,0.0245521,0.024480000000000002,0.00021143010665465798,20,0.056799999999999996,0.057312,0.05708175,0.057088,0.00013031457132646506,20,0.031744,0.032256,0.03190250000000001,0.031888,0.00012363029563986337,20,0.0053750000000000004,0.005888,0.005447950000000001,0.0054080000000000005,0.00010755904192581847,20,0.018303999999999997,0.018591999999999997,0.018427299999999997,0.018416500000000002,6.734099791360365e-05,20,16,16,2048,10944,102400,True,False,False,2048,2,2048,10944,generic,generic,2816,,KERNEL_ONLY,BF16,none
,,,,,,,,,,,,0.010688000000000001,0.019329000000000002,0.015056049999999998,0.015088,0.004122497519404954,40,0.03718199999999999,0.038048,0.037574399999999994,0.037599499999999994,0.00024075223778814736,20,0.014593,0.014976000000000001,0.01473295,0.014704,9.399014576007442e-05,20,,,,,,,0.122752,0.12380800000000002,0.12322285000000002,0.1232,0.00026350242408752366,20,0.024097,0.025088000000000003,0.02439355,0.02432,0.0002474416042220874,20,0.056801000000000004,0.057728,0.056993699999999994,0.056960000000000004,0.00018051650894031828,20,0.031617,0.032257,0.031902599999999996,0.031904,0.00016560628007415744,20,0.0053750000000000004,0.005473,0.005416,0.0054080000000000005,3.3373642294481314e-05,20,0.01824,0.01856,0.018374449999999994,0.018335999999999998,0.0001005591741215096,20,16,16,2048,10944,102400,True,False,False,2032,2,2048,10944,generic,generic,2816,,KERNEL_ONLY,BF16,none
,,,,,,,,,,,,0.011201000000000001,0.01952,0.015399325,0.015488,0.0038744439690586567,40,0.036927999999999996,0.03788999999999999,0.03741455,0.037472000000000005,0.00026907294085433447,20,0.01472,0.014976000000000001,0.0148113,0.0148,6.085154065428444e-05,20,,,,,,,0.11878400000000001,0.12,0.11926094999999999,0.1192,0.0002888661411449934,20,0.024449000000000002,0.02544,0.024752100000000003,0.024688,0.00027472766515223754,20,0.05712,0.057408,0.0572353,0.057216,8.003318061904096e-05,20,0.031808,0.032544,0.032152150000000004,0.032159999999999994,0.00018156494017292999,20,0.005344000000000001,0.00544,0.005390500000000001,0.005377,2.935898499607915e-05,20,0.018047999999999998,0.018335999999999998,0.018147149999999997,0.018128,7.760301218380645e-05,20,16,16,2048,10944,102400,True,False,False,2016,2,2048,10944,generic,generic,2816,,KERNEL_ONLY,BF16,none
,,,,,,,,,,,,0.011680999999999999,0.019232,0.015492025000000001,0.015568,0.0036231531052903355,40,0.037025999999999996,0.037821000000000014,0.037367649999999995,0.037280499999999994,0.00025295835131499686,20,0.014528000000000001,0.014848000000000002,0.014670450000000005,0.014688000000000001,8.750455702419166e-05,20,,,,,,,0.118112,0.118881,0.11836675,0.118336,0.00016660008253299342,20,0.024192,0.025216000000000002,0.024587249999999998,0.024432000000000002,0.0003414859989809246,20,0.056512,0.056960000000000004,0.0567728,0.056799999999999996,0.00010516016356016188,20,0.031361,0.03232,0.03182895000000001,0.0317925,0.00024248638621580422,20,0.00528,0.00544,0.0053345,0.0053435,4.414125054866497e-05,20,0.01824,0.018591999999999997,0.018353699999999997,0.018335999999999998,8.316074795238388e-05,20,16,16,2048,10944,102400,True,False,False,2000,2,2048,10944,generic,generic,2816,,KERNEL_ONLY,BF16,none
,,,,,,,,,,,,0.011745,0.019296,0.015709650000000002,0.015808000000000003,0.003467490998906846,40,0.036897000000000006,0.03773099999999999,0.03726439999999999,0.03724999999999999,0.00017563240019996215,20,0.01456,0.01488,0.014723200000000002,0.014736,8.466203399399269e-05,20,,,,,,,0.122241,0.123072,0.12268680000000001,0.12270400000000001,0.0002505014171616619,20,0.023424,0.024641,0.0237712,0.0237285,0.0002515733690198547,20,0.056545000000000005,0.057441000000000006,0.05682750000000001,0.056768,0.00020985911941109512,20,0.031488,0.03232,0.0317969,0.031792,0.0002137926331752329,20,0.00528,0.00544,0.005366250000000001,0.005376000000000001,3.3815492011798505e-05,20,0.01824,0.018561,0.0184032,0.0184005,7.230739934474214e-05,20,16,16,2048,10944,102400,True,False,False,1984,2,2048,10944,generic,generic,2816,,KERNEL_ONLY,BF16,none
,,,,,,,,,,,,0.011584,0.019296,0.0155368,0.015696,0.0035890160712930773,40,0.037055,0.03766799999999999,0.03734599999999999,0.037328,0.00017466482187320962,20,0.014528000000000001,0.01488,0.014726450000000002,0.014768,0.00010305749608834862,20,,,,,,,0.117888,0.11936000000000001,0.11833175000000003,0.1182405,0.0003913649032552594,20,0.023873000000000002,0.024768000000000002,0.024121750000000004,0.0240005,0.00025603044252588413,20,0.056479999999999995,0.057152,0.056705700000000005,0.0566245,0.0001819637601282202,20,0.031392,0.032352,0.03184475,0.031792,0.0002551044638966549,20,0.00528,0.005472,0.005350400000000001,0.0053285,5.67453962890383e-05,20,0.018112,0.018656,0.01835205,0.018335999999999998,0.0001204327509442513,20,16,16,2048,10944,102400,True,False,False,1968,2,2048,10944,generic,generic,2816,,KERNEL_ONLY,BF16,none
,,,,,,,,,,,,0.011295999999999999,0.019296,0.0154712,0.0156805,0.003642063297088616,40,0.03641300000000001,0.037314,0.0370419,0.037121,0.0002446591302199862,20,0.014496,0.014848000000000002,0.014657800000000004,0.014656,9.198347677708212e-05,20,,,,,,,0.117664,0.11833700000000001,0.11797965000000002,0.1179845,0.00017517285035073272,20,0.023681,0.024480000000000002,0.02386085,0.023823999999999998,0.00015776636999056574,20,0.056704000000000004,0.057312,0.056876899999999994,0.056848499999999996,0.00013248430095675525,20,0.031584,0.033055999999999995,0.0320289,0.031968,0.0003510807456981929,20,0.005184,0.0054080000000000005,0.00527035,0.0052635,4.421569291552496e-05,20,0.017887,0.018144,0.01797925,0.017984000000000003,7.733555133313467e-05,20,16,16,2048,10944,102400,True,False,False,1952,2,2048,10944,generic,generic,2816,,KERNEL_ONLY,BF16,none
,,,,,,,,,,,,0.011552,0.018208,0.0148599,0.014848,0.0031707191834030334,40,0.037215000000000005,0.03763099999999999,0.03735915,0.0373595,0.00010975257400170371,20,0.014464000000000001,0.014944,0.0146814,0.014655500000000002,0.00013269453643613243,20,,,,,,,0.11744,0.118913,0.11814440000000001,0.1180165,0.0005164992158754941,20,0.023265,0.024257,0.023736100000000003,0.023648,0.00027636242508705886,20,0.056256,0.056801000000000004,0.056579449999999996,0.05656,0.00015688322886784427,20,0.032833,0.037664,0.034724950000000004,0.034464,0.0011183150036997624,20,0.005248,0.005536,0.005321550000000001,0.005312000000000001,6.943232316435923e-05,20,0.018175999999999998,0.018784,0.018392049999999997,0.018335999999999998,0.00018153414967988889,20,16,16,2048,10944,102400,True,False,False,1936,2,2048,10944,generic,generic,2816,,KERNEL_ONLY,BF16,none
,,,,,,,,,,,,0.009216,0.019072,0.014097624999999999,0.0140955,0.004797101451332357,40,0.036578,0.03740899999999999,0.03698075,0.036976499999999995,0.00020867699322158148,20,0.014400000000000001,0.014688000000000001,0.014550300000000002,0.0145275,7.584530308463449e-05,20,,,,,,,0.126624,0.132192,0.1292165,0.1290405,0.001747725450406901,20,0.0224,0.02352,0.022697749999999996,0.022624,0.0002903864451037618,20,0.056001,0.056545000000000005,0.05629624999999999,0.056288500000000005,0.00016312751913763682,20,0.029184,0.029952000000000003,0.02947225,0.029408000000000004,0.00021340709336851993,20,0.005184,0.005601,0.00526895,0.005248,8.967300318378998e-05,20,0.017696000000000003,0.018015999999999997,0.0178496,0.017856,7.677981505578051e-05,20,16,16,2048,10944,102400,True,False,False,1920,2,2048,10944,generic,generic,2816,,KERNEL_ONLY,BF16,none
,,,,,,,,,,,,0.009888000000000001,0.018784,0.014129524999999999,0.014592,0.0038087142514731933,40,0.03683499999999999,0.037535000000000006,0.03712865,0.037121499999999995,0.00015378402875461576,20,0.013824,0.014145,0.0139296,0.01392,7.38704271004305e-05,20,,,,,,,0.11363200000000001,0.114433,0.11396999999999997,0.11396800000000001,0.00020512532754391803,20,0.02224,0.023072,0.0225793,0.022496,0.00028250116813917755,20,0.054527,0.055041,0.054710749999999995,0.0546725,0.00013057904694092388,20,0.029344000000000002,0.030816,0.030379300000000005,0.0304325,0.0003470660023684249,20,0.0050880000000000005,0.005345,0.0052064500000000005,0.005184,6.653756457821391e-05,20,0.017088000000000002,0.017345,0.017200100000000003,0.017184,5.777274443887888e-05,20,16,16,2048,10944,102400,True,False,False,1904,2,2048,10944,generic,generic,2816,,KERNEL_ONLY,BF16,none
,,,,,,,,,,,,0.009216,0.019201,0.014114525,0.014096,0.004795108033128659,40,0.036288999999999995,0.037119,0.0367075,0.03677,0.00019403028114188778,20,0.013856,0.014048999999999999,0.013923099999999999,0.01392,5.261454171614521e-05,20,,,,,,,0.11344,0.114689,0.11393489999999999,0.1139525,0.00028365487832928153,20,0.022047999999999998,0.022976,0.022283249999999998,0.022191999999999996,0.0002553209499825665,20,0.054432,0.054816000000000004,0.0545921,0.054576,0.00010221638811853965,20,0.029601,0.03088,0.0304193,0.030463999999999998,0.00025376940319904635,20,0.0050880000000000005,0.005312000000000001,0.0051712500000000005,0.005168000000000001,6.75091660443232e-05,20,0.017119,0.017377,0.01719515,0.017152,7.034150623920471e-05,20,16,16,2048,10944,102400,True,False,False,1888,2,2048,10944,generic,generic,2816,,KERNEL_ONLY,BF16,none
,,,,,,,,,,,,0.011328,0.019425,0.015620774999999998,0.016048,0.003665727720981878,40,0.036641,0.037217999999999994,0.03692795,0.0369105,0.00014488356532056925,20,0.014047,0.014240000000000001,0.014167999999999997,0.014176000000000001,6.322104080130313e-05,20,,,,,,,0.112577,0.11404800000000001,0.11303414999999999,0.1129285,0.000392542389430747,20,0.022465,0.023424,0.022870549999999996,0.0228165,0.00018221922922677538,20,0.054657,0.055200000000000006,0.054827449999999986,0.0548,0.00012642961480602654,20,0.030017,0.031392,0.031041700000000005,0.031088499999999998,0.00028933649959865125,20,0.0050880000000000005,0.005313,0.005179250000000001,0.005152,5.670879561408438e-05,20,0.017344000000000002,0.0176,0.017464,0.0174565,7.427583725546251e-05,20,16,16,2048,10944,102400,True,False,False,1872,2,2048,10944,generic,generic,2816,,KERNEL_ONLY,BF16,none
,,,,,,,,,,,,0.00928,0.019136,0.014151149999999998,0.014143999999999999,0.0047664632094982125,40,0.036095999999999996,0.03670299999999999,0.0363431,0.036351999999999995,0.00015411875291475508,20,0.014336,0.014753,0.014521700000000002,0.014528000000000001,0.00010311357815535249,20,,,,,,,0.128129,0.134785,0.13132675000000002,0.13139250000000002,0.0017929449482624957,20,0.021568,0.022591999999999998,0.02190565,0.021840000000000002,0.00029350677590133983,20,0.055712000000000005,0.056128000000000004,0.055916900000000005,0.055936,0.00013179411974742917,20,0.02928,0.03168,0.030516950000000004,0.03064,0.000803814684799923,20,0.0050880000000000005,0.005344000000000001,0.005137549999999999,0.00512,5.768229797780251e-05,20,0.017568999999999998,0.018015999999999997,0.017764900000000004,0.0177285,0.0001255969346759706,20,16,16,2048,10944,102400,True,False,False,1856,2,2048,10944,generic,generic,2816,,KERNEL_ONLY,BF16,none
,,,,,,,,,,,,0.00928,0.019008,0.014150525,0.014192,0.004696929635344242,40,0.036192,0.036830999999999996,0.036514099999999994,0.036528000000000005,0.000177712098631466,20,0.013824,0.01408,0.013916850000000003,0.01392,6.625879186945697e-05,20,,,,,,,0.111072,0.112193,0.11156994999999999,0.11161650000000001,0.0003316355642870639,20,0.021952000000000003,0.022784,0.022310399999999998,0.022288,0.00022702409563744516,20,0.054112,0.054752,0.054276950000000004,0.0542565,0.00014134690481223874,20,0.030303,0.031072,0.0306545,0.030671999999999998,0.0002029020699746555,20,0.005023,0.005152,0.005075050000000001,0.005056,4.2168086273863765e-05,20,0.016992,0.017344000000000002,0.017150450000000005,0.017152,8.24678573748589e-05,20,16,16,2048,10944,102400,True,False,False,1840,2,2048,10944,generic,generic,2816,,KERNEL_ONLY,BF16,none
,,,,,,,,,,,,0.009248,0.019136,0.014184825000000002,0.014208,0.004688345437825054,40,0.035934,0.036576000000000004,0.036244950000000005,0.0362565,0.0001723930030482678,20,0.01376,0.013952,0.013892799999999997,0.013904,6.178155064418532e-05,20,,,,,,,0.112417,0.113888,0.11319555,0.1131845,0.00035639268721453894,20,0.021248000000000003,0.022047,0.021456150000000004,0.021409,0.00018651870549625855,20,0.054016,0.059425,0.0550195,0.054208000000000006,0.00147552056915517,20,0.029185,0.030688,0.030381150000000003,0.0304965,0.0003704486840305957,20,0.00496,0.005184,0.0050544,0.005056,6.19478813197031e-05,20,0.017056,0.017248000000000003,0.017142400000000002,0.017136,5.169758214849148e-05,20,16,16,2048,10944,102400,True,False,False,1824,2,2048,10944,generic,generic,2816,,KERNEL_ONLY,BF16,none
,,,,,,,,,,,,0.009375999999999999,0.019008,0.014227275000000001,0.014288,0.004652921979721452,40,0.036096,0.036801,0.03652205,0.036526,0.00019364696615232528,20,0.013824,0.014144,0.01393605,0.01392,7.326764292646524e-05,20,,,,,,,0.110849,0.11244799999999999,0.11156675,0.1116,0.0003862232353186426,20,0.021504000000000002,0.022528,0.02178245,0.021680000000000005,0.0002879087485645403,20,0.053921000000000004,0.059296999999999996,0.0558579,0.055232,0.0017924302747945311,20,0.029248000000000003,0.030689,0.029700949999999997,0.029648,0.00026752429328941326,20,0.00496,0.005184,0.005049450000000001,0.005056,5.684054450829983e-05,20,0.017024,0.017248000000000003,0.017132800000000004,0.0171195,7.463752407469096e-05,20,16,16,2048,10944,102400,True,False,False,1808,2,2048,10944,generic,generic,2816,,KERNEL_ONLY,BF16,none
,,,,,,,,,,,,0.01024,0.018015999999999997,0.0143073,0.014464500000000002,0.0035617807428307544,40,0.035809999999999995,0.03635300000000001,0.0360529,0.036016,0.00016868488373295365,20,0.014400000000000001,0.01456,0.014476899999999997,0.014464000000000001,4.6717127480186414e-05,20,,,,,,,0.10515200000000001,0.1088,0.10719084999999998,0.10728,0.0011061413686776188,20,0.021503,0.022528,0.0218271,0.021776000000000004,0.0002692034360850536,20,0.054752,0.055488,0.05507065,0.055072,0.0001789436433629319,20,0.029857,0.030977,0.030449750000000005,0.03048,0.0002989722186090208,20,0.00496,0.00528,0.005084900000000001,0.005056,8.971170492193317e-05,20,0.017632000000000002,0.017920000000000002,0.017756950000000004,0.017728,7.49856486269202e-05,20,16,16,2048,10944,102400,True,False,False,1792,2,2048,10944,generic,generic,2816,,KERNEL_ONLY,BF16,none
,,,,,,,,,,,,0.009824,0.017504000000000002,0.013993675,0.014240000000000001,0.0033719479339656185,40,0.03602999999999999,0.03676599999999999,0.036523349999999996,0.036528,0.00016672350614115549,20,0.013023,0.013504,0.013150400000000001,0.01312,9.886172161155202e-05,20,,,,,,,0.111616,0.11295999999999999,0.11219205000000003,0.112192,0.0003319518752771217,20,0.020992,0.022015999999999997,0.021310350000000002,0.021264,0.00022747445460974248,20,0.050369000000000004,0.051040999999999996,0.05064044999999999,0.050593000000000006,0.00014986476403744666,20,0.028576,0.029920000000000002,0.0294273,0.0296,0.0003750484102086026,20,0.004928,0.0051849999999999995,0.0050336,0.005039999999999999,6.271953443704762e-05,20,0.015936,0.016128,0.016014349999999997,0.016,5.678492317508251e-05,20,16,16,2048,10944,102400,True,False,False,1776,2,2048,10944,generic,generic,2816,,KERNEL_ONLY,BF16,none
,,,,,,,,,,,,0.010912000000000002,0.016864,0.0139664,0.014129,0.00270659180335713,40,0.035647,0.036291,0.035811199999999994,0.0357895,0.00013878025796200353,20,0.012992000000000002,0.013216,0.013102449999999998,0.013089,6.107820806146809e-05,20,,,,,,,0.108768,0.110304,0.10917145000000002,0.109104,0.00036608571059247846,20,0.021408000000000003,0.022145,0.021630650000000005,0.021632000000000002,0.0001777144549551325,20,0.049984,0.050625,0.050304100000000004,0.050304,0.00016165175532607178,20,0.029248000000000003,0.030977,0.0301441,0.030128000000000002,0.00049907773943545,20,0.004831,0.0050880000000000005,0.00490715,0.004896,6.960982330102548e-05,20,0.015904,0.016192,0.015996800000000005,0.015968,8.021633250155513e-05,20,16,16,2048,10944,102400,True,False,False,1760,2,2048,10944,generic,generic,2816,,KERNEL_ONLY,BF16,none
,,,,,,,,,,,,0.011231999999999999,0.017088000000000002,0.01418565,0.014399500000000003,0.0024571365097405566,40,0.036095999999999996,0.03644800000000001,0.03618125,0.036145,9.239906655372935e-05,20,0.012959,0.013216,0.01309935,0.01312,6.983142201043898e-05,20,,,,,,,0.10835299999999999,0.109792,0.10897640000000001,0.1088645,0.00034933113230858876,20,0.021055,0.022144,0.021404700000000002,0.021360000000000004,0.00022966847846406775,20,0.049921,0.05056,0.05024175000000001,0.050224000000000005,0.00017033698218531433,20,0.028352000000000002,0.029505,0.028715400000000002,0.028576,0.0003184635614948747,20,0.004895,0.00512,0.00502865,0.005024,6.098710929368612e-05,20,0.015776000000000002,0.016064000000000002,0.015928,0.01592,7.286219870412906e-05,20,16,16,2048,10944,102400,True,False,False,1744,2,2048,10944,generic,generic,2816,,KERNEL_ONLY,BF16,none
,,,,,,,,,,,,0.011616,0.01776,0.014544099999999999,0.014960000000000001,0.0023463438984939957,40,0.03580300000000001,0.036355000000000005,0.0360736,0.0360795,0.0001488742422314885,20,0.014336,0.014528000000000001,0.014406450000000001,0.0144005,4.6991993998978374e-05,20,,,,,,,0.10380800000000001,0.10486400000000001,0.10431545,0.104336,0.00029855978881959455,20,0.020832,0.02176,0.02108625,0.021008,0.00025295748160511077,20,0.054561,0.055616,0.05508670000000001,0.0551205,0.00025554707981113753,20,0.029568,0.030784,0.029974500000000005,0.029968,0.000267491214809009,20,0.004864,0.0050880000000000005,0.00496805,0.00496,7.223951481010939e-05,20,0.01744,0.017856,0.017644899999999998,0.017648000000000004,0.00011292515220268666,20,16,16,2048,10944,102400,True,False,False,1728,2,2048,10944,generic,generic,2816,,KERNEL_ONLY,BF16,none
,,,,,,,,,,,,0.011840999999999999,0.018303999999999997,0.014887349999999999,0.015168000000000001,0.002432771388252501,40,0.035807,0.03628599999999999,0.036016049999999994,0.035997499999999995,0.00011217641240474769,20,0.0128,0.013151999999999999,0.012908850000000003,0.012912,7.592448551027502e-05,20,,,,,,,0.103616,0.10464,0.10415705,0.10425600000000002,0.00035092726810551355,20,0.020576,0.021408000000000003,0.02077425,0.020783000000000003,0.00017928632825734423,20,0.049888,0.053024,0.05057135,0.050128500000000006,0.0008912926160919324,20,0.0272,0.028576,0.02813295,0.0281285,0.0003053673975721712,20,0.004736,0.0050880000000000005,0.0048193,0.004801000000000001,7.035133260997995e-05,20,0.015776000000000002,0.016256,0.015901,0.015872,0.00012064203247624777,20,16,16,2048,10944,102400,True,False,False,1712,2,2048,10944,generic,generic,2816,,KERNEL_ONLY,BF16,none
,,,,,,,,,,,,0.012352,0.019329000000000002,0.015373825000000002,0.0154885,0.0025218468419741513,40,0.035362000000000005,0.03577999999999999,0.03558795000000001,0.035583500000000004,0.00011224592420216997,20,0.013056,0.01328,0.013134449999999997,0.01312,5.576511005996504e-05,20,,,,,,,0.103745,0.104865,0.10451565,0.104576,0.0002609274372311198,20,0.020448,0.020960000000000003,0.020579300000000002,0.020560000000000002,0.0001184116126061967,20,0.049888,0.050881,0.050430550000000005,0.050432000000000005,0.00022636883067242344,20,0.027456,0.028800000000000003,0.028233550000000003,0.028192000000000002,0.00037750132118974123,20,0.004736,0.005024,0.0048416,0.004832,8.707203914001332e-05,20,0.016,0.016256,0.0161057,0.016097,6.404147093875927e-05,20,16,16,2048,10944,102400,True,False,False,1696,2,2048,10944,generic,generic,2816,,KERNEL_ONLY,BF16,none
,,,,,,,,,,,,0.009536,0.019585,0.0142584,0.013680000000000001,0.004047494526247071,40,0.035614999999999994,0.036190999999999994,0.035796850000000005,0.035777,0.00012728129281241668,20,0.0128,0.013184,0.012926400000000001,0.012928,9.065561207117812e-05,20,,,,,,,0.1032,0.10419199999999999,0.10378135000000002,0.10380900000000001,0.00029368406068426594,20,0.020064000000000002,0.021057,0.020344099999999997,0.020288,0.0002620749701898291,20,0.049631999999999996,0.053825000000000005,0.0506721,0.049968,0.0013504121185771408,20,0.027009000000000002,0.028544,0.0281234,0.028224,0.00035221561578101517,20,0.004704,0.00512,0.004760049999999999,0.004736,8.989409046205441e-05,20,0.015744,0.016,0.0158497,0.015872,6.806181014342733e-05,20,16,16,2048,10944,102400,True,False,False,1680,2,2048,10944,generic,generic,2816,,KERNEL_ONLY,BF16,none
,,,,,,,,,,,,0.011553,0.019774999999999997,0.014849625,0.014672000000000001,0.002862487726502071,40,0.035199,0.03567800000000001,0.03544685,0.035424,0.00010659703326078216,20,0.014368,0.014625,0.014511900000000003,0.014528000000000001,8.451384501961827e-05,20,,,,,,,0.103744,0.1048,0.10431695,0.1042885,0.00032340755634338434,20,0.019904,0.020929,0.02012805,0.020048000000000003,0.00024365251383886858,20,0.054912,0.055776000000000006,0.055484849999999995,0.055488499999999996,0.0002042112325510032,20,0.02672,0.028992999999999998,0.027633650000000003,0.0276475,0.0006883132480927562,20,0.004736,0.00496,0.00483685,0.004832,5.477798371608814e-05,20,0.01776,0.018112,0.01795045,0.017952000000000003,9.07796645730742e-05,20,16,16,2048,10944,102400,True,False,False,1664,2,2048,10944,generic,generic,2816,,KERNEL_ONLY,BF16,none
,,,,,,,,,,,,0.010656,0.016449000000000002,0.013752775,0.014208000000000002,0.00257155188055287,40,0.03542399999999999,0.036227,0.035791199999999995,0.0357605,0.00023198461155861144,20,0.012256000000000001,0.012608000000000001,0.012347200000000001,0.012335500000000001,7.388274494088588e-05,20,,,,,,,0.10329600000000001,0.10470399999999999,0.10394425000000003,0.103808,0.00039689518452609034,20,0.019616,0.020448,0.019835150000000003,0.019776500000000002,0.00019994956239011895,20,0.047232,0.047968000000000004,0.04745300000000001,0.047424,0.00017144328508285223,20,0.027008,0.028352000000000002,0.027833649999999998,0.0278715,0.0003307177459707901,20,0.0047350000000000005,0.005023,0.0048048,0.004768,8.169920440249105e-05,20,0.014944,0.015231999999999999,0.015051299999999998,0.0150405,8.105621506090643e-05,20,16,16,2048,10944,102400,True,False,False,1648,2,2048,10944,generic,generic,2816,,KERNEL_ONLY,BF16,none
,,,,,,,,,,,,0.01104,0.01968,0.0143961,0.014048499999999998,0.003095923939634177,40,0.035455,0.03606500000000001,0.0357171,0.0357285,0.00015592046049188002,20,0.012832000000000001,0.013056,0.01296795,0.012975500000000001,6.300037698299838e-05,20,,,,,,,0.103425,0.10617700000000001,0.10440050000000001,0.1042885,0.0007746629266978004,20,0.019264,0.020224,0.019540850000000002,0.019488,0.00023914645617278122,20,0.049600000000000005,0.050209000000000004,0.049845049999999995,0.0498715,0.0001553590921059987,20,0.027104,0.028576,0.028070449999999997,0.02816,0.0003579810714269685,20,0.00464,0.004959,0.0047231999999999994,0.0046879999999999995,8.35581234829983e-05,20,0.015776000000000002,0.016096,0.01593125,0.01592,8.655164643148052e-05,20,16,16,2048,10944,102400,True,False,False,1632,2,2048,10944,generic,generic,2816,,KERNEL_ONLY,BF16,none
,,,,,,,,,,,,0.011519999999999999,0.017184,0.014387925000000001,0.014752500000000002,0.002121380675261986,40,0.035328000000000005,0.036224,0.03572195,0.03567949999999999,0.00022130555234787936,20,0.012192,0.012512,0.01231505,0.012304,7.646991238389114e-05,20,,,,,,,0.09667300000000001,0.097952,0.09739699999999998,0.09740800000000001,0.0002761753066441654,20,0.019552,0.020735,0.01989435,0.0198075,0.0002766192825889041,20,0.046880000000000005,0.04736,0.047120199999999994,0.047136000000000004,0.00011911742106006136,20,0.025728,0.02688,0.02645605,0.026496,0.0002712536589614962,20,0.004608,0.004928,0.004689500000000001,0.00464,9.256160110974744e-05,20,0.01488,0.015136,0.014988999999999999,0.014976000000000001,6.599999999999971e-05,20,16,16,2048,10944,102400,True,False,False,1616,2,2048,10944,generic,generic,2816,,KERNEL_ONLY,BF16,none
,,,,,,,,,,,,0.011488,0.016416,0.0142513,0.014464000000000001,0.002037554713375815,40,0.034976999999999994,0.03533000000000001,0.0351378,0.0351205,9.245301509415533e-05,20,0.014240000000000001,0.014464000000000001,0.0143567,0.014368,6.021719023667574e-05,20,,,,,,,0.10288,0.106241,0.1045636,0.1047045,0.001048479394170434,20,0.018784,0.019456,0.01897605,0.018928,0.00015522966050339726,20,0.054592,0.055136000000000004,0.05483710000000001,0.054817,0.000152472915627662,20,0.026401,0.029376000000000003,0.027531299999999998,0.0275525,0.0008923141319064719,20,0.004608,0.004864,0.004699150000000001,0.0047035,6.505941515261257e-05,20,0.0176,0.017889,0.017729750000000002,0.017744000000000003,0.00010352336692747195,20,16,16,2048,10944,102400,True,False,False,1600,2,2048,10944,generic,generic,2816,,KERNEL_ONLY,BF16,none
,,,,,,,,,,,,0.011936,0.015808,0.014138475000000001,0.014672000000000001,0.0014059023968167204,40,0.035006999999999996,0.03551599999999999,0.035244399999999995,0.0352325,0.00012083931479448104,20,0.01216,0.012352,0.0122448,0.012224,4.985739664282545e-05,20,,,,,,,0.09536,0.096641,0.0958082,0.095856,0.00033623824886529284,20,0.019008,0.019904,0.019457550000000004,0.019487499999999998,0.00021568344280449583,20,0.046496,0.047137,0.0468481,0.0468325,0.00014670852054328608,20,0.02576,0.02656,0.026281699999999998,0.026256,0.0001834044983090652,20,0.004608,0.004896,0.004684950000000001,0.0046405000000000005,7.400842857404823e-05,20,0.014816000000000001,0.015104,0.014971150000000003,0.014976000000000001,5.831489946831707e-05,20,16,16,2048,10944,102400,True,False,False,1584,2,2048,10944,generic,generic,2816,,KERNEL_ONLY,BF16,none
,,,,,,,,,,,,0.00928,0.016960000000000003,0.012929674999999998,0.01296,0.0031132494550509446,40,0.034754999999999994,0.035358999999999995,0.03499335,0.035005999999999995,0.00013542240398102656,20,0.01264,0.012960000000000001,0.012779200000000001,0.012784,7.993722537091219e-05,20,,,,,,,0.09875199999999999,0.100288,0.09941154999999999,0.099296,0.0004143222749261753,20,0.0192,0.019617000000000002,0.019371199999999998,0.01936,9.779754598148212e-05,20,0.047968000000000004,0.048929,0.04828495,0.048272499999999996,0.00023589266097104363,20,0.027105,0.02768,0.027425700000000004,0.0274405,0.00015810063250980372,20,0.004575,0.004832,0.00465105,0.00464,6.964802581552488e-05,20,0.015584,0.016,0.015766449999999998,0.015744,0.00011273396781804518,20,16,16,2048,10944,102400,True,False,False,1568,2,2048,10944,generic,generic,2816,,KERNEL_ONLY,BF16,none
,,,,,,,,,,,,0.00944,0.0176,0.013256825,0.0130715,0.003378840147798502,40,0.035134,0.035872999999999995,0.035345549999999996,0.0353285,0.00016138571033396924,20,0.012128,0.012288,0.0122079,0.012192,4.793422576823386e-05,20,,,,,,,0.09491200000000001,0.09603300000000001,0.09554915,0.0955685,0.0003261438754598946,20,0.01872,0.019744,0.01911705,0.0190565,0.00026349563089356925,20,0.046272,0.04694400000000001,0.046608050000000005,0.0466245,0.00019035584440725835,20,0.025792000000000002,0.026624,0.026256099999999997,0.026272,0.00018970316286240411,20,0.0045119999999999995,0.004704,0.00459675,0.004575999999999999,5.1921936597164984e-05,20,0.014816000000000001,0.015168,0.014924950000000001,0.014912000000000002,9.1750463214089e-05,20,16,16,2048,10944,102400,True,False,False,1552,2,2048,10944,generic,generic,2816,,KERNEL_ONLY,BF16,none
,,,,,,,,,,,,0.008832000000000001,0.01808,0.0131696,0.012496,0.004242937949110263,40,0.03494200000000001,0.035455000000000014,0.03519695,0.035202,0.00013080499799319662,20,0.011712,0.011967,0.011824,0.011808,6.89129886160803e-05,20,,,,,,,0.091776,0.09260800000000001,0.09217625,0.0922085,0.00022070112709272763,20,0.018944,0.019744,0.019145600000000002,0.019104,0.0001731982678897225,20,0.044448,0.045024,0.0447106,0.044719999999999996,0.00014367129149555293,20,0.024384,0.025057,0.024646449999999997,0.024656,0.00019381704646392656,20,0.004575999999999999,0.004865,0.00469115,0.004672,6.682385427375466e-05,20,0.014272,0.014496,0.014411250000000004,0.014432,6.257066005725059e-05,20,16,16,2048,10944,102400,True,False,False,1536,2,2048,10944,generic,generic,2816,,KERNEL_ONLY,BF16,none
,,,,,,,,,,,,0.011167999999999999,0.018656,0.014542549999999998,0.01464,0.002990625569592423,40,0.035328,0.03574399999999999,0.0355313,0.035521,0.00010269717620265792,20,0.011808,0.012096,0.01192955,0.01192,6.199473767990314e-05,20,,,,,,,0.092577,0.093408,0.0928627,0.092769,0.00021914426754994157,20,0.018496,0.019424,0.0189328,0.018944,0.00017087878744888126,20,0.044704,0.045153,0.04497154999999999,0.04496,0.00012664812473937455,20,0.024417,0.025152,0.02488175,0.02488,0.00018039591874540855,20,0.004543999999999999,0.004832,0.004659150000000001,0.00464,6.353367217468236e-05,20,0.014368,0.014624000000000002,0.01450745,0.014496499999999999,6.48478796877741e-05,20,16,16,2048,10944,102400,True,False,False,1520,2,2048,10944,generic,generic,2816,,KERNEL_ONLY,BF16,none
,,,,,,,,,,,,0.011392,0.018463999999999998,0.014791975000000002,0.015120000000000001,0.0030732118254970645,40,0.034530000000000005,0.035199999999999995,0.03491885,0.0349275,0.00015261824104608246,20,0.011616,0.012032000000000001,0.0118369,0.01184,9.757094854514856e-05,20,,,,,,,0.09100799999999999,0.092864,0.09221465,0.092352,0.00046369906997965866,20,0.018305000000000002,0.0192,0.01868165,0.018672,0.00022314440951993352,20,0.044512,0.045055,0.04471529999999999,0.044656,0.00018600782241615435,20,0.024352000000000002,0.025024,0.024734449999999998,0.024736,0.000167028283533059,20,0.0044800000000000005,0.004704,0.0045999000000000005,0.004608,5.709106760255938e-05,20,0.014207000000000001,0.014561000000000001,0.014401500000000001,0.014400000000000001,7.482011761551853e-05,20,16,16,2048,10944,102400,True,False,False,1504,2,2048,10944,generic,generic,2816,,KERNEL_ONLY,BF16,none
,,,,,,,,,,,,0.011393,0.019552,0.015043250000000003,0.015296,0.003235624829534475,40,0.035010000000000006,0.03545500000000001,0.03518625,0.03519799999999999,0.00010439677916487683,20,0.011712,0.011904,0.011809650000000001,0.011808,5.758235406789136e-05,20,,,,,,,0.091296,0.092609,0.09188040000000001,0.091857,0.0003381222264211557,20,0.018144,0.018847000000000003,0.018462549999999998,0.018384499999999998,0.0002336042540280465,20,0.044384,0.044864,0.04464015,0.044688,0.0001356588644357601,20,0.02432,0.025024,0.02470725,0.024704,0.00018107011763402578,20,0.0044800000000000005,0.004704,0.0045761000000000005,0.00456,6.469768156588e-05,20,0.014272,0.014528000000000001,0.014364950000000001,0.0143685,6.844959824571696e-05,20,16,16,2048,10944,102400,True,False,False,1488,2,2048,10944,generic,generic,2816,,KERNEL_ONLY,BF16,none
,,,,,,,,,,,,0.0088,0.018175999999999998,0.0132465,0.0131045,0.004336637170665768,40,0.034369000000000004,0.034912,0.034555,0.034557000000000004,0.00011805676600686635,20,0.011616,0.011872,0.01169115,0.01168,5.838345227887782e-05,20,,,,,,,0.09088,0.09142499999999999,0.09118925,0.0911845,0.0001713758661538991,20,0.018015999999999997,0.01856,0.018171399999999997,0.01816,0.00011678972557549767,20,0.044031999999999995,0.045057,0.04442424999999999,0.044399999999999995,0.0002471133090304936,20,0.024064000000000002,0.025280999999999998,0.024667449999999997,0.024640000000000002,0.00027001990204427427,20,0.004416000000000001,0.004672,0.0045024,0.004496,6.00061663498007e-05,20,0.014112,0.014401,0.014222600000000002,0.014208,6.910745256482844e-05,20,16,16,2048,10944,102400,True,False,False,1472,2,2048,10944,generic,generic,2816,,KERNEL_ONLY,BF16,none
,,,,,,,,,,,,0.009023999999999999,0.018209,0.013540075000000002,0.013696000000000002,0.004113342323388002,40,0.035103,0.035711999999999994,0.035324850000000005,0.035282,0.00016793965434047986,20,0.011648,0.011968,0.01177125,0.011744,9.024404412480639e-05,20,,,,,,,0.09088,0.092352,0.09143215,0.0912645,0.00044686029975821195,20,0.017824000000000003,0.018433,0.01804025,0.018015999999999997,0.00018182460642058237,20,0.044288,0.045056,0.04450105,0.044432,0.00019651042593206075,20,0.024416,0.025184,0.024799999999999996,0.024768000000000002,0.0002028911037970861,20,0.004416000000000001,0.004575999999999999,0.004481550000000001,0.0044800000000000005,4.7810537541424544e-05,20,0.014240000000000001,0.014593,0.0143538,0.014336,0.00010447660025096541,20,16,16,2048,10944,102400,True,False,False,1456,2,2048,10944,generic,generic,2816,,KERNEL_ONLY,BF16,none
,,,,,,,,,,,,0.009313,0.0152,0.012586425000000002,0.012736500000000001,0.0024163397824757595,40,0.03449699999999999,0.035039999999999995,0.034698,0.034672499999999995,0.00012388543094327134,20,0.011583000000000001,0.011808,0.01169425,0.01168,6.448866179414798e-05,20,,,,,,,0.085857,0.086785,0.08633474999999999,0.086352,0.00023533887800361315,20,0.017984000000000003,0.01872,0.0183266,0.018256,0.00020344591418851342,20,0.043776,0.049408,0.044899449999999994,0.0440645,0.0016149594259609122,20,0.024704,0.025249,0.0249616,0.024927500000000002,0.00015377138875616626,20,0.004352000000000001,0.004543999999999999,0.004428949999999999,0.004416000000000001,5.004445523731839e-05,20,0.014176000000000001,0.014368,0.01426405,0.014272,6.385646012738242e-05,20,16,16,2048,10944,102400,True,False,False,1440,2,2048,10944,generic,generic,2816,,KERNEL_ONLY,BF16,none
,,,,,,,,,,,,0.010304,0.015328,0.012926474999999998,0.013152,0.0021594431340915183,40,0.03475,0.035199,0.03501095,0.035039,0.00012285661357859298,20,0.011616,0.011872,0.01175055,0.0117605,7.40523294704496e-05,20,,,,,,,0.08592000000000001,0.086976,0.08652820000000001,0.086576,0.00028621698062833174,20,0.017568,0.018688,0.01793275,0.017920000000000002,0.0002123341411549257,20,0.043808,0.04448,0.0440402,0.044031999999999995,0.00014493088007736568,20,0.023072,0.023936,0.0236096,0.023648,0.00018842701504826745,20,0.004383,0.004481,0.004420800000000001,0.004416000000000001,2.9279002715256566e-05,20,0.014176000000000001,0.014752000000000001,0.014345749999999999,0.01432,0.00012682384436690146,20,16,16,2048,10944,102400,True,False,False,1424,2,2048,10944,generic,generic,2816,,KERNEL_ONLY,BF16,none
,,,,,,,,,,,,0.008960000000000001,0.014496,0.011551225000000002,0.011567999999999998,0.0024489667054443595,40,0.03456000000000001,0.034977,0.0347851,0.03479750000000001,9.955947970936693e-05,20,0.011167999999999999,0.011519999999999999,0.011288,0.011264,8.798295289429639e-05,20,,,,,,,0.091489,0.102113,0.09566755,0.09547249999999999,0.003023804581566078,20,0.016896,0.017952000000000003,0.0173456,0.017328000000000003,0.000288145692315537,20,0.041153,0.051425,0.0484051,0.048368,0.0026899522467880347,20,0.02416,0.024832999999999997,0.024555249999999997,0.02456,0.00018314116822822733,20,0.00432,0.0044480000000000006,0.00436815,0.004353,3.429617325591894e-05,20,0.013375999999999999,0.013632,0.013515300000000003,0.013504,6.49962306599389e-05,20,16,16,2048,10944,102400,True,False,False,1408,2,2048,10944,generic,generic,2816,,KERNEL_ONLY,BF16,none
,,,,,,,,,,,,0.008992000000000002,0.015104,0.011712825,0.01168,0.0024871193466287464,40,0.034781000000000006,0.035358999999999995,0.03494075,0.034914,0.0001316863223725215,20,0.011104,0.011648,0.011228899999999997,0.0112005,0.00011171432316404212,20,,,,,,,0.08592100000000001,0.08688,0.08642765,0.08644850000000001,0.00025909520933432633,20,0.016991,0.018241,0.01736165,0.0172485,0.00032288562603497844,20,0.040352,0.040896999999999996,0.040561749999999994,0.040544,0.00013936530235320415,20,0.02272,0.023392,0.023217500000000005,0.0232645,0.00014961701106491876,20,0.004288,0.004608,0.004422550000000001,0.004416000000000001,7.672579422853812e-05,20,0.013344,0.013696,0.0134848,0.0134555,9.011692404870447e-05,20,16,16,2048,10944,102400,True,False,False,1392,2,2048,10944,generic,generic,2816,,KERNEL_ONLY,BF16,none
,,,,,,,,,,,,0.0096,0.016768,0.012192025,0.011824,0.002557998011018578,40,0.034498999999999995,0.034882,0.034704,0.034689,9.443992799658475e-05,20,0.011231999999999999,0.011519999999999999,0.0113328,0.011295999999999999,6.96466797485711e-05,20,,,,,,,0.086176,0.087393,0.08668975000000001,0.0866565,0.00028059416868495403,20,0.016864,0.01744,0.017076700000000004,0.0170885,0.00014716728576691214,20,0.043999,0.050784,0.048132699999999994,0.048544,0.0015916473887139693,20,0.024352000000000002,0.025057,0.024728099999999996,0.02472,0.00020734968049167542,20,0.004256,0.0045119999999999995,0.00434565,0.004336,5.7812001349200836e-05,20,0.013536,0.013889,0.01362085,0.0136,7.541238293543063e-05,20,16,16,2048,10944,102400,True,False,False,1376,2,2048,10944,generic,generic,2816,,KERNEL_ONLY,BF16,none
,,,,,,,,,,,,0.009856,0.016672,0.01245615,0.012144499999999999,0.002388626923045958,40,0.03449500000000001,0.034913,0.03474615,0.0347215,0.00011427785218492616,20,0.011136,0.011456,0.011219200000000002,0.0112,7.179596088917509e-05,20,,,,,,,0.085408,0.08707200000000001,0.08628985,0.08624,0.0003579475205948512,20,0.016576,0.017184,0.016899250000000005,0.016928000000000002,0.0001451808785618826,20,0.040128000000000004,0.040736,0.0403776,0.0403675,0.00015754377169536107,20,0.022848,0.023393,0.0231714,0.0232005,0.00014718131674910372,20,0.004256,0.004384000000000001,0.0043056,0.0043040000000000005,3.57426915606534e-05,20,0.01328,0.013824,0.01348175,0.013472,0.00011447745411215253,20,16,16,2048,10944,102400,True,False,False,1360,2,2048,10944,generic,generic,2816,,KERNEL_ONLY,BF16,none
,,,,,,,,,,,,0.009888000000000001,0.017632000000000002,0.013194475,0.012272000000000002,0.003079096109148755,40,0.0344,0.035201,0.0346754,0.03468850000000001,0.0001888055613587706,20,0.0112,0.01136,0.0112928,0.011295999999999999,4.835969396098387e-05,20,,,,,,,0.091073,0.100384,0.09517315000000001,0.0952005,0.002845583705938025,20,0.016064000000000002,0.016704,0.016320050000000003,0.016256,0.00016652701732751933,20,0.040768,0.051168,0.0480913,0.048768000000000006,0.0026811246166487668,20,0.024128,0.024929,0.0245617,0.024512500000000003,0.00018152357973552622,20,0.004191,0.0044480000000000006,0.00427185,0.004255500000000001,7.95099207646443e-05,20,0.013407,0.013728,0.01355845,0.0135365,8.108420006388421e-05,20,16,16,2048,10944,102400,True,False,False,1344,2,2048,10944,generic,generic,2816,,KERNEL_ONLY,BF16,none
,,,,,,,,,,,,0.009696,0.017568,0.0133466,0.0122245,0.003179656819532573,40,0.03459100000000001,0.03503699999999999,0.03478055,0.034752500000000006,0.00010432759702015419,20,0.010944,0.012352,0.01139045,0.011088500000000001,0.0004722788874171699,20,,,,,,,0.07968000000000001,0.080832,0.080245,0.08014399999999999,0.00033044091756318433,20,0.016512000000000002,0.017216000000000002,0.016779300000000004,0.016768,0.00014988131971663471,20,0.039488,0.048416,0.04419530000000001,0.044832,0.0031667925271479337,20,0.021472,0.022463999999999998,0.02207035,0.022079500000000002,0.00022764825389183082,20,0.004192,0.004384000000000001,0.0042656000000000005,0.004256,4.536893210116367e-05,20,0.01312,0.014112,0.0133635,0.0132485,0.0002968973728411889,20,16,16,2048,10944,102400,True,False,False,1328,2,2048,10944,generic,generic,2816,,KERNEL_ONLY,BF16,none
,,,,,,,,,,,,0.009632,0.018175,0.013670425000000003,0.013264000000000001,0.00345006997673598,40,0.034209,0.034654,0.034411649999999995,0.034401999999999995,0.00010311123847573496,20,0.011103,0.011424,0.01124785,0.011264,7.348555980599176e-05,20,,,,,,,0.07887999999999999,0.08022499999999999,0.07961770000000001,0.07964750000000001,0.0003342916540986327,20,0.016416,0.017249,0.016678449999999997,0.016576,0.0002210016911699999,20,0.040352,0.051361,0.04458905,0.0439195,0.003874089060346961,20,0.021376000000000003,0.022368,0.02209465,0.022112,0.00023218619144987825,20,0.004128000000000001,0.004288,0.00417915,0.004176000000000001,4.223538208658693e-05,20,0.013344,0.013632,0.013463899999999997,0.013456,6.632111277715424e-05,20,16,16,2048,10944,102400,True,False,False,1312,2,2048,10944,generic,generic,2816,,KERNEL_ONLY,BF16,none
,,,,,,,,,,,,0.010144,0.019136,0.013783275000000001,0.0126885,0.0033259336207108825,40,0.034238,0.034877000000000005,0.034505850000000005,0.034481,0.0001772891071103918,20,0.010976000000000001,0.012512,0.0116688,0.011567500000000001,0.000493126616600646,20,,,,,,,0.078048,0.08204800000000001,0.07879045000000003,0.0786085,0.0008378105677896417,20,0.016,0.016896,0.0163887,0.016352000000000002,0.0002180357998127831,20,0.041856000000000004,0.050017000000000006,0.04504355,0.045056,0.002152601901769113,20,0.021792000000000002,0.02256,0.022269,0.0222405,0.0001921853272234899,20,0.004192,0.004416000000000001,0.00425455,0.004256,4.9972467419570214e-05,20,0.012927,0.01392,0.01318715,0.0131195,0.00023428492802568415,20,16,16,2048,10944,102400,True,False,False,1296,2,2048,10944,generic,generic,2816,,KERNEL_ONLY,BF16,none
,,,,,,,,,,,,0.007424000000000001,0.013953,0.01089215,0.0110245,0.0029515378834600783,40,0.03401799999999999,0.03475,0.03431235,0.034319,0.00015010405557479116,20,0.010368,0.010719,0.010502400000000002,0.010496,7.650908442792897e-05,20,,,,,,,0.074625,0.077504,0.07598915,0.0759205,0.0008840494485604289,20,0.016512000000000002,0.01744,0.0170369,0.017056,0.0002295806829853068,20,0.03728,0.037759,0.0374962,0.037488499999999994,0.00011874114703842117,20,0.024192,0.025056000000000002,0.024553750000000003,0.0245435,0.00016763170195401592,20,0.004128000000000001,0.004352000000000001,0.004232100000000001,0.004224,4.9527669034591184e-05,20,0.012544000000000001,0.012736,0.012654400000000001,0.01264,6.269242378469675e-05,20,16,16,2048,10944,102400,True,False,False,1280,2,2048,10944,generic,generic,2816,,KERNEL_ONLY,BF16,none
,,,,,,,,,,,,0.007296,0.014464000000000001,0.010797625,0.01072,0.0033118149985129,40,0.03411,0.034690000000000006,0.0343862,0.0343685,0.00015062058292278742,20,0.010336,0.010688000000000001,0.010438500000000002,0.0104315,8.911761890894552e-05,20,,,,,,,0.077696,0.082592,0.0784884,0.0782405,0.0010159938188788347,20,0.015584,0.017056,0.01596965,0.015872,0.0003689344487846048,20,0.037088,0.037503999999999996,0.03724009999999999,0.037247999999999996,9.803718682214345e-05,20,0.021664000000000003,0.022272,0.021937650000000003,0.021936000000000004,0.00017042689781838927,20,0.004097000000000001,0.00432,0.004169750000000001,0.0041595,5.819611241311552e-05,20,0.012512,0.012928,0.012659300000000002,0.012656,8.952658822941927e-05,20,16,16,2048,10944,102400,True,False,False,1264,2,2048,10944,generic,generic,2816,,KERNEL_ONLY,BF16,none
,,,,,,,,,,,,0.007328,0.015777,0.011265599999999999,0.011008,0.003713399202886757,40,0.033759000000000004,0.03436699999999999,0.03407345,0.03405,0.00013503609702594246,20,0.010336,0.010688000000000001,0.0104385,0.010432,8.259509670676605e-05,20,,,,,,,0.074784,0.07859300000000001,0.0768147,0.07659250000000001,0.0010948060604508902,20,0.015712,0.016864,0.016254400000000002,0.016239999999999997,0.00027934340872839644,20,0.037088,0.037664,0.03724345,0.0372005,0.0001448707958837811,20,0.021696000000000003,0.022047999999999998,0.021925,0.021936000000000004,8.172637273242816e-05,20,0.004128000000000001,0.004256,0.004172800000000001,0.0041600000000000005,4.570514194267412e-05,20,0.012416,0.013023999999999999,0.01262885,0.012608500000000002,0.00012193370124785017,20,16,16,2048,10944,102400,True,False,False,1248,2,2048,10944,generic,generic,2816,,KERNEL_ONLY,BF16,none
,,,,,,,,,,,,0.008897,0.014208,0.011217625,0.011023999999999999,0.0020855763674281986,40,0.033984,0.034430999999999996,0.034254450000000006,0.034269999999999995,0.00010501546314709865,20,0.010336,0.011744,0.01099855,0.010736,0.0005279883024272411,20,,,,,,,0.077632,0.08227200000000001,0.0785603,0.07836900000000001,0.0009109503883307833,20,0.015072,0.016255,0.01554875,0.0155525,0.000286773756644502,20,0.036929000000000003,0.03776,0.0371155,0.037057,0.00017752760348745757,20,0.020575,0.021088000000000003,0.020796949999999998,0.020768000000000002,0.00014170584850315863,20,0.0041600000000000005,0.004352000000000001,0.00421765,0.0042075,5.0229747162413567e-05,20,0.012736,0.01312,0.012935950000000002,0.0129605,0.00010755904192581821,20,16,16,2048,10944,102400,True,False,False,1232,2,2048,10944,generic,generic,2816,,KERNEL_ONLY,BF16,none
,,,,,,,,,,,,0.007328,0.013952,0.010685650000000001,0.01088,0.003124896578688645,40,0.03379100000000001,0.034273,0.033993899999999994,0.03397,0.00013865745562356078,20,0.010304,0.010592,0.01044805,0.010464000000000001,6.964012851797449e-05,20,,,,,,,0.077409,0.081024,0.0792706,0.079408,0.0011326576888009902,20,0.015072,0.016097,0.01550415,0.0153755,0.00029732999764571375,20,0.036896,0.037536,0.03711375,0.037072,0.00016611167177534519,20,0.02416,0.024801,0.024469099999999997,0.024448,0.0001542980557233306,20,0.004128000000000001,0.00432,0.004192,0.004192,4.630550723186166e-05,20,0.012416,0.012864,0.0126447,0.01264,0.00011057852413556646,20,16,16,2048,10944,102400,True,False,False,1216,2,2048,10944,generic,generic,2816,,KERNEL_ONLY,BF16,none
,,,,,,,,,,,,0.009856,0.016289,0.012500050000000002,0.011888,0.0024434437373305738,40,0.033856000000000004,0.034144999999999995,0.033998549999999995,0.034016,7.940306983989951e-05,20,0.009952,0.01072,0.0101569,0.0101445,0.00016007026582098258,20,,,,,,,0.07776000000000001,0.086112,0.08041770000000001,0.07950400000000002,0.002319081975696416,20,0.014752000000000001,0.016224,0.015217750000000002,0.015119500000000001,0.0003711845733593995,20,0.036641,0.03712,0.0369041,0.0369125,0.0001262707012730976,20,0.020384,0.020992,0.020667150000000002,0.020624000000000003,0.0001578829550648202,20,0.004095,0.004288,0.0041679,0.0041600000000000005,4.848185227484618e-05,20,0.012321,0.012704000000000002,0.012518500000000002,0.0125125,9.180604555256706e-05,20,16,16,2048,10944,102400,True,False,False,1200,2,2048,10944,generic,generic,2816,,KERNEL_ONLY,BF16,none
,,,,,,,,,,,,0.009824,0.014592,0.011833699999999999,0.0118405,0.0015234110771554733,40,0.033568999999999995,0.034082,0.03373475,0.033696500000000004,0.00013520202476294518,20,0.010176000000000001,0.01056,0.0103744,0.010384000000000001,8.3870972332506e-05,20,,,,,,,0.079168,0.085664,0.0823282,0.082112,0.0016792970434083415,20,0.014592,0.015424,0.0149408,0.014944,0.00020307895016470775,20,0.036512,0.037247999999999996,0.0367936,0.036768,0.00015396928265079223,20,0.021408000000000003,0.02624,0.0218656,0.021648,0.0010195532551073529,20,0.003936,0.004192,0.00401595,0.004,6.436184817110213e-05,20,0.012256000000000001,0.012705000000000001,0.012493,0.012512,0.00011237437430304143,20,16,16,2048,10944,102400,True,False,False,1184,2,2048,10944,generic,generic,2816,,KERNEL_ONLY,BF16,none
,,,,,,,,,,,,0.010848000000000002,0.016928000000000002,0.013450424999999998,0.012848,0.002283352687250702,40,0.033951,0.034303,0.034117100000000004,0.034128000000000006,9.123042255739029e-05,20,0.00992,0.010145,0.010004949999999999,0.0099845,5.84024614207312e-05,20,,,,,,,0.07744100000000001,0.083968,0.0804387,0.08055999999999999,0.0016818875735315965,20,0.014398999999999999,0.015328,0.014716749999999997,0.014672000000000001,0.0002680044542540289,20,0.036448,0.036832000000000004,0.03663224999999999,0.03664,0.00011074018015156051,20,0.020224,0.022976,0.02092635,0.020576,0.0007744028844858469,20,0.003968,0.004288,0.0040751500000000005,0.004064,7.45374234864609e-05,20,0.012224,0.012544000000000001,0.012371350000000001,0.012384000000000001,9.571691334346297e-05,20,16,16,2048,10944,102400,True,False,False,1168,2,2048,10944,generic,generic,2816,,KERNEL_ONLY,BF16,none
,,,,,,,,,,,,0.009824,0.014624000000000002,0.011849624999999999,0.0115355,0.0017363111283335713,40,0.03324400000000001,0.033920000000000006,0.03364485,0.0336635,0.00015829411707324879,20,0.00976,0.011551,0.01055835,0.0104155,0.0006090024035256345,20,,,,,,,0.06905599999999999,0.076832,0.0715394,0.0700805,0.002541614888215759,20,0.013056,0.015712,0.015051150000000003,0.015056,0.0005198681828117585,20,0.036353,0.04288,0.03777765,0.036592,0.0020120880267771586,20,0.019456,0.020032,0.01972795,0.019728000000000002,0.00014680070674216795,20,0.004,0.004224,0.00405605,0.0040485,5.3315546513188844e-05,20,0.011904,0.012320000000000001,0.012027399999999999,0.012016,0.00010037449875341868,20,16,16,2048,10944,102400,True,False,False,1152,2,2048,10944,generic,generic,2816,,KERNEL_ONLY,BF16,none
,,,,,,,,,,,,0.009921,0.014272,0.0119089,0.011776000000000002,0.0016711869105518987,40,0.033986,0.034367999999999996,0.0341587,0.03417300000000001,9.295918459194801e-05,20,0.009536,0.010017,0.0096563,0.009632499999999999,9.811987566237528e-05,20,,,,,,,0.069184,0.079616,0.07240495,0.07176,0.0029194426604233904,20,0.014368,0.015007999999999999,0.014702450000000002,0.014704000000000002,0.00014299387224633075,20,0.033664,0.035552,0.033927949999999985,0.033807500000000004,0.00040867107494903547,20,0.01936,0.019712,0.019596750000000003,0.0196155,9.015923413605531e-05,20,0.003968,0.0041600000000000005,0.00405275,0.0040475,5.474200854919381e-05,20,0.011424,0.011712,0.0115536,0.011552,8.434654705439924e-05,20,16,16,2048,10944,102400,True,False,False,1136,2,2048,10944,generic,generic,2816,,KERNEL_ONLY,BF16,none
,,,,,,,,,,,,0.008480000000000001,0.012576,0.0105745,0.010655500000000002,0.0018583763612357966,40,0.033344000000000006,0.033791999999999996,0.03356455,0.0335535,0.00011564491990571689,20,0.009536,0.009952,0.00967855,0.0096485,0.00010971803634772196,20,,,,,,,0.069024,0.07366400000000001,0.07024995,0.0696325,0.0014078660971484486,20,0.014240000000000001,0.015072,0.014507350000000002,0.014512,0.00017330472440184652,20,0.038976,0.044768999999999996,0.042190500000000006,0.042800000000000005,0.0016843451991797886,20,0.019264,0.020064000000000002,0.019704199999999998,0.019728000000000002,0.0001896021096929043,20,0.003968,0.004128000000000001,0.0040193,0.004,4.4456832995614946e-05,20,0.011808,0.01216,0.01198245,0.011984,0.00010096755667044758,20,16,16,2048,10944,102400,True,False,False,1120,2,2048,10944,generic,generic,2816,,KERNEL_ONLY,BF16,none
,,,,,,,,,,,,0.008672000000000001,0.01264,0.01070485,0.010735999999999999,0.0017709353961960332,40,0.0336,0.034114,0.033891550000000006,0.033904500000000004,0.0001897006787020025,20,0.009536,0.009951000000000002,0.0096722,0.009664,9.25216731366227e-05,20,,,,,,,0.068928,0.080128,0.07184499999999999,0.0704005,0.0029598033718475293,20,0.013536,0.014432,0.014113549999999999,0.014144,0.00021356626020980015,20,0.033568,0.039264,0.03686095,0.0379365,0.0021758059995091476,20,0.01936,0.01984,0.019574449999999997,0.019568000000000002,0.00011293337637740264,20,0.003936,0.0041600000000000005,0.0040352,0.004032,5.437149988734909e-05,20,0.011488,0.011936,0.01170085,0.011696,0.00012382175697348181,20,16,16,2048,10944,102400,True,False,False,1104,2,2048,10944,generic,generic,2816,,KERNEL_ONLY,BF16,none
,,,,,,,,,,,,0.009248,0.017344000000000002,0.012578525000000002,0.012144499999999999,0.0029505668945772096,40,0.033344,0.033599,0.033473199999999995,0.03347200000000001,7.636334199077366e-05,20,0.010176000000000001,0.011265,0.010726500000000002,0.010864000000000002,0.0003394294477501916,20,,,,,,,0.069121,0.07251300000000001,0.07069475,0.07081599999999999,0.0008403101733883739,20,0.0136,0.01392,0.01377745,0.013776,9.725660645940745e-05,20,0.035393,0.03616,0.0357025,0.035727999999999996,0.00016385222000326843,20,0.019201,0.022175,0.019828900000000003,0.019632,0.0006315253676615059,20,0.003904,0.004128000000000001,0.0039999,0.004,5.153823823143362e-05,20,0.011904,0.012833,0.012368,0.012304,0.00026730693967796666,20,16,16,2048,10944,102400,True,False,False,1088,2,2048,10944,generic,generic,2816,,KERNEL_ONLY,BF16,none
,,,,,,,,,,,,0.009408,0.012704000000000002,0.011221625,0.0112955,0.001298907111526841,40,0.03356800000000001,0.034012,0.033791749999999995,0.0337905,0.00010339771515850678,20,0.009216,0.009664,0.009359949999999999,0.009311999999999999,0.00012083065629218456,20,,,,,,,0.069216,0.080064,0.0732129,0.07224,0.0029910244549317864,20,0.011904,0.014240000000000001,0.0133696,0.0136,0.0006063641150332033,20,0.033472,0.042144,0.03888969999999999,0.0395045,0.002591957196791645,20,0.019296,0.022495,0.01980485,0.019535999999999998,0.0009052415299244726,20,0.003935,0.004096,0.0039999499999999995,0.004,4.172466297047815e-05,20,0.01136,0.011776,0.011558400000000002,0.011584,0.0001134082889386839,20,16,16,2048,10944,102400,True,False,False,1072,2,2048,10944,generic,generic,2816,,KERNEL_ONLY,BF16,none
,,,,,,,,,,,,0.010112,0.012992000000000002,0.011427375,0.0112645,0.0010448785739859922,40,0.033088000000000006,0.03344300000000001,0.03326130000000001,0.033278,8.533879539810808e-05,20,0.009504,0.009824,0.009635150000000002,0.009615499999999999,8.027843732908613e-05,20,,,,,,,0.06944,0.0808,0.07372514999999999,0.073552,0.0032936207777307914,20,0.013184,0.013888000000000001,0.013454500000000003,0.013408,0.00016206989233043907,20,0.04352,0.047744,0.04589130000000001,0.04624,0.0011831099737556101,20,0.019424,0.01984,0.019607950000000002,0.019615,9.95964231285442e-05,20,0.003711,0.003904,0.0037872500000000003,0.003776,5.8310269249935636e-05,20,0.011776,0.012192,0.01193765,0.011936,0.00010087976754533101,20,16,16,2048,10944,102400,True,False,False,1056,2,2048,10944,generic,generic,2816,,KERNEL_ONLY,BF16,none
,,,,,,,,,,,,0.008736,0.013472,0.010980825,0.010832000000000001,0.0015424476634151967,40,0.03350499999999999,0.034016,0.03371825,0.0337265,0.00011900709012491691,20,0.009311999999999999,0.00976,0.009502449999999999,0.009472,0.00012733910436311396,20,,,,,,,0.05872,0.059712,0.059141,0.059105,0.0002709760136986299,20,0.013056,0.014048,0.01345115,0.013456,0.00023926016697310918,20,0.043424,0.047712000000000004,0.045553750000000004,0.045552499999999996,0.0010257962699776212,20,0.0176,0.01856,0.018268799999999995,0.0182885,0.00022191047744529732,20,0.00368,0.003872,0.0037727500000000005,0.003775,4.9404326733596765e-05,20,0.011264,0.011584,0.01139835,0.0113755,9.84425086027376e-05,20,16,16,2048,10944,102400,True,False,False,1040,2,2048,10944,generic,generic,2816,,KERNEL_ONLY,BF16,none
,,,,,,,,,,,,0.007679,0.01184,0.009552775000000001,0.009552,0.0017415943196895766,40,0.033085,0.033407000000000006,0.033193000000000014,0.0331515,9.076948826560659e-05,20,0.008864,0.009375999999999999,0.009065750000000001,0.009056,0.00011409990140223571,20,,,,,,,0.059585,0.062208,0.06097305000000001,0.061072,0.0007493269296508705,20,0.013473,0.01392,0.013709100000000002,0.0136645,0.00013421732377007076,20,0.032512,0.037888,0.035094499999999994,0.034512,0.0016371016614737158,20,0.017856,0.018368,0.01815705,0.0181445,0.00011149684973128138,20,0.003776,0.004224,0.003982450000000001,0.004,0.00015357912455799477,20,0.010719,0.011041,0.010852950000000002,0.010848000000000002,7.271689968638653e-05,20,16,16,2048,10944,102400,True,False,False,1024,2,2048,10944,generic,generic,2816,,KERNEL_ONLY,BF16,none
,,,,,,,,,,,,0.00768,0.011647000000000001,0.009555999999999999,0.0096005,0.001714900857192625,40,0.033601000000000006,0.03404700000000001,0.03378735000000001,0.03379200000000001,0.00011800943818186648,20,0.008896000000000001,0.009408,0.0091041,0.009087999999999999,0.00011814605367933333,20,,,,,,,0.060256000000000004,0.064128,0.06161285,0.061712,0.0009268724979736969,20,0.013344,0.013888000000000001,0.013620849999999999,0.013616,0.00017507206373376682,20,0.030495,0.031072,0.03065285,0.030624,0.00015831117301062474,20,0.017888,0.018337,0.0180928,0.01808,0.00012167974358947279,20,0.003743,0.004352000000000001,0.003987200000000001,0.003984,0.0001823830035940851,20,0.010368,0.010976000000000001,0.010607950000000003,0.010592,0.00012734224554326046,20,16,16,2048,10944,102400,True,False,False,1016,2,2048,10944,generic,generic,2816,,KERNEL_ONLY,BF16,none
,,,,,,,,,,,,0.00912,0.011776,0.010369675,0.010544000000000001,0.0009928764622927665,40,0.033343000000000005,0.034080999999999986,0.03361765,0.0335535,0.00018460830831790623,20,0.008864,0.00928,0.009104049999999999,0.009151999999999999,0.00012981851755431456,20,,,,,,,0.068736,0.08873600000000001,0.07677465,0.077392,0.005694059854576522,20,0.012384000000000001,0.013505000000000001,0.012867250000000002,0.012896000000000001,0.0002353261300833377,20,0.033441000000000005,0.036544,0.0347058,0.0344645,0.001045165757188781,20,0.017855,0.01824,0.0180257,0.018000000000000002,0.00011769328782899961,20,0.003648,0.00384,0.0037184500000000003,0.0037120000000000005,4.702603002593349e-05,20,0.010688000000000001,0.011007999999999999,0.01081945,0.010816000000000001,8.153249352252144e-05,20,16,16,2048,10944,102400,True,False,False,1008,2,2048,10944,generic,generic,2816,,KERNEL_ONLY,BF16,none
,,,,,,,,,,,,0.009119,0.012512,0.010478425,0.01056,0.0011889827771565914,40,0.033247000000000006,0.033827,0.033556600000000006,0.033566,0.00014250628056334852,20,0.008896000000000001,0.009344,0.00909925,0.009056,0.00010906826990467917,20,,,,,,,0.069569,0.087264,0.0789172,0.0794565,0.004902209028591091,20,0.012224,0.013216,0.0126864,0.012704000000000002,0.0002371582593965473,20,0.030369,0.036545,0.033936100000000004,0.033872,0.002051286447573815,20,0.017408000000000003,0.017792000000000002,0.017568049999999998,0.017536000000000003,9.911633316462061e-05,20,0.00368,0.0038079999999999998,0.0037486999999999998,0.0037440000000000004,3.828981587837668e-05,20,0.010432,0.010751,0.01057435,0.0105755,7.925041009357631e-05,20,16,16,2048,10944,102400,True,False,False,1000,2,2048,10944,generic,generic,2816,,KERNEL_ONLY,BF16,none
,,,,,,,,,,,,0.009151999999999999,0.012928,0.010829700000000001,0.010672500000000001,0.001292384950392104,40,0.03293000000000001,0.033760000000000005,0.03320185000000001,0.033182500000000004,0.00016401989970732167,20,0.008831,0.009311999999999999,0.00896645,0.008944,0.00013009630086977818,20,,,,,,,0.061696,0.065152,0.0633522,0.06332800000000001,0.0008659017034282806,20,0.012896000000000001,0.013632,0.013344149999999999,0.0133765,0.00017724172054005795,20,0.030303999999999998,0.034592,0.0315554,0.030656,0.0015606936406611005,20,0.017855,0.018335999999999998,0.0181041,0.018112,0.00012646023090284104,20,0.003552,0.0041600000000000005,0.00382225,0.003776,0.00017483788920025318,20,0.01056,0.010784,0.01069595,0.010704000000000002,6.553890066212588e-05,20,16,16,2048,10944,102400,True,False,False,992,2,2048,10944,generic,generic,2816,,KERNEL_ONLY,BF16,none
,,,,,,,,,,,,0.009248,0.013248,0.011107200000000001,0.0108475,0.0014009503595773837,40,0.03356900000000001,0.03408100000000001,0.03375225,0.033729,0.00013335136857190545,20,0.008864,0.009216,0.009011300000000002,0.0089925,9.239269451639502e-05,20,,,,,,,0.068288,0.087297,0.07708489999999998,0.07761599999999999,0.005253060687827622,20,0.012064,0.012768000000000002,0.0125345,0.012560000000000002,0.0001804689724024607,20,0.033631999999999995,0.039296,0.03683695000000001,0.037087999999999996,0.00169767312740115,20,0.017472,0.018015999999999997,0.017670450000000004,0.0176315,0.00014004623343739009,20,0.00368,0.0038079999999999998,0.0037394499999999996,0.0037440000000000004,3.392266941147156e-05,20,0.010496,0.010816000000000001,0.010688099999999997,0.010688000000000001,7.088152086404459e-05,20,16,16,2048,10944,102400,True,False,False,984,2,2048,10944,generic,generic,2816,,KERNEL_ONLY,BF16,none
,,,,,,,,,,,,0.009311999999999999,0.012896000000000001,0.011276775,0.011231500000000002,0.0011737598026747213,40,0.033312,0.033918,0.03352310000000001,0.033519,0.0001473169711879785,20,0.0088,0.009311999999999999,0.008998349999999999,0.0089925,0.00012291715706116806,20,,,,,,,0.068705,0.088608,0.08173620000000001,0.08224000000000001,0.004767743634047453,20,0.011936,0.012928,0.012272199999999999,0.012256000000000001,0.00022719190126410766,20,0.036544,0.041153,0.0377649,0.037344,0.0013511234177527981,20,0.01776,0.018144,0.01793275,0.017920000000000002,0.00010143316765239989,20,0.0036160000000000003,0.003745,0.0036896500000000013,0.0036805,3.523389703112619e-05,20,0.010624000000000001,0.011072,0.01089445,0.010864000000000002,0.00012033016039214719,20,16,16,2048,10944,102400,True,False,False,976,2,2048,10944,generic,generic,2816,,KERNEL_ONLY,BF16,none
,,,,,,,,,,,,0.008831,0.012480000000000002,0.010643274999999999,0.011199999999999998,0.0014129882693692118,40,0.033184000000000005,0.03372700000000001,0.03342455000000001,0.033406000000000005,0.00012936091952363326,20,0.008864,0.009279,0.0090447,0.009056,0.00012014828338349212,20,,,,,,,0.06899200000000001,0.085345,0.07718254999999999,0.075776,0.005266642312470063,20,0.012064,0.012832000000000001,0.012373000000000002,0.012384000000000001,0.00017799101100898342,20,0.03024,0.038304000000000005,0.0359489,0.0359205,0.001959011202111923,20,0.017311,0.018049,0.0175248,0.017488000000000004,0.0001682080854180315,20,0.0036160000000000003,0.00384,0.0037519500000000004,0.0037440000000000004,5.4384257832574945e-05,20,0.010432,0.010913,0.010556949999999999,0.010544000000000001,0.00012062689376751796,20,16,16,2048,10944,102400,True,False,False,968,2,2048,10944,generic,generic,2816,,KERNEL_ONLY,BF16,none
,,,,,,,,,,,,0.007136,0.011231999999999999,0.0092312,0.0093115,0.0018529249202274764,40,0.03279900000000001,0.033280000000000004,0.03297625,0.032992,0.00011571338513758764,20,0.008864,0.009375999999999999,0.00907525,0.009023999999999999,0.00012455676416798852,20,,,,,,,0.053953,0.059201000000000004,0.05643704999999999,0.0566725,0.0015042644539774257,20,0.012287000000000001,0.013568,0.012924850000000002,0.01288,0.0003214069499870837,20,0.038079999999999996,0.04396800000000001,0.04058255,0.0406565,0.001854994244600237,20,0.016352000000000002,0.016960000000000003,0.016670449999999996,0.016655999999999997,0.0001278039416450058,20,0.003647,0.0037440000000000004,0.003687950000000001,0.00368,2.6609161955988136e-05,20,0.010656,0.010911,0.010785600000000003,0.0107845,8.176576300628515e-05,20,16,16,2048,10944,102400,True,False,False,960,2,2048,10944,generic,generic,2816,,KERNEL_ONLY,BF16,none
,,,,,,,,,,,,0.006976,0.011328,0.009164825,0.00928,0.0019224194506857755,40,0.033215,0.033889,0.033574400000000004,0.033662,0.00016869184923996676,20,0.008608000000000001,0.009184,0.0088529,0.008832000000000001,0.00015384696942091482,20,,,,,,,0.055553,0.056192,0.05586420000000001,0.05584000000000001,0.00015456862553571454,20,0.0112,0.011969,0.0114402,0.011408,0.00018524027639798025,20,0.032256,0.034753,0.03330885,0.033296,0.0006852665375603855,20,0.016704,0.017024,0.016840100000000004,0.0168485,8.399160672352948e-05,20,0.0036160000000000003,0.003776,0.00365915,0.003648,3.6885329061836966e-05,20,0.009952,0.010593,0.0101921,0.01016,0.00017228897236909853,20,16,16,2048,10944,102400,True,False,False,952,2,2048,10944,generic,generic,2816,,KERNEL_ONLY,BF16,none
,,,,,,,,,,,,0.007136,0.011231999999999999,0.00921125,0.009232500000000001,0.0018653625887478282,40,0.033121000000000005,0.033633,0.0332881,0.03324900000000001,0.00012143389148009702,20,0.008672000000000001,0.009375999999999999,0.008908700000000002,0.0089275,0.00016697427945644748,20,,,,,,,0.055456000000000005,0.055968000000000004,0.05570590000000001,0.055712500000000005,0.00013149558927964033,20,0.010976000000000001,0.011648,0.0112302,0.011184,0.00019197567554250214,20,0.036288,0.041856000000000004,0.040483200000000004,0.040944,0.0016343873041601864,20,0.01648,0.017216000000000002,0.016977700000000002,0.017008000000000002,0.00016823914526649256,20,0.003648,0.003776,0.003697550000000001,0.0036955,3.581267233815428e-05,20,0.010304,0.010784,0.010483200000000002,0.010464000000000001,0.00012192932379046469,20,16,16,2048,10944,102400,True,False,False,944,2,2048,10944,generic,generic,2816,,KERNEL_ONLY,BF16,none
,,,,,,,,,,,,0.009536,0.011231,0.010608825,0.010976000000000001,0.0006062412427202558,40,0.033183,0.033664,0.0333755,0.03339,0.00013020080644911598,20,0.008608000000000001,0.009153000000000001,0.00885615,0.0088,0.00013549069156218777,20,,,,,,,0.05552000000000001,0.055969000000000005,0.0556867,0.055648,0.0001346172722944569,20,0.010976000000000001,0.011712,0.01124795,0.011216,0.0002442264267027627,20,0.03264,0.035137,0.03361940000000001,0.033472,0.0007148335750368757,20,0.016736,0.017185,0.017030550000000005,0.0170405,0.00011029618080423241,20,0.003584,0.003776,0.00367355,0.003648,5.1038686307545166e-05,20,0.010048,0.010400000000000001,0.010171250000000003,0.0101285,9.719304244646353e-05,20,16,16,2048,10944,102400,True,False,False,936,2,2048,10944,generic,generic,2816,,KERNEL_ONLY,BF16,none
,,,,,,,,,,,,0.007265,0.011424,0.009263225,0.009312,0.0018340042460078983,40,0.032671000000000006,0.03315300000000001,0.03284165000000001,0.032831500000000007,0.00012663304268633997,20,0.01008,0.011041,0.01052815,0.010399499999999999,0.00031200549274011197,20,,,,,,,0.055264,0.055904,0.05560975000000001,0.055648500000000004,0.00015396456572861237,20,0.010368,0.011808,0.0111457,0.01112,0.00026815296008062255,20,0.031424,0.040128000000000004,0.0377106,0.03784,0.0019740731090818297,20,0.016736,0.01808,0.0170929,0.017024499999999998,0.00032649684531400923,20,0.003584,0.0037770000000000004,0.0036720500000000005,0.003648,5.1575648323603373e-05,20,0.011553,0.012192,0.0118113,0.011808,0.00014512480835474,20,16,16,2048,10944,102400,True,False,False,928,2,2048,10944,generic,generic,2816,,KERNEL_ONLY,BF16,none
,,,,,,,,,,,,0.009375999999999999,0.011231999999999999,0.010488800000000001,0.0107995,0.0006483686914094478,40,0.033279,0.033826,0.033576499999999995,0.0335695,0.00017311629039463565,20,0.008576,0.009184,0.0089073,0.008896000000000001,0.00015190658313582022,20,,,,,,,0.055232,0.056001,0.0556353,0.0556325,0.00019779309896960468,20,0.010912000000000002,0.01184,0.01122725,0.0112,0.000255999975585936,20,0.034848,0.038624000000000006,0.036267150000000005,0.0361595,0.0010072269989927795,20,0.016736,0.018688,0.017038449999999997,0.016896500000000002,0.00045661301722574614,20,0.003425,0.00368,0.0035168500000000006,0.00352,5.7963156401286515e-05,20,0.010081,0.010817,0.0104241,0.010448,0.00017732735265604143,20,16,16,2048,10944,102400,True,False,False,920,2,2048,10944,generic,generic,2816,,KERNEL_ONLY,BF16,none
,,,,,,,,,,,,0.009216,0.011167999999999999,0.010472799999999999,0.010896000000000001,0.0006913369005051009,40,0.033183,0.033886999999999994,0.03355324999999999,0.033631,0.0002271615889625688,20,0.00864,0.009345000000000001,0.00893285,0.008928,0.00019378087495932069,20,,,,,,,0.053216,0.053952,0.05349285,0.053456500000000004,0.00018339200500567087,20,0.0112,0.011999000000000001,0.011496,0.011424,0.00022351420536511802,20,0.039136000000000004,0.042753,0.040547299999999994,0.040368,0.000895209757542889,20,0.016032,0.016448,0.0162337,0.0162405,9.862459125390584e-05,20,0.00352,0.003648,0.003560050000000001,0.003552,3.495350483141855e-05,20,0.010432,0.011743,0.011254299999999998,0.011295999999999999,0.00035812680715076306,20,16,16,2048,10944,102400,True,False,False,912,2,2048,10944,generic,generic,2816,,KERNEL_ONLY,BF16,none
,,,,,,,,,,,,0.009216,0.011231999999999999,0.010511224999999999,0.010848,0.0006846794683463203,40,0.03289900000000001,0.033791999999999996,0.03335420000000001,0.033390500000000004,0.00021801665074025708,20,0.0088,0.009888000000000001,0.009075200000000002,0.008944,0.0002864670312618886,20,,,,,,,0.053152000000000005,0.054752,0.05342254999999999,0.0533435,0.00032794595210186735,20,0.011073000000000001,0.011744,0.011320199999999999,0.011249,0.00018391427350806646,20,0.03424,0.043456,0.03975055000000001,0.039712000000000004,0.0023043566667293506,20,0.016224,0.016672,0.016369800000000004,0.0163685,0.00012327595061487054,20,0.00352,0.0036160000000000003,0.0035552,0.003552,2.838943465446259e-05,20,0.010336,0.011744,0.011230550000000002,0.0112485,0.00036413808850489657,20,16,16,2048,10944,102400,True,False,False,904,2,2048,10944,generic,generic,2816,,KERNEL_ONLY,BF16,none
,,,,,,,,,,,,0.008671,0.011616,0.010247174999999999,0.010207999999999998,0.0011248145822201096,40,0.03293,0.03356800000000001,0.03310125,0.033089,0.00013837300134058017,20,0.008992000000000002,0.009375999999999999,0.009192,0.009216,8.396249162572524e-05,20,,,,,,,0.062241,0.064289,0.06302279999999999,0.0630245,0.0006051635811910693,20,0.011072,0.012001,0.011470499999999998,0.011424,0.000211473757237157,20,0.02944,0.03008,0.029700900000000002,0.0296485,0.00019622484552166174,20,0.016609000000000002,0.020512000000000002,0.017580950000000005,0.016848000000000002,0.0011851638483770925,20,0.00352,0.003679,0.0035599,0.003552,3.8804510047158165e-05,20,0.010176000000000001,0.010816000000000001,0.0104898,0.010496,0.00012202401403002609,20,16,16,2048,10944,102400,True,False,False,896,2,2048,10944,generic,generic,2816,,KERNEL_ONLY,BF16,none
,,,,,,,,,,,,0.008704000000000002,0.011456,0.010258525,0.010272,0.0009866116760787903,40,0.03318800000000001,0.033758,0.03342225,0.033424,0.00013239217310702232,20,0.008448,0.008832000000000001,0.008633499999999999,0.0086075,0.00011562460810744414,20,,,,,,,0.05296,0.053473,0.05325145,0.053264,0.00013533198993586132,20,0.011007999999999999,0.012032000000000001,0.01125615,0.011216,0.00020950829935828346,20,0.03312,0.035456,0.0342495,0.034288,0.0006213838990511431,20,0.016128,0.0184,0.016694499999999998,0.016368,0.0007224642897749342,20,0.003457,0.00368,0.00352475,0.00352,4.657883102869799e-05,20,0.009760999999999999,0.010176000000000001,0.009916900000000003,0.009904,9.142477782308278e-05,20,16,16,2048,10944,102400,True,False,False,888,2,2048,10944,generic,generic,2816,,KERNEL_ONLY,BF16,none
,,,,,,,,,,,,0.008576,0.012544000000000001,0.010673625,0.010367999999999999,0.001320509554821547,40,0.03337500000000001,0.033887,0.03362235,0.0336475,0.00012273845159525186,20,0.008480000000000001,0.008928,0.0086864,0.008672000000000001,0.00011863574503495961,20,,,,,,,0.053248,0.054240000000000003,0.05365285000000001,0.0536,0.00023672563760606966,20,0.010976000000000001,0.012096,0.01121115,0.011136,0.0002364752154032217,20,0.033313,0.036607999999999995,0.034748850000000005,0.0345435,0.0009303624172869396,20,0.016192,0.019072,0.016851349999999998,0.016352000000000002,0.0008979247894450841,20,0.003392,0.0036160000000000003,0.0034944499999999996,0.003488,5.49349387912648e-05,20,0.009792,0.010369,0.0100896,0.01008,0.00013489306876189003,20,16,16,2048,10944,102400,True,False,False,880,2,2048,10944,generic,generic,2816,,KERNEL_ONLY,BF16,none
,,,,,,,,,,,,0.008512,0.012448,0.01057445,0.010352,0.0013698376902027479,40,0.033085,0.033760000000000005,0.0334256,0.033473,0.00017933638783024377,20,0.008512,0.009377000000000002,0.0088178,0.008832000000000001,0.00022844925038178628,20,,,,,,,0.052927999999999996,0.05376,0.0532113,0.0532,0.0001718616012959272,20,0.01088,0.011295999999999999,0.010998400000000002,0.010960000000000001,0.00011497756302861804,20,0.034784,0.037729,0.03632825,0.036144499999999996,0.0007341037307492715,20,0.016224,0.019328,0.017729650000000003,0.018015999999999997,0.001227018715219943,20,0.003392,0.003648,0.0034703499999999997,0.003456,5.942833919940895e-05,20,0.010176000000000001,0.010496,0.01032315,0.010336,7.048281705493885e-05,20,16,16,2048,10944,102400,True,False,False,872,2,2048,10944,generic,generic,2816,,KERNEL_ONLY,BF16,none
,,,,,,,,,,,,0.0088,0.01264,0.0105144,0.010752,0.0014975999265491432,40,0.0328,0.033311,0.0329727,0.032960500000000004,0.00012138373037602705,20,0.008544000000000001,0.009408,0.00889615,0.008928,0.0002122042117866654,20,,,,,,,0.050368,0.050944,0.050617850000000006,0.050528500000000004,0.00020348372785065636,20,0.010848000000000002,0.011839,0.0113007,0.011295999999999999,0.0002337120236530418,20,0.035777,0.037152000000000004,0.0364785,0.036576,0.0003859547253240974,20,0.015519999999999999,0.015968,0.015750599999999997,0.015745,0.00011987301614625368,20,0.003488,0.0036160000000000003,0.0035633000000000006,0.0035830000000000002,3.0734508292796844e-05,20,0.010624000000000001,0.011105,0.010923300000000002,0.010912500000000002,0.00011278523839581088,20,16,16,2048,10944,102400,True,False,False,864,2,2048,10944,generic,generic,2816,,KERNEL_ONLY,BF16,none
,,,,,,,,,,,,0.008448,0.013409,0.010971275,0.0107365,0.0016311424828551922,40,0.033088000000000006,0.03376200000000001,0.0333164,0.0332635,0.00017568648212085033,20,0.009504,0.010752000000000001,0.0100561,0.0101285,0.0004122621617369224,20,,,,,,,0.050336,0.051072000000000006,0.05066265,0.050625,0.00020054532530079116,20,0.01072,0.011264,0.0109537,0.0109765,0.0001413266075443681,20,0.035168,0.03968,0.037905549999999996,0.038592,0.0014334024373845614,20,0.01536,0.016064000000000002,0.015652950000000006,0.0156,0.0002232445911998766,20,0.003488,0.0036160000000000003,0.0035519,0.003552,3.195293413757177e-05,20,0.011264,0.011616,0.011399949999999999,0.01136,9.648651460178243e-05,20,16,16,2048,10944,102400,True,False,False,856,2,2048,10944,generic,generic,2816,,KERNEL_ONLY,BF16,none
,,,,,,,,,,,,0.008384,0.01344,0.011234425000000001,0.011088,0.0016093727798042938,40,0.03312,0.033630999999999994,0.03332310000000001,0.033298,0.0001234989473639345,20,0.008704000000000002,0.009216,0.008987099999999998,0.009007499999999998,0.00014941549451111095,20,,,,,,,0.050432000000000005,0.050881,0.050718549999999994,0.05072,0.0001351904120120942,20,0.010624000000000001,0.011488,0.01087365,0.010832000000000001,0.00019212008614405684,20,0.036576000000000004,0.038944000000000006,0.038200200000000004,0.038336499999999996,0.0006102800668545548,20,0.015393,0.017088000000000002,0.015921650000000002,0.0158235,0.0003686025332251536,20,0.00352,0.003648,0.00356625,0.003552,3.106585746442547e-05,20,0.010656,0.011104,0.010904050000000002,0.010912000000000002,0.00010607566874641876,20,16,16,2048,10944,102400,True,False,False,848,2,2048,10944,generic,generic,2816,,KERNEL_ONLY,BF16,none
,,,,,,,,,,,,0.008576,0.014048,0.011301575,0.011248000000000001,0.001938809775190697,40,0.032769000000000006,0.033474000000000004,0.03296670000000001,0.032945,0.00015135260156336872,20,0.008832000000000001,0.009184,0.0089872,0.008992000000000002,9.27936420235779e-05,20,,,,,,,0.050368,0.05104,0.05070414999999999,0.0507205,0.00017396588027541443,20,0.010400000000000001,0.011231,0.010704100000000001,0.010672000000000001,0.00020105369929449167,20,0.028161000000000002,0.029184,0.028640250000000006,0.028560000000000002,0.0002942655051140041,20,0.015519999999999999,0.017920000000000002,0.016139249999999997,0.015744,0.0006899101300169471,20,0.003456,0.0036160000000000003,0.0035360500000000002,0.00352,3.990046992204476e-05,20,0.010752000000000001,0.011072,0.010892700000000002,0.0108795,7.991251466447493e-05,20,16,16,2048,10944,102400,True,False,False,840,2,2048,10944,generic,generic,2816,,KERNEL_ONLY,BF16,none
,,,,,,,,,,,,0.008864,0.014464000000000001,0.011463275,0.011584,0.0022835505795525965,40,0.032772,0.033214,0.0330004,0.032994,0.0001189842006318483,20,0.010624000000000001,0.012928,0.011745750000000001,0.011776,0.00048630883962765887,20,,,,,,,0.065633,0.08294499999999999,0.07487395000000001,0.0736965,0.0048898335909824155,20,0.010336,0.011104,0.0108176,0.010864000000000002,0.00021810281978919927,20,0.02944,0.034145,0.03009755,0.02976,0.001020735101532224,20,0.016576,0.020512000000000002,0.0174624,0.01688,0.0013019753607499648,20,0.003488,0.00368,0.0035377,0.00352,5.116649294215888e-05,20,0.013504,0.01456,0.0139569,0.013984,0.00029441482639296524,20,16,16,2048,10944,102400,True,False,False,832,2,2048,10944,generic,generic,2816,,KERNEL_ONLY,BF16,none
,,,,,,,,,,,,0.009056,0.013759,0.011254450000000001,0.01144,0.0018663749348670543,40,0.03321500000000001,0.033697,0.033495050000000005,0.0335195,0.00012507656655025106,20,0.008064,0.008672000000000001,0.0083936,0.0083835,0.00013908572895879746,20,,,,,,,0.049984,0.050752000000000005,0.0503042,0.050304,0.00020678940978686495,20,0.010401,0.010944,0.0107121,0.0107205,0.00014475976650989752,20,0.03232,0.034016,0.0332112,0.033280500000000005,0.0004935450941909961,20,0.015361000000000001,0.018784,0.01668495,0.0168805,0.0011727979141778861,20,0.003488,0.003648,0.0035360500000000002,0.0035355000000000004,4.4776640115131405e-05,20,0.009344,0.00976,0.009572799999999998,0.009568,9.720576114613791e-05,20,16,16,2048,10944,102400,True,False,False,824,2,2048,10944,generic,generic,2816,,KERNEL_ONLY,BF16,none
,,,,,,,,,,,,0.008992000000000002,0.013632,0.01113445,0.011168,0.0019287386934211698,40,0.033055,0.033569,0.033386650000000004,0.03340850000000001,0.00013794392882617167,20,0.008192,0.008608000000000001,0.008358500000000001,0.008352,0.00010926412952108314,20,,,,,,,0.04784000000000001,0.048417,0.04813305,0.048144,0.00017716079560670136,20,0.009824,0.011167999999999999,0.010631950000000001,0.01072,0.0004010798517751797,20,0.033984,0.035168,0.0344193,0.034384,0.0003371581379708934,20,0.01472,0.015041,0.0148785,0.014880500000000001,8.740451933395658e-05,20,0.003455,0.003552,0.0035023500000000004,0.003504,3.716755978000175e-05,20,0.009984,0.010592,0.0102128,0.0101925,0.00014872074502234067,20,16,16,2048,10944,102400,True,False,False,816,2,2048,10944,generic,generic,2816,,KERNEL_ONLY,BF16,none
,,,,,,,,,,,,0.008864,0.013728,0.011056825000000001,0.011231999999999999,0.0019118180468797234,40,0.032893000000000006,0.033377000000000004,0.033087950000000005,0.033042,0.00012332699420645798,20,0.008256000000000001,0.009056,0.00853465,0.0084645,0.00022298167525606216,20,,,,,,,0.047937,0.048479999999999995,0.0481985,0.048192,0.00012964972040077703,20,0.01024,0.010944,0.010603400000000002,0.01064,0.0001853727056499958,20,0.032672,0.03536,0.034136050000000015,0.034096,0.000769540673064134,20,0.014784,0.016672,0.015161699999999997,0.015007999999999999,0.00042681964575216045,20,0.003424,0.003552,0.003496,0.003488,3.1851216617266e-05,20,0.010112,0.010464000000000001,0.010255900000000002,0.010224,8.605167052416825e-05,20,16,16,2048,10944,102400,True,False,False,808,2,2048,10944,generic,generic,2816,,KERNEL_ONLY,BF16,none
,,,,,,,,,,,,0.008288,0.010272,0.00938165,0.009824,0.0007145920357098866,40,0.032448,0.033184000000000005,0.032829000000000004,0.032863500000000004,0.00018306856638975407,20,0.00976,0.010368,0.01002405,0.010016,0.0001550717495226003,20,,,,,,,0.049664,0.050496000000000006,0.0501331,0.050112500000000004,0.00017357387476230429,20,0.009888000000000001,0.010464000000000001,0.010198249999999999,0.010192,0.00016143694589529375,20,0.040704000000000004,0.04208100000000001,0.04133925,0.0413445,0.00031568083169556017,20,0.015616,0.020192,0.01784165,0.0178245,0.0017070776864278909,20,0.003424,0.003648,0.0035056999999999996,0.003489,4.797197098306472e-05,20,0.012128,0.012736,0.01243045,0.012432499999999999,0.0001769323246328946,20,16,16,2048,10944,102400,True,False,False,800,2,2048,10944,generic,generic,2816,,KERNEL_ONLY,BF16,none
,,,,,,,,,,,,0.008193,0.011744,0.01012885,0.009952,0.0012338289701170093,40,0.032801000000000004,0.033440000000000004,0.03321745000000001,0.033264,0.0001566657189687646,20,0.00816,0.008448,0.008300749999999999,0.008288,7.038741009584024e-05,20,,,,,,,0.047776000000000006,0.048512,0.048099249999999996,0.04808,0.0001669083206433987,20,0.009472,0.010112,0.00975995,0.009744,0.0001678956446725168,20,0.03264,0.034273000000000005,0.0332369,0.0331525,0.0003743905581074394,20,0.01488,0.016608,0.0155474,0.0151845,0.0006754967357434085,20,0.003232,0.0033290000000000004,0.00326725,0.003264,3.188710554440458e-05,20,0.009632,0.00992,0.0097568,0.009728,8.276810980081654e-05,20,16,16,2048,10944,102400,True,False,False,792,2,2048,10944,generic,generic,2816,,KERNEL_ONLY,BF16,none
,,,,,,,,,,,,0.008128,0.01008,0.009356800000000002,0.0097755,0.0006750617453240851,40,0.03267200000000001,0.03334500000000001,0.032942400000000004,0.03289650000000001,0.00016735782025349138,20,0.008543,0.009184,0.008840100000000002,0.0088325,0.00014922261892890074,20,,,,,,,0.047424,0.04784000000000001,0.04758575,0.047584,0.0001241945550336257,20,0.009504,0.010176000000000001,0.0097553,0.009744,0.00016352250609625598,20,0.026497,0.029408000000000004,0.027665699999999998,0.027488,0.000986755749919909,20,0.014944,0.017472,0.0162288,0.016288,0.0007395583546955579,20,0.0031680000000000002,0.003328,0.0032289500000000004,0.003232,3.185667120086458e-05,20,0.011295999999999999,0.011776,0.0115057,0.0115045,0.00011012906065158289,20,16,16,2048,10944,102400,True,False,False,784,2,2048,10944,generic,generic,2816,,KERNEL_ONLY,BF16,none
,,,,,,,,,,,,0.008064,0.012001,0.0103337,0.010048000000000001,0.0013099494684910562,40,0.032703,0.03315,0.03287795,0.032863,0.00012802518306958185,20,0.008480000000000001,0.008864,0.00859525,0.0085605,0.00010086370754637154,20,,,,,,,0.047744,0.04832,0.04792010000000001,0.047888,0.00015096519466419934,20,0.009472,0.009983,0.0096689,0.009664,0.0001311555946195206,20,0.026463999999999998,0.0304,0.0278993,0.02728,0.001295801416112825,20,0.015744,0.017889,0.016708800000000003,0.016640000000000002,0.0006956525425814236,20,0.0032,0.003328,0.0032464500000000006,0.003232,3.979004272427954e-05,20,0.010591,0.010912000000000002,0.0107712,0.010784,8.073388384067776e-05,20,16,16,2048,10944,102400,True,False,False,776,2,2048,10944,generic,generic,2816,,KERNEL_ONLY,BF16,none
,,,,,,,,,,,,0.008384,0.013344,0.01109365,0.010832000000000001,0.0018850676983864533,40,0.032576,0.032959999999999996,0.03275055,0.032766,0.00012667654676379338,20,0.007872,0.008320000000000001,0.008056049999999999,0.008064,0.00011357881624669299,20,,,,,,,0.045439,0.046112,0.0457297,0.045696,0.00018302488901785998,20,0.009408,0.00992,0.009678399999999998,0.009664,0.00013665994292403312,20,0.033696,0.037952,0.0359584,0.035568,0.001309653060928732,20,0.014111,0.014656,0.014339100000000002,0.014304,0.0001292698340681228,20,0.0032,0.003328,0.0032401,0.003232,3.49898556727517e-05,20,0.009343,0.009856,0.00956785,0.009568,0.000144566342901797,20,16,16,2048,10944,102400,True,False,False,768,2,2048,10944,generic,generic,2816,,KERNEL_ONLY,BF16,none
,,,,,,,,,,,,0.008224,0.010016,0.00926005,0.009536,0.0005590610856605919,40,0.03261000000000001,0.033347,0.03307665,0.033088,0.0001711222589261826,20,0.007872,0.008352,0.00806565,0.0080165,0.00015851507026147413,20,,,,,,,0.045376,0.046656,0.045742500000000005,0.0456805,0.00026181739819958503,20,0.009375999999999999,0.009856,0.00958085,0.009568,0.00012572282012427192,20,0.029888,0.032192,0.031211200000000005,0.031376,0.0007263714339096766,20,0.014240000000000001,0.015519999999999999,0.0145169,0.014400000000000001,0.0003293511651717659,20,0.0032,0.003392,0.0032529000000000004,0.003232,4.5556448500733665e-05,20,0.009087999999999999,0.009505000000000001,0.009223949999999998,0.009184,0.00011237503058954006,20,16,16,2048,10944,102400,True,False,False,760,2,2048,10944,generic,generic,2816,,KERNEL_ONLY,BF16,none
,,,,,,,,,,,,0.008288,0.013504,0.011049650000000001,0.010768,0.0020627596630485097,40,0.032799999999999996,0.033407,0.0330783,0.033057,0.00014421757867888463,20,0.007776,0.008352,0.0080609,0.0080485,0.0001452617981439032,20,,,,,,,0.04528,0.046112,0.045574550000000005,0.045551999999999995,0.00019680357593295858,20,0.009344,0.009888000000000001,0.00956645,0.009536,0.00015091536535422767,20,0.030784,0.032799999999999996,0.0317552,0.0318085,0.0005424561364755676,20,0.014144,0.01632,0.01468805,0.014416000000000002,0.0006085497904855444,20,0.0031680000000000002,0.003264,0.0032258,0.003232,2.777336853894382e-05,20,0.009344,0.009791000000000001,0.0094737,0.00944,0.00010906378867433532,20,16,16,2048,10944,102400,True,False,False,752,2,2048,10944,generic,generic,2816,,KERNEL_ONLY,BF16,none
,,,,,,,,,,,,0.008352,0.01024,0.009286475,0.009583999999999999,0.0005630415609659732,40,0.03254200000000001,0.033214999999999995,0.0328634,0.032897499999999996,0.0002087418022342403,20,0.007968,0.00864,0.00825785,0.008256000000000001,0.00016262849535059981,20,,,,,,,0.043808,0.044351999999999996,0.04402905,0.0440165,0.00012509655271029563,20,0.009183,0.00976,0.0094448,0.009455999999999999,0.00016428103968504698,20,0.031584,0.033953000000000004,0.032790400000000004,0.032896,0.0007767485693581931,20,0.014239000000000002,0.016832,0.014644850000000001,0.0143685,0.0007328830244315934,20,0.0031680000000000002,0.003392,0.0032415,0.003232,5.633693282385892e-05,20,0.00976,0.009984999999999999,0.0098785,0.0098875,6.242715755182212e-05,20,16,16,2048,10944,102400,True,False,False,744,2,2048,10944,generic,generic,2816,,KERNEL_ONLY,BF16,none
,,,,,,,,,,,,0.007936,0.013472,0.0109353,0.010752000000000001,0.002026081071921852,40,0.032352000000000006,0.032673,0.032533999999999993,0.032542000000000015,9.797397613652113e-05,20,0.007936,0.008576,0.008304,0.0083195,0.00017243694499729479,20,,,,,,,0.045088,0.046177,0.0454594,0.04542450000000001,0.0002624895045520865,20,0.009248,0.009824,0.009414450000000001,0.009392,0.00016612298907737018,20,0.032096,0.03472,0.0330656,0.03304,0.0006530623553689188,20,0.014176000000000001,0.017376000000000003,0.0154304,0.0152645,0.0010113519367658324,20,0.0031680000000000002,0.00336,0.0032337500000000005,0.003232,3.84537059332387e-05,20,0.010176000000000001,0.010624000000000001,0.0104464,0.0104325,0.00010397326579462619,20,16,16,2048,10944,102400,True,False,False,736,2,2048,10944,generic,generic,2816,,KERNEL_ONLY,BF16,none
,,,,,,,,,,,,0.008256000000000001,0.00976,0.009088,0.009184000000000001,0.0005268777372408132,40,0.03282900000000001,0.033218000000000004,0.033045099999999994,0.03302350000000001,0.00011633481851964857,20,0.008097,0.008863,0.00839515,0.008368,0.00020254537146032254,20,,,,,,,0.043584000000000005,0.044224,0.043833699999999996,0.0437605,0.0001649403225412142,20,0.008993000000000001,0.009345000000000001,0.0092161,0.009216,0.00010453846182147517,20,0.033631999999999995,0.037313000000000006,0.03567845,0.035728,0.0008386241395881718,20,0.014048,0.014304,0.014187250000000002,0.014208,8.303184630007953e-05,20,0.0031680000000000002,0.003264,0.0032208000000000002,0.003232,2.9002758489495347e-05,20,0.009983,0.010304,0.010134500000000001,0.0101435,9.068434263973036e-05,20,16,16,2048,10944,102400,True,False,False,728,2,2048,10944,generic,generic,2816,,KERNEL_ONLY,BF16,none
,,,,,,,,,,,,0.007904,0.00992,0.009073524999999999,0.009375999999999999,0.0005652229643025837,40,0.032734,0.033278999999999996,0.032965100000000004,0.03300700000000001,0.0001538063392711761,20,0.008192,0.008929000000000001,0.008517050000000002,0.008512500000000001,0.00019736754419103503,20,,,,,,,0.04256,0.043712,0.04292820000000001,0.04288,0.00023107436032584805,20,0.00912,0.009696,0.00930735,0.009264,0.00016680805586062115,20,0.033280000000000004,0.037152000000000004,0.0352387,0.035104,0.0009554509982202119,20,0.013569000000000001,0.014176000000000001,0.013766500000000001,0.013744,0.00015092100582755197,20,0.0031360000000000003,0.00336,0.0031983999999999997,0.0031680000000000002,6.819340144031522e-05,20,0.010048,0.010336,0.010171249999999998,0.0101605,7.024590735409434e-05,20,16,16,2048,10944,102400,True,False,False,720,2,2048,10944,generic,generic,2816,,KERNEL_ONLY,BF16,none
,,,,,,,,,,,,0.008192,0.009759,0.0091361,0.009408,0.000488283667554015,40,0.03244800000000001,0.032958999999999995,0.032751600000000006,0.03276950000000001,0.00016205289259991457,20,0.008224,0.008928,0.00856805,0.008592,0.00021890830843072177,20,,,,,,,0.042527999999999996,0.043040999999999996,0.042796999999999995,0.04281600000000001,0.00014076647328110524,20,0.008992000000000002,0.009473,0.0092849,0.009344,0.00014440529768675376,20,0.03481600000000001,0.037856,0.03637775,0.036512,0.0007649435845211065,20,0.013504,0.014144,0.013750300000000002,0.013696,0.00018583974278931845,20,0.0031680000000000002,0.003328,0.00321765,0.003232,3.420712645049266e-05,20,0.010816000000000001,0.011295999999999999,0.0110417,0.0110565,0.0001244528424745689,20,16,16,2048,10944,102400,True,False,False,712,2,2048,10944,generic,generic,2816,,KERNEL_ONLY,BF16,none
,,,,,,,,,,,,0.0066879999999999995,0.011136,0.008827175000000001,0.008624,0.0019185775966520096,40,0.03238200000000001,0.03270700000000001,0.03253930000000001,0.032511000000000005,9.887573008580037e-05,20,0.0088,0.010176000000000001,0.009424100000000001,0.009455999999999999,0.00043761180285728117,20,,,,,,,0.045088,0.04624,0.045552300000000004,0.0455045,0.00030641183071154424,20,0.009056,0.00976,0.009286550000000001,0.0092485,0.0001740596090424196,20,0.035839,0.038368000000000006,0.03671524999999999,0.036416,0.0006742996273912675,20,0.01408,0.017248000000000003,0.0148784,0.014304,0.0011579170263883334,20,0.0031360000000000003,0.003392,0.0032,0.0032,4.957418683145488e-05,20,0.011072,0.011519999999999999,0.011299199999999999,0.011295999999999999,0.00012430671743715214,20,16,16,2048,10944,102400,True,False,False,704,2,2048,10944,generic,generic,2816,,KERNEL_ONLY,BF16,none
,,,,,,,,,,,,0.006785,0.011167999999999999,0.0088,0.008608,0.0018939356245659463,40,0.03270200000000001,0.033281,0.03290910000000001,0.032879500000000006,0.00014363422294146885,20,0.007647999999999999,0.008256000000000001,0.007959900000000002,0.007968,0.00016743264317330744,20,,,,,,,0.041472,0.042656,0.041971350000000004,0.041936,0.0003324432695964828,20,0.008928,0.009504,0.0092128,0.009184,0.0001493755669445307,20,0.029024,0.031136,0.030091100000000003,0.029999500000000002,0.0005809910412390188,20,0.0136,0.014432,0.01385925,0.013808,0.0002360726318318159,20,0.0031680000000000002,0.003264,0.0032143000000000007,0.0032,3.5738074934164995e-05,20,0.008704000000000002,0.00928,0.008988850000000001,0.008992,0.00013027865327827073,20,16,16,2048,10944,102400,True,False,False,696,2,2048,10944,generic,generic,2816,,KERNEL_ONLY,BF16,none
,,,,,,,,,,,,0.00672,0.011648,0.0088752,0.008608,0.002000171870115166,40,0.032419,0.032928000000000006,0.032668550000000005,0.03268600000000001,0.00013467014331320845,20,0.007712,0.008192,0.0079295,0.007952,0.0001389771563962942,20,,,,,,,0.042272,0.043136,0.0425985,0.042544,0.0002428685858648665,20,0.008927,0.009375,0.009147249999999999,0.0091515,0.00011978767674514743,20,0.030337,0.031712,0.031086549999999998,0.031136,0.00028138451894160776,20,0.013312,0.014848000000000002,0.01407985,0.013904,0.0005201724017092799,20,0.0031360000000000003,0.003264,0.0031776000000000005,0.0031680000000000002,3.052605444534218e-05,20,0.009375999999999999,0.010016,0.00959845,0.009536,0.00015300995882621502,20,16,16,2048,10944,102400,True,False,False,688,2,2048,10944,generic,generic,2816,,KERNEL_ONLY,BF16,none
,,,,,,,,,,,,0.006816,0.009375999999999999,0.008096025,0.008208,0.0010214445038155523,40,0.03232,0.032899000000000005,0.0326352,0.032607500000000005,0.00014507570437533634,20,0.007968,0.008352,0.0081345,0.00816,0.00010296188615210996,20,,,,,,,0.041504,0.042592,0.04204020000000001,0.042096,0.00031305999425030305,20,0.008832000000000001,0.009344,0.0091071,0.009136,0.00013021900782911802,20,0.030816,0.032896,0.03178400000000001,0.031743999999999994,0.0004219725109530241,20,0.013568,0.016064000000000002,0.01469915,0.014704000000000002,0.0006053314195546105,20,0.0031349999999999998,0.003232,0.0031791,0.0031680000000000002,2.7278013124126137e-05,20,0.009184,0.009792,0.009497499999999997,0.009504,0.00011873773620883987,20,16,16,2048,10944,102400,True,False,False,680,2,2048,10944,generic,generic,2816,,KERNEL_ONLY,BF16,none
,,,,,,,,,,,,0.007328,0.012256000000000001,0.0096416,0.009552,0.002109050423768953,40,0.032031000000000004,0.032767000000000004,0.03220635,0.03217600000000001,0.00016035157467265474,20,0.007839,0.008288,0.008024,0.008016,0.00011126949267431756,20,,,,,,,0.040223999999999996,0.041664,0.04095675000000001,0.040847999999999995,0.0004054773575675964,20,0.008895,0.00928,0.009081500000000001,0.009056,0.00010505355776935841,20,0.024384,0.029536000000000003,0.026635200000000005,0.026496,0.0013120242223373776,20,0.012992000000000002,0.013919,0.013361600000000001,0.01336,0.00023249761289097156,20,0.003072,0.0034230000000000003,0.0031585500000000004,0.0031365000000000004,8.2077082672327e-05,20,0.008704000000000002,0.009087999999999999,0.008905650000000001,0.008896000000000001,0.00010622112548829384,20,16,16,2048,10944,102400,True,False,False,672,2,2048,10944,generic,generic,2816,,KERNEL_ONLY,BF16,none
,,,,,,,,,,,,0.007328,0.012353,0.00960085,0.009408,0.0020682079870022745,40,0.032671000000000006,0.033375,0.033017000000000005,0.033021,0.0001583322456102987,20,0.007456000000000001,0.0076159999999999995,0.0075505,0.007552,4.46256652611473e-05,20,,,,,,,0.040288,0.041953000000000004,0.0408866,0.040864,0.0004146032320182764,20,0.0088,0.009375999999999999,0.008968050000000002,0.008928,0.00012920389893497747,20,0.029055,0.030112,0.02943345,0.029360000000000004,0.00028738066653830426,20,0.012801,0.014433,0.0134738,0.0133925,0.000441071604164222,20,0.002976,0.003169,0.0030801500000000002,0.003088,4.5300413905393815e-05,20,0.008576,0.008992000000000002,0.00876645,0.008768000000000001,8.559116484778114e-05,20,16,16,2048,10944,102400,True,False,False,664,2,2048,10944,generic,generic,2816,,KERNEL_ONLY,BF16,none
,,,,,,,,,,,,0.0072310000000000004,0.012320000000000001,0.009536825,0.0094405,0.0021156637479464923,40,0.032830000000000005,0.033248,0.03299135,0.032975500000000005,0.0001215151328024613,20,0.007968,0.008768000000000001,0.00829755,0.00824,0.00021752436070472694,20,,,,,,,0.040159999999999994,0.041313,0.04067865,0.0406565,0.00032826944344547274,20,0.008288,0.008864,0.008551950000000001,0.008512,0.0001665681467147908,20,0.024513000000000004,0.029888,0.02770725,0.028560000000000002,0.0018178563165167922,20,0.013568,0.01472,0.014068849999999999,0.014112,0.000262542810794735,20,0.002912,0.003105,0.0029647999999999996,0.00296,4.221326805638249e-05,20,0.010208,0.010593,0.010328150000000003,0.010288,9.911270100244482e-05,20,16,16,2048,10944,102400,True,False,False,656,2,2048,10944,generic,generic,2816,,KERNEL_ONLY,BF16,none
,,,,,,,,,,,,0.008448,0.010400000000000001,0.0096433,0.009776,0.0004953855670081637,40,0.03219,0.033149000000000005,0.0326348,0.032670500000000005,0.00028424454260372244,20,0.007776,0.007936,0.00782895,0.007824,4.326369725300896e-05,20,,,,,,,0.039296,0.040768,0.039956900000000004,0.03984,0.00046242695639419577,20,0.008096,0.00912,0.0085025,0.008368500000000001,0.00032597845020798514,20,0.029856,0.030816,0.03022885,0.030208,0.00022772072259678094,20,0.013471,0.015104,0.014419199999999998,0.014416499999999999,0.000395942874667546,20,0.0028799999999999997,0.00304,0.0029329,0.002944,3.0855955664992795e-05,20,0.009184,0.00944,0.009289549999999999,0.0092795,8.038934941893742e-05,20,16,16,2048,10944,102400,True,False,False,648,2,2048,10944,generic,generic,2816,,KERNEL_ONLY,BF16,none
,,,,,,,,,,,,0.007936,0.009664,0.008727925000000001,0.008736,0.0003105358584366706,40,0.032195,0.032802,0.03244705,0.032433500000000004,0.00015101969242453078,20,0.00736,0.007904,0.007620699999999999,0.0076159999999999995,0.00013504558489636003,20,,,,,,,0.038528,0.042304,0.04010575,0.0399365,0.0009290741022652606,20,0.008256000000000001,0.009087999999999999,0.008657800000000002,0.008672000000000001,0.00020409448792164852,20,0.027872,0.029504000000000002,0.028814600000000003,0.028912,0.00046518280277757523,20,0.01536,0.016640000000000002,0.01589595,0.015808,0.00035385314397359845,20,0.002975,0.0031360000000000003,0.0030239999999999998,0.0030080000000000003,3.861735361207446e-05,20,0.00864,0.009087999999999999,0.008828800000000001,0.008832000000000001,9.96767776365186e-05,20,16,16,2048,10944,102400,True,False,False,640,2,2048,10944,generic,generic,2816,,KERNEL_ONLY,BF16,none
,,,,,,,,,,,,0.007968,0.009632,0.0085983,0.008608000000000001,0.00039828690663892016,40,0.03257500000000001,0.03331300000000001,0.032927700000000004,0.032959999999999996,0.00015201417697043916,20,0.007456000000000001,0.007872,0.007670400000000001,0.007647999999999999,0.0001177554245035023,20,,,,,,,0.03904,0.040801000000000004,0.03973935,0.03968,0.0004498507835938489,20,0.008192,0.008833,0.008382400000000002,0.008288,0.0001938185749612252,20,0.027936,0.02928,0.028536100000000002,0.028640000000000002,0.00041997153474967834,20,0.015072,0.016224,0.015651199999999997,0.015648,0.0002629911785592817,20,0.002976,0.0031680000000000002,0.0030240999999999996,0.0030085,4.2257425383002266e-05,20,0.0088,0.009056,0.008920200000000001,0.008928,7.303875683498454e-05,20,16,16,2048,10944,102400,True,False,False,632,2,2048,10944,generic,generic,2816,,KERNEL_ONLY,BF16,none
,,,,,,,,,,,,0.007936,0.009664,0.008719275,0.008896000000000001,0.0004557459811945685,40,0.03248,0.033185000000000006,0.032655500000000004,0.032622,0.000161468108306254,20,0.007456000000000001,0.007904,0.0077326999999999995,0.007776,0.0001155045886534382,20,,,,,,,0.03727900000000001,0.038816,0.03770245000000001,0.03769600000000001,0.00033597640914207025,20,0.008032000000000001,0.008576,0.008243299999999999,0.00824,0.00013276900993831357,20,0.028192000000000002,0.030624,0.02912165,0.0290085,0.0005231450348612702,20,0.012416,0.01344,0.012968000000000002,0.012976000000000001,0.0002282735201463363,20,0.002912,0.0030080000000000003,0.0029775999999999995,0.002976,2.5689297382373173e-05,20,0.008961,0.009216,0.009070449999999999,0.009056,6.270683774517711e-05,20,16,16,2048,10944,102400,True,False,False,624,2,2048,10944,generic,generic,2816,,KERNEL_ONLY,BF16,none
,,,,,,,,,,,,0.00816,0.011616,0.010074450000000002,0.009984,0.0011369684681203785,40,0.032445,0.032992999999999995,0.032761000000000005,0.03276950000000001,0.0001447967541072659,20,0.007584,0.008128,0.0077664499999999985,0.007776,0.00015111865371290217,20,,,,,,,0.037247999999999996,0.037952,0.03756015,0.037536,0.00017593444091479094,20,0.007903,0.008672000000000001,0.0082033,0.0081765,0.0001652165548605831,20,0.029217,0.031904,0.029909,0.02976,0.0006590156295566894,20,0.012384000000000001,0.013537,0.013160049999999998,0.0132,0.00026859513677652435,20,0.002913,0.00304,0.0029648499999999998,0.00296,2.901943314401582e-05,20,0.009216,0.009568,0.0093008,0.0092805,8.298168472620926e-05,20,16,16,2048,10944,102400,True,False,False,616,2,2048,10944,generic,generic,2816,,KERNEL_ONLY,BF16,none
,,,,,,,,,,,,0.008032000000000001,0.009568,0.008903150000000002,0.0089915,0.0003740269074545304,40,0.031965000000000014,0.032642000000000004,0.03233290000000001,0.032367999999999994,0.00017264063832133923,20,0.007584,0.008223000000000001,0.00791845,0.007888,0.0001823473265501858,20,,,,,,,0.039807,0.041664,0.040566349999999994,0.04032,0.0005663213111829713,20,0.007904,0.008864,0.0081794,0.008112000000000001,0.00022158325749027178,20,0.030848,0.032768,0.03148495,0.031264,0.0005777893625708251,20,0.014912000000000002,0.016224,0.015545649999999998,0.015632,0.00034193058871648154,20,0.002976,0.0031680000000000002,0.0030208500000000003,0.0030080000000000003,4.100399370793051e-05,20,0.009248,0.009536,0.0093856,0.009375999999999999,7.974358908401358e-05,20,16,16,2048,10944,102400,True,False,False,608,2,2048,10944,generic,generic,2816,,KERNEL_ONLY,BF16,none
,,,,,,,,,,,,0.007968,0.009536,0.008605575,0.008448,0.0004180993235763481,40,0.032478,0.033375,0.0327632,0.03267300000000001,0.0002455981677456069,20,0.007105,0.007488000000000001,0.00730885,0.007312000000000001,9.883232011847149e-05,20,,,,,,,0.036416,0.037247999999999996,0.036756950000000004,0.036736,0.00025679183690296693,20,0.007904,0.008832000000000001,0.008169700000000002,0.00808,0.0002307390517446063,20,0.030591999999999998,0.033057,0.031670500000000004,0.031632,0.0005209586835824895,20,0.013056,0.014400000000000001,0.013915249999999999,0.0140635,0.00039286433727178676,20,0.002912,0.003072,0.0029728,0.002976,4.735567547823599e-05,20,0.008543,0.008863,0.008655900000000001,0.00864,7.795505115128843e-05,20,16,16,2048,10944,102400,True,False,False,600,2,2048,10944,generic,generic,2816,,KERNEL_ONLY,BF16,none
,,,,,,,,,,,,0.007744,0.009472,0.00868405,0.008912,0.00045222007640086033,40,0.032351,0.033375,0.03269230000000001,0.032655500000000004,0.00024290638114302289,20,0.007296,0.007712,0.007406449999999999,0.007376000000000001,9.142071701753388e-05,20,,,,,,,0.037216,0.038592,0.0375584,0.037424,0.00033730793053232574,20,0.00784,0.008448,0.008015999999999999,0.007968,0.0001604898750700492,20,0.031585,0.03264,0.03225940000000001,0.0323525,0.00032976406717530777,20,0.014368,0.014944,0.014649600000000002,0.014688000000000001,0.00013030709880892914,20,0.002912,0.003104,0.0029648,0.002976,4.8819668167655544e-05,20,0.00864,0.008992000000000002,0.008792000000000001,0.008768000000000001,9.752127972909304e-05,20,16,16,2048,10944,102400,True,False,False,592,2,2048,10944,generic,generic,2816,,KERNEL_ONLY,BF16,none
,,,,,,,,,,,,0.008224,0.009665,0.008684825000000002,0.008512000000000002,0.0004627142145806629,40,0.03219,0.033412,0.03275385,0.032753000000000004,0.0003745796677610793,20,0.007328,0.007745,0.007512049999999999,0.007504,9.96842389748748e-05,20,,,,,,,0.036257,0.037408000000000004,0.036731400000000004,0.036640000000000006,0.0003435459794554442,20,0.0076159999999999995,0.00864,0.0079217,0.007872,0.00021293475526555086,20,0.031936,0.033856000000000004,0.032856100000000006,0.032816,0.000530791192466493,20,0.014496,0.015456,0.0150369,0.0151525,0.0002819249722887276,20,0.002912,0.0031360000000000003,0.0029713499999999998,0.0029449999999999997,5.46500457456351e-05,20,0.008768000000000001,0.009151999999999999,0.008955300000000001,0.008944,0.00011111305053862888,20,16,16,2048,10944,102400,True,False,False,584,2,2048,10944,generic,generic,2816,,KERNEL_ONLY,BF16,none
,,,,,,,,,,,,0.00768,0.011392,0.009767175,0.010047500000000001,0.0013070619894920822,40,0.03196700000000001,0.03270400000000001,0.0323125,0.0323195,0.00019499269217075854,20,0.008096,0.008512,0.008300749999999999,0.008304,0.00012458205127545478,20,,,,,,,0.035712,0.03728,0.036412950000000006,0.0363355,0.000382271824099031,20,0.007744,0.008384,0.007974499999999999,0.007952,0.00013602150565259911,20,0.032768,0.035840000000000004,0.03402875000000001,0.033936,0.0008100809758906832,20,0.012,0.013344,0.012673700000000001,0.012640499999999999,0.0003562431894085835,20,0.002911,0.0032,0.0029840500000000002,0.0029755,7.57221731066932e-05,20,0.009824,0.010592,0.01023845,0.010256000000000001,0.0001515079123346371,20,16,16,2048,10944,102400,True,False,False,576,2,2048,10944,generic,generic,2816,,KERNEL_ONLY,BF16,none
,,,,,,,,,,,,0.008511,0.011456,0.010005625,0.0102565,0.0011266671799493402,40,0.032544000000000003,0.033377000000000004,0.03297775,0.03299300000000001,0.00020599802790318276,20,0.007296,0.0076159999999999995,0.007497700000000001,0.007504,9.549246043536597e-05,20,,,,,,,0.035904000000000005,0.036896,0.036317050000000003,0.03632,0.00028101165011436735,20,0.007744,0.008032000000000001,0.007888,0.007904,6.659879878796623e-05,20,0.026815000000000002,0.02832,0.027708849999999997,0.02784,0.00042130063790599706,20,0.01216,0.013184,0.01267365,0.012704000000000002,0.0002913702584341783,20,0.002911,0.003072,0.0029649,0.0029449999999999997,4.1974873436378645e-05,20,0.008224,0.008960000000000001,0.008515050000000001,0.008480000000000001,0.00020245801416590053,20,16,16,2048,10944,102400,True,False,False,568,2,2048,10944,generic,generic,2816,,KERNEL_ONLY,BF16,none
,,,,,,,,,,,,0.007584,0.008702999999999999,0.008132875000000001,0.008128,0.0002429526895817373,40,0.032223,0.03276300000000001,0.032524700000000004,0.03257600000000001,0.0001366792230004259,20,0.007456000000000001,0.007808,0.007624149999999999,0.0076159999999999995,9.104354727272e-05,20,,,,,,,0.035328000000000005,0.036128,0.035513600000000006,0.035488,0.0001777299637089922,20,0.0076159999999999995,0.007903,0.007734250000000001,0.007712,7.705314724266631e-05,20,0.027008,0.028321000000000002,0.02771535,0.027727500000000002,0.00031880060774722537,20,0.012064,0.013375999999999999,0.012856049999999999,0.0128485,0.0003317941342157811,20,0.002912,0.003072,0.0029617000000000003,0.0029449999999999997,3.114819416916493e-05,20,0.008928,0.009248,0.0090384,0.009023999999999999,7.600552611488141e-05,20,16,16,2048,10944,102400,True,False,False,560,2,2048,10944,generic,generic,2816,,KERNEL_ONLY,BF16,none
,,,,,,,,,,,,0.007584,0.008704000000000002,0.008089725,0.008112000000000001,0.00025310086798547367,40,0.03212800000000001,0.032802000000000005,0.03248495,0.0325285,0.000212843011395722,20,0.007552,0.00784,0.0076961,0.0076805,8.317746088935403e-05,20,,,,,,,0.033793,0.03488,0.034078649999999995,0.034032,0.00023965647810981466,20,0.007488000000000001,0.007808,0.00762225,0.0076170000000000005,8.671613171723017e-05,20,0.027648,0.028864,0.0281233,0.028016,0.0003559286585820255,20,0.012768000000000002,0.013696,0.013243249999999998,0.013216,0.00026575174035178,20,0.002879,0.003073,0.0029536500000000004,0.002944,4.882445596215079e-05,20,0.008928,0.009311999999999999,0.009188799999999999,0.009216,8.057518228338055e-05,20,16,16,2048,10944,102400,True,False,False,552,2,2048,10944,generic,generic,2816,,KERNEL_ONLY,BF16,none
,,,,,,,,,,,,0.007712,0.012352,0.00994575,0.009984,0.0018348129979646427,40,0.03142500000000001,0.032228,0.031971450000000005,0.0320005,0.0002277493084511982,20,0.007296,0.0076159999999999995,0.00745445,0.007456000000000001,8.96261541069344e-05,20,,,,,,,0.035072000000000006,0.03648,0.0354897,0.035376000000000005,0.0003296938124988071,20,0.007424000000000001,0.007745,0.0075920000000000015,0.007584,9.820896089461482e-05,20,0.02528,0.028928000000000002,0.0272032,0.027104,0.001178038819394336,20,0.013792,0.014400000000000001,0.014049700000000002,0.014048,0.00015258967855002526,20,0.002816,0.003104,0.00289125,0.0028799999999999997,7.59044629781412e-05,20,0.009153000000000001,0.009375999999999999,0.0092913,0.00928,5.4587635962734024e-05,20,16,16,2048,10944,102400,True,False,False,544,2,2048,10944,generic,generic,2816,,KERNEL_ONLY,BF16,none
,,,,,,,,,,,,0.006816,0.008576,0.0077345,0.007824,0.000543503817833877,40,0.032191000000000004,0.032961,0.03262535,0.032658,0.00024759104890928333,20,0.006816,0.007041,0.006918349999999999,0.006912,4.821646503011199e-05,20,,,,,,,0.033664,0.034592,0.03407855,0.034,0.0003021174399136861,20,0.00736,0.007808,0.007527950000000001,0.0075195,0.00013490495728474898,20,0.025984000000000004,0.026944,0.026561650000000003,0.026576,0.0002665943125799944,20,0.013568,0.014561000000000001,0.014025849999999998,0.014000499999999999,0.00028115072025516874,20,0.0028799999999999997,0.00304,0.00291995,0.002912,3.6325576389095424e-05,20,0.00768,0.008128999999999999,0.00783685,0.0078235,9.982348170646006e-05,20,16,16,2048,10944,102400,True,False,False,536,2,2048,10944,generic,generic,2816,,KERNEL_ONLY,BF16,none
,,,,,,,,,,,,0.007776,0.011519999999999999,0.009348775,0.009232,0.0014959432055980603,40,0.032351,0.032705,0.03250465,0.032497,0.00010482665453022927,20,0.00688,0.007135,0.0069791,0.006976,6.362617385950531e-05,20,,,,,,,0.032831000000000006,0.034113,0.0333233,0.0333275,0.0003108501407430909,20,0.005728,0.0066879999999999995,0.0062769,0.006240000000000001,0.00022373955841558277,20,0.024768000000000002,0.02784,0.026589,0.027312000000000003,0.0011407916549484398,20,0.011712,0.012448,0.012048,0.012064,0.00016199814813756366,20,0.0026230000000000003,0.002816,0.002683200000000001,0.0026880000000000003,3.831788094349679e-05,20,0.008256000000000001,0.00864,0.008449700000000001,0.0084645,8.252278473246032e-05,20,16,16,2048,10944,102400,True,False,False,528,2,2048,10944,generic,generic,2816,,KERNEL_ONLY,BF16,none
,,,,,,,,,,,,0.0072640000000000005,0.008256000000000001,0.007856750000000001,0.0078395,0.00015392347936556014,40,0.03171400000000001,0.032673999999999995,0.032124950000000006,0.032127,0.0001903012020455962,20,0.00704,0.007233,0.0071392999999999995,0.007136,5.723294505789481e-05,20,,,,,,,0.032736,0.033854999999999996,0.033281700000000004,0.033264,0.00031728931592475565,20,0.006112,0.006848,0.0064208,0.006512,0.00021842953097051676,20,0.026912,0.027872,0.027324949999999997,0.027264,0.00028193695660555057,20,0.011839,0.012992000000000002,0.012352100000000001,0.012368,0.00032309037435367875,20,0.0026230000000000003,0.002913,0.0026896500000000005,0.0026880000000000003,6.45772986427892e-05,20,0.008192,0.008480000000000001,0.00836155,0.008368,7.313649909586873e-05,20,16,16,2048,10944,102400,True,False,False,520,2,2048,10944,generic,generic,2816,,KERNEL_ONLY,BF16,none
,,,,,,,,,,,,0.006368,0.009632,0.007913674999999998,0.007984000000000002,0.001307349425125127,40,0.031616,0.031936000000000006,0.031754000000000004,0.03172900000000001,0.00010896283770166826,20,0.006976,0.007424000000000001,0.007231950000000001,0.007232000000000001,0.00012673139902960123,20,,,,,,,0.033215,0.035904000000000005,0.03451035,0.034384,0.000678350151101923,20,0.006465,0.0066879999999999995,0.0066001,0.006608,5.7816001245329743e-05,20,0.024224,0.025984000000000004,0.025070500000000003,0.0250555,0.0004075384030984082,20,0.011456,0.011872,0.0116705,0.01168,0.00010526704137573169,20,0.002624,0.002816,0.0026642000000000002,0.0026560000000000004,4.0281012896897176e-05,20,0.008288,0.0088,0.008547300000000002,0.008576,0.00016406495664827417,20,16,16,2048,10944,102400,True,False,False,512,2,2048,10944,generic,generic,2816,,KERNEL_ONLY,BF16,none
,,,,,,,,,,,,0.007872,0.009759,0.008728050000000001,0.008640000000000002,0.0006497477568256776,40,0.032095000000000005,0.032642000000000004,0.03241725000000001,0.032432,0.0001459280216408066,20,0.007071,0.007488000000000001,0.007220599999999999,0.0072005,9.342344459502675e-05,20,,,,,,,0.032064999999999996,0.033633,0.03259365,0.032383999999999996,0.0004337031559719173,20,0.005951,0.006176,0.006046350000000001,0.006048,6.37544312185437e-05,20,0.025248000000000003,0.026751999999999998,0.026279949999999996,0.026352,0.00035121851816212577,20,0.012512,0.01328,0.01288165,0.01288,0.00022899896833828727,20,0.002624,0.002911,0.0026815000000000003,0.0026560000000000004,5.848290348469366e-05,20,0.008,0.008448,0.008212900000000002,0.0082085,0.0001547701198552227,20,16,16,2048,10944,102400,True,False,False,504,2,2048,10944,generic,generic,2816,,KERNEL_ONLY,BF16,none
,,,,,,,,,,,,0.007296,0.00992,0.008770549999999998,0.008768000000000001,0.0007930307040083628,40,0.03193500000000001,0.032672,0.032220950000000005,0.032176,0.00019757542230753174,20,0.007104,0.007424000000000001,0.0072399000000000005,0.007232000000000001,7.556844579584798e-05,20,,,,,,,0.033344,0.035104,0.0339088,0.033776,0.0004555607094559418,20,0.006272000000000001,0.006624,0.0064719500000000015,0.006464,9.049722371432152e-05,20,0.025312,0.026815000000000002,0.0259841,0.025968000000000005,0.00037727468772765513,20,0.013023999999999999,0.014113,0.0134016,0.0133125,0.00032190563834763787,20,0.002592,0.00272,0.0026673499999999998,0.0026565,3.0872763076861144e-05,20,0.008480000000000001,0.0088,0.00863035,0.008624,8.34824981657831e-05,20,16,16,2048,10944,102400,True,False,False,496,2,2048,10944,generic,generic,2816,,KERNEL_ONLY,BF16,none
,,,,,,,,,,,,0.007744,0.010112,0.008950475,0.008912,0.0009289413056673708,40,0.031871000000000003,0.03235200000000001,0.03212280000000001,0.032112000000000016,0.00013564976962752165,20,0.007136,0.007488000000000001,0.00730085,0.0072965,9.076908890145374e-05,20,,,,,,,0.031871,0.033216,0.032337750000000005,0.032432,0.00036035813782957677,20,0.005856,0.006111,0.005961549999999999,0.0059365,6.47104898760627e-05,20,0.025889,0.028448,0.027355400000000002,0.0273925,0.0006662527598441906,20,0.013631,0.014368,0.013932850000000002,0.013936,0.0001805367760319211,20,0.00256,0.002816,0.0026287999999999997,0.002624,5.91908776755337e-05,20,0.008448,0.008799,0.008628800000000002,0.00864,9.059503297642749e-05,20,16,16,2048,10944,102400,True,False,False,488,2,2048,10944,generic,generic,2816,,KERNEL_ONLY,BF16,none
,,,,,,,,,,,,0.006624,0.007969,0.007370375000000001,0.00744,0.0003520541639790673,40,0.03168000000000001,0.03245,0.03199525000000001,0.03196650000000001,0.0002244036263075975,20,0.006432,0.006656,0.0065361,0.006528,6.287916984184807e-05,20,,,,,,,0.03024,0.031072,0.0304978,0.030512499999999998,0.00020538393315933895,20,0.00592,0.006143,0.0060256500000000005,0.0060160000000000005,6.316824756157172e-05,20,0.027105,0.029856,0.02825615,0.02832,0.0005927671781568207,20,0.011295999999999999,0.012065,0.011784149999999998,0.01184,0.00019552014602081306,20,0.002592,0.002817,0.00265745,0.0026555,4.808063539513596e-05,20,0.0076159999999999995,0.007904,0.0077344499999999995,0.0077445,7.837440589886491e-05,20,16,16,2048,10944,102400,True,False,False,480,2,2048,10944,generic,generic,2816,,KERNEL_ONLY,BF16,none
,,,,,,,,,,,,0.006496000000000001,0.007968,0.0072697,0.007312000000000001,0.00040278792186459604,40,0.032157000000000005,0.033059000000000005,0.0324465,0.032321,0.0002952543818472455,20,0.0064,0.006656,0.006492850000000001,0.006464,7.150893300840093e-05,20,,,,,,,0.029920000000000002,0.031137,0.030350549999999997,0.030288,0.00030825403079278607,20,0.005824,0.0060810000000000005,0.0059518999999999996,0.0059675,6.405146368351003e-05,20,0.024225000000000003,0.02528,0.024896100000000004,0.0249125,0.0003222325092227659,20,0.01184,0.012672000000000001,0.0121873,0.012144,0.00022511954601944306,20,0.00256,0.002816,0.0026318999999999995,0.002624,6.133261774944874e-05,20,0.0072640000000000005,0.0076159999999999995,0.007433500000000001,0.007424000000000001,8.776132405564518e-05,20,16,16,2048,10944,102400,True,False,False,472,2,2048,10944,generic,generic,2816,,KERNEL_ONLY,BF16,none
,,,,,,,,,,,,0.00704,0.008001,0.007523275,0.007488000000000001,0.00025810511303536764,40,0.03181000000000001,0.032991,0.03234575,0.032336000000000004,0.0003206861199054272,20,0.006528,0.006912,0.006652749999999999,0.00664,9.263631847175279e-05,20,,,,,,,0.030048,0.030784,0.030337749999999997,0.030303999999999998,0.00021110823645703632,20,0.005728,0.006112,0.005920100000000001,0.005888,7.515377568692085e-05,20,0.028671,0.030657,0.02941285,0.029344000000000002,0.00046328806103762267,20,0.012096,0.012576,0.012318649999999999,0.012320000000000001,0.00011502359540546469,20,0.00256,0.002785,0.0026336000000000003,0.002624,5.3673457127336234e-05,20,0.007776,0.008192,0.0079345,0.007904,0.00010293857391668105,20,16,16,2048,10944,102400,True,False,False,464,2,2048,10944,generic,generic,2816,,KERNEL_ONLY,BF16,none
,,,,,,,,,,,,0.00672,0.008128,0.00742575,0.007424000000000001,0.000352615849757211,40,0.03142400000000001,0.03254300000000001,0.03217475,0.0322235,0.0002857465441610792,20,0.006656,0.006849,0.006743999999999998,0.006736000000000001,6.235543280260365e-05,20,,,,,,,0.029185,0.029920000000000002,0.029485050000000002,0.02944,0.00021010365894005734,20,0.005696,0.005888,0.0057584,0.0057599999999999995,5.206764830487374e-05,20,0.026015999999999997,0.027552,0.026624200000000004,0.026624,0.0004321742241272615,20,0.011648,0.012384000000000001,0.011896049999999998,0.0118395,0.00019927304760052265,20,0.00256,0.0026560000000000004,0.0026033000000000002,0.002592,2.0947792246439727e-05,20,0.007552,0.007872,0.007694450000000001,0.00768,8.781427845174172e-05,20,16,16,2048,10944,102400,True,False,False,456,2,2048,10944,generic,generic,2816,,KERNEL_ONLY,BF16,none
,,,,,,,,,,,,0.006208,0.010624000000000001,0.008236125,0.008112,0.0018612998440270176,40,0.031359000000000005,0.032032000000000005,0.03157775,0.031552500000000004,0.00015760833575671095,20,0.006719,0.007168,0.006947150000000001,0.0069440000000000005,0.00011882056850562534,20,,,,,,,0.030816,0.031904,0.0313137,0.03136,0.00030666807789530366,20,0.005888,0.006113,0.00598255,0.005953000000000001,7.050423746130457e-05,20,0.024416,0.026432,0.0255297,0.0256165,0.0005967261599762486,20,0.01312,0.013696,0.013396849999999998,0.013408,0.00011330943252880582,20,0.00256,0.0027519999999999997,0.0026160999999999997,0.002624,4.618322206169678e-05,20,0.006912,0.007232000000000001,0.0070816,0.007104,7.964383215290437e-05,20,16,16,2048,10944,102400,True,False,False,448,2,2048,10944,generic,generic,2816,,KERNEL_ONLY,BF16,none
,,,,,,,,,,,,0.006208,0.007776,0.0070574999999999995,0.007072,0.0004643613894371495,40,0.03200000000000001,0.03247900000000001,0.03228815,0.032289000000000005,0.00011448330664337121,20,0.006208,0.006528,0.006328,0.006304000000000001,9.85657141200732e-05,20,,,,,,,0.029056000000000002,0.029983000000000003,0.029364749999999995,0.02928,0.0002810921334722838,20,0.005376000000000001,0.0057599999999999995,0.005647999999999999,0.005664,8.904886299105652e-05,20,0.023553,0.024256,0.0239042,0.023904,0.0002033247648467838,20,0.012478999999999999,0.013184,0.012752,0.012752000000000001,0.0001953379123467843,20,0.00256,0.00272,0.0026112,0.0026084999999999997,3.971347378409501e-05,20,0.006911,0.007232000000000001,0.0070607000000000005,0.00704,8.113513418981944e-05,20,16,16,2048,10944,102400,True,False,False,440,2,2048,10944,generic,generic,2816,,KERNEL_ONLY,BF16,none
,,,,,,,,,,,,0.006656,0.010304,0.0084457,0.008368,0.0012656702809183758,40,0.03171500000000001,0.032354999999999995,0.031936549999999994,0.0319035,0.00017742814742875265,20,0.006240000000000001,0.00656,0.0063744000000000006,0.006368,7.679999999999978e-05,20,,,,,,,0.028225000000000004,0.029184,0.028625700000000004,0.028560000000000002,0.0002663961523746163,20,0.00528,0.005791,0.005598250000000001,0.005616,0.00010187240794248454,20,0.02368,0.024641,0.0241777,0.024239499999999997,0.0003007786727811664,20,0.011328,0.012032000000000001,0.011761749999999998,0.011792,0.00017721029174401818,20,0.002528,0.00272,0.0025856,0.00256,5.222202600435954e-05,20,0.007328,0.007552,0.0074224500000000014,0.007424000000000001,6.355507454169177e-05,20,16,16,2048,10944,102400,True,False,False,432,2,2048,10944,generic,generic,2816,,KERNEL_ONLY,BF16,none
,,,,,,,,,,,,0.0066879999999999995,0.010048,0.008533625,0.008512,0.0012772344085464498,40,0.031422000000000005,0.03238200000000001,0.03180945,0.03174350000000001,0.00025084805660000563,20,0.006624,0.007232000000000001,0.00685765,0.0068165,0.00016533096352468294,20,,,,,,,0.027968,0.028832,0.028312050000000005,0.028256,0.00024208623979896093,20,0.00544,0.005664,0.005532750000000001,0.005552,5.795849808267975e-05,20,0.020096,0.021664000000000003,0.021000150000000002,0.0210725,0.0004073142859021771,20,0.011007999999999999,0.012064,0.0115457,0.011519999999999999,0.0002504564033918881,20,0.002496,0.0027519999999999997,0.0025632500000000004,0.00256,6.227027782176661e-05,20,0.00736,0.007936,0.0075297,0.007504,0.00012753238804319466,20,16,16,2048,10944,102400,True,False,False,424,2,2048,10944,generic,generic,2816,,KERNEL_ONLY,BF16,none
,,,,,,,,,,,,0.006912,0.008096,0.0076063500000000004,0.00768,0.00030344921733298306,40,0.03129900000000001,0.031745,0.0315129,0.031520000000000006,0.00010900637596030668,20,0.00608,0.006496000000000001,0.006303900000000001,0.0063035,0.00011261300990560557,20,,,,,,,0.028353000000000003,0.029472,0.028942600000000002,0.028976000000000002,0.00029735070203381085,20,0.005632,0.006176,0.005825599999999999,0.0058555000000000005,0.0001355080809398466,20,0.024608,0.028831,0.026606400000000002,0.026751999999999998,0.0012333165206061248,20,0.014304,0.014944,0.0145727,0.014544000000000001,0.00020374594474492012,20,0.002496,0.0027519999999999997,0.00255355,0.002528,5.768923209750669e-05,20,0.007168,0.007392,0.007262449999999999,0.0072485,5.497042386592981e-05,20,16,16,2048,10944,102400,True,False,False,416,2,2048,10944,generic,generic,2816,,KERNEL_ONLY,BF16,none
,,,,,,,,,,,,0.007168,0.008161,0.0076784,0.007712,0.00024089009942295254,40,0.031648,0.03229,0.0319171,0.03190300000000001,0.00014256082912216626,20,0.006111,0.0063360000000000005,0.0062064500000000005,0.006208,6.448137327942093e-05,20,,,,,,,0.027615,0.028864,0.028214549999999998,0.0280805,0.0003884746420295666,20,0.0050880000000000005,0.005536,0.00543205,0.00544,9.912036874426959e-05,20,0.022753,0.023934999999999998,0.023417649999999998,0.023407999999999998,0.0003410921099937673,20,0.011584,0.012480000000000002,0.011929600000000002,0.0118885,0.00019052963024159819,20,0.002528,0.0026560000000000004,0.00257295,0.00256,3.282144877972336e-05,20,0.006848,0.007168,0.006948800000000001,0.006928,8.103061149960558e-05,20,16,16,2048,10944,102400,True,False,False,408,2,2048,10944,generic,generic,2816,,KERNEL_ONLY,BF16,none
,,,,,,,,,,,,0.00688,0.007744,0.007270324999999999,0.007263,0.00018409228494154777,40,0.031518000000000004,0.032767000000000004,0.03214475,0.032240500000000005,0.0004189465210501205,20,0.006176,0.006496000000000001,0.006372900000000001,0.006384000000000001,9.567491834331511e-05,20,,,,,,,0.02816,0.029056000000000002,0.028579249999999994,0.028576,0.00027226896169045816,20,0.005216,0.00544,0.005329600000000001,0.005312000000000001,6.595028430567994e-05,20,0.020992,0.021696000000000003,0.021380749999999997,0.021360000000000004,0.00020818474367734083,20,0.012288,0.012960000000000001,0.012678400000000001,0.012688000000000001,0.00015237073209773593,20,0.002368,0.002657,0.0024688499999999994,0.0024485,7.737136098066268e-05,20,0.007328,0.007584,0.0074704,0.007488000000000001,6.194707418433879e-05,20,16,16,2048,10944,102400,True,False,False,400,2,2048,10944,generic,generic,2816,,KERNEL_ONLY,BF16,none
,,,,,,,,,,,,0.006528,0.007647999999999999,0.00706735,0.007104,0.0003173756882623495,40,0.03151800000000001,0.03257500000000001,0.032111200000000006,0.0321595,0.0002937168023794342,20,0.006240000000000001,0.006528,0.006412899999999999,0.006416,7.654599924228564e-05,20,,,,,,,0.02752,0.028512000000000003,0.027961649999999994,0.02784,0.00033769324467628934,20,0.004768,0.005312000000000001,0.00510235,0.00512,0.0001330226578444441,20,0.023648,0.025856,0.024993650000000003,0.024944,0.0005784120741305463,20,0.012320000000000001,0.012864,0.012531200000000001,0.012512,0.00014072725393469453,20,0.002304,0.00256,0.00235835,0.0023365,4.970238927858504e-05,20,0.007584,0.007968,0.0076928,0.0076795000000000006,8.901044882484306e-05,20,16,16,2048,10944,102400,True,False,False,392,2,2048,10944,generic,generic,2816,,KERNEL_ONLY,BF16,none
,,,,,,,,,,,,0.006048,0.00928,0.0076065,0.00744,0.0013743529204683926,40,0.031263000000000006,0.03164700000000001,0.03145925000000001,0.03145850000000001,0.00011074469513254209,20,0.0057599999999999995,0.006048,0.0059217,0.005952,7.74209919853784e-05,20,,,,,,,0.02688,0.028384,0.027430450000000002,0.027215999999999997,0.00043552295863708506,20,0.004992,0.005184,0.0050497,0.005056,5.0107983395862314e-05,20,0.02368,0.025695,0.024721550000000002,0.0247205,0.0006582444435770048,20,0.01056,0.01104,0.010836750000000001,0.01088,0.00014245275532610786,20,0.002304,0.0024,0.0023473,0.002337,2.3128121410957642e-05,20,0.006783000000000001,0.007073,0.0068943500000000005,0.00688,8.206782256158627e-05,20,16,16,2048,10944,102400,True,False,False,384,2,2048,10944,generic,generic,2816,,KERNEL_ONLY,BF16,none
,,,,,,,,,,,,0.006112,0.009439,0.0076888,0.007536000000000001,0.001436790106452574,40,0.03203,0.032352000000000006,0.0322012,0.032253000000000004,9.962710474564684e-05,20,0.005952,0.006240000000000001,0.006118350000000001,0.006144,8.973587632602696e-05,20,,,,,,,0.02688,0.028032,0.02727685,0.027167999999999998,0.0003279581185151548,20,0.005024,0.005312000000000001,0.0050864000000000005,0.005056,8.43465470543996e-05,20,0.022079,0.023328,0.022651200000000003,0.022576,0.0003599104888718864,20,0.011072,0.012159000000000001,0.01144335,0.011376500000000001,0.0002879005514062104,20,0.002335,0.002561,0.0023967999999999997,0.002368,6.707279627389931e-05,20,0.006496000000000001,0.00672,0.006604799999999999,0.006607999999999999,6.105210889068428e-05,20,16,16,2048,10944,102400,True,False,False,376,2,2048,10944,generic,generic,2816,,KERNEL_ONLY,BF16,none
,,,,,,,,,,,,0.005984,0.009856,0.00784715,0.007680000000000001,0.0016480073353902283,40,0.031520000000000006,0.031837000000000004,0.031649450000000016,0.03164800000000001,9.374085288709414e-05,20,0.005951,0.006144999999999999,0.0060336,0.006016500000000001,5.7751536776089414e-05,20,,,,,,,0.026751999999999998,0.027936,0.02723685,0.0271845,0.0002784627937445144,20,0.004929,0.005216,0.00501465,0.004993,5.899853811748226e-05,20,0.02256,0.02336,0.023036900000000003,0.023072,0.00024785175004425565,20,0.0112,0.012,0.011465699999999999,0.011439999999999999,0.0001752678236300093,20,0.002303,0.002464,0.0023664,0.0023675,4.2418627983469716e-05,20,0.006592,0.006848,0.00671825,0.0067195,5.487702160285323e-05,20,16,16,2048,10944,102400,True,False,False,368,2,2048,10944,generic,generic,2816,,KERNEL_ONLY,BF16,none
,,,,,,,,,,,,0.006784,0.007584,0.0071407499999999995,0.00712,0.0002116714139887577,40,0.03136100000000001,0.032351000000000005,0.031745300000000004,0.031759499999999996,0.00025437769163195057,20,0.006079,0.0063360000000000005,0.006171200000000001,0.006128,9.075439383302617e-05,20,,,,,,,0.026336,0.027584,0.02681775,0.026751999999999998,0.00029725189234048677,20,0.0048,0.005056,0.00492165,0.004928,5.4887407481133516e-05,20,0.023488,0.024992,0.02445945,0.024656499999999998,0.00041740585465467535,20,0.01056,0.011167999999999999,0.010748899999999999,0.010704000000000002,0.00014046811025994458,20,0.002303,0.002368,0.0023262499999999993,0.002336,1.7832204014086378e-05,20,0.00704,0.007328,0.007169650000000001,0.007168,7.059056240036635e-05,20,16,16,2048,10944,102400,True,False,False,360,2,2048,10944,generic,generic,2816,,KERNEL_ONLY,BF16,none
,,,,,,,,,,,,0.006974999999999999,0.007968,0.007327925000000001,0.00728,0.00022457809193017914,40,0.031198000000000004,0.03178,0.03142915,0.031441500000000004,0.00013279242260008688,20,0.005728,0.005888,0.0058318499999999995,0.005824,4.163925431608977e-05,20,,,,,,,0.027424,0.028704,0.0279042,0.0278565,0.00029623261130402233,20,0.004896,0.0050880000000000005,0.004958349999999999,0.00496,5.569046148129849e-05,20,0.023552,0.024608,0.0243089,0.024384000000000003,0.00023377615361708766,20,0.011712,0.012513,0.012142499999999999,0.012144,0.0002046449364142687,20,0.0022719999999999997,0.002528,0.00234865,0.002336,5.212511390874842e-05,20,0.006656,0.007008,0.006812750000000001,0.006816,0.00010101478852128542,20,16,16,2048,10944,102400,True,False,False,352,2,2048,10944,generic,generic,2816,,KERNEL_ONLY,BF16,none
,,,,,,,,,,,,0.006848,0.007808,0.0073240250000000005,0.007328,0.00024928121544753423,40,0.031555000000000014,0.032545,0.03214000000000001,0.032289,0.000312710728949295,20,0.005824,0.006143,0.00596155,0.005984,9.844464180441721e-05,20,,,,,,,0.02672,0.028064000000000002,0.027320149999999998,0.027200500000000002,0.00034350564405843503,20,0.004768,0.004928,0.0048512500000000005,0.004864,3.8376913633068675e-05,20,0.021024,0.02208,0.021495999999999998,0.021472000000000005,0.0002759827893184644,20,0.011424,0.011904,0.01167855,0.0116485,0.00015559353296329512,20,0.0022719999999999997,0.0024950000000000003,0.0023214999999999998,0.002304,4.331801011126902e-05,20,0.006432,0.006624,0.00650405,0.006496000000000001,4.943832015754563e-05,20,16,16,2048,10944,102400,True,False,False,344,2,2048,10944,generic,generic,2816,,KERNEL_ONLY,BF16,none
,,,,,,,,,,,,0.007328,0.008352,0.007624000000000001,0.007504,0.00028498999982455516,40,0.031552000000000004,0.032319,0.03203965000000001,0.032128000000000004,0.00019488798705923275,20,0.00592,0.006112,0.005984000000000001,0.005984,5.258136552049614e-05,20,,,,,,,0.025984000000000004,0.027328,0.026467200000000003,0.026463999999999998,0.0003516944128074828,20,0.004672,0.004897,0.00480315,0.0048,5.15347213051552e-05,20,0.017215,0.01872,0.01758565,0.017568,0.00034106513674076947,20,0.010496,0.01088,0.0106576,0.010624000000000001,0.00011289924711883638,20,0.0022400000000000002,0.002496,0.0023216499999999998,0.002304,6.971318024591908e-05,20,0.006783000000000001,0.007232000000000001,0.007014299999999999,0.007072,0.000124407837373696,20,16,16,2048,10944,102400,True,False,False,336,2,2048,10944,generic,generic,2816,,KERNEL_ONLY,BF16,none
,,,,,,,,,,,,0.007424000000000001,0.008513,0.007995200000000001,0.008032000000000001,0.00025935518117053307,40,0.031583,0.03200100000000001,0.03177440000000001,0.03176200000000001,0.00011983755671741759,20,0.005728,0.006112,0.005929750000000001,0.00592,0.00010122987454304207,20,,,,,,,0.025697,0.026847000000000003,0.0261569,0.026096,0.00030262367719661315,20,0.004704,0.00496,0.004761549999999999,0.004768,5.122545753822019e-05,20,0.016704,0.017984000000000003,0.0174672,0.017552,0.0003709310717640144,20,0.010656,0.011072,0.010923150000000001,0.0109275,0.00010273425670145245,20,0.002271,0.002464,0.0023054999999999994,0.002288,4.9098370645063215e-05,20,0.006495,0.006912,0.006605,0.006592,8.383376408106698e-05,20,16,16,2048,10944,102400,True,False,False,328,2,2048,10944,generic,generic,2816,,KERNEL_ONLY,BF16,none
,,,,,,,,,,,,0.006144,0.007297,0.006720975000000001,0.0067685,0.0003206134344892615,40,0.031330000000000004,0.03181,0.031680099999999996,0.03169550000000001,0.00010871517833311013,20,0.0054080000000000005,0.005728,0.00551835,0.005503999999999999,8.31325898790599e-05,20,,,,,,,0.030784,0.037536,0.03177445000000001,0.0312325,0.0015254966887869664,20,0.004704,0.004863,0.004782399999999999,0.0047685,3.5654452737351184e-05,20,0.022303999999999997,0.023744,0.023228949999999998,0.023295999999999997,0.00036042273443832634,20,0.011552,0.01264,0.012004800000000001,0.0119995,0.00028331671323803,20,0.002303,0.002432,0.0023280999999999996,0.002336,3.0175983828203507e-05,20,0.0065910000000000005,0.006912,0.0066818500000000005,0.006671999999999999,8.314401662176305e-05,20,16,16,2048,10944,102400,True,False,False,320,2,2048,10944,generic,generic,2816,,KERNEL_ONLY,BF16,none
,,,,,,,,,,,,0.006176,0.007423,0.006720800000000001,0.006752,0.000353819671584269,40,0.03190900000000001,0.03247800000000001,0.03225460000000001,0.032239000000000004,0.00014933097468375423,20,0.005536,0.0057599999999999995,0.00567365,0.005665,5.366402426206947e-05,20,,,,,,,0.025184,0.026208,0.02567045,0.025696000000000004,0.0003596799236821534,20,0.004608,0.004768,0.0046879999999999995,0.004687500000000001,3.718198488515633e-05,20,0.020192,0.021312,0.02097745,0.0210715,0.0002840557119651,20,0.010048,0.010753,0.010352200000000002,0.01032,0.0001650992428813653,20,0.0022400000000000002,0.0024649999999999997,0.0023105,0.002304,4.2626869460470534e-05,20,0.006208,0.006624,0.006366600000000002,0.0063525000000000005,0.00011417109967062574,20,16,16,2048,10944,102400,True,False,False,312,2,2048,10944,generic,generic,2816,,KERNEL_ONLY,BF16,none
,,,,,,,,,,,,0.006240000000000001,0.007744,0.0066943,0.0066879999999999995,0.0003547331532292969,40,0.03168100000000001,0.03228700000000001,0.031959450000000014,0.03196700000000001,0.0001549017349805995,20,0.005472,0.0057599999999999995,0.005608050000000001,0.0056,6.555110601660338e-05,20,,,,,,,0.025312,0.026175999999999998,0.02566405,0.0256165,0.00023751431009520234,20,0.004608,0.004768,0.00465605,0.00464,5.217036994310069e-05,20,0.021152,0.022335999999999998,0.021659450000000004,0.021632000000000002,0.0003195677510325467,20,0.010304,0.011648,0.0108464,0.010752000000000001,0.0003595518599590327,20,0.002271,0.002336,0.00229105,0.002303,1.8647989167736147e-05,20,0.006272000000000001,0.0066879999999999995,0.006479900000000001,0.006496,9.563310096404886e-05,20,16,16,2048,10944,102400,True,False,False,304,2,2048,10944,generic,generic,2816,,KERNEL_ONLY,BF16,none
,,,,,,,,,,,,0.006335,0.007712,0.006756750000000001,0.00672,0.00033106138026051904,40,0.031613,0.032097,0.03185620000000001,0.03187300000000001,0.00012673933880212574,20,0.0056,0.005919,0.0056766,0.005664,7.091360941314433e-05,20,,,,,,,0.024896,0.026209,0.02541295,0.0254085,0.0003085936608227718,20,0.0045119999999999995,0.0048,0.004596749999999999,0.0045765,6.812993101420258e-05,20,0.020864,0.022335999999999998,0.0218033,0.021872,0.0003115029855394642,20,0.010656,0.011584,0.0110816,0.011072,0.00024016169553032357,20,0.002271,0.0024,0.00231205,0.002304,4.152405929097003e-05,20,0.006399,0.006784,0.006540800000000001,0.006528,9.888710734974491e-05,20,16,16,2048,10944,102400,True,False,False,296,2,2048,10944,generic,generic,2816,,KERNEL_ONLY,BF16,none
,,,,,,,,,,,,0.006208,0.0072640000000000005,0.006697675,0.006672000000000001,0.0003882258612908211,40,0.031136999999999998,0.03219399999999999,0.03174415000000001,0.031760500000000004,0.00025363108543709705,20,0.0053750000000000004,0.0057599999999999995,0.00548475,0.005488,9.247209038407183e-05,20,,,,,,,0.024640000000000002,0.025728,0.0250816,0.025087500000000002,0.00032152268971256156,20,0.0044480000000000006,0.004672,0.0045360999999999995,0.0045119999999999995,6.398820203756303e-05,20,0.01536,0.016960000000000003,0.016035299999999995,0.015936,0.00042999408135461614,20,0.00992,0.010592,0.010174449999999998,0.010128,0.0001915683885718102,20,0.0022080000000000003,0.002336,0.00225605,0.002256,2.774252151481531e-05,20,0.006241,0.0066879999999999995,0.0063985,0.0063360000000000005,0.00012408202931931737,20,16,16,2048,10944,102400,True,False,False,288,2,2048,10944,generic,generic,2816,,KERNEL_ONLY,BF16,none
,,,,,,,,,,,,0.006112,0.007488000000000001,0.006608950000000001,0.0064485,0.0004178756962303503,40,0.031809,0.032447000000000004,0.03209015,0.03208,0.0001435114194062627,20,0.005472,0.0057599999999999995,0.005539049999999999,0.005535,6.474911196302224e-05,20,,,,,,,0.024640000000000002,0.025824000000000003,0.0250849,0.025024,0.0002463755060877604,20,0.004416000000000001,0.004575999999999999,0.0044912,0.0044800000000000005,4.88861943701896e-05,20,0.019296,0.020832,0.01992165,0.019808,0.00041085925509838547,20,0.009727000000000001,0.010624000000000001,0.01004785,0.009984,0.00024057956584049313,20,0.002271,0.0024,0.0022911499999999996,0.0022725,3.106006278164938e-05,20,0.005952,0.006496000000000001,0.006232099999999999,0.006240000000000001,0.00016050448591861855,20,16,16,2048,10944,102400,True,False,False,280,2,2048,10944,generic,generic,2816,,KERNEL_ONLY,BF16,none
,,,,,,,,,,,,0.006143,0.007552,0.006667925,0.0066715,0.0003508029637488828,40,0.031839000000000006,0.03232,0.03205090000000001,0.032063,0.00012804604640518835,20,0.00544,0.0057599999999999995,0.005547249999999999,0.005536,7.174390217990643e-05,20,,,,,,,0.024481000000000003,0.025505,0.02506415,0.025104500000000002,0.0002742338919608587,20,0.004288,0.004608,0.004431849999999999,0.004416000000000001,7.19897735793076e-05,20,0.0152,0.017504000000000002,0.0160896,0.015936,0.0004988313743140065,20,0.010496,0.010944,0.0107264,0.010736,0.00012703637274418707,20,0.002112,0.0022719999999999997,0.00219045,0.0021920000000000004,4.232313197295295e-05,20,0.0063360000000000005,0.006624,0.0064496499999999995,0.006432500000000001,7.674781755854672e-05,20,16,16,2048,10944,102400,True,False,False,272,2,2048,10944,generic,generic,2816,,KERNEL_ONLY,BF16,none
,,,,,,,,,,,,0.006112,0.007041,0.006465625,0.006432,0.00027497624329203416,40,0.03136,0.031648,0.031539250000000005,0.031552,7.525083056020075e-05,20,0.005152,0.005536,0.005363100000000001,0.005376000000000001,8.800107953883296e-05,20,,,,,,,0.024512000000000003,0.026015999999999997,0.025065650000000002,0.024976,0.0003721115793683389,20,0.0037120000000000005,0.003904,0.0038096000000000007,0.0038079999999999998,5.432623675536527e-05,20,0.014528000000000001,0.015392,0.01493455,0.014960000000000001,0.00019967285118413028,20,0.009696,0.010304,0.00987855,0.009888000000000001,0.00014019574708242784,20,0.002016,0.0021760000000000004,0.0020704500000000006,0.002048,4.06552272161897e-05,20,0.0060149999999999995,0.0064,0.006148750000000001,0.0061435,9.566602061338188e-05,20,16,16,2048,10944,102400,True,False,False,264,2,2048,10944,generic,generic,2816,,KERNEL_ONLY,BF16,none
,,,,,,,,,,,,0.006048,0.007296,0.0066311750000000004,0.00664,0.0004145183281532916,40,0.03059,0.03104,0.03082395,0.0308335,0.00010726065215166362,20,0.005279,0.0056,0.0053775,0.005376000000000001,8.064459064314234e-05,20,,,,,,,0.02288,0.024321000000000002,0.0232976,0.023135500000000003,0.00037175588764671956,20,0.00368,0.004032,0.0037632,0.0037440000000000004,7.527788519877525e-05,20,0.018367,0.018944,0.01855035,0.0185115,0.00014033077887619616,20,0.008960000000000001,0.010079000000000001,0.009284800000000001,0.009152500000000001,0.00032513806298248147,20,0.002048,0.0022719999999999997,0.00209115,0.0020800000000000003,4.55788053814489e-05,20,0.0060160000000000005,0.00688,0.0061776,0.006144,0.0001730319045725382,20,16,16,2048,10944,102400,True,False,False,256,2,2048,10944,generic,generic,2816,,KERNEL_ONLY,BF16,none
,,,,,,,,,,,,0.00608,0.0072640000000000005,0.0066113000000000005,0.0066565,0.00040431733823817153,40,0.031038,0.03155,0.03131355,0.0312945,0.000142589436845792,20,0.005312000000000001,0.005888,0.00544955,0.00544,0.00011273396781804479,20,,,,,,,0.02256,0.024064000000000002,0.0231023,0.022944,0.0003909378595122254,20,0.003648,0.003776,0.0037040499999999995,0.00368,4.2793077711237275e-05,20,0.019104,0.020032,0.019787299999999997,0.019824,0.00022829566355934156,20,0.009408,0.00976,0.009572849999999999,0.009568,8.781188700853683e-05,20,0.0020150000000000003,0.0020800000000000003,0.0020415000000000003,0.002048,1.6283427157696238e-05,20,0.0057599999999999995,0.006144,0.00591505,0.005919499999999999,8.544265620871107e-05,20,16,16,2048,10944,102400,True,False,False,248,2,2048,10944,generic,generic,2816,,KERNEL_ONLY,BF16,none
,,,,,,,,,,,,0.006017000000000001,0.0076159999999999995,0.006840025,0.006816000000000001,0.0006409772416981743,40,0.031171,0.031712000000000004,0.031446199999999994,0.031470000000000005,0.00011973245174137271,20,0.00512,0.005503999999999999,0.00530715,0.005312000000000001,0.00010541644795761231,20,,,,,,,0.024800000000000003,0.026368,0.0255346,0.025472,0.00043358763820016744,20,0.003552,0.003648,0.00359055,0.003584,3.1275349718268594e-05,20,0.014304,0.0152,0.014670450000000002,0.01464,0.00023372322841343744,20,0.009408,0.010368,0.00963035,0.009536,0.00027924564007339496,20,0.001984,0.0022080000000000003,0.0020432,0.002017,4.982730175315542e-05,20,0.00592,0.006240000000000001,0.006028750000000001,0.006016500000000001,7.275773154792579e-05,20,16,16,2048,10944,102400,True,False,False,240,2,2048,10944,generic,generic,2816,,KERNEL_ONLY,BF16,none
,,,,,,,,,,,,0.005984,0.007552,0.006785524999999999,0.006784,0.0006597255106292314,40,0.030784000000000006,0.031425,0.031154550000000003,0.031168500000000012,0.00013607441897726448,20,0.00512,0.005503999999999999,0.005288000000000001,0.005296,0.0001021371626784296,20,,,,,,,0.024448,0.02624,0.0252112,0.025152,0.00041389027531460524,20,0.00352,0.003648,0.0035841,0.003584,3.0360994713612427e-05,20,0.014272,0.015041,0.014600050000000003,0.014592,0.00016702379321521853,20,0.00944,0.009696,0.00956645,0.009568,7.117968460171762e-05,20,0.001984,0.0022400000000000002,0.0020351999999999996,0.002016,5.9351158371172596e-05,20,0.005888,0.006208,0.0060368,0.006032000000000001,9.341284708218674e-05,20,16,16,2048,10944,102400,True,False,False,232,2,2048,10944,generic,generic,2816,,KERNEL_ONLY,BF16,none
,,,,,,,,,,,,0.005824,0.007008,0.006411175,0.006448000000000001,0.00045158398374499516,40,0.030306,0.030783999999999995,0.030584000000000007,0.0305925,0.00011588830829725616,20,0.005281,0.0057599999999999995,0.0054160499999999995,0.005392000000000001,0.00010505354587066518,20,,,,,,,0.022624,0.02576,0.02333275,0.022992,0.0007698165934169001,20,0.003488,0.003648,0.0035312500000000005,0.00352,4.669890255669822e-05,20,0.021472,0.021856,0.021679900000000002,0.021664000000000003,0.00012295157583374022,20,0.009888000000000001,0.010113,0.009953700000000001,0.009951500000000002,5.01897399873719e-05,20,0.001983,0.0022080000000000003,0.002032,0.002016,6.82597978315202e-05,20,0.006272000000000001,0.006752,0.0064367999999999995,0.0064315,0.00011142468308234028,20,16,16,2048,10944,102400,True,False,False,224,2,2048,10944,generic,generic,2816,,KERNEL_ONLY,BF16,none
,,,,,,,,,,,,0.006048,0.007008,0.00646475,0.006607999999999999,0.0002880659429713966,40,0.030816000000000003,0.031394,0.031038700000000002,0.031009000000000002,0.00014514341183808396,20,0.005344000000000001,0.005568,0.0054494999999999995,0.0054395,6.941649659843085e-05,20,,,,,,,0.022432,0.024928000000000002,0.0233105,0.0229765,0.0008126841637438254,20,0.003456,0.0036160000000000003,0.0035104999999999997,0.0035035,4.4357073843976726e-05,20,0.018015999999999997,0.018529,0.018267199999999997,0.0182555,0.00012415256743217198,20,0.008768000000000001,0.009311999999999999,0.008928150000000001,0.00888,0.00012871141169298035,20,0.002016,0.002177,0.0020354999999999995,0.002016,4.8108731016313476e-05,20,0.005952,0.0063360000000000005,0.0060977,0.0060965,9.238403541738147e-05,20,16,16,2048,10944,102400,True,False,False,216,2,2048,10944,generic,generic,2816,,KERNEL_ONLY,BF16,none
,,,,,,,,,,,,0.006048,0.00704,0.006512025,0.006576,0.0003307702743219227,40,0.030625000000000003,0.031135,0.0309028,0.030928000000000008,0.00011977587403145756,20,0.005472,0.005792,0.00557605,0.005568,7.223882266482483e-05,20,,,,,,,0.0224,0.023712,0.02284335,0.022816,0.00032973341884012943,20,0.0034230000000000003,0.0036160000000000003,0.0034992,0.003488,4.789634641598461e-05,20,0.019264,0.020064000000000002,0.019580800000000002,0.019488,0.0002375124417793733,20,0.008928,0.00944,0.009164799999999999,0.0091355,0.00012258368570083054,20,0.001983,0.0022080000000000003,0.00202095,0.0020155,6.01984011415586e-05,20,0.006208,0.00656,0.0063249,0.006288,0.0001037467589855221,20,16,16,2048,10944,102400,True,False,False,208,2,2048,10944,generic,generic,2816,,KERNEL_ONLY,BF16,none
,,,,,,,,,,,,0.006272000000000001,0.007745,0.006979325,0.007008,0.0006128977234212896,40,0.030657999999999998,0.031136000000000007,0.030852850000000008,0.03084900000000001,0.00011628038312630578,20,0.005696,0.005983,0.0058432,0.0058405,6.336844640670933e-05,20,,,,,,,0.022144,0.023296,0.022653,0.02264,0.00034444273834702944,20,0.003424,0.00352,0.00346885,0.0034725,3.8259998693152164e-05,20,0.014048,0.015552,0.014628949999999998,0.014384500000000001,0.00048715803134096006,20,0.009665,0.009984999999999999,0.0098208,0.009824,7.148398422024329e-05,20,0.001983,0.002177,0.0020126000000000002,0.001984,5.722883888390535e-05,20,0.006656,0.007137,0.006841749999999999,0.006816,0.00011751888146166142,20,16,16,2048,10944,102400,True,False,False,200,2,2048,10944,generic,generic,2816,,KERNEL_ONLY,BF16,none
,,,,,,,,,,,,0.005921,0.006816,0.006368024999999999,0.006512,0.00028359165074980596,40,0.030178,0.03069300000000001,0.030389800000000005,0.030385500000000003,0.00012285951326617073,20,0.005216,0.0057599999999999995,0.005387149999999999,0.005376000000000001,0.00011685430030597917,20,,,,,,,0.021952000000000003,0.023008,0.02235535,0.0221765,0.0003347598056816258,20,0.00336,0.00352,0.0034160500000000003,0.0034085,4.3936858103419255e-05,20,0.019104,0.019808,0.0195935,0.019616,0.0001726671653789453,20,0.008481,0.008768000000000001,0.008630550000000002,0.00864,7.842733898329083e-05,20,0.001952,0.0022080000000000003,0.0019840500000000002,0.001984,5.35177307067481e-05,20,0.006176,0.00656,0.00636955,0.0063675,8.796958281133309e-05,20,16,16,2048,10944,102400,True,False,False,192,2,2048,10944,generic,generic,2816,,KERNEL_ONLY,BF16,none
,,,,,,,,,,,,0.005984,0.00688,0.006411274999999999,0.0064005,0.0003323796765372394,40,0.031105000000000008,0.03145699999999999,0.0312505,0.031262,9.04596595173777e-05,20,0.005312000000000001,0.005823000000000001,0.0054560500000000005,0.00544,0.00013403935056542158,20,,,,,,,0.021792000000000002,0.022208,0.0219968,0.0219995,0.00012735917713301893,20,0.00336,0.003456,0.0033968500000000007,0.003392,2.323418817174375e-05,20,0.016960000000000003,0.017727,0.01723835,0.0172,0.00019793288635292509,20,0.008736,0.009375999999999999,0.008937549999999999,0.008896000000000001,0.00016599291400538706,20,0.001952,0.002144,0.0019887,0.001984,4.5577516386920475e-05,20,0.00592,0.006208,0.006068950000000001,0.006064,7.91937339692983e-05,20,16,16,2048,10944,102400,True,False,False,184,2,2048,10944,generic,generic,2816,,KERNEL_ONLY,BF16,none
,,,,,,,,,,,,0.005984,0.006912,0.006428075,0.0062395,0.00033604392477025967,40,0.030626999999999998,0.03104200000000001,0.03083275,0.030846500000000002,0.00011447876440633127,20,0.0054080000000000005,0.005632,0.005508749999999999,0.005503999999999999,6.100399577076885e-05,20,,,,,,,0.021439,0.023617000000000003,0.022152050000000003,0.022128000000000002,0.0005552623231410537,20,0.003327,0.0033929999999999997,0.0033601,0.00336,2.0479013648122808e-05,20,0.018208,0.01872,0.01845145,0.018464500000000002,0.00013437688603327603,20,0.008384,0.009472,0.00866565,0.008672000000000001,0.0002092611466565161,20,0.001952,0.001984,0.0019585,0.001952,1.2753430910935345e-05,20,0.0060160000000000005,0.0064,0.006195200000000001,0.006192,8.43004151828448e-05,20,16,16,2048,10944,102400,True,False,False,176,2,2048,10944,generic,generic,2816,,KERNEL_ONLY,BF16,none
,,,,,,,,,,,,0.005952,0.007488000000000001,0.006636100000000001,0.0066395,0.0005559390164397531,40,0.030273,0.030974,0.03072975,0.030720000000000004,0.0001725128618393426,20,0.004992,0.005312000000000001,0.00514225,0.0051355,9.447691516979175e-05,20,,,,,,,0.021184,0.022624,0.021860900000000003,0.021744000000000003,0.00041019238169424764,20,0.00336,0.003488,0.0034033,0.0033924999999999997,3.394863767517039e-05,20,0.014304,0.015519999999999999,0.014817550000000002,0.014768,0.00031881412688273354,20,0.008480000000000001,0.00912,0.008702350000000001,0.008672000000000001,0.0001568920887106802,20,0.001952,0.002144,0.00198735,0.001984,3.901060753179834e-05,20,0.005632,0.005888,0.00571845,0.005696,6.0834591311194115e-05,20,16,16,2048,10944,102400,True,False,False,168,2,2048,10944,generic,generic,2816,,KERNEL_ONLY,BF16,none
,,,,,,,,,,,,0.00592,0.00704,0.006416725,0.006399500000000001,0.0003499971419526164,40,0.03017700000000001,0.030654000000000008,0.030377900000000006,0.03038500000000001,0.0001328340694249782,20,0.005055,0.005248,0.005140750000000001,0.0051515,4.6767376449828735e-05,20,,,,,,,0.021088000000000003,0.022208,0.0214383,0.021375500000000002,0.00026456381082831356,20,0.003264,0.003457,0.003334599999999999,0.003328,4.731004121748367e-05,20,0.016608,0.01728,0.016894350000000002,0.0168955,0.00018170065354863215,20,0.008288,0.008705000000000001,0.008446350000000002,0.008448,9.35736474655125e-05,20,0.00192,0.0021760000000000004,0.0019775500000000002,0.001952,5.600042410553701e-05,20,0.00608,0.0064,0.00618725,0.006176,7.520563476229697e-05,20,16,16,2048,10944,102400,True,False,False,160,2,2048,10944,generic,generic,2816,,KERNEL_ONLY,BF16,none
,,,,,,,,,,,,0.005856,0.0069440000000000005,0.006408050000000001,0.006416,0.00034373623245157023,40,0.030943,0.031298999999999993,0.031157400000000002,0.0311545,9.730282626933377e-05,20,0.005216,0.0057599999999999995,0.005408100000000001,0.00536,0.00016623865374815788,20,,,,,,,0.020576,0.021856,0.0211712,0.021088500000000003,0.0004137665525389893,20,0.003264,0.003391,0.003303949999999999,0.003296,3.0004124716445185e-05,20,0.015968,0.016321000000000002,0.0161666,0.016192,8.923586722837404e-05,20,0.008384,0.008736,0.00850735,0.008496,7.730024256106826e-05,20,0.00192,0.002016,0.0019489500000000003,0.001952,2.6481078150256614e-05,20,0.005728,0.005952,0.005816099999999999,0.0058085,6.996063178674139e-05,20,16,16,2048,10944,102400,True,False,False,152,2,2048,10944,generic,generic,2816,,KERNEL_ONLY,BF16,none
,,,,,,,,,,,,0.005888,0.006881,0.0063456499999999996,0.006336,0.00037863317010003244,40,0.030432,0.03078300000000001,0.030608100000000006,0.030607000000000006,0.0001036170352789549,20,0.004897,0.00528,0.004990400000000001,0.0049759999999999995,7.321775740897828e-05,20,,,,,,,0.020832,0.022175999999999998,0.02128965,0.021200000000000004,0.00034491002812327707,20,0.003392,0.00352,0.00345915,0.003456,2.856269420065275e-05,20,0.012896000000000001,0.013824,0.0133488,0.013375999999999999,0.0002355170057554227,20,0.008256000000000001,0.008960000000000001,0.008454400000000003,0.008416,0.00016626948006173597,20,0.001887,0.002048,0.00191685,0.00192,3.341597671773189e-05,20,0.0056,0.006208,0.0057506,0.005712,0.00014319161986652717,20,16,16,2048,10944,102400,True,False,False,144,2,2048,10944,generic,generic,2816,,KERNEL_ONLY,BF16,none
,,,,,,,,,,,,0.005824,0.00704,0.006387075000000001,0.006368,0.0004405100672799659,40,0.030303000000000007,0.030782999999999998,0.030460850000000005,0.030447000000000002,0.00011720975855277559,20,0.004896,0.005184,0.00497925,0.0049605,7.323856566044968e-05,20,,,,,,,0.020416,0.02176,0.0208209,0.020737,0.00030454456159977706,20,0.002911,0.0031680000000000002,0.0029856,0.002976,6.330276455258502e-05,20,0.012641,0.013375999999999999,0.01292325,0.012896000000000001,0.00016135453975640057,20,0.008097,0.008832000000000001,0.008296000000000001,0.008256000000000001,0.00017751197142728168,20,0.0018560000000000002,0.002113,0.0019168499999999999,0.001888,7.85253303081241e-05,20,0.005792,0.00608,0.00590565,0.0059039999999999995,8.25331902933602e-05,20,16,16,2048,10944,102400,True,False,False,136,2,2048,10944,generic,generic,2816,,KERNEL_ONLY,BF16,none
,,,,,,,,,,,,0.005664,0.007104,0.006265599999999999,0.006352,0.00043073795978529686,40,0.029854000000000006,0.030242000000000005,0.0300193,0.030017500000000006,9.336707128318701e-05,20,0.005119,0.005376000000000001,0.0052257499999999995,0.005216999999999999,6.0063195885667e-05,20,,,,,,,0.021184,0.022368,0.021480050000000004,0.021360000000000004,0.00030761428364105536,20,0.002527,0.0026880000000000003,0.0025552000000000005,0.002528,4.217416270656726e-05,20,0.014912000000000002,0.015552,0.01532805,0.015328,0.00014238029182439516,20,0.007776,0.008576,0.0080337,0.008032000000000001,0.00019052902665998172,20,0.001855,0.002048,0.00189585,0.001888,3.638993679576813e-05,20,0.005696,0.006208,0.005875099999999999,0.0058235000000000006,0.00013480723274364773,20,16,16,2048,10944,102400,True,False,False,128,2,2048,10944,generic,generic,2816,,KERNEL_ONLY,BF16,none
,,,,,,,,,,,,0.005696,0.007168,0.006287999999999999,0.006271499999999999,0.0004694474944016636,40,0.030495000000000005,0.031105000000000008,0.03083915000000001,0.030851000000000007,0.00018434947111396882,20,0.005151,0.005536,0.005256,0.005248,8.350389212485845e-05,20,,,,,,,0.020864,0.021889,0.02131545,0.021233000000000002,0.0002714134254232829,20,0.0024950000000000003,0.0029449999999999997,0.0025567500000000004,0.002528,9.722184682467207e-05,20,0.012321,0.01328,0.012656049999999999,0.012608000000000001,0.00022081722645663304,20,0.008416,0.009216,0.008630349999999998,0.0086235,0.00016475839128857748,20,0.0018560000000000002,0.001952,0.0018736500000000004,0.0018560000000000002,2.370922816120328e-05,20,0.0056630000000000005,0.005951,0.0058175499999999995,0.0058085,8.010210671386862e-05,20,16,16,2048,10944,102400,True,False,False,120,2,2048,10944,generic,generic,2816,,KERNEL_ONLY,BF16,none
,,,,,,,,,,,,0.005695,0.006753,0.006236775,0.00624,0.0004326783728995476,40,0.030655,0.031167,0.030903750000000008,0.030878500000000007,0.00014047842361017556,20,0.004768,0.00512,0.0049424000000000004,0.004928,8.791268395402347e-05,20,,,,,,,0.019967,0.02128,0.020297500000000003,0.020208,0.0002936929519072598,20,0.0026560000000000004,0.002912,0.0027119,0.0026880000000000003,6.929494931089853e-05,20,0.016736,0.017184,0.0169232,0.016959500000000002,0.0001194632160960016,20,0.007552,0.008032000000000001,0.0078192,0.0078235,0.00012023793078725215,20,0.001824,0.0019850000000000002,0.0018576500000000006,0.0018560000000000002,3.9967830814293636e-05,20,0.005535,0.0057599999999999995,0.0056222999999999985,0.005615500000000001,6.0863864484601874e-05,20,16,16,2048,10944,102400,True,False,False,112,2,2048,10944,generic,generic,2816,,KERNEL_ONLY,BF16,none
,,,,,,,,,,,,0.005728,0.007136,0.006360874999999999,0.0063365,0.0004646397630153923,40,0.029915000000000004,0.03104000000000001,0.030422200000000003,0.0305775,0.0003529531980305589,20,0.004737,0.00512,0.004932900000000001,0.004928,9.659083807484023e-05,20,,,,,,,0.01984,0.021152,0.020373,0.02016,0.0003909056152065359,20,0.002592,0.002913,0.00265125,0.0026245,6.362379664873823e-05,20,0.012096,0.012928,0.012395350000000001,0.012368500000000001,0.00019890733395227034,20,0.00736,0.008288,0.0075984,0.00752,0.00020249034544886322,20,0.001792,0.002016,0.0018479000000000002,0.001824,6.13595143396686e-05,20,0.005472,0.0060160000000000005,0.0056977,0.0056325,0.00014186334974192606,20,16,16,2048,10944,102400,True,False,False,104,2,2048,10944,generic,generic,2816,,KERNEL_ONLY,BF16,none
,,,,,,,,,,,,0.005439,0.006752,0.0060392,0.006144,0.00039293295865834425,40,0.029727000000000003,0.030461000000000002,0.030011400000000004,0.029998500000000004,0.00022304470403934602,20,0.004991,0.00544,0.0051665,0.0051365000000000004,0.00013288622953489204,20,,,,,,,0.019169000000000002,0.020128,0.0194561,0.019408500000000002,0.0002175430761941183,20,0.0024,0.002561,0.0024528,0.002432,6.178235994197705e-05,20,0.014337,0.015231999999999999,0.014934449999999998,0.014976000000000001,0.00023765888895641975,20,0.00752,0.0088,0.00785455,0.007776,0.0002938782868808108,20,0.001792,0.001952,0.0018192500000000001,0.001824,3.8239867939102504e-05,20,0.0056,0.005985000000000001,0.005780749999999999,0.0057599999999999995,0.0001138489679355945,20,16,16,2048,10944,102400,True,False,False,96,2,2048,10944,generic,generic,2816,,KERNEL_ONLY,BF16,none
,,,,,,,,,,,,0.005344000000000001,0.006496000000000001,0.005992025,0.0060155,0.00038638811365646357,40,0.030306999999999997,0.030911000000000004,0.030647850000000004,0.030656500000000003,0.00016625951852450652,20,0.004896,0.00512,0.0049727,0.0049755,5.664282831921438e-05,20,,,,,,,0.018976,0.019936,0.0193328,0.019264,0.00023346297350971962,20,0.002368,0.0024649999999999997,0.0023889000000000002,0.0023685,2.920428050817206e-05,20,0.014591,0.01536,0.014892800000000001,0.014848,0.000210446097611716,20,0.007743000000000001,0.008225,0.007931400000000002,0.007936,0.0001126052396649462,20,0.001792,0.00192,0.0018144,0.001792,3.924206926246375e-05,20,0.005505,0.005728,0.005628800000000001,0.005632,6.618428816569666e-05,20,16,16,2048,10944,102400,True,False,False,88,2,2048,10944,generic,generic,2816,,KERNEL_ONLY,BF16,none
,,,,,,,,,,,,0.005856,0.00656,0.006084000000000001,0.00608,0.0001656603452851648,40,0.03043,0.030847000000000003,0.030656100000000002,0.030655,0.0001192756890569081,20,0.004768,0.005056,0.00490885,0.0049125,8.24319567886144e-05,20,,,,,,,0.019745000000000002,0.020864,0.020188900000000003,0.0201605,0.00028006318929841504,20,0.002528,0.002592,0.0025585,0.00256,1.5932670836994108e-05,20,0.013472,0.014304,0.0138017,0.013759500000000001,0.0002376935211569724,20,0.00752,0.008512,0.00784955,0.007808,0.00021149786641949845,20,0.00176,0.001984,0.00180645,0.001792,4.471518198554046e-05,20,0.005281,0.005599000000000001,0.005454350000000001,0.005471,7.23493434662678e-05,20,16,16,2048,10944,102400,True,False,False,80,2,2048,10944,generic,generic,2816,,KERNEL_ONLY,BF16,none
,,,,,,,,,,,,0.005471,0.006464,0.005936025,0.005952,0.0003687071661562874,40,0.029922,0.030400000000000007,0.03011815,0.030095500000000004,0.00012936663982650244,20,0.004736,0.0050880000000000005,0.0048464499999999995,0.004832,7.470038487183338e-05,20,,,,,,,0.019424,0.021120999999999997,0.019833649999999998,0.0196965,0.00038901905801644185,20,0.002528,0.00272,0.002556750000000001,0.00256,4.0347087875087176e-05,20,0.011616,0.012385,0.01189135,0.01184,0.00020809259357314978,20,0.0072640000000000005,0.007776,0.007470450000000001,0.007424000000000001,0.0001532659371810969,20,0.00176,0.00192,0.0017792499999999996,0.00176,3.56074079371133e-05,20,0.005345,0.005664,0.005501000000000001,0.005503999999999999,9.486411334113634e-05,20,16,16,2048,10944,102400,True,False,False,72,2,2048,10944,generic,generic,2816,,KERNEL_ONLY,BF16,none
,,,,,,,,,,,,0.005791,0.006208,0.005951175,0.005952,8.426324450791109e-05,40,0.029727000000000007,0.030113000000000008,0.029925250000000004,0.029920500000000006,0.00010814521487333569,20,0.00464,0.0050880000000000005,0.004825649999999999,0.0048,0.00011910930904005802,20,,,,,,,0.018848,0.019936,0.019055999999999997,0.0190395,0.00023697447119890372,20,0.002528,0.002912,0.00259355,0.00256,8.555318521247471e-05,20,0.012543,0.01357,0.0127874,0.012673,0.00025455557350016896,20,0.0072640000000000005,0.007647999999999999,0.007419199999999999,0.007424000000000001,0.00010082588953240119,20,0.001792,0.001984,0.0018146,0.001792,4.534137183632628e-05,20,0.005343,0.005696,0.0054736,0.005472,9.895827403506973e-05,20,16,16,2048,10944,102400,True,False,False,64,2,2048,10944,generic,generic,2816,,KERNEL_ONLY,BF16,none
,,,,,,,,,,,,0.005728,0.006112,0.0058624,0.005856,6.941498397320277e-05,40,0.030079999999999996,0.030946000000000008,0.03075395000000001,0.030770000000000002,0.00018147382042597954,20,0.004608,0.004864,0.00472475,0.004736,6.734899776537135e-05,20,,,,,,,0.019232,0.020383,0.0195279,0.019456,0.00026660268190699035,20,0.002496,0.0026560000000000004,0.0025536000000000005,0.00256,3.870839702183504e-05,20,0.012448,0.013504,0.012785550000000001,0.012704000000000002,0.00026528748085803065,20,0.007168,0.007904,0.007355099999999999,0.007312000000000001,0.00015161559946126903,20,0.00176,0.00192,0.00179525,0.001792,3.018588246183968e-05,20,0.0054080000000000005,0.006112,0.00558715,0.0055835,0.00014679995742506198,20,16,16,2048,10944,102400,True,False,False,56,2,2048,10944,generic,generic,2816,,KERNEL_ONLY,BF16,none
,,,,,,,,,,,,0.0053750000000000004,0.006304000000000001,0.005811175,0.0058235,0.000351579926012564,40,0.029538000000000002,0.030400000000000007,0.02970770000000001,0.029634,0.00019754419758626285,20,0.004608,0.005024,0.004780749999999999,0.0048155,0.00010919747020879198,20,,,,,,,0.018816,0.020064000000000002,0.019168150000000002,0.019072,0.00036934987139567333,20,0.002496,0.002529,0.0025169,0.002528,1.5234500319997324e-05,20,0.012448,0.0136,0.012664,0.012592,0.00024369837914930785,20,0.0072640000000000005,0.00768,0.007468850000000001,0.007456000000000001,9.515370460470766e-05,20,0.00176,0.001889,0.0017936,0.001792,2.3885979150958e-05,20,0.005248,0.005536,0.005395100000000001,0.005392000000000001,7.866949853659917e-05,20,16,16,2048,10944,102400,True,False,False,48,2,2048,10944,generic,generic,2816,,KERNEL_ONLY,BF16,none
,,,,,,,,,,,,0.005312000000000001,0.006304000000000001,0.005688825,0.00568,0.00028116026457342775,40,0.029568000000000007,0.030048000000000002,0.029734749999999997,0.029713000000000003,0.00011797367291052613,20,0.0045119999999999995,0.0048,0.004652700000000001,0.00464,8.053142243869777e-05,20,,,,,,,0.018879000000000003,0.020032,0.01915375,0.019104,0.000229047566020685,20,0.002464,0.00272,0.0025184,0.0024965,5.2680546694202065e-05,20,0.012320000000000001,0.013312,0.012553700000000001,0.012480500000000002,0.00023184652251004298,20,0.0072640000000000005,0.007647999999999999,0.0074144,0.007392,0.0001026875844491434,20,0.00176,0.001824,0.0017951000000000002,0.001792,1.3974619851716923e-05,20,0.005216,0.005792,0.005383949999999999,0.005327999999999999,0.00015445726755319733,20,16,16,2048,10944,102400,True,False,False,40,2,2048,10944,generic,generic,2816,,KERNEL_ONLY,BF16,none
,,,,,,,,,,,,0.0054080000000000005,0.005984,0.00568725,0.005679999999999999,0.00016665274525191591,40,0.029150000000000006,0.029474999999999994,0.029278400000000003,0.029280000000000007,8.942337502018052e-05,20,0.004416000000000001,0.004672,0.004582350000000001,0.004575999999999999,6.977555087564693e-05,20,,,,,,,0.018527000000000002,0.019616,0.01883845,0.018672,0.00033247954448356706,20,0.002177,0.0024,0.0022482,0.0022400000000000002,4.938279052463509e-05,20,0.01216,0.012544000000000001,0.012326350000000002,0.012304,9.847551726190628e-05,20,0.007072,0.008,0.007369500000000001,0.007296,0.0002360598441073788,20,0.00176,0.0018560000000000002,0.00177445,0.00176,2.3650528535320316e-05,20,0.005183,0.00544,0.0053215499999999995,0.0053435,7.580070909958577e-05,20,16,16,2048,10944,102400,True,False,False,32,2,2048,10944,generic,generic,2816,,KERNEL_ONLY,BF16,none
,,,,,,,,,,,,0.005344000000000001,0.006208,0.0057472750000000005,0.005776,0.00032965163335709407,40,0.02966200000000001,0.030078000000000008,0.029848150000000007,0.029839500000000005,0.00011818217928266662,20,0.004672,0.004992,0.0048000000000000004,0.004784,8.016108781697026e-05,20,,,,,,,0.018209,0.019296,0.018521599999999996,0.018416000000000002,0.0003306102539244663,20,0.0021760000000000004,0.002336,0.0022384,0.0022240000000000003,4.10748097987074e-05,20,0.01216,0.013023999999999999,0.012380750000000003,0.012320000000000001,0.00021338249108115678,20,0.0069440000000000005,0.007585,0.00708165,0.007056,0.00014367681615347678,20,0.00176,0.001824,0.00177605,0.00176,1.8974917654630254e-05,20,0.005184,0.005536,0.00536645,0.005376000000000001,9.659010042442234e-05,20,16,16,2048,10944,102400,True,False,False,24,2,2048,10944,generic,generic,2816,,KERNEL_ONLY,BF16,none
,,,,,,,,,,,,0.005312000000000001,0.005888,0.005552799999999999,0.0055835,0.00015541254775596432,40,0.037088,0.037727000000000004,0.037446200000000006,0.037422500000000004,0.00015285470225020822,20,0.004416000000000001,0.004768,0.0045743,0.00456,0.00010003454403354853,20,,,,,,,0.017920000000000002,0.019168,0.01835375,0.018175999999999998,0.0003729176685275183,20,0.002432,0.0026560000000000004,0.00248165,0.002464,4.6876726634866545e-05,20,0.011998000000000002,0.012736,0.01220475,0.012144499999999999,0.00021654234574327506,20,0.007072,0.007744,0.0072561000000000014,0.007216500000000001,0.00014837314447028484,20,0.001727,0.001953,0.0017775999999999996,0.00176,5.13891039034541e-05,20,0.005023,0.005664,0.00516155,0.00512,0.00013048274790178194,20,16,16,2048,10944,102400,True,False,False,16,2,2048,10944,generic,generic,2816,,KERNEL_ONLY,BF16,none
,,,,,,,,,,,,0.00528,0.005888,0.005523975,0.005520000000000001,0.00016219347821352107,40,0.03043300000000001,0.03107000000000001,0.03080015000000001,0.03081850000000001,0.00018000229859643454,20,0.004352000000000001,0.00464,0.004512250000000001,0.004513,7.972068426700784e-05,20,,,,,,,0.017888,0.018463999999999998,0.0181297,0.018144,0.00016153423785686928,20,0.002144,0.002336,0.0022143500000000003,0.0022080000000000003,4.001659030952029e-05,20,0.011776,0.012641000000000001,0.011976049999999999,0.0118885,0.00023063596315405817,20,0.006592,0.007104,0.006848049999999999,0.006848,0.0001223116817806052,20,0.00176,0.001888,0.0017776999999999997,0.00176,2.9455220250407188e-05,20,0.005055,0.005503999999999999,0.00518075,0.0051675,0.00011635500633836079,20,16,16,2048,10944,102400,True,False,False,8,2,2048,10944,generic,generic,2816,,KERNEL_ONLY,BF16,none
,,,,,,,,,,,,0.00544,0.005664,0.005561625,0.0055525,6.480381450964126e-05,40,0.026785000000000007,0.02745700000000001,0.027111000000000007,0.027121500000000003,0.00019861721979727652,20,0.004384000000000001,0.004608,0.004492850000000001,0.0045115,7.036993321014286e-05,20,,,,,,,0.017664000000000003,0.018496,0.01799525,0.0179045,0.0002381159119000648,20,0.002144,0.002304,0.0021904499999999996,0.0021760000000000004,4.792543687855118e-05,20,0.011616,0.011872,0.01174055,0.0117285,6.770337879308552e-05,20,0.006592,0.00704,0.00677595,0.0067835000000000005,0.00011491626299179784,20,0.001728,0.001888,0.0017664,0.00176,3.731809212700994e-05,20,0.004928,0.005344000000000001,0.0050848,0.005056,9.101736098129867e-05,20,16,16,2048,10944,102400,True,False,False,4,2,2048,10944,generic,generic,2816,,KERNEL_ONLY,BF16,none
,,,,,,,,,,,,0.005472,0.005791,0.00562,0.0056005,7.452315076538282e-05,40,0.025663000000000002,0.026110000000000005,0.025868400000000003,0.02584100000000001,0.00013917449478981564,20,0.004352000000000001,0.004545,0.00447515,0.0044800000000000005,5.5763137465533234e-05,20,,,,,,,0.017311,0.018175999999999998,0.017729650000000003,0.01768,0.00022601377723492841,20,0.002112,0.002336,0.00217935,0.002145,7.143197813304623e-05,20,0.011616,0.012192,0.011763099999999999,0.011744,0.00012402656973406955,20,0.006592,0.007168,0.00679515,0.0067835000000000005,0.00014644803685949498,20,0.001696,0.001888,0.0017357999999999998,0.001728,3.6356017383646404e-05,20,0.00496,0.00528,0.0050816,0.0050565,8.133351092876795e-05,20,16,16,2048,10944,102400,True,False,False,2,2,2048,10944,generic,generic,2816,,KERNEL_ONLY,BF16,none
,,,,,,,,,,,,0.005473,0.005823000000000001,0.0056248999999999995,0.0056315,7.609066959884111e-05,40,0.023263,0.023778000000000007,0.023540750000000003,0.0235205,0.0001322807147697667,20,0.004352000000000001,0.005024,0.004516650000000001,0.0044800000000000005,0.0001410734826251905,20,,,,,,,0.017408000000000003,0.018369,0.0176736,0.017536000000000003,0.00029670311761085237,20,0.002112,0.002304,0.0021632,0.002144,4.4608967708298324e-05,20,0.011583000000000001,0.012512,0.01177735,0.011712,0.00024400394976311355,20,0.00656,0.007072,0.0067248,0.0066879999999999995,0.00013585676280553739,20,0.0016950000000000001,0.001857,0.0017296000000000002,0.001728,4.480223208725209e-05,20,0.004928,0.005152,0.0050224499999999995,0.0050075,6.524605352050054e-05,20,16,16,2048,10944,102400,True,False,False,1,2,2048,10944,generic,generic,2816,,KERNEL_ONLY,BF16,none
,,,,,,,,,,,,0.01504,0.019327,0.017142525,0.0172,0.002014362839553738,40,0.038559,0.039424999999999995,0.03916805,0.039232500000000003,0.00022197262781703528,20,0.016224,0.016800000000000002,0.016401650000000004,0.016352500000000002,0.0001302514011440955,20,,,,,,,0.126721,0.128001,0.1273316,0.1273285,0.00036068412773506125,20,0.020992,0.022144,0.021272050000000004,0.0211195,0.0003472650968640527,20,0.059169,0.06016,0.05952019999999999,0.0594245,0.00031151269637046797,20,0.031936,0.033055999999999995,0.0325937,0.032608,0.00023355429775536146,20,0.005312000000000001,0.005503999999999999,0.0053794,0.005376000000000001,4.624975675611687e-05,20,0.019712,0.020128,0.019865749999999998,0.0198405,9.99018893715225e-05,20,16,16,2048,10944,102400,True,False,False,4096,4,2048,10944,generic,generic,2816,,KERNEL_ONLY,BF16,none
,,,,,,,,,,,,0.015104,0.019391,0.017242274999999998,0.017344,0.0019900631772320695,40,0.03904,0.03949,0.039264049999999995,0.0392335,0.00013023765776456445,20,0.016224,0.016673,0.0164673,0.01648,0.00010874745974044627,20,,,,,,,0.126913,0.12863999999999998,0.12775224999999998,0.1277605,0.0004074341511213769,20,0.020863,0.021856,0.021193550000000002,0.02112,0.00028032846359226553,20,0.059296,0.060384,0.05969614999999999,0.0596155,0.00027780033747279643,20,0.03232,0.032928,0.032708749999999995,0.032736,0.00016257917302040875,20,0.005312000000000001,0.005536,0.00534565,0.005344000000000001,4.790748897615058e-05,20,0.019744,0.020096,0.019953650000000003,0.0199685,0.00011375336258766159,20,16,16,2048,10944,102400,True,False,False,4064,4,2048,10944,generic,generic,2816,,KERNEL_ONLY,BF16,none
,,,,,,,,,,,,0.015136,0.019296,0.017206525,0.017216500000000003,0.0019581048233879104,40,0.038912,0.039327,0.03916495,0.039215999999999994,0.00013217014602397858,20,0.01616,0.016608,0.01635685,0.016336000000000003,0.00011239496207570912,20,,,,,,,0.128192,0.129536,0.12883730000000002,0.12883250000000002,0.0004072203457589008,20,0.020448,0.021792000000000002,0.020824049999999997,0.0207845,0.00027471757770481346,20,0.059136,0.060064,0.059593799999999995,0.0596005,0.0002941512536094313,20,0.032288,0.033375999999999996,0.0325954,0.032544500000000004,0.00022219594955804204,20,0.005279,0.00544,0.0053200500000000015,0.005312000000000001,4.5177953694252325e-05,20,0.019744,0.020225000000000003,0.019947299999999998,0.019968,0.00011333715189645501,20,16,16,2048,10944,102400,True,False,False,4032,4,2048,10944,generic,generic,2816,,KERNEL_ONLY,BF16,none
,,,,,,,,,,,,0.015104,0.019297,0.017452049999999997,0.01792,0.0016643530116835189,40,0.03872,0.039393,0.03901995,0.038993,0.0001909268118939822,20,0.016064000000000002,0.016448,0.01627175,0.016256,0.00010729486241195326,20,,,,,,,0.11801600000000001,0.122176,0.11940030000000001,0.11904,0.001063492458835511,20,0.021504000000000002,0.02288,0.0219409,0.02176,0.00043111215478109554,20,0.059296,0.061376,0.05989305,0.0597605,0.0005116331180641061,20,0.032223999999999996,0.032928,0.03248015,0.03246449999999999,0.00017573652864444583,20,0.005216,0.00544,0.005305600000000001,0.00528,4.915933278635929e-05,20,0.019648,0.02016,0.019837,0.019824,0.00012997538228449288,20,16,16,2048,10944,102400,True,False,False,4000,4,2048,10944,generic,generic,2816,,KERNEL_ONLY,BF16,none
,,,,,,,,,,,,0.015231999999999999,0.019486999999999997,0.0176104,0.01808,0.0016433899385112465,40,0.03878199999999999,0.039647999999999996,0.03916445,0.039087,0.00023027624171850685,20,0.016192,0.016608,0.0164465,0.0164485,0.00010138811567437283,20,,,,,,,0.133248,0.140512,0.13694274999999997,0.1368005,0.002067504096126531,20,0.019936,0.021248000000000003,0.0204049,0.02032,0.00034218400021041376,20,0.059072000000000006,0.059840000000000004,0.05943530000000001,0.0594405,0.00021140413903232786,20,0.032352,0.033537,0.032822449999999996,0.032783999999999994,0.0002492969063185505,20,0.005184,0.005536,0.0052816,0.005248,8.188186612431358e-05,20,0.019776000000000002,0.020192,0.019932850000000002,0.019904,0.0001060402164275422,20,16,16,2048,10944,102400,True,False,False,3968,4,2048,10944,generic,generic,2816,,KERNEL_ONLY,BF16,none
,,,,,,,,,,,,0.015231999999999999,0.019328,0.017277575,0.017296,0.0018864966192323276,40,0.038529999999999995,0.039230999999999995,0.0389564,0.038975,0.00018272066111964434,20,0.016256,0.016640000000000002,0.016406350000000004,0.016399999999999998,8.779878985498662e-05,20,,,,,,,0.118753,0.121696,0.11956519999999997,0.1191845,0.0008200149754730089,20,0.020992999999999998,0.022144,0.0213634,0.021280999999999998,0.00023097346167904245,20,0.059169,0.060225,0.059505949999999995,0.059488,0.00022689148838156092,20,0.031968,0.033216,0.0326512,0.032656000000000004,0.00026779592976742547,20,0.005152,0.005344000000000001,0.005239949999999999,0.005216,5.627830399008142e-05,20,0.019712,0.020224,0.0199073,0.019904,0.00012515114861638298,20,16,16,2048,10944,102400,True,False,False,3936,4,2048,10944,generic,generic,2816,,KERNEL_ONLY,BF16,none
,,,,,,,,,,,,0.015136,0.019328,0.017360125,0.0177765,0.001835230614766166,40,0.03862499999999999,0.039486999999999994,0.03902535,0.0389925,0.0002997582817871739,20,0.016224,0.01648,0.016361800000000003,0.016352500000000002,6.489499210262711e-05,20,,,,,,,0.133025,0.142529,0.13707085000000002,0.1369285,0.0025586541633249283,20,0.01968,0.020992,0.02010085,0.019951999999999998,0.000358689597702526,20,0.059137,0.06431999999999999,0.0603394,0.060064000000000006,0.001290695874325162,20,0.032320999999999996,0.033088,0.03264175,0.032624,0.00018580927721725905,20,0.00512,0.00528,0.005188750000000001,0.005184,4.776491913528157e-05,20,0.01968,0.020192,0.01991045,0.01992,0.00010604219678976887,20,16,16,2048,10944,102400,True,False,False,3904,4,2048,10944,generic,generic,2816,,KERNEL_ONLY,BF16,none
,,,,,,,,,,,,0.015104,0.019296,0.0171481,0.017184,0.001880432540667173,40,0.038395,0.03919999999999999,0.0387763,0.038786,0.00020247076332152142,20,0.01616,0.016576,0.01632955,0.0163515,0.00011134831610760917,20,,,,,,,0.118881,0.12268899999999999,0.120418,0.1203685,0.0009868169029764323,20,0.020736,0.0216,0.020937650000000002,0.020832,0.00024776082721043695,20,0.058656,0.059584000000000005,0.0591075,0.059104000000000004,0.00024297664496819452,20,0.032223999999999996,0.034208,0.032707349999999996,0.032513,0.0005191579985900249,20,0.0050880000000000005,0.005344000000000001,0.005148799999999999,0.005136,5.801603226695182e-05,20,0.019616,0.020192,0.019844800000000003,0.019824,0.00015086802179388445,20,16,16,2048,10944,102400,True,False,False,3872,4,2048,10944,generic,generic,2816,,KERNEL_ONLY,BF16,none
,,,,,,,,,,,,0.014976000000000001,0.0192,0.017055325,0.017071999999999997,0.0019618321205890684,40,0.038495,0.039389999999999994,0.0389504,0.039007,0.00020266533990793853,20,0.01344,0.013568,0.0134882,0.013473,3.968072579981342e-05,20,,,,,,,0.11433600000000001,0.118048,0.11497145,0.11476800000000001,0.0008014259463606097,20,0.019616,0.021152,0.01989605,0.019776000000000002,0.00033842598526117923,20,0.058208,0.059072000000000006,0.0586083,0.058592500000000006,0.0002571540588829973,20,0.029632000000000002,0.030656,0.0300369,0.029968,0.00024724742668023745,20,0.005184,0.005345,0.0052736,0.00528,4.814187366524077e-05,20,0.016832999999999997,0.017152,0.0170001,0.0169925,8.027135229955957e-05,20,16,16,2048,10944,102400,True,False,False,3840,4,2048,10944,generic,generic,2816,,KERNEL_ONLY,BF16,none
,,,,,,,,,,,,0.014944,0.019199,0.017016125,0.017024499999999998,0.0019426367157487272,40,0.03830599999999999,0.039233,0.038724499999999995,0.03871849999999999,0.0002519187368974379,20,0.015424,0.015808,0.015575899999999995,0.015552,8.397195960557304e-05,20,,,,,,,0.11340800000000001,0.11433600000000001,0.11397795000000002,0.1139845,0.00022242784785183939,20,0.019007000000000003,0.020225000000000003,0.0195263,0.019375999999999997,0.00036166145771978535,20,0.056928,0.058657,0.0578897,0.0580325,0.0005329048789418247,20,0.028673,0.030656,0.0296896,0.029712000000000002,0.0006948501565085806,20,0.005152,0.005632,0.00533925,0.005344000000000001,0.0001018385364191768,20,0.018559000000000003,0.018911999999999998,0.01869605,0.018704,9.156062199439224e-05,20,16,16,2048,10944,102400,True,False,False,3808,4,2048,10944,generic,generic,2816,,KERNEL_ONLY,BF16,none
,,,,,,,,,,,,0.015041,0.019264,0.017170575,0.0172,0.0019671056896809077,40,0.03820900000000001,0.039074,0.03868675,0.0387025,0.00031423301465632127,20,0.013344,0.013664,0.01352645,0.013536,7.582115469972744e-05,20,,,,,,,0.114624,0.12048,0.11707565000000002,0.1171205,0.001688401352611398,20,0.019168,0.02,0.01954095,0.019489000000000003,0.00019128106937174946,20,0.058176000000000005,0.058752000000000006,0.05848180000000001,0.058432000000000005,0.0001760277250889751,20,0.029504000000000002,0.032064,0.029990450000000002,0.029840500000000002,0.0005106829226633685,20,0.0050880000000000005,0.005312000000000001,0.005190650000000001,0.0051849999999999995,5.009618248928758e-05,20,0.016864,0.017120999999999997,0.017033899999999998,0.017056,7.247544411730031e-05,20,16,16,2048,10944,102400,True,False,False,3776,4,2048,10944,generic,generic,2816,,KERNEL_ONLY,BF16,none
,,,,,,,,,,,,0.014848000000000002,0.019136,0.016999274999999998,0.017023999999999997,0.0019567127534145115,40,0.038046,0.03872099999999999,0.03833765000000001,0.0383665,0.00014544046032655174,20,0.01536,0.015776000000000002,0.015540949999999998,0.015536500000000002,8.420717012226479e-05,20,,,,,,,0.112737,0.113729,0.11315085,0.11312000000000001,0.00025805256731913973,20,0.018688,0.019872,0.0190753,0.018896,0.0004051730617896511,20,0.057375999999999996,0.061729,0.05916335,0.0587525,0.0011170680496281314,20,0.029889,0.030497,0.03020825,0.03024,0.00017694374105912857,20,0.00512,0.005376000000000001,0.00518895,0.005183500000000001,6.892203929078123e-05,20,0.018528,0.018751999999999998,0.018620749999999995,0.018623999999999998,6.0577120268299314e-05,20,16,16,2048,10944,102400,True,False,False,3744,4,2048,10944,generic,generic,2816,,KERNEL_ONLY,BF16,none
,,,,,,,,,,,,0.014816000000000001,0.018976,0.016860049999999998,0.016864,0.0019498210296075888,40,0.037952,0.038883,0.0383941,0.038383,0.0002673824788575342,20,0.015967000000000002,0.016321000000000002,0.016116850000000005,0.01608,0.00010795937893485673,20,,,,,,,0.112704,0.116929,0.1138534,0.1136325,0.0009658158934289713,20,0.018847000000000003,0.019744,0.019084799999999996,0.018992000000000002,0.0002506622428687654,20,0.057952,0.058688000000000004,0.058246450000000005,0.058224,0.00017845600998565593,20,0.029536000000000003,0.033248,0.031598400000000006,0.031808,0.0013151756688746942,20,0.005024,0.005216,0.005099200000000001,0.0050880000000000005,5.659116538824786e-05,20,0.019456,0.020031,0.01971845,0.019648,0.0001618102206289825,20,16,16,2048,10944,102400,True,False,False,3712,4,2048,10944,generic,generic,2816,,KERNEL_ONLY,BF16,none
,,,,,,,,,,,,0.014719,0.019039,0.016850375,0.016896,0.0019656547215558986,40,0.03747399999999999,0.03884699999999999,0.03811364999999999,0.038112999999999994,0.00032765855322270873,20,0.015328,0.015488,0.015406449999999999,0.0153925,4.236209980631263e-05,20,,,,,,,0.111776,0.112801,0.11231074999999999,0.11231999999999999,0.00025062718826974795,20,0.018175999999999998,0.019296,0.0186032,0.0185285,0.00027681520911973056,20,0.057665,0.064096,0.06122735,0.06128,0.0019182273398896175,20,0.029728,0.032736,0.03049925,0.03008,0.0009081563122612758,20,0.004991,0.0051849999999999995,0.005049699999999999,0.005024,5.4219092578168544e-05,20,0.018368,0.018688,0.01848,0.018496,7.805703043288272e-05,20,16,16,2048,10944,102400,True,False,False,3680,4,2048,10944,generic,generic,2816,,KERNEL_ONLY,BF16,none
,,,,,,,,,,,,0.01488,0.018977,0.0169058,0.016944,0.0019058739097852194,40,0.03766400000000001,0.038753,0.0382965,0.03840099999999999,0.00033816393953229137,20,0.013441000000000002,0.015167,0.013823950000000002,0.013680000000000001,0.00044288175340603033,20,,,,,,,0.113057,0.117505,0.11453165000000001,0.114096,0.0012397496229077866,20,0.018368,0.019584,0.018713799999999996,0.018576,0.0003558518792981151,20,0.057921,0.058784,0.058333100000000006,0.058304,0.000226341092159599,20,0.02976,0.03504,0.032765,0.03308850000000001,0.001360666050138681,20,0.00496,0.005216,0.00503055,0.0050235,5.407168852551218e-05,20,0.016384,0.019039999999999998,0.017707149999999998,0.017808000000000004,0.0006686947192104923,20,16,16,2048,10944,102400,True,False,False,3648,4,2048,10944,generic,generic,2816,,KERNEL_ONLY,BF16,none
,,,,,,,,,,,,0.014815,0.018817,0.0168121,0.0168485,0.0019045724559596038,40,0.03740800000000001,0.038529999999999995,0.0381344,0.038191499999999996,0.000330105346821282,20,0.015167,0.015487,0.01536955,0.015392,7.841522492475558e-05,20,,,,,,,0.11152100000000001,0.112353,0.111986,0.1119845,0.0001948199168463011,20,0.017920000000000002,0.019168,0.01827045,0.018144,0.00032147806690348225,20,0.060704,0.064513,0.06224985000000001,0.062096,0.0010963033008707039,20,0.02944,0.03376,0.0308369,0.030511999999999997,0.001281738229904997,20,0.004896,0.005344000000000001,0.0049935,0.0049755,8.959213135091728e-05,20,0.018368,0.018623999999999998,0.01845285,0.018432,8.360219793761392e-05,20,16,16,2048,10944,102400,True,False,False,3616,4,2048,10944,generic,generic,2816,,KERNEL_ONLY,BF16,none
,,,,,,,,,,,,0.015007999999999999,0.018944,0.017002424999999998,0.0170715,0.0017883508169190406,40,0.03747299999999999,0.038561,0.03790255,0.03788899999999999,0.00030205950986519106,20,0.015968,0.016448,0.016177700000000003,0.0161445,0.0001344277129166452,20,,,,,,,0.113472,0.11433600000000001,0.1139476,0.113969,0.0002717356067945456,20,0.018047999999999998,0.019168,0.018465599999999995,0.018448,0.0003523419361926705,20,0.058368,0.058944,0.05863225000000001,0.05856,0.0001679314964501894,20,0.028832,0.03088,0.029300749999999997,0.029136000000000002,0.0005381939125445397,20,0.004864,0.0050880000000000005,0.004961600000000001,0.00496,5.0095309161637054e-05,20,0.019456,0.020064000000000002,0.019739249999999996,0.019695999999999998,0.00017617232330874237,20,16,16,2048,10944,102400,True,False,False,3584,4,2048,10944,generic,generic,2816,,KERNEL_ONLY,BF16,none
,,,,,,,,,,,,0.014944,0.019073,0.017015999999999996,0.017072,0.0018175020632725564,40,0.03712000000000001,0.038464,0.037747249999999996,0.037825,0.0004105511996085262,20,0.014432,0.014688000000000001,0.014563350000000003,0.0145445,7.628451677765312e-05,20,,,,,,,0.113568,0.1144,0.1139684,0.11393600000000001,0.000215970923968942,20,0.017984000000000003,0.018879000000000003,0.01826865,0.018144,0.00028901233105180853,20,0.052128,0.052927999999999996,0.0525537,0.052624000000000004,0.0002480814583962289,20,0.02928,0.030624,0.030043250000000004,0.030096499999999998,0.00027443612644839513,20,0.004832,0.00512,0.00494885,0.004928,7.51573516031532e-05,20,0.01728,0.017664000000000003,0.017451250000000005,0.017456,0.00010134292032500348,20,16,16,2048,10944,102400,True,False,False,3552,4,2048,10944,generic,generic,2816,,KERNEL_ONLY,BF16,none
,,,,,,,,,,,,0.014944,0.016672,0.015868874999999998,0.01592,0.0006876662049097663,40,0.03712100000000001,0.037825,0.03737965,0.03737649999999999,0.00017877311738625414,20,0.012864,0.013184,0.013044799999999999,0.013056,8.77961274772407e-05,20,,,,,,,0.112993,0.11472,0.11375229999999999,0.113664,0.0004149277165965197,20,0.017696000000000003,0.018816,0.018142400000000003,0.01808,0.00026070815100414334,20,0.058176000000000005,0.059489,0.0588851,0.05888,0.0003032145939759495,20,0.029696000000000004,0.032576,0.0309057,0.030832,0.000755416977569342,20,0.004832,0.005056,0.004918349999999999,0.004912,5.460977476606165e-05,20,0.016128,0.016544,0.01624645,0.016224,0.00010864321193705585,20,16,16,2048,10944,102400,True,False,False,3520,4,2048,10944,generic,generic,2816,,KERNEL_ONLY,BF16,none
,,,,,,,,,,,,0.01536,0.016864,0.016413699999999996,0.016496000000000004,0.0002742664033380685,40,0.03740800000000001,0.03801600000000001,0.03779515,0.037807499999999994,0.00014868196763561994,20,0.014464000000000001,0.01472,0.0145808,0.01456,6.731017753653626e-05,20,,,,,,,0.11081600000000001,0.116801,0.11377784999999999,0.113616,0.0015829991874603108,20,0.01872,0.020224,0.01901955,0.0189125,0.0003590717859982876,20,0.053441,0.055456000000000005,0.05437304999999999,0.054384,0.0005992264576101433,20,0.030112,0.031232,0.030891350000000005,0.030976,0.0002358358062296733,20,0.004832,0.00496,0.004886400000000001,0.0048805,3.3715575035879094e-05,20,0.017472,0.017792000000000002,0.01761765,0.0176,8.368827576190141e-05,20,16,16,2048,10944,102400,True,False,False,3488,4,2048,10944,generic,generic,2816,,KERNEL_ONLY,BF16,none
,,,,,,,,,,,,0.014913000000000001,0.016672,0.0157241,0.015776,0.0006916491813050894,40,0.03737599999999999,0.037822,0.03758695,0.037599,0.0001145222576619948,20,0.015904,0.016416,0.016086300000000005,0.016064000000000002,0.00013231027926809006,20,,,,,,,0.102816,0.10380800000000001,0.10329139999999999,0.103328,0.00024316216811009055,20,0.017728,0.018751999999999998,0.018033600000000004,0.017952000000000003,0.0002687761894216066,20,0.058495,0.059841000000000005,0.059172800000000005,0.059216000000000005,0.00034100478002514837,20,0.029729,0.032704000000000004,0.03095855,0.030704000000000002,0.0008944699254306997,20,0.004768,0.00496,0.004843199999999999,0.004831500000000001,7.105673789303885e-05,20,0.019104,0.019616,0.019332900000000004,0.019328500000000002,0.00012964601806457485,20,16,16,2048,10944,102400,True,False,False,3456,4,2048,10944,generic,generic,2816,,KERNEL_ONLY,BF16,none
,,,,,,,,,,,,0.015488,0.01776,0.016702425000000003,0.016496000000000004,0.0005430675320574786,40,0.037249000000000004,0.03782399999999999,0.037564749999999994,0.037583500000000006,0.00016853215568549384,20,0.014368,0.014496,0.014451249999999999,0.014464000000000001,3.2605022619222295e-05,20,,,,,,,0.10278400000000001,0.103712,0.10320965,0.1032,0.00023585700646790023,20,0.017504000000000002,0.018688,0.017808,0.017744000000000003,0.00031475704916649524,20,0.052768,0.055264,0.05413445,0.054176,0.0006299524168538444,20,0.027616,0.028704,0.0284897,0.028528500000000002,0.00022794146178350266,20,0.004703000000000001,0.005024,0.00480485,0.004768,8.678725424853587e-05,20,0.017280999999999998,0.017568,0.0174066,0.017409,7.030391169771447e-05,20,16,16,2048,10944,102400,True,False,False,3424,4,2048,10944,generic,generic,2816,,KERNEL_ONLY,BF16,none
,,,,,,,,,,,,0.01488,0.016672,0.015764775,0.0157435,0.00069936687394743,40,0.03718199999999999,0.037667,0.03740475,0.037391999999999995,0.00012675522671669342,20,0.015872,0.016416,0.016113549999999997,0.016064000000000002,0.00013585598072959437,20,,,,,,,0.102593,0.10400100000000001,0.10323389999999999,0.10318450000000001,0.00037197404479345265,20,0.017248000000000003,0.018463999999999998,0.017582399999999998,0.017472500000000002,0.000285591211349368,20,0.058624,0.059649,0.05917940000000001,0.059184,0.0002697343878707351,20,0.029824000000000003,0.033600000000000005,0.031220900000000003,0.0312005,0.0007780829583020054,20,0.004703000000000001,0.004864,0.0047615,0.004768,4.4930501889028586e-05,20,0.019136,0.01968,0.019358350000000003,0.01936,0.0001428867646075031,20,16,16,2048,10944,102400,True,False,False,3392,4,2048,10944,generic,generic,2816,,KERNEL_ONLY,BF16,none
,,,,,,,,,,,,0.015199,0.016704,0.0159879,0.016112,0.0005490407453003832,40,0.037312,0.03830400000000001,0.03768350000000001,0.037664500000000004,0.00019305556195044083,20,0.014304,0.014656,0.014459249999999998,0.014432,9.452136001983893e-05,20,,,,,,,0.103009,0.104128,0.10341955,0.10336000000000001,0.0002780441466745886,20,0.017056,0.01808,0.017390450000000002,0.017280000000000004,0.00026681406915678147,20,0.051104000000000004,0.051872999999999996,0.05149464999999999,0.051472000000000004,0.00018010004858411306,20,0.027456,0.028672,0.028292950000000004,0.028384,0.00030880114556134644,20,0.004672,0.005056,0.0047759000000000005,0.004768,7.771865927819389e-05,20,0.017152,0.01744,0.017288100000000004,0.01728,9.488619499168477e-05,20,16,16,2048,10944,102400,True,False,False,3360,4,2048,10944,generic,generic,2816,,KERNEL_ONLY,BF16,none
,,,,,,,,,,,,0.016448,0.018496,0.017135224999999997,0.0169125,0.0005915392416188469,40,0.037374,0.037760999999999996,0.0376084,0.037632,0.00010927369308301078,20,0.012353,0.012896000000000001,0.012547150000000002,0.012528000000000001,0.00013214472180151586,20,,,,,,,0.103009,0.104384,0.1037621,0.10377600000000001,0.0003293085027751335,20,0.017056,0.018303999999999997,0.017324950000000002,0.0172325,0.00031938276017969355,20,0.062496,0.065345,0.063725,0.063696,0.0008284351513546484,20,0.026625,0.028192000000000002,0.02714725,0.027088,0.00032120521088550277,20,0.004672,0.004928,0.0047345,0.004736,5.2072545549454386e-05,20,0.015071,0.015584,0.0153312,0.015344,0.00015711225286399547,20,16,16,2048,10944,102400,True,False,False,3328,4,2048,10944,generic,generic,2816,,KERNEL_ONLY,BF16,none
,,,,,,,,,,,,0.015679000000000002,0.017473,0.016426525000000004,0.016416,0.00036686100825108104,40,0.037183,0.037855999999999994,0.03754975,0.0375995,0.00018318893934951376,20,0.014240000000000001,0.014592,0.014436749999999998,0.0144315,0.00010283913408814774,20,,,,,,,0.10240099999999999,0.106176,0.1034341,0.1034085,0.0007671104809608605,20,0.016832999999999997,0.017568,0.017083300000000003,0.017056,0.00015447624412834492,20,0.050784,0.052192,0.05152330000000001,0.051552,0.0003437702866741106,20,0.027744,0.028992,0.0284402,0.0284485,0.0002837184519907015,20,0.004608,0.004928,0.0047217,0.004704,7.12208536876665e-05,20,0.017056,0.0176,0.017288100000000004,0.017248000000000003,0.00014732375911576486,20,16,16,2048,10944,102400,True,False,False,3296,4,2048,10944,generic,generic,2816,,KERNEL_ONLY,BF16,none
,,,,,,,,,,,,0.016288,0.019744,0.018008125,0.0186395,0.0014095090667941795,40,0.037534,0.03817799999999999,0.037822549999999996,0.0377925,0.00014977665872892146,20,0.012256000000000001,0.013504,0.01284805,0.012848000000000002,0.000285800013121063,20,,,,,,,0.10230500000000001,0.103392,0.10296025,0.1029445,0.0002274066566747767,20,0.016640000000000002,0.01776,0.017004749999999996,0.016896,0.00031400013933117923,20,0.06288,0.06656000000000001,0.06447705000000001,0.06432,0.0009321619749271061,20,0.028256,0.030591999999999998,0.028926550000000006,0.028736,0.000536952556097836,20,0.00464,0.004896,0.0047136,0.004688,6.942722808812116e-05,20,0.015007999999999999,0.016384,0.015603250000000003,0.015537000000000002,0.0003820837440928361,20,16,16,2048,10944,102400,True,False,False,3264,4,2048,10944,generic,generic,2816,,KERNEL_ONLY,BF16,none
,,,,,,,,,,,,0.015968,0.019456,0.016815175,0.016624,0.0006697379669505084,40,0.037022,0.037694000000000005,0.0373931,0.0374105,0.00014556816272798265,20,0.014272,0.014624000000000002,0.014478449999999999,0.014528000000000001,9.730389252234485e-05,20,,,,,,,0.10307200000000001,0.103872,0.10344199999999999,0.103488,0.00022059465088709713,20,0.016512000000000002,0.016961,0.016753499999999998,0.016768,0.00010562409762928152,20,0.051072000000000006,0.052256000000000004,0.05155554999999999,0.05152,0.0003187433881667191,20,0.027585000000000002,0.028224,0.028016149999999997,0.028048500000000004,0.0001444497403943668,20,0.004704,0.004928,0.00477925,0.004768,5.839081691499114e-05,20,0.017152,0.017568,0.017385750000000002,0.017408000000000003,0.00010425107913110564,20,16,16,2048,10944,102400,True,False,False,3232,4,2048,10944,generic,generic,2816,,KERNEL_ONLY,BF16,none
,,,,,,,,,,,,0.016384,0.021120999999999997,0.018222425,0.017792000000000002,0.0017748451184187873,40,0.03718400000000001,0.03769400000000001,0.03739844999999999,0.037375,0.0001242732774976205,20,0.016094999999999998,0.016512000000000002,0.016227250000000002,0.016224,0.00010467133084087596,20,,,,,,,0.108769,0.110209,0.10951255000000001,0.10953650000000001,0.00035955228757442273,20,0.016161000000000002,0.017152,0.016401650000000004,0.016368,0.00021570866347924008,20,0.064704,0.071553,0.06793944999999998,0.0681445,0.0017200878022647576,20,0.02784,0.028960000000000003,0.028316849999999998,0.028256,0.0003058990478899864,20,0.004575,0.004831,0.004651250000000001,0.00464,5.742549520900976e-05,20,0.015135000000000001,0.016864,0.016001500000000002,0.016208,0.0006019444741834585,20,16,16,2048,10944,102400,True,False,False,3200,4,2048,10944,generic,generic,2816,,KERNEL_ONLY,BF16,none
,,,,,,,,,,,,0.013312,0.01536,0.014424049999999999,0.014447999999999999,0.0008624083704950919,40,0.036991,0.037630999999999984,0.037229099999999994,0.0372175,0.00013809413456044854,20,0.013151999999999999,0.013504,0.0132737,0.013248,9.363231279852084e-05,20,,,,,,,0.102176,0.10358400000000001,0.10278744999999997,0.102752,0.00033567297701781097,20,0.016384,0.017408000000000003,0.016718649999999998,0.016688500000000002,0.0003086538959741159,20,0.054304000000000005,0.059393,0.057515300000000005,0.057808,0.0013333856193914796,20,0.0272,0.02832,0.027873749999999996,0.027888000000000003,0.00029915662703674156,20,0.004543999999999999,0.004768,0.0046465,0.004656,7.257168869469693e-05,20,0.015616,0.016,0.0157855,0.015807,9.969277807343952e-05,20,16,16,2048,10944,102400,True,False,False,3168,4,2048,10944,generic,generic,2816,,KERNEL_ONLY,BF16,none
,,,,,,,,,,,,0.0152,0.02,0.017308125,0.01704,0.0020112844551119563,40,0.036766999999999994,0.037309999999999996,0.03700415,0.036975999999999995,0.00015853841017242495,20,0.013056,0.013472,0.013221,0.013216,0.0001078114094147739,20,,,,,,,0.108192,0.110017,0.10896839999999999,0.10868900000000001,0.0005788348987405662,20,0.015712,0.016704,0.015955399999999998,0.015904,0.00023414512593688584,20,0.054528,0.059904000000000006,0.05806915,0.058384500000000006,0.0013731847026165144,20,0.028544,0.030112,0.02905435,0.028912,0.0004540913206613845,20,0.004608,0.004832,0.0047025,0.0046725,5.586635839214862e-05,20,0.015584,0.015904,0.015766350000000002,0.015744,7.508746566504971e-05,20,16,16,2048,10944,102400,True,False,False,3136,4,2048,10944,generic,generic,2816,,KERNEL_ONLY,BF16,none
,,,,,,,,,,,,0.013536,0.015456,0.01446325,0.014432,0.0008449612639050382,40,0.036832000000000004,0.037599,0.037324050000000004,0.0373435,0.00016559452738541737,20,0.01312,0.013471,0.013252799999999999,0.013232500000000001,8.752348256325277e-05,20,,,,,,,0.099968,0.10105599999999999,0.10058429999999999,0.100624,0.00029642977245884045,20,0.016128,0.017184,0.01640795,0.016368,0.00020662441167490378,20,0.056032,0.059745,0.0583508,0.058449,0.0009424473778413313,20,0.027456,0.02816,0.02776655,0.027712,0.0002152815540170594,20,0.0044800000000000005,0.004768,0.0046065,0.0045925,7.732237709744824e-05,20,0.015648,0.015904,0.015784,0.015776000000000002,7.00171407585317e-05,20,16,16,2048,10944,102400,True,False,False,3104,4,2048,10944,generic,generic,2816,,KERNEL_ONLY,BF16,none
,,,,,,,,,,,,0.013856,0.015424,0.01462965,0.01464,0.0006536519926535828,40,0.036607,0.03753600000000001,0.0369759,0.036927,0.00020900739221377072,20,0.013151999999999999,0.013375999999999999,0.013288050000000001,0.013312,6.39190699243975e-05,20,,,,,,,0.091329,0.0928,0.09216864999999999,0.092145,0.0003513485840301615,20,0.015936,0.016640000000000002,0.0162064,0.0161595,0.00020411942582713747,20,0.046208,0.047104,0.0465026,0.0464965,0.00020798038369038559,20,0.024928000000000002,0.026047999999999998,0.025468850000000005,0.02552,0.00024999805499243354,20,0.004511,0.004704,0.0045856000000000004,0.004575999999999999,4.641594553599022e-05,20,0.015808,0.016224,0.0159345,0.01592,9.010854565467135e-05,20,16,16,2048,10944,102400,True,False,False,3072,4,2048,10944,generic,generic,2816,,KERNEL_ONLY,BF16,none
,,,,,,,,,,,,0.013248,0.01632,0.014387225,0.014336,0.0009730981833170794,40,0.036862,0.037444,0.0371021,0.037086999999999995,0.00014482813953096236,20,0.013119,0.013344,0.0132321,0.013248,5.51379179875339e-05,20,,,,,,,0.090976,0.092321,0.09159375,0.09164850000000001,0.00031152445730632555,20,0.015616,0.017088000000000002,0.0159313,0.0158405,0.00035441968060478875,20,0.046112,0.047648,0.0465553,0.0464,0.0004126717945292606,20,0.024768000000000002,0.025696000000000004,0.0254274,0.02552,0.00025237083825196597,20,0.004416000000000001,0.004672,0.00452635,0.0045119999999999995,5.4952047277603516e-05,20,0.015712,0.016064000000000002,0.0158447,0.015808,8.666492946976887e-05,20,16,16,2048,10944,102400,True,False,False,3040,4,2048,10944,generic,generic,2816,,KERNEL_ONLY,BF16,none
,,,,,,,,,,,,0.0136,0.016704,0.014642549999999999,0.01456,0.000840409511785772,40,0.036385,0.037185,0.03676454999999999,0.036735000000000004,0.0002183060867222893,20,0.013119,0.013344,0.013204849999999999,0.013216,6.258935612386497e-05,20,,,,,,,0.090912,0.09180800000000001,0.09136670000000002,0.09140899999999999,0.00023838835961514527,20,0.015488,0.016224,0.015761650000000002,0.015712,0.0001947527342555168,20,0.046016,0.049024000000000005,0.0473984,0.0473765,0.0007972196936854987,20,0.024449000000000002,0.026112,0.0255216,0.025552000000000002,0.0003106546957636402,20,0.004416000000000001,0.004577,0.004468850000000002,0.0044480000000000006,3.968535624131373e-05,20,0.015616,0.015936,0.01578405,0.0157755,9.164849971494352e-05,20,16,16,2048,10944,102400,True,False,False,3008,4,2048,10944,generic,generic,2816,,KERNEL_ONLY,BF16,none
,,,,,,,,,,,,0.013184,0.01776,0.0143289,0.0141915,0.0011392106872743077,40,0.036385999999999995,0.037217999999999994,0.036699050000000004,0.0366405,0.0001987466917963666,20,0.012992000000000002,0.013248,0.01311515,0.01312,6.426684604055169e-05,20,,,,,,,0.09052800000000001,0.091809,0.09115714999999999,0.0911205,0.0003033852789770777,20,0.015295999999999999,0.016416,0.015609600000000001,0.015519999999999999,0.0002855519917633217,20,0.047073000000000004,0.050432000000000005,0.048907400000000004,0.048960500000000004,0.0008100636641647369,20,0.024704999999999998,0.025824000000000003,0.02533445,0.0253125,0.00023059260070522743,20,0.004384000000000001,0.00464,0.004438500000000001,0.004432500000000001,5.815453550669964e-05,20,0.015648,0.015904,0.015747399999999998,0.015744,5.436027961664686e-05,20,16,16,2048,10944,102400,True,False,False,2976,4,2048,10944,generic,generic,2816,,KERNEL_ONLY,BF16,none
,,,,,,,,,,,,0.014816000000000001,0.017312,0.01565985,0.015199999999999998,0.0007893079104506686,40,0.036447,0.037025,0.03675079999999999,0.0367835,0.0001478284816941573,20,0.012801,0.013184,0.01297605,0.012976000000000001,0.00011087356537966966,20,,,,,,,0.09030400000000001,0.091136,0.09073624999999999,0.09072,0.0002458393530336415,20,0.015136,0.015616,0.015368000000000001,0.0153285,0.00011994748851059795,20,0.050112000000000004,0.053024,0.05172515,0.0517765,0.0008228323204031301,20,0.024576,0.026081,0.025545799999999997,0.025552000000000002,0.0003123130800975198,20,0.004319,0.00464,0.004396850000000001,0.004368500000000001,8.474861355798097e-05,20,0.015424,0.01584,0.015561599999999998,0.015552,0.0001052422918792633,20,16,16,2048,10944,102400,True,False,False,2944,4,2048,10944,generic,generic,2816,,KERNEL_ONLY,BF16,none
,,,,,,,,,,,,0.015072,0.01936,0.016338474999999998,0.016448,0.000927571209867469,40,0.036287,0.036928,0.036574449999999994,0.036544999999999994,0.00014731954215242368,20,0.012864,0.013344,0.013113650000000001,0.013135999999999998,0.00011290273468787167,20,,,,,,,0.09052800000000001,0.09136,0.09101455,0.091104,0.0002465028346692983,20,0.014944,0.015457,0.015145700000000002,0.015104,0.0001347546288629817,20,0.050592,0.052801,0.0516658,0.051552,0.000671483253700344,20,0.024736,0.025792000000000002,0.025481800000000006,0.0254565,0.00023101896026084105,20,0.004288,0.004577,0.0043743,0.004352000000000001,6.508233247203124e-05,20,0.015584,0.015872,0.015688000000000004,0.01568,7.967998493975784e-05,20,16,16,2048,10944,102400,True,False,False,2912,4,2048,10944,generic,generic,2816,,KERNEL_ONLY,BF16,none
,,,,,,,,,,,,0.014848000000000002,0.015231999999999999,0.015059149999999999,0.0150405,8.668002941854563e-05,40,0.036251000000000005,0.0368,0.036477,0.036432,0.00018122527417553934,20,0.012928,0.014048999999999999,0.0132576,0.013152,0.0003030470920500638,20,,,,,,,0.08768000000000001,0.09174500000000001,0.08931385,0.0888,0.0012179077253634605,20,0.015007999999999999,0.015424,0.015164850000000002,0.015151999999999999,0.00011034367902150097,20,0.044768,0.045537,0.04512195000000001,0.04512,0.0001848841461564514,20,0.024736,0.025408000000000003,0.0249713,0.024896500000000002,0.00019567475565335476,20,0.004288,0.0045119999999999995,0.0044272,0.0044480000000000006,5.469424101310847e-05,20,0.015584,0.016097,0.015705649999999998,0.01568,0.00012350152833062443,20,16,16,2048,10944,102400,True,False,False,2880,4,2048,10944,generic,generic,2816,,KERNEL_ONLY,BF16,none
,,,,,,,,,,,,0.01472,0.017184,0.015534524999999999,0.015136,0.0007377579205776107,40,0.036253,0.036963,0.036495299999999994,0.0364795,0.00017516994605239826,20,0.012864,0.01328,0.013083350000000002,0.013056,0.0001154648323083698,20,,,,,,,0.08540900000000001,0.086208,0.08588355,0.085952,0.0002200721415808898,20,0.014528000000000001,0.015393,0.014779249999999999,0.01472,0.00022533860632390515,20,0.044768,0.045441,0.04520175,0.045216,0.0001646969565596158,20,0.024737,0.02544,0.025172900000000005,0.025216000000000002,0.00016750907438106176,20,0.004256,0.004447,0.004329749999999999,0.00432,4.955388481239407e-05,20,0.015552,0.015808,0.015662199999999998,0.015648,7.106166336358877e-05,20,16,16,2048,10944,102400,True,False,False,2848,4,2048,10944,generic,generic,2816,,KERNEL_ONLY,BF16,none
,,,,,,,,,,,,0.011295999999999999,0.013952,0.012667224999999999,0.012688,0.001141372386373089,40,0.036162,0.03661000000000001,0.036441999999999995,0.0364645,0.00012521261917235088,20,0.01104,0.011264,0.0111263,0.011104,5.904921676025873e-05,20,,,,,,,0.08464100000000001,0.085568,0.08506595000000002,0.0850245,0.0002853330466314748,20,0.014464000000000001,0.015136,0.014747100000000003,0.014704000000000002,0.00020022809493175508,20,0.046433,0.049536000000000004,0.048416150000000005,0.048752000000000004,0.0008684534112432282,20,0.024224,0.025344000000000002,0.02486905,0.02488,0.0002804117463659471,20,0.004256,0.004385,0.004316800000000001,0.00432,3.3650557201924776e-05,20,0.013216,0.013536,0.013366349999999999,0.01336,8.53219051592261e-05,20,16,16,2048,10944,102400,True,False,False,2816,4,2048,10944,generic,generic,2816,,KERNEL_ONLY,BF16,none
,,,,,,,,,,,,0.011295999999999999,0.01392,0.012640000000000002,0.012688000000000001,0.0011733440032658795,40,0.036097,0.036575,0.036311899999999994,0.0363045,0.00013093620584086143,20,0.011007999999999999,0.01136,0.01109285,0.011072,8.105693986328383e-05,20,,,,,,,0.084801,0.08563200000000001,0.0851251,0.08505599999999999,0.00021991973535815515,20,0.014304,0.015168,0.014535900000000001,0.014496,0.00021266003385685787,20,0.046048000000000006,0.049631999999999996,0.048428900000000004,0.048688,0.0008045015164684269,20,0.024256,0.025248000000000003,0.0248658,0.024832999999999997,0.0002476839922158881,20,0.004256,0.004608,0.004342400000000001,0.00432,9.114790178605314e-05,20,0.013248,0.013632,0.013358600000000002,0.013344,8.131814065754355e-05,20,16,16,2048,10944,102400,True,False,False,2784,4,2048,10944,generic,generic,2816,,KERNEL_ONLY,BF16,none
,,,,,,,,,,,,0.01136,0.015136,0.012791225,0.012752,0.0012944286864771657,40,0.036099,0.03651299999999999,0.03628705,0.03628750000000001,9.247565895953264e-05,20,0.010912000000000002,0.011167999999999999,0.011064000000000001,0.011072,5.978712235924993e-05,20,,,,,,,0.084736,0.085664,0.08505795,0.08497650000000001,0.0002268035438435644,20,0.014176000000000001,0.014656,0.014401500000000001,0.0143685,0.00013017353801752493,20,0.045696,0.049536000000000004,0.04841455000000001,0.048447500000000004,0.0008226074078805764,20,0.024097,0.025088000000000003,0.02481445,0.02488,0.00021635375545619773,20,0.004224,0.0044480000000000006,0.004312100000000001,0.004288,5.344239889825322e-05,20,0.01328,0.013632,0.013401699999999999,0.013392,8.557809299113886e-05,20,16,16,2048,10944,102400,True,False,False,2752,4,2048,10944,generic,generic,2816,,KERNEL_ONLY,BF16,none
,,,,,,,,,,,,0.011744,0.016384,0.01336415,0.013296,0.001208895953959645,40,0.035902,0.036226,0.03609185,0.036098000000000005,0.00010175081080758136,20,0.010911,0.011231999999999999,0.011043250000000001,0.01104,7.215045044904386e-05,20,,,,,,,0.084193,0.08537600000000001,0.0846547,0.084688,0.0002644456654967154,20,0.01392,0.014592,0.014060900000000001,0.014016,0.00015321648083675612,20,0.046081000000000004,0.049792,0.048131400000000005,0.0478405,0.0010267298768420058,20,0.024512000000000003,0.025216000000000002,0.024846600000000003,0.02488,0.00019003536512975688,20,0.004223,0.0044480000000000006,0.00428635,0.004288,5.5919831008328466e-05,20,0.013311,0.013696,0.013492799999999996,0.013504,9.883855523023392e-05,20,16,16,2048,10944,102400,True,False,False,2720,4,2048,10944,generic,generic,2816,,KERNEL_ONLY,BF16,none
,,,,,,,,,,,,0.011104,0.014272,0.01261605,0.0128,0.0012168665076745275,40,0.035997999999999995,0.03663999999999999,0.03625435,0.036225999999999994,0.00016177925546867722,20,0.010912000000000002,0.011264,0.011036849999999999,0.0110245,8.275160119296745e-05,20,,,,,,,0.09030400000000001,0.096481,0.09328815,0.093376,0.0015744970395335763,20,0.013728,0.014945,0.0139634,0.0139045,0.0002478609287483608,20,0.046560000000000004,0.050785,0.04810895,0.04816,0.0008444789206960685,20,0.024,0.024800000000000003,0.02446255,0.024480000000000002,0.00018042518532621784,20,0.004223,0.0044480000000000006,0.00428645,0.004256,6.592835126104717e-05,20,0.01328,0.0136,0.0134273,0.013408,8.255186248656062e-05,20,16,16,2048,10944,102400,True,False,False,2688,4,2048,10944,generic,generic,2816,,KERNEL_ONLY,BF16,none
,,,,,,,,,,,,0.011265,0.01488,0.012968075,0.0134565,0.0010781074711618504,40,0.035678000000000015,0.036385,0.035963800000000004,0.0359385,0.000190325930971057,20,0.010976000000000001,0.011264,0.011076799999999998,0.011072,6.344336056672907e-05,20,,,,,,,0.079072,0.080576,0.07962915000000001,0.0795365,0.0003723442325322071,20,0.014016,0.014784,0.01431035,0.0142555,0.00020620336442454094,20,0.047168,0.050145,0.048533150000000004,0.048480999999999996,0.0007497782522186144,20,0.021696000000000003,0.022816,0.022369649999999998,0.0224165,0.0003080373800369032,20,0.004192,0.0044800000000000005,0.00429915,0.004288,6.812141733698743e-05,20,0.013312,0.013664,0.013432099999999999,0.013409,9.644112193457743e-05,20,16,16,2048,10944,102400,True,False,False,2656,4,2048,10944,generic,generic,2816,,KERNEL_ONLY,BF16,none
,,,,,,,,,,,,0.011231999999999999,0.015776000000000002,0.013643375000000003,0.013824,0.0010779953777150441,40,0.035679,0.03641799999999999,0.03595954999999999,0.035934,0.00017601320262980067,20,0.01088,0.011072,0.0109647,0.010960000000000001,6.253646935988581e-05,20,,,,,,,0.093345,0.10083199999999999,0.09661925,0.09625650000000001,0.0020085094940029517,20,0.01328,0.013664,0.0134351,0.0134235,0.0001057175009163575,20,0.045281,0.049024000000000005,0.0475778,0.047632,0.0008120730632153734,20,0.023968,0.024736,0.0243921,0.024352000000000002,0.00016034490949200762,20,0.004095,0.004351,0.00421115,0.0041925,6.588419765011929e-05,20,0.013343,0.013696,0.01346725,0.013440500000000001,8.432311367590735e-05,20,16,16,2048,10944,102400,True,False,False,2624,4,2048,10944,generic,generic,2816,,KERNEL_ONLY,BF16,none
,,,,,,,,,,,,0.011167999999999999,0.014944,0.013099375000000002,0.013472500000000002,0.0011594911100888184,40,0.035424,0.035775999999999995,0.035585649999999996,0.035584000000000005,8.50419161355156e-05,20,0.010913,0.011328,0.01108335,0.011041,0.00010175769012708556,20,,,,,,,0.07600100000000001,0.07657599999999999,0.0763154,0.07632,0.0001712023364326506,20,0.013728,0.014432,0.01393625,0.013936,0.00016466750590204504,20,0.054432,0.058464,0.056701100000000004,0.056816,0.0010401930061291504,20,0.022591999999999998,0.023008,0.022824050000000002,0.0228485,0.00012094026418029742,20,0.004128000000000001,0.004256,0.0041697,0.0041600000000000005,3.3734403803831965e-05,20,0.012736,0.01344,0.012940800000000002,0.0128325,0.00021831962806857251,20,16,16,2048,10944,102400,True,False,False,2592,4,2048,10944,generic,generic,2816,,KERNEL_ONLY,BF16,none
,,,,,,,,,,,,0.010783,0.013696,0.012225725000000002,0.012336,0.0013231866079185502,40,0.03539000000000001,0.036129,0.035819000000000004,0.0358565,0.00019445667898017468,20,0.010176000000000001,0.010464000000000001,0.010316800000000001,0.010304,7.805293075855641e-05,20,,,,,,,0.07712000000000001,0.07804900000000001,0.07748020000000001,0.07744000000000001,0.00022533921096871024,20,0.013377000000000002,0.014272,0.01362255,0.013568,0.00021083559353202188,20,0.039488,0.043648000000000006,0.04212815000000001,0.042319999999999997,0.0009683000193638338,20,0.024,0.024864,0.0245169,0.0245125,0.00017361650267183704,20,0.004096,0.004288,0.004165,0.0041600000000000005,4.558179461144544e-05,20,0.012256000000000001,0.012448,0.012340750000000001,0.012352,4.987973035211779e-05,20,16,16,2048,10944,102400,True,False,False,2560,4,2048,10944,generic,generic,2816,,KERNEL_ONLY,BF16,none
,,,,,,,,,,,,0.010816000000000001,0.015072,0.012783225,0.012688,0.0018437354404509882,40,0.035358999999999995,0.036031,0.035703950000000005,0.0356795,0.00017132380891166245,20,0.011456,0.011776,0.01157455,0.011584,8.771115949524348e-05,20,,,,,,,0.076864,0.07772799999999999,0.07728999999999998,0.077281,0.0002631493872309028,20,0.013216,0.014081,0.0134402,0.013375999999999999,0.00020655715915939588,20,0.03792,0.038208,0.03803065,0.038048000000000005,7.799504791972297e-05,20,0.021568,0.022112,0.021872000000000003,0.021872000000000003,0.00010970551490239701,20,0.004032,0.004384000000000001,0.0041552,0.004128000000000001,9.339518188857512e-05,20,0.013536,0.01376,0.013628999999999999,0.013633,6.145567508375459e-05,20,16,16,2048,10944,102400,True,False,False,2528,4,2048,10944,generic,generic,2816,,KERNEL_ONLY,BF16,none
,,,,,,,,,,,,0.011104,0.013664,0.01239275,0.012383499999999999,0.0011565121648733317,40,0.03548799999999999,0.036095999999999996,0.03572399999999999,0.035678499999999995,0.00016167065287181874,20,0.010176000000000001,0.010656,0.0103089,0.010304500000000001,0.00010862867945436887,20,,,,,,,0.075905,0.079488,0.07690885,0.076512,0.0009983497020082707,20,0.012896000000000001,0.013824,0.01316965,0.0130725,0.00022781555587799525,20,0.041569,0.044704,0.0434323,0.043424000000000004,0.0006938463158365836,20,0.024032,0.024608,0.0243792,0.024336000000000003,0.00016388093238690096,20,0.004032,0.004288,0.004147199999999999,0.0041600000000000005,6.020764071112585e-05,20,0.012224,0.012480000000000002,0.012302450000000001,0.012288,7.610024638593499e-05,20,16,16,2048,10944,102400,True,False,False,2496,4,2048,10944,generic,generic,2816,,KERNEL_ONLY,BF16,none
,,,,,,,,,,,,0.011103,0.014912000000000002,0.012694349999999998,0.012208,0.0015127923444742844,40,0.035519,0.03616200000000001,0.03588345,0.0358725,0.00014764263442515574,20,0.011424,0.011776,0.0115873,0.011584,9.318642605014959e-05,20,,,,,,,0.075872,0.078592,0.07665465,0.07625599999999999,0.0007874638579007939,20,0.012799,0.013696,0.013006400000000001,0.012960000000000001,0.00021213754971715845,20,0.037632,0.037953,0.037790399999999995,0.037776000000000004,8.074119147002914e-05,20,0.021536000000000003,0.021952000000000003,0.021752100000000003,0.02176,0.00010653163849298433,20,0.003968,0.004192,0.0040768,0.0040645,6.023586971232355e-05,20,0.013504,0.013888000000000001,0.0136751,0.0136645,0.00011498299874329253,20,16,16,2048,10944,102400,True,False,False,2464,4,2048,10944,generic,generic,2816,,KERNEL_ONLY,BF16,none
,,,,,,,,,,,,0.011104,0.013857,0.01242965,0.012432,0.001183767978744146,40,0.035232,0.036003,0.03561594999999999,0.0355845,0.00018897049372851847,20,0.010144,0.010400000000000001,0.01025125,0.010241,6.418712877205209e-05,20,,,,,,,0.075744,0.079648,0.07638435,0.07609650000000001,0.0008158040374379114,20,0.012608000000000001,0.013216,0.01280475,0.012768000000000002,0.0001679237550199491,20,0.043328000000000005,0.047168,0.04549475000000001,0.0456485,0.0010166224409779657,20,0.023424,0.024737,0.023904199999999997,0.023984,0.00035922605696135103,20,0.004096,0.0044480000000000006,0.00418885,0.0041605,7.360317588256641e-05,20,0.012288,0.012480000000000002,0.0123697,0.012352,5.9495462011820815e-05,20,16,16,2048,10944,102400,True,False,False,2432,4,2048,10944,generic,generic,2816,,KERNEL_ONLY,BF16,none
,,,,,,,,,,,,0.011105,0.016641,0.013450475,0.012864,0.00226510733727455,40,0.03526499999999999,0.03590700000000001,0.03555855,0.035503999999999994,0.0001780891560426978,20,0.011456,0.011648,0.011552150000000002,0.011584,4.859760796582526e-05,20,,,,,,,0.07552,0.077249,0.076045,0.0760005,0.00035059378203270976,20,0.012478999999999999,0.01312,0.0126672,0.012624,0.00016422289730728804,20,0.037247999999999996,0.037696,0.0374465,0.037424,0.0001262234130421136,20,0.021696000000000003,0.022015999999999997,0.02185935,0.021856,7.898434971562349e-05,20,0.004001,0.004224,0.0040943,0.0040955,5.188169233939862e-05,20,0.013633,0.014016,0.013788900000000002,0.0137765,8.203468778510732e-05,20,16,16,2048,10944,102400,True,False,False,2400,4,2048,10944,generic,generic,2816,,KERNEL_ONLY,BF16,none
,,,,,,,,,,,,0.011105,0.013760999999999999,0.012463325,0.012624,0.0011497334340511286,40,0.035266,0.035937,0.035481799999999994,0.035423500000000004,0.0001697461634323438,20,0.010336,0.011712,0.01102735,0.0110725,0.00038835464140396183,20,,,,,,,0.075616,0.079136,0.076477,0.07608000000000001,0.0008598665012663296,20,0.012192,0.013056,0.0124879,0.012464,0.00018257351943806082,20,0.036256000000000004,0.036768,0.036462449999999993,0.036463999999999996,0.0001399630219022153,20,0.024064000000000002,0.02544,0.024848049999999997,0.024911500000000003,0.0003694386924781969,20,0.003967,0.004096,0.00402535,0.004032,3.985006273520771e-05,20,0.012960000000000001,0.014945,0.01381115,0.013808,0.00044403403867271255,20,16,16,2048,10944,102400,True,False,False,2368,4,2048,10944,generic,generic,2816,,KERNEL_ONLY,BF16,none
,,,,,,,,,,,,0.011104,0.013408,0.011986475,0.011952,0.0007165827233299732,40,0.034945000000000004,0.035677,0.03537725000000001,0.035391500000000006,0.0001812222047653088,20,0.01136,0.01168,0.011542350000000002,0.011552,7.382023774006682e-05,20,,,,,,,0.075712,0.078401,0.07645135,0.07612849999999999,0.0007592913324278102,20,0.011712,0.012545,0.012286550000000004,0.012320000000000001,0.00018452438185779152,20,0.037088,0.037664,0.037368200000000004,0.037344,0.00017597317977464632,20,0.021567,0.022015999999999997,0.021788850000000002,0.021776000000000004,0.0001460843164066556,20,0.004,0.004192,0.0040704999999999995,0.004064,4.911466176204427e-05,20,0.013536,0.014144,0.013774599999999998,0.013760999999999999,0.00014107529904274535,20,16,16,2048,10944,102400,True,False,False,2336,4,2048,10944,generic,generic,2816,,KERNEL_ONLY,BF16,none
,,,,,,,,,,,,0.012736,0.015424,0.013927175,0.013808,0.0006031317388224567,40,0.035008000000000004,0.035648,0.0354398,0.035457,0.0001576304539104029,20,0.010656,0.01088,0.01075995,0.010752000000000001,5.444306659254248e-05,20,,,,,,,0.067137,0.06771200000000001,0.067381,0.0673605,0.00014374699996869592,20,0.012320000000000001,0.012896000000000001,0.01252635,0.012496,0.0001404070065915517,20,0.034752000000000005,0.035072000000000006,0.0349171,0.0349285,7.791206581781819e-05,20,0.01936,0.019808,0.01967205,0.01968,9.541932456269051e-05,20,0.003936,0.004224,0.0040369,0.004,6.578822083017605e-05,20,0.012799,0.013056,0.0129423,0.012928,7.266642966322157e-05,20,16,16,2048,10944,102400,True,False,False,2304,4,2048,10944,generic,generic,2816,,KERNEL_ONLY,BF16,none
,,,,,,,,,,,,0.013216,0.015264,0.01388955,0.0139355,0.000410943545392795,40,0.035136,0.035778,0.0354453,0.035455,0.00016759149739769075,20,0.010656,0.010912000000000002,0.01076315,0.010752000000000001,7.097413261181842e-05,20,,,,,,,0.06704,0.06758499999999999,0.0672707,0.06729600000000001,0.00015812972522583987,20,0.012224,0.013023999999999999,0.012422400000000004,0.012416,0.00016439203143704952,20,0.034689,0.035072000000000006,0.03484025,0.034848,7.812417999569695e-05,20,0.019424,0.020192,0.019742549999999998,0.019712,0.0001642767405934272,20,0.003936,0.004096,0.0039983499999999995,0.003999,3.854124414182801e-05,20,0.012672000000000001,0.01312,0.01291045,0.012928,0.00011251021064774483,20,16,16,2048,10944,102400,True,False,False,2272,4,2048,10944,generic,generic,2816,,KERNEL_ONLY,BF16,none
,,,,,,,,,,,,0.010752000000000001,0.016448,0.0135352,0.0133765,0.0017956466272627252,40,0.034912,0.03539000000000001,0.03511315,0.035121,0.000130570775826752,20,0.010592,0.010848000000000002,0.0107024,0.0106885,5.4881144302938866e-05,20,,,,,,,0.06678400000000001,0.06886400000000001,0.06738575,0.06729600000000001,0.00042724733761604543,20,0.011968,0.012320000000000001,0.012139200000000001,0.012128,9.227491533455916e-05,20,0.034496000000000006,0.035040999999999996,0.0347088,0.034656,0.00014500606883851392,20,0.019424,0.01984,0.019652899999999997,0.019648,9.988037845342821e-05,20,0.003935,0.004191,0.00398705,0.003968,5.6559238856264654e-05,20,0.012512,0.012993000000000001,0.012676849999999998,0.012672000000000001,0.00010202268130175773,20,16,16,2048,10944,102400,True,False,False,2240,4,2048,10944,generic,generic,2816,,KERNEL_ONLY,BF16,none
,,,,,,,,,,,,0.010848000000000002,0.01376,0.012445550000000001,0.012416,0.0006064854058425475,40,0.034971,0.03545700000000001,0.035215500000000004,0.035216,0.00013427155320469144,20,0.010624000000000001,0.011009000000000001,0.01077765,0.010784,9.095838334095455e-05,20,,,,,,,0.06694499999999999,0.07088,0.06782754999999999,0.0676005,0.0008538640099570886,20,0.011808,0.012352,0.012052750000000001,0.0120325,0.00013477680623905577,20,0.034464,0.034976,0.03462740000000001,0.0346245,0.00011356689658522794,20,0.019296,0.019904,0.019664100000000004,0.019712,0.00014404474999110553,20,0.00384,0.004097000000000001,0.0039489500000000006,0.003936,6.0310426130147767e-05,20,0.012608000000000001,0.012929000000000001,0.0127232,0.012720000000000002,9.409548341976894e-05,20,16,16,2048,10944,102400,True,False,False,2208,4,2048,10944,generic,generic,2816,,KERNEL_ONLY,BF16,none
,,,,,,,,,,,,0.011968,0.017408000000000003,0.014419949999999997,0.014384,0.0015577200799566013,40,0.03472,0.035361,0.0350128,0.0350065,0.0002023498455645568,20,0.010592,0.010785000000000001,0.01066075,0.010656,4.885885283139576e-05,20,,,,,,,0.066625,0.06963200000000001,0.06756350000000001,0.067232,0.0008573312370373541,20,0.011647000000000001,0.012,0.0118161,0.011776,0.00010988853443376165,20,0.034336,0.034688000000000004,0.03446565,0.034433,9.240252972727484e-05,20,0.019328,0.019744,0.01953925,0.019568000000000002,0.00010865352042156774,20,0.003871,0.004,0.003924749999999999,0.0039195,3.694303046584031e-05,20,0.012480000000000002,0.0128,0.012649600000000002,0.0126555,8.592520002886239e-05,20,16,16,2048,10944,102400,True,False,False,2176,4,2048,10944,generic,generic,2816,,KERNEL_ONLY,BF16,none
,,,,,,,,,,,,0.012224,0.016832,0.013624225,0.012928,0.001447948280973806,40,0.034624,0.03536,0.034950550000000004,0.034945000000000004,0.0001908301535397377,20,0.010592,0.010816000000000001,0.0106927,0.010656,6.50200738233971e-05,20,,,,,,,0.066688,0.071232,0.0673301,0.0670405,0.0009750188152030709,20,0.011456,0.01216,0.011635099999999999,0.011616,0.00016227411993290886,20,0.034336,0.035008000000000004,0.034505600000000004,0.034464,0.00015226536047309024,20,0.0192,0.020768000000000002,0.019548799999999998,0.019504,0.0002982873782110136,20,0.00384,0.004,0.003931200000000001,0.003936,4.325921867070652e-05,20,0.012609,0.013153000000000001,0.012812899999999999,0.0127835,0.0001228995117972402,20,16,16,2048,10944,102400,True,False,False,2144,4,2048,10944,generic,generic,2816,,KERNEL_ONLY,BF16,none
,,,,,,,,,,,,0.009408,0.013568,0.011241600000000001,0.010991500000000001,0.0015638938550937532,40,0.034464999999999996,0.03488,0.03473725,0.03472100000000001,0.0001004613731739724,20,0.010592,0.011104,0.01071855,0.010672500000000001,0.00011906824723661613,20,,,,,,,0.064192,0.068928,0.06629940000000001,0.0661445,0.0011523866712176095,20,0.011265,0.011713,0.0114531,0.011441,0.00011405915132070743,20,0.034303,0.036000000000000004,0.034915100000000004,0.034608,0.0006046276457457109,20,0.019264,0.021152,0.020468950000000007,0.020656,0.0005511323321127156,20,0.00368,0.0038079999999999998,0.0037520500000000007,0.0037445000000000004,3.174031348301384e-05,20,0.012832000000000001,0.013216,0.013089450000000002,0.013104,8.729517455163202e-05,20,16,16,2048,10944,102400,True,False,False,2112,4,2048,10944,generic,generic,2816,,KERNEL_ONLY,BF16,none
,,,,,,,,,,,,0.009632,0.014400000000000001,0.0119263,0.011856,0.0016042599571141829,40,0.034306,0.034815,0.0346159,0.034685999999999995,0.00016046273710740452,20,0.010496,0.01104,0.010708749999999998,0.010688000000000001,0.00012289177149020196,20,,,,,,,0.06403199999999999,0.07065600000000001,0.06794594999999999,0.06875200000000001,0.0020661765044400265,20,0.01136,0.01184,0.011608049999999998,0.011584500000000001,0.00015950249998040772,20,0.034175,0.038528,0.0360512,0.036208000000000004,0.0013246823996717093,20,0.019328,0.0216,0.01998235,0.019952,0.0005647390791330103,20,0.00368,0.003873,0.0037486000000000004,0.0037440000000000004,4.5833830300335966e-05,20,0.0128,0.01328,0.013112099999999998,0.013121,0.0001017063911462793,20,16,16,2048,10944,102400,True,False,False,2080,4,2048,10944,generic,generic,2816,,KERNEL_ONLY,BF16,none
,,,,,,,,,,,,0.010816000000000001,0.011968,0.011407200000000001,0.011408,0.00035764054579982954,40,0.03411700000000001,0.03488,0.03458945000000001,0.0346245,0.0002153674708492437,20,0.009792,0.010113,0.009917,0.00992,7.5773346237315e-05,20,,,,,,,0.06,0.063168,0.06152974999999998,0.0616325,0.000865261745080643,20,0.011072,0.011809,0.0114385,0.011392,0.0001781624258927792,20,0.030944,0.031232,0.03109915,0.031120000000000002,8.65276112001252e-05,20,0.018015999999999997,0.018432,0.01818405,0.018144,0.00010951231665890356,20,0.0036160000000000003,0.004192,0.0037921000000000005,0.003776,0.0001344265226806079,20,0.011871000000000001,0.012128,0.012019249999999999,0.012032000000000001,6.833511176547536e-05,20,16,16,2048,10944,102400,True,False,False,2048,4,2048,10944,generic,generic,2816,,KERNEL_ONLY,BF16,none
,,,,,,,,,,,,0.01088,0.012128,0.011461675000000001,0.0114405,0.0003989125460235614,40,0.034497,0.035135999999999994,0.03480155,0.03484799999999999,0.00017278323848105075,20,0.009696,0.010016,0.00987995,0.009888000000000001,7.967463523606512e-05,20,,,,,,,0.059808,0.062112,0.06120025,0.061376,0.0005999374863267014,20,0.011072,0.011457,0.01130245,0.011295999999999999,9.74399686986814e-05,20,0.031232,0.03168,0.031388950000000006,0.03136,0.00010806131361407765,20,0.018112,0.018463999999999998,0.01830575,0.0183365,0.0001064799863824186,20,0.003648,0.004288,0.003883200000000001,0.0038079999999999998,0.00018584149159969635,20,0.011552,0.011968,0.011736049999999998,0.011744,0.00010891853607168982,20,16,16,2048,10944,102400,True,False,False,2032,4,2048,10944,generic,generic,2816,,KERNEL_ONLY,BF16,none
,,,,,,,,,,,,0.01136,0.016064000000000002,0.0132025,0.012224,0.001839644816262096,40,0.034240999999999994,0.034720999999999995,0.03450204999999999,0.034513,0.00012489574652485195,20,0.009728,0.009984,0.0098288,0.0098245,6.346857490128483e-05,20,,,,,,,0.058592,0.061952,0.06092985000000001,0.061168,0.0009634272818952144,20,0.010912000000000002,0.011424,0.011108899999999998,0.01112,0.00011935195850927598,20,0.03088,0.031168,0.0310161,0.031008,7.282987024566198e-05,20,0.017920000000000002,0.018368,0.018182449999999996,0.0181925,0.0001187002422069978,20,0.0036160000000000003,0.003776,0.003708800000000001,0.0037120000000000005,4.3992726671576016e-05,20,0.011712,0.012096,0.011945499999999998,0.011952,8.40919139989096e-05,20,16,16,2048,10944,102400,True,False,False,2016,4,2048,10944,generic,generic,2816,,KERNEL_ONLY,BF16,none
,,,,,,,,,,,,0.011616,0.016448,0.013546375,0.012879999999999999,0.0016819882533403733,40,0.034399,0.034820000000000004,0.034542850000000014,0.034560499999999994,9.628202064767947e-05,20,0.009728,0.010016,0.00983525,0.009808,8.112143674763176e-05,20,,,,,,,0.059489,0.061888,0.060848099999999995,0.061023999999999995,0.000789093777696922,20,0.010879,0.01136,0.011051100000000003,0.01104,0.00012974471087485556,20,0.031072,0.031328,0.031196800000000004,0.031168,7.008180933737348e-05,20,0.017984000000000003,0.018463999999999998,0.01822415,0.018208,0.0001087319065408117,20,0.0036160000000000003,0.0037770000000000004,0.0037120000000000013,0.0037120000000000005,3.9316663134096206e-05,20,0.011519999999999999,0.011936,0.011684799999999999,0.01168,0.00011329059978656656,20,16,16,2048,10944,102400,True,False,False,2000,4,2048,10944,generic,generic,2816,,KERNEL_ONLY,BF16,none
,,,,,,,,,,,,0.012032000000000001,0.015937,0.013497700000000001,0.012768,0.0013373893075690414,40,0.034302000000000006,0.034656,0.034478850000000005,0.034496500000000006,9.122569539334776e-05,20,0.009696,0.010016,0.009851249999999999,0.0098715,8.890549758029626e-05,20,,,,,,,0.059840000000000004,0.065857,0.0625426,0.062464,0.0016425633138482053,20,0.010752000000000001,0.011839,0.0112128,0.011167999999999999,0.00022149212175605692,20,0.03072,0.031168,0.030921650000000002,0.030927999999999997,0.00010768763856636507,20,0.017888,0.018337,0.018121799999999997,0.018096,0.00011370206682378288,20,0.0036160000000000003,0.004097000000000001,0.0037984500000000005,0.003776,0.00011987388164233277,20,0.011648,0.012001,0.011852950000000001,0.0118405,0.00010094972758754719,20,16,16,2048,10944,102400,True,False,False,1984,4,2048,10944,generic,generic,2816,,KERNEL_ONLY,BF16,none
,,,,,,,,,,,,0.011745,0.017184,0.013604825000000001,0.0128,0.001623165085373327,40,0.034559000000000006,0.034879999999999994,0.03471190000000001,0.0347195,9.042339299097255e-05,20,0.00976,0.010209,0.009864,0.009824,0.00011005498625687059,20,,,,,,,0.058303,0.061376,0.06016165,0.06032,0.0009058410056406134,20,0.010688000000000001,0.011072,0.010884750000000002,0.01088,0.00010961745983190793,20,0.030944,0.032032,0.031163299999999998,0.031120500000000002,0.00022216482619892797,20,0.018015999999999997,0.018369,0.0182033,0.018224499999999998,9.563529683124322e-05,20,0.0036160000000000003,0.003839,0.003715200000000001,0.0037120000000000005,6.050090908407893e-05,20,0.011424,0.011776,0.01158255,0.011584500000000001,9.464696244465541e-05,20,16,16,2048,10944,102400,True,False,False,1968,4,2048,10944,generic,generic,2816,,KERNEL_ONLY,BF16,none
,,,,,,,,,,,,0.011744,0.016832,0.013668775,0.013551500000000001,0.0014389795600963206,40,0.033858,0.034336,0.034129700000000006,0.034143,0.00011174036871247517,20,0.009696,0.009952,0.0098209,0.009808,7.222319571993486e-05,20,,,,,,,0.058048,0.060768,0.05963064999999999,0.059775999999999996,0.0007710398352225385,20,0.010592,0.0112,0.0108176,0.010832000000000001,0.00016492677162910818,20,0.03072,0.031392,0.03090905,0.0308485,0.00016131846608494687,20,0.017888,0.018432,0.018148900000000003,0.018144,0.00011928533019613075,20,0.003648,0.0038079999999999998,0.003702300000000001,0.0036955,4.5347657050833356e-05,20,0.011712,0.012096,0.01188155,0.011872,8.229791917175081e-05,20,16,16,2048,10944,102400,True,False,False,1952,4,2048,10944,generic,generic,2816,,KERNEL_ONLY,BF16,none
,,,,,,,,,,,,0.011327,0.013311,0.0123256,0.0123845,0.0005319016262430487,40,0.034273000000000005,0.034945000000000004,0.0346804,0.0347045,0.00016304643510362316,20,0.009696,0.009953,0.0097761,0.00976,6.988197192409499e-05,20,,,,,,,0.058176000000000005,0.061408000000000004,0.0600978,0.0601925,0.0008707203110069263,20,0.010496,0.011264,0.010816000000000001,0.0107205,0.0001922750633857648,20,0.030784,0.033216,0.0312592,0.031008,0.0007088421262876533,20,0.018144,0.021088000000000003,0.019814450000000004,0.02,0.0008335563253314089,20,0.003648,0.00384,0.0037504,0.0037440000000000004,4.909521361599302e-05,20,0.011456,0.011968,0.011654349999999997,0.011647500000000002,0.00010494106679465388,20,16,16,2048,10944,102400,True,False,False,1936,4,2048,10944,generic,generic,2816,,KERNEL_ONLY,BF16,none
,,,,,,,,,,,,0.009248,0.011231999999999999,0.010228875000000002,0.0103845,0.0007913277193268287,40,0.034048,0.03465499999999999,0.03431175000000001,0.034303,0.00013800683859867168,20,0.009632,0.010048,0.009777799999999998,0.009792,0.00010916482950108056,20,,,,,,,0.063264,0.070529,0.0655234,0.065328,0.0016082143638209427,20,0.010848000000000002,0.011328,0.011079999999999998,0.011088,0.0001303414745965377,20,0.030432,0.030784,0.030636999999999998,0.0306245,9.340289074755643e-05,20,0.016896,0.017440999999999998,0.017081650000000004,0.017056,0.00012511046119329864,20,0.003648,0.003968,0.003750200000000001,0.0037440000000000004,6.447449107980607e-05,20,0.011552,0.01184,0.01168325,0.01168,8.691597954346491e-05,20,16,16,2048,10944,102400,True,False,False,1920,4,2048,10944,generic,generic,2816,,KERNEL_ONLY,BF16,none
,,,,,,,,,,,,0.010303000000000001,0.011648,0.011088075,0.0110405,0.0002809003726857618,40,0.034239000000000006,0.034849000000000005,0.03454405000000001,0.034496,0.0001821330488955794,20,0.009151999999999999,0.009311999999999999,0.009224,0.009216,4.1531915438612006e-05,20,,,,,,,0.055424999999999995,0.055872,0.055618049999999995,0.055617,0.00011123779708354613,20,0.009633,0.010400000000000001,0.009957,0.009904,0.00017210490986604673,20,0.029503,0.030688,0.029838449999999996,0.0297445,0.00033433298894963893,20,0.016704,0.017216000000000002,0.016969550000000003,0.017008000000000002,0.0001291884185985727,20,0.003679,0.0038090000000000003,0.0037296000000000004,0.0037120000000000005,4.3643327095903134e-05,20,0.010976000000000001,0.011456,0.011267099999999999,0.011264,9.747250894483002e-05,20,16,16,2048,10944,102400,True,False,False,1904,4,2048,10944,generic,generic,2816,,KERNEL_ONLY,BF16,none
,,,,,,,,,,,,0.009311,0.011104,0.010222400000000001,0.010256000000000001,0.0007756654175609483,40,0.03385300000000001,0.034497,0.03427815,0.0343035,0.00015415585457581387,20,0.009313,0.009536,0.009456100000000002,0.009472,5.097538621727165e-05,20,,,,,,,0.055264,0.055808,0.055475399999999994,0.055456500000000006,0.0001534608744924916,20,0.009631,0.010272,0.0098398,0.009808,0.00016719856458713992,20,0.029568,0.029824000000000003,0.0296625,0.029648,6.831288311877969e-05,20,0.016673,0.017152,0.01686885,0.016864,0.00011362670240748873,20,0.003648,0.00384,0.0037153000000000012,0.0037120000000000005,5.442526986612e-05,20,0.010816000000000001,0.011263,0.01104945,0.01104,9.858421526796234e-05,20,16,16,2048,10944,102400,True,False,False,1888,4,2048,10944,generic,generic,2816,,KERNEL_ONLY,BF16,none
,,,,,,,,,,,,0.01088,0.012992000000000002,0.0114543,0.011167999999999999,0.0006229559053416221,40,0.03424,0.034657,0.0344153,0.0344005,0.00012939980680047366,20,0.00912,0.009504,0.009204799999999997,0.009184,9.502557550470312e-05,20,,,,,,,0.054560000000000004,0.055104,0.0547616,0.054768,0.00013196681401018894,20,0.0096,0.009856,0.00970735,0.009664,8.664079581813632e-05,20,0.02944,0.031008,0.0301281,0.03,0.0005592910601824411,20,0.016640000000000002,0.017152,0.0168815,0.016896,0.0001352015162636868,20,0.0036160000000000003,0.0039030000000000002,0.00369105,0.00368,6.326806066254914e-05,20,0.011007999999999999,0.011231,0.011121450000000001,0.0111205,6.721716670613271e-05,20,16,16,2048,10944,102400,True,False,False,1872,4,2048,10944,generic,generic,2816,,KERNEL_ONLY,BF16,none
,,,,,,,,,,,,0.009311999999999999,0.011104,0.01023995,0.010352,0.000769044177859764,40,0.033953000000000004,0.03459100000000001,0.0342164,0.03424050000000001,0.00017137222645458123,20,0.0096,0.009921,0.0097583,0.00976,8.321844747410282e-05,20,,,,,,,0.060224,0.06992100000000001,0.06489940000000001,0.06544,0.002506646811978106,20,0.010528000000000001,0.011648,0.0108048,0.01072,0.0002604969481587069,20,0.030336,0.030751999999999998,0.0304768,0.030447500000000002,0.00010039651388369966,20,0.016704,0.01728,0.0169408,0.016896,0.0001442645486597453,20,0.00352,0.003776,0.0035937499999999997,0.0035845,5.719779278958238e-05,20,0.01136,0.011776,0.01152005,0.011519999999999999,8.213249965756555e-05,20,16,16,2048,10944,102400,True,False,False,1856,4,2048,10944,generic,generic,2816,,KERNEL_ONLY,BF16,none
,,,,,,,,,,,,0.009375,0.011295999999999999,0.010272825,0.010432,0.000779965828979065,40,0.034303,0.034723,0.0344781,0.034495000000000005,0.0001137681414105027,20,0.00912,0.009375999999999999,0.00923685,0.0092165,6.016500228538175e-05,20,,,,,,,0.0544,0.05494400000000001,0.05469145000000001,0.0547365,0.0001531259204053977,20,0.009407,0.009952,0.009585600000000001,0.009536,0.0001441247376406981,20,0.02944,0.033888,0.031633650000000006,0.031600500000000004,0.0014344611976278756,20,0.016736,0.01744,0.0169408,0.016896,0.00015493824576262623,20,0.003584,0.003743,0.003640000000000001,0.003648,4.0121066785418346e-05,20,0.010912000000000002,0.011456,0.011148799999999999,0.011167999999999999,0.00011867038383691156,20,16,16,2048,10944,102400,True,False,False,1840,4,2048,10944,generic,generic,2816,,KERNEL_ONLY,BF16,none
,,,,,,,,,,,,0.009375999999999999,0.011231999999999999,0.010285625000000001,0.0103035,0.0007354923414795019,40,0.033790999999999995,0.034595,0.03418415,0.034209,0.00023193841316176926,20,0.009311999999999999,0.009536,0.009432,0.0094395,6.063744717581725e-05,20,,,,,,,0.054912,0.055488,0.05522910000000001,0.0552485,0.00017105288655851425,20,0.009248,0.010112,0.00949615,0.0094725,0.0001813089283515846,20,0.02944,0.033377000000000004,0.031811400000000004,0.032015999999999996,0.001129799203398551,20,0.016640000000000002,0.017024,0.01686715,0.016864,9.710935845735968e-05,20,0.003552,0.0037120000000000005,0.0036031500000000007,0.003584,3.2665386879692826e-05,20,0.010784,0.011167999999999999,0.01096165,0.010960000000000001,9.512374834918922e-05,20,16,16,2048,10944,102400,True,False,False,1824,4,2048,10944,generic,generic,2816,,KERNEL_ONLY,BF16,none
,,,,,,,,,,,,0.009344,0.011264,0.010313600000000001,0.010416000000000002,0.0007528659840901302,40,0.034017000000000006,0.034848000000000004,0.0344608,0.03446400000000001,0.00023826300594091335,20,0.00912,0.009311999999999999,0.009203149999999998,0.0092,5.474146052125404e-05,20,,,,,,,0.053056,0.055265,0.053609850000000014,0.053295999999999996,0.0006683993772438756,20,0.008992000000000002,0.01008,0.009612800000000001,0.009631500000000001,0.00028038181110763934,20,0.029343,0.034624,0.031147150000000002,0.0307515,0.0015896205608572132,20,0.016224,0.016736,0.0164432,0.016464,0.0001373792560760179,20,0.003553,0.00368,0.0036191500000000002,0.0036160000000000003,3.1695859351025704e-05,20,0.010945,0.011231999999999999,0.0111009,0.011104,7.13763966588394e-05,20,16,16,2048,10944,102400,True,False,False,1808,4,2048,10944,generic,generic,2816,,KERNEL_ONLY,BF16,none
,,,,,,,,,,,,0.010432,0.013824,0.012015350000000001,0.012048,0.001118605461054075,40,0.033823,0.034336,0.0340737,0.03407950000000001,0.0001273601586054295,20,0.00864,0.009153000000000001,0.0088626,0.008864,0.00013240521137780048,20,,,,,,,0.054913,0.055873,0.05533945,0.055296,0.00023399924679366025,20,0.009151999999999999,0.0096,0.009326399999999999,0.009311999999999999,0.00010531827951500166,20,0.029856,0.030175999999999998,0.030012900000000002,0.029984000000000004,9.694580960515931e-05,20,0.016641,0.016960000000000003,0.016792099999999997,0.0167835,9.150404362649842e-05,20,0.003489,0.003713,0.00355375,0.003552,4.912624044235427e-05,20,0.011264,0.011519999999999999,0.011387399999999999,0.0114085,6.581063743803134e-05,20,16,16,2048,10944,102400,True,False,False,1792,4,2048,10944,generic,generic,2816,,KERNEL_ONLY,BF16,none
,,,,,,,,,,,,0.010528000000000001,0.013985,0.012157575,0.012112000000000001,0.001088536193415267,40,0.034110999999999995,0.03462500000000001,0.034346150000000006,0.03435300000000001,0.00015159494549621573,20,0.008671,0.008864,0.008748800000000001,0.008736,4.792765381280415e-05,20,,,,,,,0.05270300000000001,0.055232,0.05354095,0.053088,0.0008736029690311273,20,0.00928,0.009664,0.00944495,0.0094245,9.007356715485418e-05,20,0.027392,0.027713,0.027497749999999998,0.027488,7.802235256642837e-05,20,0.016128,0.01776,0.0164896,0.016384000000000003,0.0003534660379725332,20,0.0033610000000000003,0.00368,0.0034448000000000005,0.00344,6.80665850472903e-05,20,0.010048,0.010432,0.010267349999999998,0.01024,9.67524030709315e-05,20,16,16,2048,10944,102400,True,False,False,1776,4,2048,10944,generic,generic,2816,,KERNEL_ONLY,BF16,none
,,,,,,,,,,,,0.01056,0.012641,0.011724875000000001,0.0118405,0.0006346142209051103,40,0.03394700000000001,0.03443299999999999,0.0341547,0.03414300000000001,0.00011542577701709249,20,0.008672000000000001,0.009025,0.0087539,0.0087205,8.739731117145407e-05,20,,,,,,,0.054912,0.055616,0.05524500000000001,0.0552005,0.00019370286523435806,20,0.008992000000000002,0.00944,0.009166399999999998,0.009151999999999999,0.0001034946375422417,20,0.02736,0.027615,0.0274306,0.0274235,7.317950532765347e-05,20,0.016864999999999998,0.020639,0.01785445,0.017600000000000005,0.0009716135793102109,20,0.00336,0.003648,0.00343035,0.003424,5.5032058838462535e-05,20,0.010144,0.010528000000000001,0.010342500000000001,0.010336,8.313513096158576e-05,20,16,16,2048,10944,102400,True,False,False,1760,4,2048,10944,generic,generic,2816,,KERNEL_ONLY,BF16,none
,,,,,,,,,,,,0.010816000000000001,0.013087999999999999,0.0118873,0.011888,0.0004912707094871422,40,0.034146,0.034623999999999995,0.034307500000000005,0.0343055,0.00010522190836512914,20,0.00864,0.008864,0.008745550000000001,0.008736500000000001,5.921104204453776e-05,20,,,,,,,0.052576000000000005,0.053567000000000004,0.05283695000000001,0.052816,0.0001969402130089234,20,0.009056,0.009408,0.009255949999999999,0.009248,9.868407926307063e-05,20,0.027296,0.027552,0.0274,0.02736,7.496132336078376e-05,20,0.016096,0.01728,0.016422499999999996,0.016352500000000002,0.00027387506275672514,20,0.00336,0.003648,0.0034495000000000003,0.003424,8.259570206735945e-05,20,0.01008,0.010369,0.01022905,0.010239500000000002,7.458986191165666e-05,20,16,16,2048,10944,102400,True,False,False,1744,4,2048,10944,generic,generic,2816,,KERNEL_ONLY,BF16,none
,,,,,,,,,,,,0.011104,0.013696,0.0124105,0.012432,0.0006681403295715656,40,0.034303,0.034626,0.0344126,0.0343525,0.00011098171020487845,20,0.008544000000000001,0.008960000000000001,0.00875845,0.008768000000000001,0.00010225530548582808,20,,,,,,,0.050336,0.050784,0.0505377,0.0505435,0.0001072665371865799,20,0.008702999999999999,0.009824,0.009084749999999999,0.009023999999999999,0.00023566583863598035,20,0.029664000000000003,0.030528,0.0299009,0.029904,0.0001785992441193405,20,0.016960000000000003,0.019616,0.018039950000000003,0.0180795,0.0008361679541216577,20,0.003296,0.00352,0.0033759999999999997,0.00336,5.8569616696714075e-05,20,0.011136,0.011359000000000001,0.01125595,0.011264,5.704075297539476e-05,20,16,16,2048,10944,102400,True,False,False,1728,4,2048,10944,generic,generic,2816,,KERNEL_ONLY,BF16,none
,,,,,,,,,,,,0.011552,0.014016,0.01278405,0.012720000000000002,0.000694234684742847,40,0.03398999999999999,0.034398000000000005,0.03425469999999999,0.0342555,0.0001075049301195071,20,0.008702999999999999,0.009023,0.008852750000000003,0.008864,8.29746196134697e-05,20,,,,,,,0.050336,0.05088,0.0505826,0.050608,0.00013230812522290554,20,0.008768000000000001,0.009184,0.0089217,0.008928,0.00011432764320145807,20,0.027744,0.031584,0.029971250000000012,0.029824000000000003,0.0009161558751107797,20,0.015456,0.016032,0.0157055,0.015712,0.00012793533522838853,20,0.00336,0.00352,0.00342395,0.003424,3.778157619793008e-05,20,0.010048,0.010464000000000001,0.01017295,0.0101605,8.869074077940751e-05,20,16,16,2048,10944,102400,True,False,False,1712,4,2048,10944,generic,generic,2816,,KERNEL_ONLY,BF16,none
,,,,,,,,,,,,0.012096,0.014272,0.013106425,0.0129595,0.0007237025938705759,40,0.033596999999999995,0.033954,0.0337775,0.0337925,9.694354026958296e-05,20,0.008672000000000001,0.008896000000000001,0.00874575,0.008736,6.23625488574674e-05,20,,,,,,,0.050208,0.050688000000000004,0.050443499999999995,0.050417000000000003,0.00013893037824752393,20,0.008704000000000002,0.009056,0.00888485,0.008896000000000001,0.00011230239311786679,20,0.027136,0.027968,0.0273377,0.027296,0.00016754823186175362,20,0.015424,0.015936,0.015701000000000003,0.015712,0.00012596189900124536,20,0.0031360000000000003,0.003584,0.0034128500000000007,0.003424,8.598039020613939e-05,20,0.010112,0.010336,0.010256150000000002,0.010272,5.855704483663763e-05,20,16,16,2048,10944,102400,True,False,False,1696,4,2048,10944,generic,generic,2816,,KERNEL_ONLY,BF16,none
,,,,,,,,,,,,0.009408,0.014624000000000002,0.011824875,0.0117765,0.00194126148660478,40,0.034019,0.034399,0.03421294999999999,0.034208,8.466136958495226e-05,20,0.008641,0.008960000000000001,0.008830400000000002,0.008832000000000001,8.709098690450153e-05,20,,,,,,,0.050208,0.050592,0.05040175,0.050384,0.00010533179719343889,20,0.008672000000000001,0.009216,0.008876799999999999,0.008832000000000001,0.00015090977436865998,20,0.028960000000000003,0.031584,0.0298321,0.02968,0.0006408557481992333,20,0.015519999999999999,0.016256,0.0157168,0.0156795,0.00015792548875973129,20,0.003104,0.00368,0.0034288,0.003424,0.0001052970085045155,20,0.010016,0.010304,0.010159950000000001,0.010176000000000001,7.037149636038759e-05,20,16,16,2048,10944,102400,True,False,False,1680,4,2048,10944,generic,generic,2816,,KERNEL_ONLY,BF16,none
,,,,,,,,,,,,0.011616,0.014432,0.012933624999999999,0.012832,0.0008235662295013072,40,0.033534999999999995,0.034112,0.0337821,0.0337775,0.00011920230702465462,20,0.009536,0.009696,0.0096273,0.009632,4.443883436815181e-05,20,,,,,,,0.050048,0.050464,0.05028825,0.0503045,0.00011513551797772897,20,0.00864,0.00928,0.008860850000000002,0.008848000000000002,0.00016262788045104666,20,0.029824000000000003,0.0304,0.0301297,0.030175999999999998,0.00015167468476973912,20,0.015552,0.016352000000000002,0.0158001,0.015744,0.00023407026722760028,20,0.00336,0.003584,0.0034127000000000003,0.0034235000000000003,5.2858395738047097e-05,20,0.0112,0.011424,0.0112848,0.011264,5.5651235386108316e-05,20,16,16,2048,10944,102400,True,False,False,1664,4,2048,10944,generic,generic,2816,,KERNEL_ONLY,BF16,none
,,,,,,,,,,,,0.010593,0.014432,0.012323925000000001,0.01216,0.0014174114326387384,40,0.033761,0.034014,0.033864099999999994,0.0338405,7.449154314417294e-05,20,0.008288,0.008544000000000001,0.00842395,0.008448,7.209540554015932e-05,20,,,,,,,0.049984,0.052512,0.050507199999999995,0.0502085,0.0007835465270167432,20,0.008480000000000001,0.009151999999999999,0.00878245,0.008704000000000002,0.00020477340525566247,20,0.025728,0.026144,0.025931350000000002,0.025968500000000002,0.00013431651983281828,20,0.015328,0.016641,0.01577775,0.015648,0.0003242176545162214,20,0.003392,0.003456,0.00342395,0.003424,1.7439825113802004e-05,20,0.0096,0.00992,0.0097313,0.009728,8.284268223566883e-05,20,16,16,2048,10944,102400,True,False,False,1648,4,2048,10944,generic,generic,2816,,KERNEL_ONLY,BF16,none
,,,,,,,,,,,,0.010752000000000001,0.014273,0.01226325,0.012144,0.0012102239617112194,40,0.033951,0.034334,0.03417939999999999,0.034175,8.984842792169611e-05,20,0.00864,0.008863,0.008718400000000001,0.008704000000000002,6.011272743770641e-05,20,,,,,,,0.049920000000000006,0.051008000000000005,0.05017615000000001,0.050112500000000004,0.0002217823877137235,20,0.008448,0.00912,0.008694400000000001,0.008640000000000002,0.00018388023276034828,20,0.027039999999999998,0.028608,0.0272785,0.027216499999999998,0.00031521080247986474,20,0.01536,0.016961,0.015848100000000004,0.015584,0.0004903045890056507,20,0.0033290000000000004,0.003584,0.0033872500000000005,0.003376,5.075517215023503e-05,20,0.010079000000000001,0.010304,0.01019985,0.010208,6.322758496099633e-05,20,16,16,2048,10944,102400,True,False,False,1632,4,2048,10944,generic,generic,2816,,KERNEL_ONLY,BF16,none
,,,,,,,,,,,,0.011392,0.01408,0.012529624999999999,0.012576,0.0008443297249149767,40,0.033795,0.034239,0.03395555,0.0339515,0.00010319276864199331,20,0.008224,0.008448,0.0083666,0.008368500000000001,6.353455752580632e-05,20,,,,,,,0.047456000000000005,0.047904,0.047646549999999996,0.0476325,9.886378254952547e-05,20,0.008416,0.008960000000000001,0.008678600000000002,0.0086725,0.0001579615143001613,20,0.025664000000000003,0.025952000000000003,0.0258065,0.0258085,8.966298009769682e-05,20,0.014912000000000002,0.015328,0.015080049999999998,0.015024,0.00011572055781061502,20,0.00304,0.003585,0.003355350000000001,0.003392,0.00019376126418869173,20,0.009536,0.009888000000000001,0.009691250000000002,0.009696,9.2277231753017e-05,20,16,16,2048,10944,102400,True,False,False,1616,4,2048,10944,generic,generic,2816,,KERNEL_ONLY,BF16,none
,,,,,,,,,,,,0.009664,0.012704000000000002,0.01093195,0.0108475,0.0011386506257408373,40,0.033306999999999996,0.033920000000000006,0.033544,0.03350550000000001,0.00013795397783319024,20,0.009504,0.009984,0.009604849999999998,0.009568,0.00010901342807195829,20,,,,,,,0.049792,0.051904000000000006,0.05019555,0.049937,0.0005097596958371662,20,0.008256000000000001,0.008768000000000001,0.008484850000000002,0.0084805,0.00013706285966665085,20,0.029824000000000003,0.030272,0.0300191,0.03,0.00014119521946581528,20,0.015552,0.016321000000000002,0.015884950000000002,0.015792,0.0002827048770361067,20,0.003295,0.003456,0.0033648000000000003,0.00336,3.83191857951079e-05,20,0.011136,0.011393,0.0112546,0.011264,5.998533154030237e-05,20,16,16,2048,10944,102400,True,False,False,1600,4,2048,10944,generic,generic,2816,,KERNEL_ONLY,BF16,none
,,,,,,,,,,,,0.010912000000000002,0.01392,0.0119944,0.011888,0.0007701527056370056,40,0.033854999999999996,0.034239,0.03408005,0.03408049999999999,0.00010020053642570916,20,0.008256000000000001,0.008448,0.00834405,0.008352,5.1359006026207244e-05,20,,,,,,,0.046177,0.046624000000000006,0.046404950000000014,0.046368000000000006,0.00012049791491972038,20,0.008384,0.009087999999999999,0.0086385,0.00864,0.000150575728455817,20,0.025728,0.02784,0.026295999999999996,0.025872,0.0006972816504110798,20,0.014848000000000002,0.015807,0.015083250000000003,0.01504,0.00020548086893917866,20,0.002912,0.003584,0.0033040000000000005,0.003328,0.0001704869496471797,20,0.009536,0.010048,0.009678349999999999,0.009680000000000001,0.00011153711265762632,20,16,16,2048,10944,102400,True,False,False,1584,4,2048,10944,generic,generic,2816,,KERNEL_ONLY,BF16,none
,,,,,,,,,,,,0.009248,0.010496,0.009873725,0.009792499999999999,0.0002987622790363604,40,0.033345,0.033697000000000005,0.033527,0.0335375,9.706853249122477e-05,20,0.008512,0.008768000000000001,0.008636950000000001,0.00864,6.153086623801112e-05,20,,,,,,,0.049728,0.062144,0.05311525,0.051424000000000004,0.003774395406883067,20,0.008192,0.008864,0.0085152,0.008496,0.00020449244484821463,20,0.0264,0.026721,0.026612900000000005,0.026640499999999998,0.00010086917269413891,20,0.016640000000000002,0.019392,0.01809445,0.017904,0.000717133911832371,20,0.003231,0.003328,0.0032528500000000003,0.003264,2.3337255622716174e-05,20,0.010048,0.010176000000000001,0.010102249999999998,0.010111499999999999,3.211677910376457e-05,20,16,16,2048,10944,102400,True,False,False,1568,4,2048,10944,generic,generic,2816,,KERNEL_ONLY,BF16,none
,,,,,,,,,,,,0.009375999999999999,0.012704000000000002,0.011064825,0.011104,0.0012107794986598512,40,0.033698,0.03411,0.033929350000000004,0.033919,0.00010678542737658615,20,0.008224,0.008448,0.0083361,0.008320500000000002,5.12590479817953e-05,20,,,,,,,0.046048000000000006,0.046560000000000004,0.04627850000000001,0.04624,0.0001257276819161157,20,0.008319000000000002,0.008960000000000001,0.008523300000000001,0.008481,0.00016330740950734596,20,0.026816,0.029888,0.028011249999999994,0.027728000000000003,0.0010116592249863597,20,0.014976000000000001,0.018432,0.015857700000000002,0.0152165,0.001003088236397975,20,0.002911,0.00352,0.0032606500000000004,0.0032955,0.0001645026671516301,20,0.009536,0.009856,0.009675300000000001,0.0096645,7.310615569156962e-05,20,16,16,2048,10944,102400,True,False,False,1552,4,2048,10944,generic,generic,2816,,KERNEL_ONLY,BF16,none
,,,,,,,,,,,,0.008702999999999999,0.013312,0.010635175,0.010272,0.001906314138429183,40,0.0335,0.03389000000000001,0.0336405,0.033648,0.0001010630991015021,20,0.007968,0.008288,0.008065600000000001,0.008048,6.828791986874398e-05,20,,,,,,,0.044832000000000004,0.045185,0.045000099999999994,0.0449605,9.706951117627041e-05,20,0.00816,0.008769,0.00834265,0.008320500000000002,0.00015296283045236863,20,0.024512000000000003,0.024832,0.02466405,0.024672,7.948425944801869e-05,20,0.014304,0.015424,0.014620850000000001,0.01456,0.00023942541114092285,20,0.0032,0.0033929999999999997,0.0032513,0.0032485,3.864466327968189e-05,20,0.009248,0.009504,0.009379299999999998,0.009375999999999999,6.044261741519814e-05,20,16,16,2048,10944,102400,True,False,False,1536,4,2048,10944,generic,generic,2816,,KERNEL_ONLY,BF16,none
,,,,,,,,,,,,0.009728,0.01216,0.010592025,0.010320000000000001,0.0008148060348174896,40,0.033567,0.034175,0.0338479,0.033853999999999995,0.00015683459439804734,20,0.008,0.008193,0.0080784,0.008064,6.679550883105837e-05,20,,,,,,,0.044864,0.045312,0.04502085,0.044992500000000005,0.00010986413199948458,20,0.007936,0.008544000000000001,0.0082144,0.008208,0.0001395214678821866,20,0.024512000000000003,0.024800000000000003,0.024648200000000002,0.024656,8.441954749937963e-05,20,0.014367000000000001,0.01488,0.014572749999999999,0.014528000000000001,0.0001465035409128396,20,0.0032,0.00336,0.0032543999999999997,0.0032485,3.662703919237804e-05,20,0.009248,0.009568,0.0093952,0.009408,7.993597437949976e-05,20,16,16,2048,10944,102400,True,False,False,1520,4,2048,10944,generic,generic,2816,,KERNEL_ONLY,BF16,none
,,,,,,,,,,,,0.009696,0.012864,0.010876025000000001,0.01048,0.0011456123141687158,40,0.033216,0.033665,0.0334735,0.033504,0.00012214724720598414,20,0.007968,0.008065,0.008024149999999999,0.008032000000000001,3.62564132258006e-05,20,,,,,,,0.044671999999999996,0.046721,0.045187450000000004,0.044911999999999994,0.0006076877055692344,20,0.007521,0.008512,0.008108750000000001,0.0080795,0.00022686931811066928,20,0.024352000000000002,0.024704,0.024478450000000002,0.0244645,8.499027885587857e-05,20,0.014368,0.015104,0.014580899999999999,0.014512,0.00018936153252442796,20,0.0031680000000000002,0.003296,0.0032384499999999995,0.003232,2.7886331777413743e-05,20,0.009216,0.009473,0.009345749999999998,0.009344,6.140022394095983e-05,20,16,16,2048,10944,102400,True,False,False,1504,4,2048,10944,generic,generic,2816,,KERNEL_ONLY,BF16,none
,,,,,,,,,,,,0.009696,0.013247,0.011031200000000001,0.010688,0.0012876929214684686,40,0.03360200000000001,0.034080000000000006,0.03377480000000001,0.03376,0.00011729774081370876,20,0.007968,0.008128,0.008039649999999999,0.0080315,4.61933707365031e-05,20,,,,,,,0.044607999999999995,0.044992,0.04477135,0.0447675,9.304798493250725e-05,20,0.007841,0.008128999999999999,0.008001649999999997,0.008,8.306520029470822e-05,20,0.024544,0.026432,0.025038650000000003,0.0247365,0.0005370795355438523,20,0.014369,0.016288,0.0148929,0.01464,0.0006048631167462599,20,0.0032,0.003264,0.0032353,0.003232,1.9970227840462853e-05,20,0.009185,0.009568,0.009348849999999999,0.009344499999999999,8.46771958676007e-05,20,16,16,2048,10944,102400,True,False,False,1488,4,2048,10944,generic,generic,2816,,KERNEL_ONLY,BF16,none
,,,,,,,,,,,,0.008960000000000001,0.010016,0.009480075000000001,0.009504,0.00034745786705009304,40,0.032864,0.033790999999999995,0.0332389,0.033057500000000004,0.00030436637462111243,20,0.007968,0.008128999999999999,0.008051349999999999,0.008064,4.9994274672206396e-05,20,,,,,,,0.044544,0.044927999999999996,0.0447249,0.044704,9.051955589815946e-05,20,0.007744,0.008224,0.00794245,0.007968,0.00010692823527955566,20,0.024449000000000002,0.025984000000000004,0.024995350000000003,0.024640000000000002,0.0005128509798177251,20,0.014304,0.016609000000000002,0.015024100000000004,0.014672000000000001,0.0006975983729912221,20,0.0031680000000000002,0.003359,0.0032354999999999997,0.0032325,4.7203283784075776e-05,20,0.009248,0.009504,0.00936965,0.009375999999999999,7.26087288141034e-05,20,16,16,2048,10944,102400,True,False,False,1472,4,2048,10944,generic,generic,2816,,KERNEL_ONLY,BF16,none
,,,,,,,,,,,,0.009311999999999999,0.010848000000000002,0.009977675,0.0099045,0.0002595168961262447,40,0.03347100000000001,0.03389,0.03365,0.033646999999999996,0.0001076851893251792,20,0.008,0.008192,0.008075200000000001,0.008064499999999999,5.383920504613713e-05,20,,,,,,,0.044607999999999995,0.047393000000000005,0.04533465,0.044911999999999994,0.0008594449531529069,20,0.0076159999999999995,0.00816,0.007887950000000001,0.007904,0.000144083821090364,20,0.024384,0.025376000000000003,0.024577650000000003,0.024512000000000003,0.00023308137527481735,20,0.014368,0.017024,0.0151425,0.014592,0.0009392129950123134,20,0.0031680000000000002,0.003264,0.0032129,0.0032,2.7482539911732996e-05,20,0.009248,0.009536,0.009400099999999998,0.009392500000000002,7.56524289101152e-05,20,16,16,2048,10944,102400,True,False,False,1456,4,2048,10944,generic,generic,2816,,KERNEL_ONLY,BF16,none
,,,,,,,,,,,,0.009056,0.010784,0.00961675,0.009392,0.0005273462216608747,40,0.033121000000000005,0.033666,0.0333376,0.033281500000000006,0.00017094542988919202,20,0.007904,0.008224,0.00807195,0.008048,0.00011390235950146096,20,,,,,,,0.042785,0.045088,0.04395695,0.04417600000000001,0.0007922341494154369,20,0.007904,0.008256000000000001,0.008107300000000001,0.0081125,9.971414142437395e-05,20,0.025312,0.028129,0.026900849999999997,0.026944000000000003,0.0007822168033863762,20,0.014272,0.018015999999999997,0.015352000000000001,0.014848000000000002,0.001065537282313481,20,0.0031680000000000002,0.003391,0.0032111999999999996,0.0032,4.650440839318347e-05,20,0.00928,0.009537,0.0094143,0.009408,6.605838326813644e-05,20,16,16,2048,10944,102400,True,False,False,1440,4,2048,10944,generic,generic,2816,,KERNEL_ONLY,BF16,none
,,,,,,,,,,,,0.009121,0.011264,0.0099361,0.009728,0.0007411193156300815,40,0.033312999999999995,0.033695,0.033527150000000006,0.033521,0.00010231728837298099,20,0.007872,0.008224,0.00805445,0.008096,0.00010276987642300647,20,,,,,,,0.042656,0.045344,0.043821,0.043616,0.0009401996064666268,20,0.00784,0.008319000000000002,0.00799675,0.007967499999999999,0.00012620969653715232,20,0.025696000000000004,0.028640000000000002,0.02729455,0.027520500000000003,0.0010141532662768483,20,0.013632,0.014816000000000001,0.01396325,0.0138565,0.0003114278206904453,20,0.0031680000000000002,0.003296,0.0032240999999999997,0.003232,3.172680254926414e-05,20,0.009216,0.009536,0.0093297,0.009311999999999999,8.436355848350642e-05,20,16,16,2048,10944,102400,True,False,False,1424,4,2048,10944,generic,generic,2816,,KERNEL_ONLY,BF16,none
,,,,,,,,,,,,0.008864,0.011104,0.00988155,0.009824,0.0008573662854929629,40,0.033151,0.033411,0.03325765,0.033249,6.121133473467113e-05,20,0.007904,0.008128,0.00801105,0.0080005,5.735283340864715e-05,20,,,,,,,0.043872,0.048255000000000006,0.0456786,0.0457605,0.001229707583126982,20,0.007872,0.008288,0.00805925,0.0080005,0.00011329248651168372,20,0.025696000000000004,0.028928000000000002,0.027228850000000006,0.027311500000000002,0.0008564054107138744,20,0.01536,0.017312,0.016108749999999998,0.015936,0.000557150507044551,20,0.0031680000000000002,0.003264,0.0032143500000000004,0.0032,2.3643762390956237e-05,20,0.008928,0.009151999999999999,0.009019049999999999,0.009007500000000002,6.011694852535289e-05,20,16,16,2048,10944,102400,True,False,False,1408,4,2048,10944,generic,generic,2816,,KERNEL_ONLY,BF16,none
,,,,,,,,,,,,0.008993000000000001,0.011264,0.010098425000000001,0.010016,0.0008534484427163718,40,0.033406,0.03376100000000001,0.03356515,0.033568999999999995,7.430025235488893e-05,20,0.007808,0.008224,0.007932950000000001,0.007936,8.513781474761967e-05,20,,,,,,,0.042559,0.050304,0.045304250000000004,0.044095999999999996,0.0026511373196234102,20,0.007424000000000001,0.008064,0.007712000000000001,0.007696,0.00015941925856056418,20,0.022751999999999998,0.024832,0.0230512,0.022912,0.0004637028790076684,20,0.013504,0.0152,0.014136000000000001,0.013920000000000002,0.0004577090779086648,20,0.0031680000000000002,0.00336,0.0032191999999999998,0.0032,5.579390647732057e-05,20,0.0088,0.009087,0.008926400000000001,0.008928,7.869459956057942e-05,20,16,16,2048,10944,102400,True,False,False,1392,4,2048,10944,generic,generic,2816,,KERNEL_ONLY,BF16,none
,,,,,,,,,,,,0.009728,0.012128,0.0107008,0.010544000000000001,0.0007607698140699326,40,0.03299200000000001,0.033282000000000006,0.0331221,0.0331365,8.139465584422413e-05,20,0.00784,0.008096,0.0079696,0.007968,5.677182399747278e-05,20,,,,,,,0.0424,0.047744,0.04467045,0.044511999999999996,0.0020649534734467987,20,0.007296,0.007776,0.007528050000000001,0.007535999999999999,0.00011445543892712112,20,0.025472,0.028768000000000002,0.027862500000000002,0.028097000000000004,0.0008341852611980147,20,0.016992,0.017824000000000003,0.01739045,0.017312,0.00021837845017308889,20,0.0031680000000000002,0.003264,0.003208149999999999,0.0032,2.8247610518413696e-05,20,0.008896000000000001,0.009087999999999999,0.008977500000000001,0.008990999999999999,5.301556375254305e-05,20,16,16,2048,10944,102400,True,False,False,1376,4,2048,10944,generic,generic,2816,,KERNEL_ONLY,BF16,none
,,,,,,,,,,,,0.010368,0.012512,0.011244125,0.011088,0.0007603180317308013,40,0.033119,0.033826999999999996,0.03337910000000001,0.03331250000000001,0.00018092122595206932,20,0.007776,0.008033,0.007918499999999998,0.00792,7.413197690605584e-05,20,,,,,,,0.044095999999999996,0.05216,0.0468755,0.046560500000000005,0.0020874150641403346,20,0.006912,0.007808,0.0074640999999999996,0.007488000000000001,0.00024232558676293335,20,0.022656,0.025152,0.023774450000000003,0.0237275,0.0008895199534018341,20,0.01376,0.016800000000000002,0.0147809,0.014960000000000001,0.0008925093220801676,20,0.003104,0.003264,0.0031664000000000006,0.0031680000000000002,3.114867573429081e-05,20,0.008799,0.008897,0.008843450000000003,0.0088485,3.408881781464423e-05,20,16,16,2048,10944,102400,True,False,False,1360,4,2048,10944,generic,generic,2816,,KERNEL_ONLY,BF16,none
,,,,,,,,,,,,0.00992,0.012960000000000001,0.011272025,0.011023999999999999,0.0010373102112555337,40,0.03289400000000001,0.033278,0.033022499999999996,0.03299300000000001,0.0001042168412493863,20,0.007808,0.008032000000000001,0.007934450000000001,0.007952,5.9471400689743294e-05,20,,,,,,,0.041984,0.04304,0.04227205,0.04224,0.00025261521628753924,20,0.0069440000000000005,0.00736,0.007135999999999999,0.007136,0.00010068564942433457,20,0.027072,0.029408000000000004,0.028131250000000003,0.028063499999999998,0.0007138936107712417,20,0.014528000000000001,0.017504000000000002,0.01608805,0.0159365,0.0007238526421171651,20,0.0031030000000000003,0.003233,0.0031488499999999995,0.0031680000000000002,3.6023985065508754e-05,20,0.0088,0.009311999999999999,0.008943950000000003,0.008912,0.00010741390738633391,20,16,16,2048,10944,102400,True,False,False,1344,4,2048,10944,generic,generic,2816,,KERNEL_ONLY,BF16,none
,,,,,,,,,,,,0.009632,0.012896000000000001,0.011152100000000002,0.011168500000000001,0.0012128512439701748,40,0.032991000000000006,0.0336,0.03319665000000001,0.0331375,0.0001453916349037983,20,0.0076159999999999995,0.008128,0.00778565,0.007776,0.00011758838165397127,20,,,,,,,0.039392,0.039937,0.03961450000000001,0.039584,0.0001282417638680937,20,0.006976,0.007296,0.0071136,0.007104,0.00010572766903701229,20,0.024032,0.027712,0.026323400000000004,0.0264,0.0008949501885579997,20,0.013728,0.015007,0.014139149999999998,0.014032,0.00033368102658077524,20,0.00304,0.003264,0.0031055,0.003104,5.755996872827501e-05,20,0.008480000000000001,0.008608000000000001,0.008565,0.008576,3.2310988842806975e-05,20,16,16,2048,10944,102400,True,False,False,1328,4,2048,10944,generic,generic,2816,,KERNEL_ONLY,BF16,none
,,,,,,,,,,,,0.01056,0.013696,0.012031975,0.011632,0.0009188820241875451,40,0.032865000000000005,0.033375,0.03309050000000001,0.033087000000000005,0.00012583024278765357,20,0.007775000000000001,0.008159000000000001,0.0079056,0.0078885,9.065561207117858e-05,20,,,,,,,0.039488,0.040768,0.039758550000000004,0.0396325,0.0003563141135290594,20,0.006784,0.007424000000000001,0.00698225,0.006960000000000001,0.0001366553603046732,20,0.027616,0.030911,0.029228899999999995,0.028896,0.0008497530170584853,20,0.013281000000000001,0.015295999999999999,0.014055999999999999,0.013872,0.0005434733664127433,20,0.002944,0.003232,0.0029983,0.002976,6.083757062868309e-05,20,0.008768000000000001,0.008961,0.008849800000000001,0.008832000000000001,5.92778204727533e-05,20,16,16,2048,10944,102400,True,False,False,1312,4,2048,10944,generic,generic,2816,,KERNEL_ONLY,BF16,none
,,,,,,,,,,,,0.01024,0.013984,0.012034375,0.012,0.0013167995232285738,40,0.03315200000000001,0.033664,0.03331065000000001,0.033280000000000004,0.00013600230696572652,20,0.00768,0.007872,0.0077726,0.007776,5.433083838852486e-05,20,,,,,,,0.039488,0.0448,0.04191684999999999,0.041696,0.001383528180956211,20,0.007008,0.007585,0.007190500000000001,0.007152,0.00013364860642745208,20,0.025856,0.02736,0.026667299999999998,0.02672,0.0004264199924956616,20,0.013408,0.015424,0.014044850000000001,0.013888000000000001,0.00046688042098593104,20,0.0030080000000000003,0.0032010000000000003,0.00306405,0.003056,3.916308848903518e-05,20,0.008480000000000001,0.008736,0.0085857,0.008576,5.831303456346609e-05,20,16,16,2048,10944,102400,True,False,False,1296,4,2048,10944,generic,generic,2816,,KERNEL_ONLY,BF16,none
,,,,,,,,,,,,0.007488000000000001,0.008608000000000001,0.00808005,0.008095999999999999,0.000450429292453322,40,0.03296,0.033184000000000005,0.03308309999999999,0.033086000000000004,6.662949797199487e-05,20,0.00736,0.00768,0.007502400000000001,0.007472000000000001,9.302494289167797e-05,20,,,,,,,0.040608,0.045024,0.04233615,0.042352,0.001198758118846334,20,0.007105,0.007649,0.00743195,0.007424000000000001,0.00014619797365216774,20,0.020800000000000003,0.023489000000000003,0.02181455,0.021504000000000002,0.0007990136716602531,20,0.012896000000000001,0.014304,0.013315299999999999,0.012993000000000001,0.0004712049554068801,20,0.0027530000000000002,0.003072,0.0029984499999999997,0.00304,9.321827878694182e-05,20,0.008288,0.008576,0.008425650000000002,0.008448,8.09526250346461e-05,20,16,16,2048,10944,102400,True,False,False,1280,4,2048,10944,generic,generic,2816,,KERNEL_ONLY,BF16,none
,,,,,,,,,,,,0.007328,0.008704000000000002,0.008067325,0.008065,0.00047048774625382166,40,0.033091,0.033534999999999995,0.033287849999999994,0.0332495,0.00014379752257949205,20,0.0073609999999999995,0.0076159999999999995,0.007481600000000002,0.007472000000000001,8.49143097481217e-05,20,,,,,,,0.04176,0.046976,0.04391215,0.043392,0.0015356481782947537,20,0.006912,0.007168,0.00703985,0.007056,7.217913479669861e-05,20,0.020864,0.022496,0.0212273,0.021056,0.00041499940963813373,20,0.012897,0.014144,0.013325,0.013232,0.0003232449535568966,20,0.0030080000000000003,0.0032,0.0030719500000000004,0.003072,5.35476189946855e-05,20,0.008255,0.008544000000000001,0.008403350000000002,0.0084005,9.024537384265211e-05,20,16,16,2048,10944,102400,True,False,False,1264,4,2048,10944,generic,generic,2816,,KERNEL_ONLY,BF16,none
,,,,,,,,,,,,0.007456000000000001,0.008736,0.008079949999999999,0.0081765,0.0004351792130835297,40,0.032771,0.033282,0.03307045,0.03310250000000001,0.00014572970699208712,20,0.0072640000000000005,0.007647999999999999,0.007431950000000001,0.0074080000000000005,0.00010013215018164724,20,,,,,,,0.03984000000000001,0.044896,0.042470600000000004,0.0424645,0.0012168239971335204,20,0.007071,0.007551,0.0072545,0.007232000000000001,0.00012911874379810254,20,0.020992999999999998,0.023039999999999998,0.022083199999999997,0.022255999999999998,0.0005525413649673658,20,0.012799,0.015104,0.013449499999999998,0.013152,0.0006316070376428685,20,0.0027519999999999997,0.0031680000000000002,0.0030225499999999997,0.00304,9.096673842674595e-05,20,0.008256000000000001,0.008672000000000001,0.008393550000000003,0.008384,8.82997593428205e-05,20,16,16,2048,10944,102400,True,False,False,1248,4,2048,10944,generic,generic,2816,,KERNEL_ONLY,BF16,none
,,,,,,,,,,,,0.008736,0.009889,0.009308,0.0093275,0.0004501929586299632,40,0.032990000000000005,0.033442,0.0332374,0.033264,0.00010034909067849059,20,0.007392,0.007744,0.007535999999999999,0.007552,8.38289925980264e-05,20,,,,,,,0.037024,0.03936,0.0374385,0.03712,0.0006670947833704004,20,0.006623,0.007008,0.00678405,0.006784,8.774592583134558e-05,20,0.023552,0.027137,0.025656050000000003,0.025824000000000003,0.0007891976606022091,20,0.013312,0.014400000000000001,0.01376975,0.013696,0.00029573144489553386,20,0.0029449999999999997,0.003104,0.0030113,0.0030080000000000003,3.767771224477417e-05,20,0.008096,0.008416,0.00824,0.008224,8.43053972174973e-05,20,16,16,2048,10944,102400,True,False,False,1232,4,2048,10944,generic,generic,2816,,KERNEL_ONLY,BF16,none
,,,,,,,,,,,,0.00752,0.008768000000000001,0.008078400000000001,0.0081445,0.00045923859811649144,40,0.032866000000000006,0.033537,0.033076850000000005,0.03302350000000001,0.0001752322102240323,20,0.007168,0.0076170000000000005,0.007403150000000002,0.007392,9.083131343319885e-05,20,,,,,,,0.039904,0.045856,0.042849599999999995,0.042319999999999997,0.0016214198839288978,20,0.006432,0.0072640000000000005,0.0069279499999999996,0.006976,0.00023993008877587667,20,0.021889,0.023744,0.023036849999999998,0.023072,0.0004624834348384821,20,0.013729,0.016384,0.015181,0.015328,0.0007137534588357521,20,0.0027519999999999997,0.003232,0.00299365,0.0029915000000000002,8.251440783281436e-05,20,0.008256000000000001,0.008480000000000001,0.00836475,0.008368,6.970213411366972e-05,20,16,16,2048,10944,102400,True,False,False,1216,4,2048,10944,generic,generic,2816,,KERNEL_ONLY,BF16,none
,,,,,,,,,,,,0.008064,0.010336,0.009066399999999999,0.00896,0.0008947665840877162,40,0.032993,0.03357,0.033278300000000004,0.033279500000000004,0.00015491097443370562,20,0.007072,0.007552,0.007220800000000001,0.007200000000000001,0.00013139086726253075,20,,,,,,,0.036832000000000004,0.040832,0.037398549999999996,0.037008,0.0011370504155489333,20,0.006496000000000001,0.006848,0.00663685,0.006624,9.361104368609497e-05,20,0.020256,0.022239000000000002,0.021356850000000004,0.021312,0.0004798247883342422,20,0.012832000000000001,0.01472,0.013644800000000002,0.013536,0.0005253626937649835,20,0.0028799999999999997,0.003041,0.0029551000000000004,0.002944,4.8942721624364166e-05,20,0.007936,0.00816,0.008044850000000003,0.0080475,6.660801378212701e-05,20,16,16,2048,10944,102400,True,False,False,1200,4,2048,10944,generic,generic,2816,,KERNEL_ONLY,BF16,none
,,,,,,,,,,,,0.008384,0.010943,0.009376,0.0092,0.0008918673387897997,40,0.032831,0.03324900000000001,0.03305490000000001,0.0330695,0.00010886868236549952,20,0.007295,0.007584,0.007422350000000001,0.007424,8.498898458035603e-05,20,,,,,,,0.039808,0.04544,0.04222885,0.0414725,0.0019457063826538673,20,0.006624,0.007104,0.006873649999999999,0.006864,0.00012637020020558662,20,0.022624,0.025537,0.024239950000000003,0.024288,0.0008901659100976635,20,0.015104,0.017537,0.01573935,0.015439999999999999,0.0006902667799481592,20,0.002815,0.00304,0.00287515,0.002848,5.386490044546641e-05,20,0.008128,0.008480000000000001,0.008284700000000002,0.0082555,9.265209117985421e-05,20,16,16,2048,10944,102400,True,False,False,1184,4,2048,10944,generic,generic,2816,,KERNEL_ONLY,BF16,none
,,,,,,,,,,,,0.008096,0.011167999999999999,0.009452875000000001,0.009344499999999999,0.001289387144877364,40,0.032927000000000005,0.03382600000000001,0.03328975000000001,0.033279,0.00024223477764350894,20,0.007072,0.007392,0.007177600000000001,0.007168,8.773106633342613e-05,20,,,,,,,0.036641,0.042656,0.03836975,0.0368805,0.0023007457024843054,20,0.006368,0.00672,0.006524800000000002,0.006496000000000001,9.105361058189819e-05,20,0.021664000000000003,0.023776000000000002,0.022595200000000003,0.022656000000000003,0.0005896896302293261,20,0.013056,0.016832,0.015360050000000004,0.015248,0.0008726072126105766,20,0.002848,0.003104,0.0028847999999999994,0.0028799999999999997,5.4723486731018945e-05,20,0.007935,0.008225,0.008046599999999998,0.008032500000000001,8.385666342038668e-05,20,16,16,2048,10944,102400,True,False,False,1168,4,2048,10944,generic,generic,2816,,KERNEL_ONLY,BF16,none
,,,,,,,,,,,,0.009792,0.010912000000000002,0.010271275,0.0102555,0.0002837936739516936,40,0.032767,0.033467000000000004,0.033117,0.033088000000000006,0.00017399022961074581,20,0.00704,0.007265,0.00712315,0.0071354999999999995,6.445950279051182e-05,20,,,,,,,0.035168,0.036896,0.035729750000000005,0.035424,0.0005612803109855187,20,0.006304000000000001,0.00656,0.0064207,0.0064155,7.528353073548019e-05,20,0.02336,0.025536000000000003,0.024518400000000003,0.024544,0.0006810069309485782,20,0.01264,0.013664,0.013160049999999998,0.013135999999999998,0.00029633924394180405,20,0.002848,0.003009,0.00289605,0.0028799999999999997,4.916957900979029e-05,20,0.007743000000000001,0.007937,0.007798400000000001,0.007792,4.7774888801545024e-05,20,16,16,2048,10944,102400,True,False,False,1152,4,2048,10944,generic,generic,2816,,KERNEL_ONLY,BF16,none
,,,,,,,,,,,,0.009824,0.011136,0.010448825,0.01048,0.0003370511747123869,40,0.033377000000000004,0.033761000000000006,0.0335449,0.0335665,9.895195804025286e-05,20,0.006848,0.007265,0.007033599999999999,0.00704,0.00010290597650282511,20,,,,,,,0.035072000000000006,0.0368,0.03544320000000001,0.035296,0.00046630050396712975,20,0.006240000000000001,0.0065910000000000005,0.006368,0.006368,8.577237317458336e-05,20,0.020032,0.021985,0.020875350000000004,0.020928000000000002,0.0005364023000509971,20,0.012288,0.014369,0.0129153,0.012896000000000001,0.0004965082174546556,20,0.002815,0.002913,0.0028720000000000004,0.0028799999999999997,2.671516423307187e-05,20,0.007584,0.007904,0.00768155,0.00768,6.898802432306651e-05,20,16,16,2048,10944,102400,True,False,False,1136,4,2048,10944,generic,generic,2816,,KERNEL_ONLY,BF16,none
,,,,,,,,,,,,0.00784,0.008992000000000002,0.008288775000000002,0.008288,0.0003372543170591003,40,0.03273700000000001,0.033219,0.0329212,0.032896,0.00012341701665491458,20,0.006784,0.0073609999999999995,0.007005,0.0069440000000000005,0.00015219231255224417,20,,,,,,,0.035008000000000004,0.037247999999999996,0.0359346,0.035792500000000005,0.0007149141486919935,20,0.006144,0.0064,0.006302449999999999,0.0063045,7.189469730098328e-05,20,0.019936,0.022463999999999998,0.021520099999999997,0.021505,0.0005753998522766583,20,0.012352,0.013887,0.013105650000000002,0.013088,0.00043593649480170806,20,0.002815,0.002944,0.00286545,0.002848,2.938788015492104e-05,20,0.007553,0.007904,0.0076624499999999995,0.007647999999999999,8.187397327600518e-05,20,16,16,2048,10944,102400,True,False,False,1120,4,2048,10944,generic,generic,2816,,KERNEL_ONLY,BF16,none
,,,,,,,,,,,,0.00784,0.009056,0.008370525,0.0082885,0.0004338176453015717,40,0.032962000000000005,0.033761,0.03332315000000001,0.0332305,0.0002328549494857247,20,0.00688,0.007200000000000001,0.007028850000000001,0.007024000000000001,0.00010226547560149518,20,,,,,,,0.03504,0.041441000000000006,0.037328049999999995,0.036432,0.002296120259807835,20,0.006112,0.006528,0.006321700000000001,0.006304000000000001,0.00012772630895786517,20,0.021952000000000003,0.023296,0.0227105,0.0228005,0.00040351201964749465,20,0.012384000000000001,0.014048,0.013326399999999999,0.013248,0.0004503908746855336,20,0.002816,0.00304,0.0028657500000000002,0.002848,5.7594162030539225e-05,20,0.00768,0.007937,0.00777625,0.007776,6.935263152901979e-05,20,16,16,2048,10944,102400,True,False,False,1104,4,2048,10944,generic,generic,2816,,KERNEL_ONLY,BF16,none
,,,,,,,,,,,,0.009057,0.011424,0.010265625,0.010128000000000002,0.0006938215796406163,40,0.032640999999999996,0.033250999999999996,0.03292055000000001,0.032927,0.00016748894739653663,20,0.0070090000000000005,0.0072640000000000005,0.007148850000000001,0.007168,6.57626603780596e-05,20,,,,,,,0.034817,0.039648,0.0362769,0.035056000000000004,0.0019695729968701335,20,0.006144,0.0064,0.006256049999999999,0.006272000000000001,6.964012851797467e-05,20,0.024928000000000002,0.027136,0.026294449999999997,0.0263685,0.0005409104801166261,20,0.012960000000000001,0.014368,0.0137087,0.013664,0.0003200232960270237,20,0.002784,0.003009,0.00286725,0.002848,5.7723370483713135e-05,20,0.007712,0.008065,0.0078818,0.007904,8.354256400183072e-05,20,16,16,2048,10944,102400,True,False,False,1088,4,2048,10944,generic,generic,2816,,KERNEL_ONLY,BF16,none
,,,,,,,,,,,,0.007776,0.010336,0.0089064,0.00872,0.000998311719855076,40,0.03299300000000001,0.033696,0.03331385,0.03329650000000001,0.00019599012092449746,20,0.0066879999999999995,0.007072,0.006852699999999999,0.006864,9.817845995940248e-05,20,,,,,,,0.034784999999999996,0.040193,0.03705635,0.0366405,0.0020043872698408357,20,0.0060160000000000005,0.0063360000000000005,0.006175950000000001,0.006176,9.102168697623667e-05,20,0.020064000000000002,0.021792000000000002,0.02088955,0.020832000000000003,0.00045759375815235964,20,0.012480000000000002,0.015776000000000002,0.01432485,0.014384000000000001,0.0006630961676107019,20,0.002784,0.003072,0.0028448,0.002816,6.146999267935537e-05,20,0.00736,0.007808,0.00760955,0.0076165,0.00010632848865661546,20,16,16,2048,10944,102400,True,False,False,1072,4,2048,10944,generic,generic,2816,,KERNEL_ONLY,BF16,none
,,,,,,,,,,,,0.009632,0.010976000000000001,0.010275200000000002,0.010272,0.0004630967609474292,40,0.032608000000000005,0.032958999999999995,0.0327845,0.032801000000000004,0.00010550379140106582,20,0.00704,0.007296,0.007115250000000001,0.0071035000000000004,7.92463721567114e-05,20,,,,,,,0.03472,0.039872,0.0354034,0.035056000000000004,0.0011107899171310476,20,0.00592,0.006240000000000001,0.0060991,0.006096000000000001,9.46070293371482e-05,20,0.02256,0.025664000000000003,0.0237696,0.02384,0.0006292046090104561,20,0.012864,0.015456,0.014236849999999999,0.014096000000000001,0.0006709680525181509,20,0.0026560000000000004,0.002848,0.0027136,0.0027035,4.916034987670436e-05,20,0.007647999999999999,0.007936,0.0077728499999999996,0.007744,9.110777958001188e-05,20,16,16,2048,10944,102400,True,False,False,1056,4,2048,10944,generic,generic,2816,,KERNEL_ONLY,BF16,none
,,,,,,,,,,,,0.008832000000000001,0.010367000000000001,0.009872875,0.009872,0.00032788574134140085,40,0.032925,0.033218000000000004,0.033097650000000006,0.033119,7.73700685019735e-05,20,0.006752,0.007104,0.0068655999999999995,0.006848,8.96077005619495e-05,20,,,,,,,0.031328,0.032159999999999994,0.0316768,0.031648,0.00020109142199507056,20,0.0054080000000000005,0.00608,0.00580325,0.0059035,0.00020610285660320192,20,0.020992,0.023489000000000003,0.0223248,0.022303999999999997,0.0007012602655220098,20,0.011936,0.013824,0.012688050000000001,0.012768000000000002,0.0005321821563149217,20,0.002655,0.0028799999999999997,0.002712,0.0026880000000000003,5.363767332761544e-05,20,0.007424000000000001,0.007999,0.007585549999999999,0.007584,0.0001388328041206396,20,16,16,2048,10944,102400,True,False,False,1040,4,2048,10944,generic,generic,2816,,KERNEL_ONLY,BF16,none
,,,,,,,,,,,,0.007712,0.009087999999999999,0.008353675000000001,0.0083045,0.00048613636911364706,40,0.03238200000000001,0.03296,0.03263665,0.0326245,0.00015482838079628605,20,0.0064,0.0066879999999999995,0.006508700000000001,0.006512,7.326943428197036e-05,20,,,,,,,0.030912,0.031712,0.0312624,0.031232,0.000211631850154933,20,0.005665,0.006176,0.005897800000000001,0.005856,0.00015527124653328455,20,0.019424,0.021312,0.020424,0.020352000000000002,0.0004401454305113255,20,0.01184,0.012672000000000001,0.012180700000000001,0.012112000000000001,0.00024527639511375736,20,0.002592,0.002816,0.00266235,0.0026560000000000004,6.125216322710561e-05,20,0.00736,0.007647999999999999,0.0075169,0.00752,6.860969319272572e-05,20,16,16,2048,10944,102400,True,False,False,1024,4,2048,10944,generic,generic,2816,,KERNEL_ONLY,BF16,none
,,,,,,,,,,,,0.007584,0.009023999999999999,0.0083224,0.008320000000000001,0.00045188227449193024,40,0.03292600000000001,0.03341,0.03320930000000001,0.033232,0.00013308797842029026,20,0.0064,0.006784,0.00653445,0.006496000000000001,0.00011953262107056789,20,,,,,,,0.030784,0.031616,0.031124850000000003,0.031072,0.00024667494299178416,20,0.0056,0.006240000000000001,0.0059152,0.00592,0.0001366084184814393,20,0.019521,0.02128,0.020516850000000003,0.020528,0.00046706137444665685,20,0.012448,0.013984,0.013463999999999999,0.013663999999999999,0.0005079434023589635,20,0.002624,0.002848,0.00271035,0.0026880000000000003,7.44454666181896e-05,20,0.00736,0.007712,0.0075104,0.007504,9.389696480717539e-05,20,16,16,2048,10944,102400,True,False,False,1016,4,2048,10944,generic,generic,2816,,KERNEL_ONLY,BF16,none
,,,,,,,,,,,,0.008608000000000001,0.00992,0.009125775,0.009087999999999999,0.0003008023842575052,40,0.032702,0.033309,0.03304935000000001,0.033041,0.00015915724143123345,20,0.0064,0.006785,0.006521549999999999,0.006496000000000001,9.253889722705788e-05,20,,,,,,,0.03088,0.03168,0.031205,0.0311845,0.00021860100640207542,20,0.005728,0.006240000000000001,0.005916650000000001,0.0058720000000000005,0.00014021172383221035,20,0.019488,0.022015999999999997,0.020544,0.020144000000000002,0.0008472298979615865,20,0.012704000000000002,0.014048999999999999,0.01368655,0.013824,0.00038546445685691934,20,0.0026560000000000004,0.002816,0.00269445,0.0026880000000000003,3.586708100751986e-05,20,0.007072,0.0073609999999999995,0.007217699999999999,0.007216,7.873315692895851e-05,20,16,16,2048,10944,102400,True,False,False,1008,4,2048,10944,generic,generic,2816,,KERNEL_ONLY,BF16,none
,,,,,,,,,,,,0.008704000000000002,0.009824,0.009236775,0.009216,0.00026673549515390685,40,0.032801000000000004,0.033184000000000005,0.03294155,0.0329295,0.00010043529011258906,20,0.006432,0.0066879999999999995,0.006529600000000001,0.006528,6.365485056144563e-05,20,,,,,,,0.030273,0.031232,0.030569699999999998,0.0305285,0.00022296661185029483,20,0.005376000000000001,0.0056,0.0054976500000000015,0.005488,5.506112512471918e-05,20,0.020512000000000002,0.02272,0.021390450000000002,0.021328,0.0005576573746486277,20,0.01264,0.014239000000000002,0.01362575,0.0136805,0.00043428238221231114,20,0.0026230000000000003,0.0028490000000000004,0.0026944000000000004,0.0026880000000000003,6.317626136453464e-05,20,0.00736,0.007647999999999999,0.007502299999999999,0.007488000000000001,8.666550640248949e-05,20,16,16,2048,10944,102400,True,False,False,1000,4,2048,10944,generic,generic,2816,,KERNEL_ONLY,BF16,none
,,,,,,,,,,,,0.008960000000000001,0.010048,0.00954485,0.009616,0.00032300368031959014,40,0.032478,0.033088000000000006,0.03272005000000001,0.03272150000000001,0.00017042783663474845,20,0.006368,0.006656,0.00653125,0.0065439999999999995,7.42919073654726e-05,20,,,,,,,0.030816,0.033984,0.031830449999999996,0.0316795,0.0009301209316535129,20,0.005503999999999999,0.006144,0.00582395,0.005808000000000001,0.000119318261385255,20,0.021312,0.022623,0.022087950000000002,0.0222235,0.000408749492354424,20,0.011712,0.01264,0.012105600000000001,0.0121115,0.00026943077032885477,20,0.002592,0.0026880000000000003,0.0026288000000000006,0.002624,3.3933169613226616e-05,20,0.00736,0.007776,0.007491199999999999,0.007488000000000001,9.040055309565297e-05,20,16,16,2048,10944,102400,True,False,False,992,4,2048,10944,generic,generic,2816,,KERNEL_ONLY,BF16,none
,,,,,,,,,,,,0.009089,0.010592,0.0097736,0.009792,0.00035458925533636814,40,0.033021999999999996,0.033407000000000006,0.03321605000000001,0.03321500000000001,9.602888888246115e-05,20,0.0063360000000000005,0.0066890000000000005,0.006520050000000001,0.006496000000000001,8.8205144407795e-05,20,,,,,,,0.030048,0.032256,0.03043845,0.03024,0.0005362686337088903,20,0.00528,0.005664,0.005435250000000001,0.005424,7.987920567957573e-05,20,0.020545,0.023072,0.021499399999999995,0.021472000000000005,0.0006858581777598045,20,0.012608000000000001,0.014784,0.014030400000000002,0.0143835,0.0007277038820839148,20,0.002624,0.002817,0.0026657,0.0026560000000000004,3.9503291002143095e-05,20,0.007328,0.007711000000000001,0.00746395,0.007456000000000001,8.860331540072296e-05,20,16,16,2048,10944,102400,True,False,False,984,4,2048,10944,generic,generic,2816,,KERNEL_ONLY,BF16,none
,,,,,,,,,,,,0.009151999999999999,0.010816000000000001,0.009978375000000001,0.009920000000000002,0.0004202841709783992,40,0.03267000000000001,0.03331100000000001,0.032986850000000005,0.032960500000000004,0.00014475885983248086,20,0.0064,0.006752,0.006528049999999999,0.006512,8.93355892128102e-05,20,,,,,,,0.030751999999999998,0.033248,0.03171039999999999,0.031568,0.0007659728063058108,20,0.005312000000000001,0.005888,0.005671949999999999,0.0057599999999999995,0.00018660130626552403,20,0.020768000000000002,0.022721,0.02181615,0.0219045,0.0005776638533784153,20,0.012351,0.015072,0.0140128,0.014304,0.0007655228017505424,20,0.002592,0.0026880000000000003,0.0026495499999999996,0.0026560000000000004,2.1692106859408642e-05,20,0.00704,0.007424000000000001,0.0072,0.007200000000000001,0.00011001136304945969,20,16,16,2048,10944,102400,True,False,False,976,4,2048,10944,generic,generic,2816,,KERNEL_ONLY,BF16,none
,,,,,,,,,,,,0.008832000000000001,0.009568,0.009230425,0.009249,0.00017399323083097196,40,0.03270200000000001,0.03308599999999999,0.0328779,0.032879,0.00011164895879496397,20,0.006464,0.00672,0.0065873500000000005,0.0065605,8.358545028891077e-05,20,,,,,,,0.030112,0.037823999999999997,0.03118089999999999,0.030272,0.0021094029700367833,20,0.0051849999999999995,0.005633,0.0054465,0.00544,9.890323553858074e-05,20,0.021599,0.024192,0.0226385,0.022608,0.0008402920623211904,20,0.01216,0.014398999999999999,0.013934350000000002,0.014176000000000001,0.0005677512021123335,20,0.002625,0.002784,0.002672,0.0026560000000000004,3.269556544854357e-05,20,0.007392,0.007776,0.00753755,0.007503500000000001,0.00010957074198890841,20,16,16,2048,10944,102400,True,False,False,968,4,2048,10944,generic,generic,2816,,KERNEL_ONLY,BF16,none
,,,,,,,,,,,,0.007072,0.007776,0.0073577,0.0073915000000000005,0.00015269760967349822,40,0.032256,0.032896,0.03246065000000001,0.032415000000000006,0.00016429554923977818,20,0.0063360000000000005,0.00672,0.00650565,0.006496000000000001,9.599858071867506e-05,20,,,,,,,0.028896,0.029568,0.029196900000000005,0.029136000000000002,0.00018284006672499335,20,0.005536,0.005792,0.005652900000000001,0.0056485,6.732674060133898e-05,20,0.021664000000000003,0.024608,0.022968,0.022704000000000002,0.0007480321517154196,20,0.011295999999999999,0.01264,0.01205285,0.012256000000000001,0.00038466690460709033,20,0.00256,0.0026560000000000004,0.0026208500000000005,0.002624,2.6650093808465343e-05,20,0.007328,0.007647999999999999,0.0074959499999999995,0.00752,9.757483025862734e-05,20,16,16,2048,10944,102400,True,False,False,960,4,2048,10944,generic,generic,2816,,KERNEL_ONLY,BF16,none
,,,,,,,,,,,,0.00688,0.007712,0.007289575000000001,0.0073595,0.00022086838699777748,40,0.03279900000000001,0.033535,0.033078500000000004,0.033040500000000014,0.00019259478186077613,20,0.006272000000000001,0.006656,0.006412999999999999,0.006384000000000001,9.824459272652093e-05,20,,,,,,,0.0296,0.030113,0.02980955,0.029792000000000003,0.0001182786857383864,20,0.004992,0.005503999999999999,0.0052799,0.0052794999999999995,0.0001085176944097137,20,0.01936,0.020288,0.019907200000000003,0.019936000000000002,0.00026308204043605906,20,0.01136,0.012896000000000001,0.0122129,0.012320000000000001,0.00035887614855267266,20,0.0025910000000000004,0.002816,0.0026271500000000004,0.002624,4.73616669892435e-05,20,0.00688,0.007232000000000001,0.007039999999999999,0.00704,0.00011030231185247218,20,16,16,2048,10944,102400,True,False,False,952,4,2048,10944,generic,generic,2816,,KERNEL_ONLY,BF16,none
,,,,,,,,,,,,0.007071,0.007584,0.007362525,0.007392,0.00014118462867819558,40,0.03244800000000002,0.033212,0.0329168,0.032944,0.00017803920916472147,20,0.006240000000000001,0.00656,0.0064142999999999995,0.006384000000000001,8.897870531762061e-05,20,,,,,,,0.0296,0.029984000000000004,0.02984,0.0298555,0.00011161451518507808,20,0.00512,0.00544,0.0052449,0.0052165,9.74566057278829e-05,20,0.019456,0.020544,0.01989775,0.019936000000000002,0.0003045407813413501,20,0.01136,0.013087999999999999,0.01239535,0.012576,0.000497066019257,20,0.00256,0.002816,0.00263035,0.0026235,6.205745321877136e-05,20,0.006912,0.007296,0.00705765,0.007024000000000001,0.00010483762444847745,20,16,16,2048,10944,102400,True,False,False,944,4,2048,10944,generic,generic,2816,,KERNEL_ONLY,BF16,none
,,,,,,,,,,,,0.007359,0.011167999999999999,0.008733649999999999,0.0084485,0.0013406044448307636,40,0.032576,0.03305600000000001,0.0327667,0.032705500000000005,0.0001454036106841923,20,0.006368,0.00688,0.006519950000000001,0.006512,0.00012631131184498068,20,,,,,,,0.0296,0.029888,0.029771350000000002,0.029760500000000002,8.097053476419666e-05,20,0.005056,0.005344000000000001,0.005156800000000001,0.00512,7.587002042967963e-05,20,0.019328,0.021377,0.02018725,0.020128,0.0004733336957158238,20,0.011648,0.013344,0.012608200000000003,0.012768000000000002,0.00046551494068397005,20,0.00256,0.002783,0.0026143500000000005,0.0026075000000000004,5.0405629645903575e-05,20,0.0069429999999999995,0.007168,0.007035100000000001,0.0070235,7.46089136765841e-05,20,16,16,2048,10944,102400,True,False,False,936,4,2048,10944,generic,generic,2816,,KERNEL_ONLY,BF16,none
,,,,,,,,,,,,0.007168,0.007584,0.00738965,0.007392,0.00011032079359758061,40,0.03216200000000001,0.03273600000000001,0.032410800000000003,0.032354,0.00016417234846343787,20,0.0066879999999999995,0.007104,0.006881750000000001,0.006848,0.0001159184519392837,20,,,,,,,0.029568999999999998,0.029921,0.029769750000000005,0.02976,0.00010329563156300466,20,0.00496,0.00528,0.0050928,0.0050880000000000005,6.501353705190953e-05,20,0.02224,0.024321000000000002,0.023257599999999996,0.023439500000000002,0.0005731743539273199,20,0.013056,0.013729,0.0133537,0.013344,0.0001485032322880551,20,0.0025910000000000004,0.002657,0.0026221499999999993,0.002624,2.146922215638004e-05,20,0.007488000000000001,0.007872,0.0076511999999999995,0.0076795000000000006,0.00010927927525381953,20,16,16,2048,10944,102400,True,False,False,928,4,2048,10944,generic,generic,2816,,KERNEL_ONLY,BF16,none
,,,,,,,,,,,,0.007296,0.011264,0.008950475000000001,0.00856,0.0015004470831638816,40,0.03279900000000001,0.033249,0.033031450000000004,0.033038500000000005,0.00011952969296371396,20,0.006272000000000001,0.00656,0.0064274,0.006432500000000001,8.169112558901358e-05,20,,,,,,,0.029536000000000003,0.029984000000000004,0.029715500000000006,0.0296965,0.00010400408645817725,20,0.004736,0.005248,0.0050431,0.005039999999999999,9.355313997937231e-05,20,0.020256,0.022112,0.021163350000000004,0.021152,0.0005225837995001377,20,0.012320000000000001,0.01392,0.013211150000000001,0.0133115,0.0004344843236527637,20,0.002528,0.002784,0.0026017,0.002592,6.406566943379273e-05,20,0.0069429999999999995,0.007328,0.007110400000000001,0.0071045,9.494861768346082e-05,20,16,16,2048,10944,102400,True,False,False,920,4,2048,10944,generic,generic,2816,,KERNEL_ONLY,BF16,none
,,,,,,,,,,,,0.007424000000000001,0.010848000000000002,0.008760800000000001,0.0085125,0.0012749680427367582,40,0.032387000000000006,0.033250999999999996,0.03291795,0.0329445,0.0001724077941973607,20,0.006272000000000001,0.006817,0.0064833,0.006465,0.000132673320603654,20,,,,,,,0.028512000000000003,0.028992,0.02873135,0.028704,0.0001664915238082712,20,0.005344000000000001,0.005568,0.005459300000000001,0.005472,5.198951817433949e-05,20,0.020544,0.022433,0.0214353,0.021344000000000002,0.0005498309831211767,20,0.01168,0.012608000000000001,0.01203365,0.011984,0.00026560238609620994,20,0.002528,0.0026560000000000004,0.00258395,0.002592,3.0186876287552525e-05,20,0.006945000000000001,0.007328,0.007148800000000001,0.007168,9.669467410359272e-05,20,16,16,2048,10944,102400,True,False,False,912,4,2048,10944,generic,generic,2816,,KERNEL_ONLY,BF16,none
,,,,,,,,,,,,0.007393,0.011392,0.008674475000000001,0.008448,0.0012516927735570736,40,0.032513,0.03315,0.03286075,0.032863500000000004,0.00017472603555280386,20,0.006305,0.006656,0.0064722,0.006465,9.686361546008891e-05,20,,,,,,,0.028480000000000002,0.028800000000000003,0.028598500000000006,0.028576,9.60637808958192e-05,20,0.005312000000000001,0.005632,0.005438450000000001,0.0054080000000000005,8.558999649491729e-05,20,0.0216,0.0232,0.02237115,0.022335999999999998,0.000513712592312082,20,0.011616,0.012639,0.012108849999999999,0.012032000000000001,0.0002905302522974159,20,0.002528,0.00272,0.0026177,0.002608,5.214316829652765e-05,20,0.006976,0.007296,0.00708015,0.007072,7.28466025288757e-05,20,16,16,2048,10944,102400,True,False,False,904,4,2048,10944,generic,generic,2816,,KERNEL_ONLY,BF16,none
,,,,,,,,,,,,0.008638999999999999,0.009888000000000001,0.009206325000000001,0.00928,0.00033933474531058533,40,0.032255,0.032895,0.03262915,0.03270450000000001,0.00021288923763309347,20,0.0064,0.006784,0.0065793499999999994,0.006624,0.00011580771779117305,20,,,,,,,0.03008,0.030751999999999998,0.030403149999999997,0.030416,0.0001992860444185694,20,0.005056,0.005632,0.00541935,0.0054245000000000005,0.00010955650368645392,20,0.016737,0.017568,0.0171776,0.017168000000000003,0.00021488052494351406,20,0.011264,0.012512,0.011899200000000002,0.0118235,0.0003173330427169541,20,0.002528,0.0027519999999999997,0.00261135,0.002608,4.4616448760518764e-05,20,0.007104,0.007424000000000001,0.007231949999999999,0.007248000000000001,7.706716226772614e-05,20,16,16,2048,10944,102400,True,False,False,896,4,2048,10944,generic,generic,2816,,KERNEL_ONLY,BF16,none
,,,,,,,,,,,,0.008672000000000001,0.009856,0.009183199999999999,0.0092,0.0003301895061930342,40,0.032384,0.033186,0.032902650000000006,0.03294350000000001,0.00022048452893570655,20,0.006112,0.006496000000000001,0.0062528,0.006224,9.84167668641885e-05,20,,,,,,,0.028352000000000002,0.029056000000000002,0.028595200000000005,0.028576,0.00016645798268632243,20,0.005248,0.005472,0.005376000000000001,0.005376000000000001,6.066465198119914e-05,20,0.019456,0.020607,0.02008655,0.0201285,0.000330455061241313,20,0.011295999999999999,0.012320000000000001,0.011715449999999999,0.011696499999999999,0.0002608929809327957,20,0.002528,0.0026560000000000004,0.0025775,0.00256,3.419137318096489e-05,20,0.006752,0.007008,0.0069024,0.006911499999999999,6.942578771609308e-05,20,16,16,2048,10944,102400,True,False,False,888,4,2048,10944,generic,generic,2816,,KERNEL_ONLY,BF16,none
,,,,,,,,,,,,0.008416,0.009471,0.009058425,0.00912,0.00031083990151684163,40,0.03235000000000001,0.032994,0.032548499999999994,0.032527,0.0001597233545853572,20,0.006240000000000001,0.006464,0.0063345,0.0063360000000000005,5.844185144226686e-05,20,,,,,,,0.028288,0.028800000000000003,0.0285394,0.028560500000000003,0.0001400508479088935,20,0.005216,0.005537,0.005368200000000001,0.005376000000000001,7.834385744906882e-05,20,0.019872,0.021184,0.0204001,0.020304500000000003,0.0003723914472702077,20,0.012384000000000001,0.014272,0.0135552,0.013680000000000001,0.0004231459086414518,20,0.002496,0.0026560000000000004,0.0025504000000000004,0.0025440000000000003,3.6625674055230844e-05,20,0.006752,0.0069440000000000005,0.0068607500000000005,0.006864,5.752901441881299e-05,20,16,16,2048,10944,102400,True,False,False,880,4,2048,10944,generic,generic,2816,,KERNEL_ONLY,BF16,none
,,,,,,,,,,,,0.008478999999999999,0.009505000000000001,0.009118399999999999,0.0092,0.00028672101422811666,40,0.032417,0.03289700000000001,0.032625900000000006,0.0326095,0.00012747858643709622,20,0.006239,0.00656,0.006352000000000001,0.006305,9.518140574713112e-05,20,,,,,,,0.028257,0.028736,0.028483349999999998,0.028464000000000003,0.0001465500852950961,20,0.005153,0.005472,0.0052993499999999995,0.005296500000000001,8.361954018051066e-05,20,0.02,0.021377,0.0206864,0.020640000000000002,0.0003303633454243978,20,0.012416,0.01408,0.013483249999999999,0.013488,0.0004088871329596957,20,0.002464,0.0026880000000000003,0.0025535,0.002528,5.693022044573524e-05,20,0.006879,0.007328,0.006982449999999999,0.006945000000000001,0.00010305846641591372,20,16,16,2048,10944,102400,True,False,False,872,4,2048,10944,generic,generic,2816,,KERNEL_ONLY,BF16,none
,,,,,,,,,,,,0.008768000000000001,0.010272,0.009169575,0.0090715,0.00035032548347929216,40,0.032159,0.032608000000000005,0.03247509999999999,0.032479999999999995,9.684828341276909e-05,20,0.006176999999999999,0.0066879999999999995,0.006371450000000001,0.0063365,0.0001317017368905968,20,,,,,,,0.027265,0.027649,0.02745455,0.027408000000000002,0.00011370772840928616,20,0.0050880000000000005,0.00528,0.00515515,0.005152,4.739543754413483e-05,20,0.020288,0.021664000000000003,0.02072485,0.020656,0.00039561664209181136,20,0.011295999999999999,0.012352,0.0117072,0.011696,0.0002872202290925905,20,0.0024630000000000003,0.002592,0.00252945,0.002528,3.2760456346027954e-05,20,0.007008,0.007296,0.007126550000000001,0.0071045,8.599853196421442e-05,20,16,16,2048,10944,102400,True,False,False,864,4,2048,10944,generic,generic,2816,,KERNEL_ONLY,BF16,none
,,,,,,,,,,,,0.008416,0.00992,0.009396874999999999,0.0094085,0.0003715327164261581,40,0.032895,0.03331200000000001,0.0331172,0.033118999999999996,0.00010079265846280694,20,0.006624,0.007136,0.006784,0.006736000000000001,0.00013576450198781725,20,,,,,,,0.027232,0.02768,0.027406399999999997,0.027375999999999998,0.00012818985919330774,20,0.004992,0.005248,0.0051264,0.00512,6.447821337475171e-05,20,0.021215,0.02352,0.0224447,0.0224805,0.0007950098175494433,20,0.010976000000000001,0.011936,0.011483400000000001,0.011536500000000002,0.00027870260135133275,20,0.002464,0.0026880000000000003,0.0025455,0.002528,5.013033014054472e-05,20,0.0072640000000000005,0.0076159999999999995,0.007433600000000001,0.007424000000000001,8.827593103445562e-05,20,16,16,2048,10944,102400,True,False,False,856,4,2048,10944,generic,generic,2816,,KERNEL_ONLY,BF16,none
,,,,,,,,,,,,0.008416,0.010721,0.009549575,0.009536,0.00045662407336341765,40,0.03254300000000001,0.032959,0.03277915000000001,0.032768,9.935354799905099e-05,20,0.006208,0.006656,0.006350449999999999,0.006320000000000001,0.00012255630338746338,20,,,,,,,0.027168,0.027649,0.027385749999999997,0.02736,0.0001412614154679189,20,0.00496,0.005279,0.005092649999999999,0.0050880000000000005,7.231685488183241e-05,20,0.020736,0.02272,0.021656,0.021584000000000002,0.0005020854508945655,20,0.011104,0.012064,0.01159515,0.011552,0.0003038114999469247,20,0.002464,0.0027530000000000002,0.00254085,0.002512,8.797174262227619e-05,20,0.007105,0.007456000000000001,0.007262600000000001,0.0072640000000000005,7.458578953125056e-05,20,16,16,2048,10944,102400,True,False,False,848,4,2048,10944,generic,generic,2816,,KERNEL_ONLY,BF16,none
,,,,,,,,,,,,0.009216,0.010369,0.009646475,0.009472,0.0003650186972950839,40,0.032482,0.032958,0.032722900000000006,0.032735,0.00011605640869852885,20,0.006240000000000001,0.00656,0.0063823000000000005,0.0063835,8.43457764206364e-05,20,,,,,,,0.027135000000000003,0.027616,0.0273344,0.027296,0.00011173155328733209,20,0.00496,0.005216,0.00511205,0.005104000000000001,6.393236660722018e-05,20,0.016096,0.016801,0.016486450000000003,0.0164485,0.00018150522719745594,20,0.011167999999999999,0.012096,0.0116576,0.01168,0.000259650418832707,20,0.002464,0.002592,0.002528,0.002528,3.3612497675715854e-05,20,0.007232000000000001,0.007553,0.0073856500000000005,0.007376000000000001,9.31650551440828e-05,20,16,16,2048,10944,102400,True,False,False,840,4,2048,10944,generic,generic,2816,,KERNEL_ONLY,BF16,none
,,,,,,,,,,,,0.009087999999999999,0.010272,0.009841575,0.010016,0.0003475147397953074,40,0.03238400000000001,0.032671,0.032554099999999996,0.032545000000000004,7.58478081423572e-05,20,0.007105,0.007713,0.007436750000000001,0.00744,0.00015405222328807847,20,,,,,,,0.030048,0.0312,0.03040965,0.030336000000000002,0.00031901806767015573,20,0.005023,0.005248,0.0051087500000000004,0.0050880000000000005,5.756376898709823e-05,20,0.016832999999999997,0.019199,0.017430550000000003,0.017152,0.0006331285394767795,20,0.011072,0.013441000000000002,0.012502599999999999,0.012624,0.0005382683717254807,20,0.002528,0.0027519999999999997,0.00258565,0.00256,6.527348236458654e-05,20,0.008863,0.009344,0.00915185,0.009184,0.00012397510838874052,20,16,16,2048,10944,102400,True,False,False,832,4,2048,10944,generic,generic,2816,,KERNEL_ONLY,BF16,none
,,,,,,,,,,,,0.009087999999999999,0.01024,0.0097401,0.009856,0.0003053564147025572,40,0.032673,0.033219,0.03293610000000001,0.0329445,0.00012820643509590322,20,0.00608,0.0064,0.0061648,0.006144,7.656278469334827e-05,20,,,,,,,0.027104,0.027489000000000003,0.02730255,0.027264,0.00010360910915551838,20,0.00496,0.005184,0.0050255000000000005,0.0050235,5.111017511220257e-05,20,0.018591999999999997,0.02,0.019325000000000002,0.019328500000000002,0.00037627769001098146,20,0.011263,0.012480000000000002,0.01179025,0.011727999999999999,0.0003680416926110413,20,0.002528,0.00272,0.0025745499999999997,0.00256,5.1033787827281735e-05,20,0.006528,0.006785,0.00666885,0.0066879999999999995,6.593274982889774e-05,20,16,16,2048,10944,102400,True,False,False,824,4,2048,10944,generic,generic,2816,,KERNEL_ONLY,BF16,none
,,,,,,,,,,,,0.009121,0.010496,0.009946425,0.009968000000000001,0.00032608640630207224,40,0.032445999999999996,0.03273800000000001,0.0325666,0.032544000000000003,9.309747579821957e-05,20,0.00608,0.006496000000000001,0.00619995,0.006192,9.802472902283397e-05,20,,,,,,,0.025952000000000003,0.026496,0.026124849999999998,0.026112,0.00012487965206549833,20,0.0048,0.0050880000000000005,0.004992099999999999,0.005024,7.15100692210545e-05,20,0.018976,0.020224,0.01975845,0.019744,0.00033155036947649466,20,0.010911,0.011808,0.0112784,0.011233,0.0002323605818550126,20,0.002496,0.0026880000000000003,0.0025504500000000005,0.002528,4.8614272595607266e-05,20,0.006592,0.0069440000000000005,0.00668,0.006656,7.146537623213093e-05,20,16,16,2048,10944,102400,True,False,False,816,4,2048,10944,generic,generic,2816,,KERNEL_ONLY,BF16,none
,,,,,,,,,,,,0.009056,0.010816000000000001,0.009884775,0.009856,0.0005404496039178864,40,0.032671,0.033058,0.032865500000000006,0.032861,0.00010630263402192798,20,0.006112,0.006752,0.006236900000000001,0.006176,0.00013972612497310596,20,,,,,,,0.025888,0.026303999999999998,0.0260849,0.0260805,0.0001075183240196751,20,0.004895,0.0050880000000000005,0.00496965,0.00496,5.372362143415125e-05,20,0.019584,0.020896,0.0201569,0.020128,0.0003199251318668169,20,0.010944,0.012256000000000001,0.011544000000000002,0.011519999999999999,0.00033376398847089573,20,0.002464,0.0026560000000000004,0.00254565,0.002528,4.354913891226792e-05,20,0.0066879999999999995,0.0069440000000000005,0.0067951999999999995,0.006784500000000001,6.511190367359874e-05,20,16,16,2048,10944,102400,True,False,False,808,4,2048,10944,generic,generic,2816,,KERNEL_ONLY,BF16,none
,,,,,,,,,,,,0.00688,0.009184,0.0077360250000000005,0.00744,0.0008180135233448162,40,0.031809,0.03257700000000001,0.03230695,0.032319,0.0001655184204250403,20,0.00608,0.006496000000000001,0.00624475,0.006272000000000001,0.00010138188940831612,20,,,,,,,0.026849,0.027295000000000003,0.027067249999999998,0.027072,0.0001350199522292914,20,0.004895,0.005024,0.0049665,0.0049605,3.877563668078182e-05,20,0.02288,0.024608,0.02350725,0.023280500000000003,0.0005042577589883972,20,0.011072,0.012288,0.01155045,0.011488,0.00027703744782971146,20,0.002368,0.002592,0.0024591,0.002448,5.2017208690970755e-05,20,0.007104,0.00736,0.0072336,0.007232000000000001,8.250478773986404e-05,20,16,16,2048,10944,102400,True,False,False,800,4,2048,10944,generic,generic,2816,,KERNEL_ONLY,BF16,none
,,,,,,,,,,,,0.008224,0.009089,0.008760875000000001,0.008848000000000002,0.00028540884599990914,40,0.032768,0.033248,0.033048150000000005,0.03304,0.0001253528120945037,20,0.005888,0.006143,0.0059967499999999995,0.0060155,6.0060698464137186e-05,20,,,,,,,0.025856,0.026113,0.026011450000000002,0.0260325,8.126221446650263e-05,20,0.004832,0.005056,0.004943950000000001,0.004928,5.4067064836182704e-05,20,0.019328,0.020288,0.0196816,0.019616,0.00025051135702798023,20,0.011904,0.013216,0.01255695,0.012656,0.00046046807435478113,20,0.002336,0.00256,0.00239205,0.002384,4.6209820384848987e-05,20,0.006464,0.006816,0.006571350000000001,0.00656,8.169839349705713e-05,20,16,16,2048,10944,102400,True,False,False,792,4,2048,10944,generic,generic,2816,,KERNEL_ONLY,BF16,none
,,,,,,,,,,,,0.00688,0.009216,0.007749549999999999,0.007456000000000001,0.000813033669352014,40,0.032224,0.032765,0.03246565,0.032449000000000006,0.0001333995033723878,20,0.006048,0.006656,0.00629275,0.006255500000000001,0.00014254258135729117,20,,,,,,,0.025696000000000004,0.026047999999999998,0.025892850000000002,0.025904000000000003,9.890109958943729e-05,20,0.0048,0.005024,0.004897500000000001,0.0048795,6.200201609625277e-05,20,0.02032,0.02176,0.021025750000000003,0.020912,0.00039603281114069334,20,0.011904,0.013248,0.0125376,0.012512000000000002,0.000447425457478673,20,0.002368,0.002528,0.00241445,0.0024,4.1095589787713275e-05,20,0.0069440000000000005,0.007200000000000001,0.007064100000000001,0.0070405,7.210055478288626e-05,20,16,16,2048,10944,102400,True,False,False,784,4,2048,10944,generic,generic,2816,,KERNEL_ONLY,BF16,none
,,,,,,,,,,,,0.008096,0.009408,0.008969,0.0090405,0.00027250100917244283,40,0.03200100000000001,0.032609,0.03231425,0.032304000000000006,0.00015839756153426018,20,0.006048,0.0063360000000000005,0.006145600000000001,0.006113,7.530763573503021e-05,20,,,,,,,0.025664000000000003,0.026112,0.025835249999999997,0.0258395,0.00012931197740348633,20,0.004831,0.004993,0.00488315,0.004880000000000001,4.811473267098125e-05,20,0.015775,0.01712,0.016497500000000005,0.0164645,0.0003840598260688044,20,0.012064,0.013857,0.0129761,0.012960000000000001,0.0005393213235168805,20,0.002368,0.00256,0.0024223499999999998,0.0024,5.9971055518475e-05,20,0.0069429999999999995,0.007168,0.007028750000000002,0.007008,6.585960446282671e-05,20,16,16,2048,10944,102400,True,False,False,776,4,2048,10944,generic,generic,2816,,KERNEL_ONLY,BF16,none
,,,,,,,,,,,,0.008127,0.009695,0.009188125,0.0092,0.00033056195996363527,40,0.03196700000000001,0.032320999999999996,0.03212025,0.03211150000000001,0.00010981251067159751,20,0.005728,0.006368,0.005935900000000001,0.005888,0.00014719813178162294,20,,,,,,,0.024480000000000002,0.025119,0.024702400000000003,0.024688,0.00016296484283427447,20,0.004768,0.00496,0.004852899999999999,0.0048325,5.1956616518014444e-05,20,0.018145,0.019264,0.018643349999999996,0.018671999999999998,0.00029522623105002026,20,0.010592,0.011488,0.010911800000000001,0.010896000000000001,0.00019882117593455679,20,0.002368,0.002464,0.0023968,0.0024,3.019039582383782e-05,20,0.006208,0.00672,0.006302350000000001,0.006272000000000001,0.00010829878808186168,20,16,16,2048,10944,102400,True,False,False,768,4,2048,10944,generic,generic,2816,,KERNEL_ONLY,BF16,none
,,,,,,,,,,,,0.008096,0.009824,0.0092376,0.0092,0.0004780234722270444,40,0.032544000000000003,0.032961,0.0327237,0.032736,0.00010260073099154715,20,0.005791,0.006143,0.00595185,0.005936,9.697952103408222e-05,20,,,,,,,0.024481000000000003,0.025120999999999997,0.024760050000000006,0.0247355,0.00017173277934046222,20,0.004704,0.004928,0.0048176,0.004831500000000001,5.107582598451073e-05,20,0.018047999999999998,0.019167000000000003,0.01842725,0.0183365,0.0003040001439144402,20,0.010464000000000001,0.0112,0.010795349999999999,0.010784000000000002,0.0001736736235010946,20,0.002336,0.002432,0.00238555,0.0024,2.1448717910401982e-05,20,0.006176,0.006496000000000001,0.0063394,0.0063360000000000005,6.924622733405774e-05,20,16,16,2048,10944,102400,True,False,False,760,4,2048,10944,generic,generic,2816,,KERNEL_ONLY,BF16,none
,,,,,,,,,,,,0.008736,0.009951000000000002,0.009314349999999999,0.009248,0.0003065905698158378,40,0.032323000000000005,0.032767000000000004,0.0324838,0.032449500000000006,0.00011408619548394093,20,0.005824,0.006240000000000001,0.0059616,0.005967999999999999,8.523344414019663e-05,20,,,,,,,0.024449000000000002,0.024864999999999998,0.0246419,0.024640500000000003,0.00010494898760826525,20,0.004704,0.00496,0.0047856,0.004768,5.849393130915389e-05,20,0.018112,0.01968,0.018763349999999998,0.018688,0.0003657268482077851,20,0.010656,0.0112,0.0108848,0.010848000000000002,0.000126476321894653,20,0.002336,0.002433,0.00237925,0.002368,2.5518375732009266e-05,20,0.006240000000000001,0.006559000000000001,0.006334200000000001,0.006304000000000001,6.814293800534289e-05,20,16,16,2048,10944,102400,True,False,False,752,4,2048,10944,generic,generic,2816,,KERNEL_ONLY,BF16,none
,,,,,,,,,,,,0.008416,0.00976,0.009251224999999998,0.009184,0.00030576743511204706,40,0.032352,0.032672999999999994,0.032500799999999996,0.03249550000000001,0.00010826938625484022,20,0.005856,0.006208,0.006014300000000001,0.0060160000000000005,9.990600582547585e-05,20,,,,,,,0.023872,0.024544,0.024088250000000002,0.024064000000000002,0.00014857519140152548,20,0.004703000000000001,0.004928,0.004769600000000001,0.004768,5.402906625141696e-05,20,0.018591999999999997,0.02,0.019235300000000004,0.01928,0.0004316132643930218,20,0.010622999999999999,0.011359000000000001,0.011041449999999998,0.011104,0.00019791222170447144,20,0.002335,0.00256,0.00239195,0.002368,5.7180831578423246e-05,20,0.0063360000000000005,0.006528,0.0064241,0.0064315,4.734860082410037e-05,20,16,16,2048,10944,102400,True,False,False,744,4,2048,10944,generic,generic,2816,,KERNEL_ONLY,BF16,none
,,,,,,,,,,,,0.008064,0.010016,0.00951835,0.009536,0.00039614224402353276,40,0.03184000000000001,0.032225000000000004,0.03203890000000001,0.032032000000000005,8.869041661870729e-05,20,0.005825,0.006176,0.0060353,0.006048,8.541083069494175e-05,20,,,,,,,0.02432,0.024961,0.024518600000000005,0.024480000000000002,0.00013453861899097978,20,0.0044800000000000005,0.0048,0.0047119499999999995,0.004736,7.216195327178988e-05,20,0.01888,0.020288,0.019560150000000002,0.019504,0.000389799086068708,20,0.010688000000000001,0.011744,0.01126715,0.011248,0.000322658685765624,20,0.002336,0.0024,0.00235855,0.002368,2.0409495339179715e-05,20,0.006305,0.006559000000000001,0.006416050000000001,0.0064005,6.174987854239077e-05,20,16,16,2048,10944,102400,True,False,False,736,4,2048,10944,generic,generic,2816,,KERNEL_ONLY,BF16,none
,,,,,,,,,,,,0.008224,0.00992,0.008945675,0.008944,0.0006090672946194039,40,0.032575,0.03299200000000001,0.03283375000000001,0.0328485,0.00010130048124268811,20,0.005952,0.006368,0.006046450000000001,0.0060160000000000005,0.00010487729735266843,20,,,,,,,0.023744,0.024448,0.023992250000000003,0.023968,0.00019840410152010488,20,0.004608,0.004768,0.004700649999999999,0.004703000000000001,4.5096867962198794e-05,20,0.018944,0.020704999999999998,0.0198128,0.019712,0.0005328649547493249,20,0.010976000000000001,0.012192,0.01170565,0.011712,0.00036957249288874314,20,0.002368,0.002625,0.00241765,0.0024,6.532861164910834e-05,20,0.006432,0.0066879999999999995,0.0065439,0.006528,7.264220536299789e-05,20,16,16,2048,10944,102400,True,False,False,728,4,2048,10944,generic,generic,2816,,KERNEL_ONLY,BF16,none
,,,,,,,,,,,,0.006752,0.009184,0.007676025,0.0073435,0.0008764567156311829,40,0.03209400000000001,0.032769000000000006,0.032480350000000005,0.032463000000000006,0.00016718770140174445,20,0.005888,0.006208,0.00604965,0.006032000000000001,8.721884830700299e-05,20,,,,,,,0.023297000000000002,0.023872,0.0235555,0.023489000000000003,0.00015491207183431508,20,0.004577,0.0048,0.0047247999999999995,0.004736,4.973087572122555e-05,20,0.019552,0.021248000000000003,0.020364849999999997,0.0203365,0.0003181518937551689,20,0.009856,0.011136,0.010692799999999999,0.010784,0.0003473548041988191,20,0.002337,0.002528,0.0024000999999999996,0.0024,4.282160669568575e-05,20,0.00656,0.006816,0.00668955,0.0066879999999999995,6.348107985849027e-05,20,16,16,2048,10944,102400,True,False,False,720,4,2048,10944,generic,generic,2816,,KERNEL_ONLY,BF16,none
,,,,,,,,,,,,0.006752,0.009216,0.007575199999999999,0.00744,0.0007632233683529351,40,0.032032000000000005,0.032961000000000004,0.03234105,0.0322705,0.00021680093980423678,20,0.005951,0.006272000000000001,0.006086349999999999,0.006064,8.747872598523614e-05,20,,,,,,,0.023232,0.023616,0.0234225,0.023456,0.00011117351303255635,20,0.004575999999999999,0.005024,0.004697649999999999,0.0046725,9.461409778674638e-05,20,0.019648,0.021216000000000002,0.020456049999999996,0.02048,0.00044513284253130605,20,0.009984,0.011104,0.010627049999999999,0.010736,0.00032238695305486536,20,0.002335,0.002464,0.0023759000000000002,0.002368,3.3491640748103117e-05,20,0.006752,0.007008,0.006875299999999999,0.00688,7.099584494884198e-05,20,16,16,2048,10944,102400,True,False,False,712,4,2048,10944,generic,generic,2816,,KERNEL_ONLY,BF16,none
,,,,,,,,,,,,0.006624,0.008224,0.007323199999999999,0.007232,0.0006110458738916417,40,0.032099,0.032577,0.0322987,0.03230600000000001,0.0001227338991477097,20,0.00592,0.006816,0.0062496,0.006320000000000001,0.00021785302384864897,20,,,,,,,0.024224,0.025888,0.024540800000000005,0.024416,0.00041105067814078646,20,0.004416000000000001,0.004705,0.0045281,0.004527999999999999,8.209317876656958e-05,20,0.019616,0.021632000000000002,0.020520049999999998,0.0205285,0.0006311939064186224,20,0.011873,0.013087999999999999,0.01238405,0.0123995,0.000245275656150381,20,0.002304,0.002464,0.0023488,0.002336,3.416811379049184e-05,20,0.00736,0.007647999999999999,0.007512049999999999,0.00752,7.636260537723907e-05,20,16,16,2048,10944,102400,True,False,False,704,4,2048,10944,generic,generic,2816,,KERNEL_ONLY,BF16,none
,,,,,,,,,,,,0.006624,0.00864,0.007450475000000001,0.00736,0.0007028992099689685,40,0.032671,0.033024000000000005,0.03288445000000001,0.032926500000000004,0.0001103188447183904,20,0.005696,0.005985000000000001,0.005816100000000001,0.0058245,7.441632885328349e-05,20,,,,,,,0.022624,0.02368,0.023001700000000003,0.02296,0.0002959006759032498,20,0.004384000000000001,0.004704,0.004545700000000001,0.00456,9.727748968800526e-05,20,0.017568,0.018175999999999998,0.017809650000000003,0.017808000000000004,0.00015812598616293233,20,0.011136,0.012320000000000001,0.011592099999999998,0.011519999999999999,0.0003853293266804388,20,0.002367,0.002624,0.00242385,0.0024,6.621878509909412e-05,20,0.005983,0.006432,0.0061504,0.0061435,0.00010002019796021211,20,16,16,2048,10944,102400,True,False,False,696,4,2048,10944,generic,generic,2816,,KERNEL_ONLY,BF16,none
,,,,,,,,,,,,0.006656,0.00912,0.0076753,0.0074885,0.0009341437041483502,40,0.03238200000000001,0.032835,0.032587149999999995,0.032604999999999995,0.00010790656838209553,20,0.005696,0.0060160000000000005,0.00586715,0.005856,7.671719168478472e-05,20,,,,,,,0.023104,0.023807,0.0233104,0.023280000000000002,0.00015647344822684747,20,0.004288,0.004704,0.0045088,0.004527999999999999,0.00010901495310277372,20,0.017728,0.018656,0.0180464,0.018047999999999998,0.00019533161546457276,20,0.011265,0.012513,0.011777649999999999,0.011664,0.0003838591245496193,20,0.002335,0.002464,0.0023694499999999995,0.002368,3.8466186449919964e-05,20,0.006112,0.006496000000000001,0.00620005,0.006176,8.219578760496197e-05,20,16,16,2048,10944,102400,True,False,False,688,4,2048,10944,generic,generic,2816,,KERNEL_ONLY,BF16,none
,,,,,,,,,,,,0.006624,0.009056,0.007743175,0.007632,0.0009994635532999693,40,0.03219,0.032574000000000006,0.03239875000000001,0.03238500000000001,9.96453084695913e-05,20,0.005696,0.006048,0.005864,0.005888,9.595050807577846e-05,20,,,,,,,0.02256,0.02352,0.022927900000000005,0.022896,0.0002329293669763428,20,0.004224,0.004896,0.00442235,0.004352000000000001,0.0001529386396565627,20,0.017952000000000003,0.018976,0.018240100000000002,0.018241,0.0002291346547338479,20,0.011424,0.012864,0.0119424,0.0117915,0.00039000812812042785,20,0.002304,0.002497,0.0023536,0.0023365,4.127032832435427e-05,20,0.006240000000000001,0.006368,0.00630555,0.006304000000000001,3.437655451030543e-05,20,16,16,2048,10944,102400,True,False,False,680,4,2048,10944,generic,generic,2816,,KERNEL_ONLY,BF16,none
,,,,,,,,,,,,0.007232000000000001,0.009344,0.008213575,0.008016500000000001,0.0008468598434068059,40,0.03196700000000001,0.032289000000000005,0.03212810000000001,0.032129500000000005,0.00010276083884437651,20,0.0057610000000000005,0.005984,0.0058798999999999995,0.005888,4.714435279012729e-05,20,,,,,,,0.022047999999999998,0.022688,0.02241765,0.0224645,0.00018391935053169387,20,0.0041589999999999995,0.004608,0.0043616,0.004352000000000001,0.00010081686366873358,20,0.01504,0.016416,0.01587365,0.015904,0.0003676179096562082,20,0.010208,0.010624000000000001,0.010464,0.0104485,0.00010120918930611018,20,0.0022400000000000002,0.002464,0.0023072,0.0022874999999999996,5.248485495835922e-05,20,0.006079,0.006368,0.0061905499999999995,0.006144999999999999,8.009898563652356e-05,20,16,16,2048,10944,102400,True,False,False,672,4,2048,10944,generic,generic,2816,,KERNEL_ONLY,BF16,none
,,,,,,,,,,,,0.007200000000000001,0.009087999999999999,0.008100775000000001,0.007968,0.0007234757939108949,40,0.032481,0.032896,0.032627500000000004,0.032609500000000013,0.00011926294479007334,20,0.005536,0.005728,0.00561295,0.0056005,3.9786272758326974e-05,20,,,,,,,0.02208,0.022944,0.0224016,0.0223195,0.00022040857515078662,20,0.004096,0.004384000000000001,0.0042129,0.0042075,8.110419224676362e-05,20,0.017472,0.018144,0.0177792,0.0177445,0.00018301355141081782,20,0.009888000000000001,0.011231999999999999,0.010632,0.010736,0.00040081130223585244,20,0.0022400000000000002,0.002528,0.0023151999999999995,0.0022719999999999997,7.654188395904563e-05,20,0.00592,0.006144,0.00602725,0.006032000000000001,6.25194969589489e-05,20,16,16,2048,10944,102400,True,False,False,664,4,2048,10944,generic,generic,2816,,KERNEL_ONLY,BF16,none
,,,,,,,,,,,,0.0072640000000000005,0.009375999999999999,0.008156825000000001,0.0080645,0.0007503341551435601,40,0.032385000000000004,0.032768000000000005,0.032561999999999994,0.032545500000000005,0.0001042727193469126,20,0.005792,0.006464,0.005995200000000001,0.0059685,0.00017941978709161378,20,,,,,,,0.021920000000000002,0.022848,0.02226725,0.022208,0.00020565623622929591,20,0.004032,0.004225,0.0041327000000000004,0.0041435,5.5747735380013536e-05,20,0.019264,0.020001,0.019798500000000004,0.019824,0.00015550546614186915,20,0.009824,0.011007999999999999,0.010113549999999999,0.010064,0.0002568753540143545,20,0.0022400000000000002,0.002432,0.0022815999999999995,0.0022719999999999997,5.268054669420197e-05,20,0.0063360000000000005,0.006528,0.006412900000000001,0.006416,4.7934225768233656e-05,20,16,16,2048,10944,102400,True,False,False,656,4,2048,10944,generic,generic,2816,,KERNEL_ONLY,BF16,none
,,,,,,,,,,,,0.007041,0.0096,0.008268750000000002,0.00792,0.0009208983046460667,40,0.031873000000000005,0.03245000000000001,0.032131700000000006,0.032128000000000004,0.00015363759305586503,20,0.005632,0.005856,0.005729549999999998,0.005728,5.003346380173988e-05,20,,,,,,,0.0216,0.022657,0.0219394,0.021904,0.00024107413797419208,20,0.0041589999999999995,0.0044480000000000006,0.0042095,0.004192,6.672593199049377e-05,20,0.01776,0.018849,0.018428899999999998,0.018448,0.00019919058712700242,20,0.010463,0.011392,0.0109441,0.010960500000000001,0.0002286171253427876,20,0.0022080000000000003,0.002433,0.0022657000000000003,0.0022400000000000002,5.518342142346726e-05,20,0.006048,0.006240000000000001,0.0061199,0.006112,5.045681321684908e-05,20,16,16,2048,10944,102400,True,False,False,648,4,2048,10944,generic,generic,2816,,KERNEL_ONLY,BF16,none
,,,,,,,,,,,,0.006592,0.00912,0.00747275,0.007216,0.0008610233083372369,40,0.03168,0.03248000000000001,0.031914700000000004,0.031871500000000004,0.00020096693757929481,20,0.005632,0.005952,0.005732849999999999,0.005728,6.952932834423185e-05,20,,,,,,,0.022335999999999998,0.023774999999999998,0.0229105,0.022848,0.00037817396790366226,20,0.004095,0.004256,0.00417745,0.004191500000000001,4.244228434003052e-05,20,0.016800000000000002,0.017504000000000002,0.017097800000000003,0.0171045,0.0001804266055768941,20,0.011488,0.01184,0.0116352,0.0116315,8.89733668015322e-05,20,0.0022080000000000003,0.0022719999999999997,0.0022272,0.0022400000000000002,1.8659046063504857e-05,20,0.006048,0.006304000000000001,0.00612475,0.006112,7.111038953626958e-05,20,16,16,2048,10944,102400,True,False,False,640,4,2048,10944,generic,generic,2816,,KERNEL_ONLY,BF16,none
,,,,,,,,,,,,0.0065910000000000005,0.009119,0.007531225,0.007312,0.0009224275713436803,40,0.032159999999999994,0.032706000000000006,0.03242525,0.03238400000000001,0.00017141554042734972,20,0.005568,0.00592,0.0057568,0.005743999999999999,9.268958949094562e-05,20,,,,,,,0.021408000000000003,0.022591999999999998,0.02178575,0.021648,0.00029735279971777515,20,0.004032,0.004288,0.00414705,0.0041435,5.667139931217518e-05,20,0.016737,0.017793,0.0171761,0.017152,0.00022402542266448242,20,0.010881,0.011744,0.011190650000000002,0.011088500000000001,0.0002712327920808982,20,0.0022080000000000003,0.002432,0.0022480500000000006,0.0022400000000000002,5.8862955243514483e-05,20,0.006079,0.006240000000000001,0.006145550000000001,0.006144,4.473195166768378e-05,20,16,16,2048,10944,102400,True,False,False,632,4,2048,10944,generic,generic,2816,,KERNEL_ONLY,BF16,none
,,,,,,,,,,,,0.00656,0.008928,0.007506425,0.007247999999999999,0.0008464314764793429,40,0.03200100000000001,0.03276700000000001,0.03231135,0.03228750000000001,0.00017233144663699745,20,0.005632,0.006368,0.0057776,0.005728,0.00015328124477573913,20,,,,,,,0.020544,0.02128,0.020884899999999998,0.020880000000000003,0.0001753037078900504,20,0.004192,0.0044800000000000005,0.00434065,0.0043355,7.24605237353417e-05,20,0.017055,0.017856,0.017456100000000006,0.01744,0.00020382784402529536,20,0.009216,0.009824,0.0094481,0.009472,0.00015995527499898217,20,0.0022080000000000003,0.0024,0.00224805,0.0022400000000000002,3.768351761712261e-05,20,0.006112,0.006464,0.006249650000000001,0.0062565,8.710297067264709e-05,20,16,16,2048,10944,102400,True,False,False,624,4,2048,10944,generic,generic,2816,,KERNEL_ONLY,BF16,none
,,,,,,,,,,,,0.007296,0.009216,0.0083,0.008160500000000001,0.0006413038671332022,40,0.03190200000000001,0.032288000000000004,0.03210025000000001,0.0320795,9.807541740925551e-05,20,0.005632,0.006176,0.005806550000000001,0.005792,0.00012786143867484068,20,,,,,,,0.020512000000000002,0.021216000000000002,0.02077615,0.020769,0.000155962263063858,20,0.004256,0.004639000000000001,0.00435675,0.00432,7.978024504850823e-05,20,0.017217,0.017824000000000003,0.017638450000000003,0.017648000000000004,0.0001381251153845676,20,0.00944,0.010368,0.009659149999999998,0.009583999999999999,0.00019494134374216282,20,0.0021760000000000004,0.0022719999999999997,0.0022208500000000003,0.0022080000000000003,2.119734653205433e-05,20,0.006304000000000001,0.006464,0.0063921,0.0064,3.758975924370884e-05,20,16,16,2048,10944,102400,True,False,False,616,4,2048,10944,generic,generic,2816,,KERNEL_ONLY,BF16,none
,,,,,,,,,,,,0.006623,0.009151999999999999,0.007586375000000001,0.0073279999999999994,0.0008833577895592477,40,0.031615000000000004,0.032351,0.03196670000000001,0.03195300000000001,0.00022113052706489687,20,0.0056630000000000005,0.005921,0.005787200000000001,0.005792,8.325118617773567e-05,20,,,,,,,0.022495,0.023936,0.0230527,0.022975500000000003,0.00038011210188574636,20,0.004064,0.004223,0.0041488,0.004144,4.062831524934299e-05,20,0.017920000000000002,0.018784,0.018416150000000003,0.018496,0.00029113592615821163,20,0.011392,0.012319000000000002,0.011871999999999999,0.0116805,0.0003270232407643228,20,0.002175,0.002464,0.0022272000000000004,0.0022080000000000003,5.6762311439898186e-05,20,0.006368,0.006528,0.0064528,0.006448000000000001,4.885447778863263e-05,20,16,16,2048,10944,102400,True,False,False,608,4,2048,10944,generic,generic,2816,,KERNEL_ONLY,BF16,none
,,,,,,,,,,,,0.0065910000000000005,0.009087,0.007510349999999999,0.007296,0.000836305164099804,40,0.03200300000000001,0.03296000000000001,0.03246690000000001,0.03244600000000001,0.00025165589601676235,20,0.005344000000000001,0.005728,0.005449700000000001,0.0054080000000000005,0.00010414801966432177,20,,,,,,,0.020095,0.020895,0.020297500000000003,0.020192,0.00021931404423793766,20,0.004096,0.004416000000000001,0.00435055,0.004353,6.901338638264341e-05,20,0.016544,0.017248000000000003,0.01684485,0.016800500000000003,0.00017296886280484159,20,0.010368,0.011039,0.01052795,0.010464000000000001,0.00018639352858937952,20,0.002175,0.002368,0.0022064000000000003,0.0021925,5.091993715628475e-05,20,0.005536,0.005984,0.0057151500000000004,0.005696,0.00010779855054684172,20,16,16,2048,10944,102400,True,False,False,600,4,2048,10944,generic,generic,2816,,KERNEL_ONLY,BF16,none
,,,,,,,,,,,,0.0066879999999999995,0.009344,0.007596074999999999,0.007408,0.0008183465460151955,40,0.032193000000000006,0.032643,0.03244505000000001,0.032463,0.00014847338987172164,20,0.005313,0.005568,0.005412800000000001,0.005392000000000001,6.637740579444162e-05,20,,,,,,,0.020576,0.024288,0.02131705,0.0208165,0.001037076104970122,20,0.004224,0.0044480000000000006,0.0043487000000000005,0.004352000000000001,5.1525818770787266e-05,20,0.016448,0.017249,0.016796900000000003,0.0167365,0.00026869199839221097,20,0.010656,0.011072,0.010892700000000002,0.010912000000000002,0.00011781600061112215,20,0.002144,0.002336,0.00219355,0.0021760000000000004,3.712744941414632e-05,20,0.0056630000000000005,0.0060160000000000005,0.005761599999999999,0.005743999999999999,8.557067254614763e-05,20,16,16,2048,10944,102400,True,False,False,592,4,2048,10944,generic,generic,2816,,KERNEL_ONLY,BF16,none
,,,,,,,,,,,,0.0066879999999999995,0.009087999999999999,0.0075377,0.0072485,0.0007654209691405117,40,0.03190400000000001,0.032733000000000005,0.03235050000000001,0.0324165,0.00024779578285354217,20,0.005344000000000001,0.005503999999999999,0.0054238,0.0054235,3.573457709278208e-05,20,,,,,,,0.020032,0.020575,0.020278300000000003,0.020224,0.00016779633488249983,20,0.004256,0.004384000000000001,0.0043168,0.00432,4.023257386745246e-05,20,0.016704,0.01744,0.01714575,0.0172155,0.0001916819957638171,20,0.010912000000000002,0.011295999999999999,0.011040050000000001,0.011007999999999999,9.812720061226587e-05,20,0.002144,0.002336,0.0021985499999999996,0.002177,4.1767780644894134e-05,20,0.005696,0.005985000000000001,0.0058528,0.005856,7.294559616590992e-05,20,16,16,2048,10944,102400,True,False,False,584,4,2048,10944,generic,generic,2816,,KERNEL_ONLY,BF16,none
,,,,,,,,,,,,0.00784,0.00944,0.008493625000000001,0.0085125,0.00035087559672197235,40,0.032094000000000004,0.032671,0.03239764999999999,0.032447000000000004,0.00018460532901300495,20,0.005824,0.006272000000000001,0.006019249999999999,0.006048,0.00011445561366748255,20,,,,,,,0.019712,0.02032,0.020019199999999997,0.020016,0.00015254461642417923,20,0.004096,0.004224,0.00416315,0.0041600000000000005,3.189713937016921e-05,20,0.01936,0.020608,0.0198129,0.0198075,0.0002472864533289283,20,0.008992000000000002,0.009408,0.009201599999999999,0.009216,0.00012114429412894356,20,0.002144,0.002336,0.00220015,0.0022080000000000003,3.621225621250349e-05,20,0.00656,0.006784,0.00669125,0.006704,6.62048903027565e-05,20,16,16,2048,10944,102400,True,False,False,576,4,2048,10944,generic,generic,2816,,KERNEL_ONLY,BF16,none
,,,,,,,,,,,,0.007744,0.009375999999999999,0.008446424999999999,0.008479500000000001,0.00044051701939312184,40,0.032705000000000005,0.033281000000000005,0.03293645,0.032894999999999994,0.00015960152724833144,20,0.005376000000000001,0.005664,0.00555845,0.005568,7.902498022777343e-05,20,,,,,,,0.019712,0.02032,0.01991835,0.019872,0.0001735342257308339,20,0.004032,0.004256,0.0041344500000000005,0.004128000000000001,5.411143594472442e-05,20,0.016,0.016544,0.016331250000000002,0.0163515,0.000136147300744451,20,0.00912,0.0096,0.0094033,0.009424,0.0001205877688656688,20,0.002144,0.002336,0.0021872000000000003,0.0021760000000000004,3.6872211758992654e-05,20,0.00592,0.00608,0.00599515,0.0059845,4.561389590903216e-05,20,16,16,2048,10944,102400,True,False,False,568,4,2048,10944,generic,generic,2816,,KERNEL_ONLY,BF16,none
,,,,,,,,,,,,0.006528,0.007712,0.007028049999999999,0.006895999999999999,0.00039324266998890135,40,0.03190500000000001,0.03261,0.0322276,0.0321595,0.00020056405460600204,20,0.005344000000000001,0.005632,0.0055489,0.005568,7.255404881879422e-05,20,,,,,,,0.019648,0.020224,0.019845000000000005,0.019824500000000002,0.00013265632287983814,20,0.004064,0.004352000000000001,0.004171200000000002,0.0041600000000000005,6.579483262384684e-05,20,0.016576,0.017184,0.01683205,0.016816,0.00015206362977385521,20,0.009728,0.009953,0.0098594,0.009857,5.535286803770884e-05,20,0.002143,0.0022730000000000003,0.0021856,0.0021760000000000004,3.940735971871234e-05,20,0.0060160000000000005,0.006528,0.00612485,0.006112,0.00010873006713876327,20,16,16,2048,10944,102400,True,False,False,560,4,2048,10944,generic,generic,2816,,KERNEL_ONLY,BF16,none
,,,,,,,,,,,,0.006592,0.008064,0.0072911749999999996,0.0072325,0.0006203876162327873,40,0.031806,0.032512000000000006,0.032177649999999995,0.032191500000000005,0.00015102988942590205,20,0.005568,0.0057599999999999995,0.0056447500000000005,0.005632,5.1078248795353014e-05,20,,,,,,,0.019072,0.02,0.0194658,0.0194245,0.0003079638939875909,20,0.003936,0.004161,0.0040769000000000005,0.004080500000000001,5.673966866311439e-05,20,0.016927,0.017312,0.01710405,0.0171045,9.697085902476068e-05,20,0.010112,0.010304,0.01018725,0.010176000000000001,5.75350979837527e-05,20,0.002144,0.0022719999999999997,0.0021919500000000002,0.0021760000000000004,2.77425215148154e-05,20,0.006048,0.006304000000000001,0.006155200000000001,0.0061285,6.957772632100019e-05,20,16,16,2048,10944,102400,True,False,False,552,4,2048,10944,generic,generic,2816,,KERNEL_ONLY,BF16,none
,,,,,,,,,,,,0.006816,0.00768,0.007290475,0.007360500000000001,0.0003049802442372292,40,0.03155,0.032385,0.031852950000000005,0.0317925,0.0002555266082035285,20,0.005344000000000001,0.005664,0.0054145500000000015,0.0053765,7.194753296673876e-05,20,,,,,,,0.019552,0.020544,0.019884999999999996,0.019824500000000002,0.00023304076896543216,20,0.003936,0.004353,0.0040721,0.0040645,8.600575562135361e-05,20,0.016928000000000002,0.017184,0.01705125,0.0170405,7.778937909509245e-05,20,0.010336,0.010656,0.010500850000000003,0.010512500000000001,7.316096978580851e-05,20,0.002143,0.0022719999999999997,0.0021823000000000003,0.0021760000000000004,2.6084669827314213e-05,20,0.005728,0.00592,0.0058145,0.005824,4.9600907249767215e-05,20,16,16,2048,10944,102400,True,False,False,544,4,2048,10944,generic,generic,2816,,KERNEL_ONLY,BF16,none
,,,,,,,,,,,,0.006816,0.008736,0.0076448,0.007296,0.0007003607356212942,40,0.032129000000000005,0.032673,0.0324097,0.0324185,0.00014122149269852756,20,0.005215,0.005536,0.0053089,0.00528,9.229620793943805e-05,20,,,,,,,0.019265,0.020735,0.01986245,0.019824,0.00033850295050412784,20,0.0038079999999999998,0.004128000000000001,0.0039615499999999994,0.003968,9.029754980064526e-05,20,0.015519999999999999,0.016,0.015744150000000002,0.015712499999999997,0.00013424800743400286,20,0.010368,0.010656,0.0105119,0.010512,8.489104782013229e-05,20,0.002113,0.002368,0.0022081500000000003,0.0021920000000000004,7.079073032537517e-05,20,0.005376000000000001,0.0056,0.005483300000000001,0.005472,4.993305518391582e-05,20,16,16,2048,10944,102400,True,False,False,536,4,2048,10944,generic,generic,2816,,KERNEL_ONLY,BF16,none
,,,,,,,,,,,,0.007263,0.007936,0.007619200000000001,0.007679999999999999,0.00023805789211870282,40,0.03190500000000001,0.03267200000000001,0.03215275,0.032175999999999996,0.00018984147992469745,20,0.0051849999999999995,0.0056,0.00532005,0.00528,0.00010257167006537446,20,,,,,,,0.019008,0.021089,0.0198353,0.0198725,0.000462172813999266,20,0.0037440000000000004,0.003936,0.0038144999999999997,0.0037765000000000003,6.123601881246039e-05,20,0.015904,0.016287,0.01612635,0.016144,8.611113458780979e-05,20,0.008704000000000002,0.009568,0.0089216,0.008832000000000001,0.0002155048491333774,20,0.002112,0.0021760000000000004,0.0021296500000000003,0.0021279999999999997,1.8820932495495557e-05,20,0.005568,0.005824,0.005676699999999999,0.005679999999999999,6.822616800026215e-05,20,16,16,2048,10944,102400,True,False,False,528,4,2048,10944,generic,generic,2816,,KERNEL_ONLY,BF16,none
,,,,,,,,,,,,0.007296,0.008192,0.007771200000000001,0.007792,0.00022063422218685836,40,0.031807,0.032097,0.03195540000000001,0.03193750000000001,6.626265916788985e-05,20,0.005152,0.005473,0.005296050000000001,0.0052955,8.563321493439335e-05,20,,,,,,,0.018911999999999998,0.021024,0.019913599999999997,0.019888000000000003,0.0004688036262658391,20,0.0037120000000000005,0.003872,0.0037984000000000004,0.0037914999999999997,4.540418482915417e-05,20,0.015904,0.016448,0.016129850000000005,0.016112,0.00013296626451848607,20,0.008864,0.00944,0.00908485,0.00904,0.00017107608687364783,20,0.0020800000000000003,0.002144,0.0021154,0.002112,1.7202906731131183e-05,20,0.005503999999999999,0.005759,0.005617550000000001,0.0056,6.414473867746288e-05,20,16,16,2048,10944,102400,True,False,False,520,4,2048,10944,generic,generic,2816,,KERNEL_ONLY,BF16,none
,,,,,,,,,,,,0.006528,0.007424000000000001,0.0068847000000000005,0.006895,0.00018322147799862347,40,0.03132600000000001,0.031649,0.0314624,0.03144,9.257343031345254e-05,20,0.005216,0.005536,0.005337550000000001,0.005344000000000001,7.935834864713362e-05,20,,,,,,,0.019553,0.021408000000000003,0.020464050000000004,0.020416,0.0003582649124600403,20,0.0037440000000000004,0.003968,0.0038335500000000007,0.0038079999999999998,6.847004819627342e-05,20,0.01488,0.015328,0.015078349999999996,0.015104,0.00011832720524038375,20,0.008863,0.009087999999999999,0.008961599999999998,0.008960000000000001,6.97254616334662e-05,20,0.0020800000000000003,0.0022719999999999997,0.0021231500000000003,0.002112,4.211208258920461e-05,20,0.005856,0.006144,0.0060033000000000005,0.006000500000000001,7.176914378756388e-05,20,16,16,2048,10944,102400,True,False,False,512,4,2048,10944,generic,generic,2816,,KERNEL_ONLY,BF16,none
,,,,,,,,,,,,0.007008,0.00816,0.007560825,0.0074235,0.0003963320506532368,40,0.031744,0.03254300000000001,0.03225135,0.032287,0.00018223618603339993,20,0.005184,0.0056,0.005340949999999999,0.005313,9.427060782661797e-05,20,,,,,,,0.018656,0.020384,0.019630500000000002,0.019552,0.0004288676369230955,20,0.003328,0.00352,0.0034289,0.003424,5.281088902868431e-05,20,0.014944,0.015264,0.01508475,0.015072,8.18821561758117e-05,20,0.008832000000000001,0.009248,0.0089793,0.008976000000000001,8.837426095871993e-05,20,0.002079,0.002145,0.0020959999999999998,0.0020800000000000003,1.9102355875650493e-05,20,0.005857,0.0063360000000000005,0.00601445,0.005984,0.00010527415399802568,20,16,16,2048,10944,102400,True,False,False,504,4,2048,10944,generic,generic,2816,,KERNEL_ONLY,BF16,none
,,,,,,,,,,,,0.006752,0.008864,0.007824025000000002,0.0076795000000000006,0.0008723261857671134,40,0.031614,0.032066000000000004,0.0317491,0.03172900000000001,0.00011528829081914571,20,0.0051849999999999995,0.005472,0.0053424,0.005328000000000001,8.117598166945708e-05,20,,,,,,,0.019456,0.021152,0.02058405,0.020592,0.00036726808668872897,20,0.0037120000000000005,0.004,0.0037935500000000006,0.003776,7.735210081180725e-05,20,0.015743,0.016448,0.01623995,0.016272000000000002,0.00014897566076376367,20,0.009185,0.009504,0.00939365,0.009408,7.852023624518725e-05,20,0.0020800000000000003,0.002113,0.0020945,0.0020800000000000003,1.603277892319349e-05,20,0.005632,0.005888,0.0057471499999999995,0.0057599999999999995,7.317805340400928e-05,20,16,16,2048,10944,102400,True,False,False,496,4,2048,10944,generic,generic,2816,,KERNEL_ONLY,BF16,none
,,,,,,,,,,,,0.007008,0.008031,0.0074959,0.0073605,0.00033266460587204024,40,0.031586,0.032322000000000004,0.03197310000000001,0.03196950000000001,0.00019377510159976637,20,0.005216,0.005728,0.00544635,0.005472,0.00011304436076160525,20,,,,,,,0.018528,0.020288,0.019529700000000004,0.01952,0.00044226554240636966,20,0.003232,0.003488,0.0033696499999999996,0.003376,5.922016126286726e-05,20,0.015616,0.016128,0.0158304,0.015856000000000002,0.0001328971030534525,20,0.009568,0.010176000000000001,0.009873549999999998,0.009888000000000001,0.00015061257417626212,20,0.002047,0.002112,0.0020832,0.0020800000000000003,1.7328012003689296e-05,20,0.006144,0.006368,0.00625455,0.0062565,6.193906279562209e-05,20,16,16,2048,10944,102400,True,False,False,488,4,2048,10944,generic,generic,2816,,KERNEL_ONLY,BF16,none
,,,,,,,,,,,,0.006528,0.007200000000000001,0.006799975,0.006783000000000001,0.00017872247865056046,40,0.031296000000000004,0.031999,0.031660650000000005,0.031727500000000006,0.0002219583913709937,20,0.004992,0.005344000000000001,0.005128000000000001,0.00512,8.081645871974355e-05,20,,,,,,,0.018848,0.019969,0.01936655,0.01928,0.0003573577304326853,20,0.003552,0.00368,0.00363835,0.003648,2.6946753051156266e-05,20,0.01584,0.016256,0.016048,0.016048,0.00010586075760167232,20,0.008128,0.008672000000000001,0.00832805,0.008288,0.00012674126202622416,20,0.002048,0.002239,0.0020944500000000003,0.0020800000000000003,4.446287777461105e-05,20,0.005503999999999999,0.005696,0.00559525,0.005584,5.571254347092755e-05,20,16,16,2048,10944,102400,True,False,False,480,4,2048,10944,generic,generic,2816,,KERNEL_ONLY,BF16,none
,,,,,,,,,,,,0.006496000000000001,0.007297,0.00679365,0.00672,0.0001916867953198656,40,0.031490000000000004,0.032609,0.03211685000000001,0.0320955,0.0003770010974785077,20,0.00496,0.005216,0.0050417000000000005,0.005024,7.191390686091262e-05,20,,,,,,,0.01824,0.019616,0.019128100000000002,0.019167500000000004,0.000288885254036962,20,0.003584,0.0037120000000000005,0.0036401500000000004,0.003648,3.764209744421803e-05,20,0.014784,0.015328,0.015110500000000002,0.015151999999999999,0.0001847277726818571,20,0.008416,0.008960000000000001,0.0086126,0.008576,0.00014357102771799063,20,0.002047,0.0021760000000000004,0.0020735,0.0020800000000000003,2.9763232351342603e-05,20,0.005152,0.005312000000000001,0.00522395,0.005216,4.8407101751705835e-05,20,16,16,2048,10944,102400,True,False,False,472,4,2048,10944,generic,generic,2816,,KERNEL_ONLY,BF16,none
,,,,,,,,,,,,0.006432,0.007200000000000001,0.0068209,0.006752,0.00018987203585573117,40,0.03155,0.032194,0.0318107,0.03179100000000001,0.00017843348900921022,20,0.00496,0.005216,0.0050479,0.005039999999999999,6.5520149572479e-05,20,,,,,,,0.017728,0.019168,0.0182256,0.018192,0.0002907054179061685,20,0.0035830000000000002,0.003743,0.0036369500000000008,0.0036165,3.951515532045896e-05,20,0.015264,0.015616,0.015406349999999996,0.015376500000000001,9.977087500869192e-05,20,0.008768000000000001,0.009119,0.008895999999999998,0.008896000000000001,7.279697795925307e-05,20,0.002048,0.0021760000000000004,0.0020783500000000005,0.0020800000000000003,3.7144683334227136e-05,20,0.00528,0.005441,0.005324900000000001,0.005312000000000001,4.6923235182583075e-05,20,16,16,2048,10944,102400,True,False,False,464,4,2048,10944,generic,generic,2816,,KERNEL_ONLY,BF16,none
,,,,,,,,,,,,0.006656,0.007392,0.00700405,0.0068965,0.00027131770583579707,40,0.031327,0.031775000000000005,0.03149910000000001,0.031505000000000005,0.00012410596278986731,20,0.004961,0.005216999999999999,0.0050705,0.005056,5.857857970282317e-05,20,,,,,,,0.016960000000000003,0.019552,0.0183375,0.0181435,0.0009134363415148307,20,0.003552,0.0037120000000000005,0.0036208000000000004,0.0036160000000000003,3.955199110032269e-05,20,0.015616,0.015968,0.015724949999999998,0.0157285,8.243571738027169e-05,20,0.009313,0.009856,0.009517049999999997,0.009520500000000001,0.00011634237190293147,20,0.002016,0.0022080000000000003,0.0020608,0.002048,3.7044027858752184e-05,20,0.005312000000000001,0.005503999999999999,0.005369550000000001,0.005376000000000001,3.8702034830225546e-05,20,16,16,2048,10944,102400,True,False,False,456,4,2048,10944,generic,generic,2816,,KERNEL_ONLY,BF16,none
,,,,,,,,,,,,0.006368,0.006976,0.006606424999999999,0.006576,0.00017974229990461337,40,0.031199000000000005,0.03168100000000001,0.03149425,0.031504500000000005,0.00011755546563218641,20,0.0054080000000000005,0.005728,0.0055039500000000005,0.005488,7.642020348049308e-05,20,,,,,,,0.0176,0.019008,0.0181553,0.0181125,0.000294494329317221,20,0.003553,0.0037120000000000005,0.00364815,0.003648,4.0321551309442484e-05,20,0.013791000000000001,0.01456,0.01432145,0.014336,0.00018096532126349495,20,0.009185,0.009952,0.0095553,0.009583999999999999,0.00018189780097626268,20,0.002016,0.002049,0.0020448000000000003,0.002048,9.605206921248475e-06,20,0.00528,0.005728,0.0053840500000000005,0.005360500000000001,0.0001050383144381134,20,16,16,2048,10944,102400,True,False,False,448,4,2048,10944,generic,generic,2816,,KERNEL_ONLY,BF16,none
,,,,,,,,,,,,0.0064,0.007008,0.006708800000000001,0.006703499999999999,0.00013867808045974685,40,0.031872000000000004,0.032415000000000006,0.0320992,0.0320975,0.00013642932236143518,20,0.004799,0.00528,0.0049566,0.0049440000000000005,0.00011495320787172496,20,,,,,,,0.016513000000000003,0.019744,0.018264100000000002,0.018496,0.0010214962016571567,20,0.003552,0.003648,0.003592,0.003584,2.6478292996339538e-05,20,0.014048,0.014464000000000001,0.014297700000000002,0.014304,0.00010725115383994743,20,0.008768000000000001,0.009184,0.008934349999999999,0.008928,0.00010790239802710552,20,0.002016,0.0022080000000000003,0.0020481500000000003,0.002048,3.9111730976779905e-05,20,0.00496,0.005344000000000001,0.00509445,0.0050880000000000005,9.457350316024055e-05,20,16,16,2048,10944,102400,True,False,False,440,4,2048,10944,generic,generic,2816,,KERNEL_ONLY,BF16,none
,,,,,,,,,,,,0.006464,0.00688,0.0066761500000000005,0.006704,0.00011824942917409797,40,0.031489,0.031968,0.03170265000000001,0.031663500000000004,0.00012328879713907585,20,0.004864,0.0050880000000000005,0.0049536499999999995,0.004928,6.043697130068641e-05,20,,,,,,,0.017089,0.018784,0.018011350000000002,0.018144,0.0005801360422349219,20,0.003552,0.0037440000000000004,0.0036176999999999993,0.0036160000000000003,4.3419005055390275e-05,20,0.014271,0.014624000000000002,0.014422399999999998,0.014432,9.242099328615794e-05,20,0.007968,0.008224,0.008070450000000002,0.008064,7.191208173874546e-05,20,0.002016,0.0022080000000000003,0.00205925,0.002048,4.441494680847888e-05,20,0.00512,0.005248,0.005166350000000001,0.005152,3.712313968402985e-05,20,16,16,2048,10944,102400,True,False,False,432,4,2048,10944,generic,generic,2816,,KERNEL_ONLY,BF16,none
,,,,,,,,,,,,0.0064,0.008256000000000001,0.0071503750000000005,0.0071515,0.0006337027571148793,40,0.031232000000000003,0.031585,0.03137265,0.03136,8.080734805696805e-05,20,0.005248,0.005568,0.00546395,0.005503999999999999,8.81955072551883e-05,20,,,,,,,0.016736,0.019105,0.01771685,0.017696,0.0007763301665528646,20,0.0035510000000000003,0.003648,0.00359045,0.0035845,2.9668965266756504e-05,20,0.012127,0.012576,0.01228795,0.012256000000000001,0.00012770022513684158,20,0.008992000000000002,0.009343,0.00918395,0.009184,8.451477681447175e-05,20,0.001984,0.0021760000000000004,0.0020321000000000002,0.002016,5.384691263201635e-05,20,0.005471,0.0057599999999999995,0.0055968,0.005584,7.915276369148444e-05,20,16,16,2048,10944,102400,True,False,False,424,4,2048,10944,generic,generic,2816,,KERNEL_ONLY,BF16,none
,,,,,,,,,,,,0.006784,0.007745,0.007282425,0.007296,0.0002474087596973883,40,0.030912999999999996,0.031425,0.03109945,0.031071500000000002,0.00015601201075558438,20,0.004704,0.004992,0.00483355,0.004832,7.258200534567792e-05,20,,,,,,,0.018591999999999997,0.021216000000000002,0.02027675,0.020400500000000002,0.0005658395421848856,20,0.003488,0.0036160000000000003,0.00355675,0.003552,2.9175117823241057e-05,20,0.014912000000000002,0.0152,0.015033549999999998,0.015007999999999999,7.685927074855672e-05,20,0.007841,0.008384,0.008067299999999998,0.008048,0.00012421437114923557,20,0.001984,0.0021760000000000004,0.0020288,0.002016,6.175645715226873e-05,20,0.005216,0.005568,0.005337649999999999,0.005312000000000001,8.499310266133358e-05,20,16,16,2048,10944,102400,True,False,False,416,4,2048,10944,generic,generic,2816,,KERNEL_ONLY,BF16,none
,,,,,,,,,,,,0.006784,0.008928,0.007687250000000001,0.0076159999999999995,0.0006823128223183265,40,0.031199999999999995,0.031871000000000003,0.0315119,0.031503,0.00016970000000000193,20,0.004768,0.004993,0.0048850000000000005,0.0048805,7.513787327307047e-05,20,,,,,,,0.015969,0.01808,0.01668485,0.016384000000000003,0.0007251426256261585,20,0.003424,0.003585,0.0035089500000000003,0.00352,4.0827043733290346e-05,20,0.014112,0.014401,0.014238400000000003,0.014240000000000001,8.732949100962402e-05,20,0.009184,0.009536,0.0093856,0.009408,7.299821915636017e-05,20,0.002016,0.0022080000000000003,0.0020544,0.002048,3.7319431935655266e-05,20,0.004864,0.0050880000000000005,0.00494565,0.004928,6.52550955864751e-05,20,16,16,2048,10944,102400,True,False,False,408,4,2048,10944,generic,generic,2816,,KERNEL_ONLY,BF16,none
,,,,,,,,,,,,0.006496000000000001,0.007073,0.00670635,0.006656,0.00015601338884852164,40,0.031105000000000008,0.032096000000000006,0.031503100000000006,0.0314255,0.00026458002570111007,20,0.0048,0.0050880000000000005,0.0048912500000000015,0.004864,8.356008317372597e-05,20,,,,,,,0.017664000000000003,0.018656,0.0181106,0.0180965,0.0002514244220436817,20,0.003424,0.0036160000000000003,0.0034929500000000003,0.003488,4.208143890125439e-05,20,0.013952,0.014464000000000001,0.014180849999999998,0.014176000000000001,0.00011407641079557161,20,0.009023,0.00976,0.00928965,0.00912,0.00027144028348791583,20,0.0020150000000000003,0.002048,0.00202885,0.0020165,1.5640572240170687e-05,20,0.004896,0.005025000000000001,0.0049648,0.00496,3.554518251465308e-05,20,16,16,2048,10944,102400,True,False,False,400,4,2048,10944,generic,generic,2816,,KERNEL_ONLY,BF16,none
,,,,,,,,,,,,0.006464,0.007168,0.00675445,0.006704,0.00020102648457355076,40,0.030911,0.031776000000000006,0.0312637,0.031185000000000004,0.0002158812405004207,20,0.004703000000000001,0.00496,0.0048624,0.004864500000000001,5.8631390909648396e-05,20,,,,,,,0.016352000000000002,0.019456,0.017788900000000003,0.017632000000000002,0.001044085863327341,20,0.003232,0.003328,0.00328325,0.003296,2.9296544164798598e-05,20,0.01472,0.014944,0.014833600000000002,0.014848000000000002,7.029679935815021e-05,20,0.009056,0.0096,0.00916965,0.009152500000000001,0.0001396654126833126,20,0.0020150000000000003,0.0021110000000000005,0.0020334,0.002016,2.564059281685982e-05,20,0.005055,0.0051849999999999995,0.0051249,0.00512,4.6735318550321184e-05,20,16,16,2048,10944,102400,True,False,False,392,4,2048,10944,generic,generic,2816,,KERNEL_ONLY,BF16,none
,,,,,,,,,,,,0.005824,0.00656,0.006182425,0.0061600000000000005,0.00022457157962440413,40,0.030878000000000003,0.03132600000000001,0.03104925,0.031010499999999996,0.00011729146388377902,20,0.004608,0.004896,0.0047729,0.004768,9.507097348823152e-05,20,,,,,,,0.015744,0.01824,0.01659525,0.016256,0.0007200094357020609,20,0.003264,0.003584,0.0033838999999999996,0.00336,8.336000239923225e-05,20,0.013312,0.013984,0.013809650000000001,0.013856,0.0001604759405643103,20,0.007584,0.008128,0.007817599999999997,0.007808,0.00012419677934632606,20,0.001951,0.0021760000000000004,0.0019839000000000007,0.001984,4.6444482987756565e-05,20,0.004704,0.005024,0.0047665,0.004736,7.321919147327435e-05,20,16,16,2048,10944,102400,True,False,False,384,4,2048,10944,generic,generic,2816,,KERNEL_ONLY,BF16,none
,,,,,,,,,,,,0.005856,0.006656,0.006209500000000001,0.006271500000000001,0.00022367364619015813,40,0.03154900000000001,0.03190300000000001,0.0316767,0.0316465,0.00010987360920621582,20,0.004608,0.004864,0.0047664,0.004768,7.321707451134611e-05,20,,,,,,,0.015519999999999999,0.017856,0.01661925,0.016624,0.0007179850189941292,20,0.003231,0.003584,0.0033504000000000008,0.00336,7.036504814181544e-05,20,0.01344,0.013824,0.01365615,0.013648500000000001,9.211800855424531e-05,20,0.008032000000000001,0.008417,0.008216000000000003,0.008224,9.664833159449764e-05,20,0.001952,0.0021760000000000004,0.0019920500000000004,0.001984,5.8015062699268106e-05,20,0.004704,0.004928,0.00478405,0.004768,6.036014827682266e-05,20,16,16,2048,10944,102400,True,False,False,376,4,2048,10944,generic,generic,2816,,KERNEL_ONLY,BF16,none
,,,,,,,,,,,,0.005952,0.006592,0.006276825,0.006288500000000001,0.0001864038475327159,40,0.03104100000000001,0.03158400000000001,0.031254550000000006,0.031216500000000005,0.00013084207083350404,20,0.00464,0.004929,0.0047248,0.004704,6.823166420365256e-05,20,,,,,,,0.015488,0.017471,0.0164736,0.016400500000000002,0.0005479219287453281,20,0.003296,0.003584,0.0033599999999999997,0.003328,8.036043802767634e-05,20,0.013696,0.014144,0.013926500000000003,0.01392,0.00013228851046103734,20,0.008128,0.008865,0.00835205,0.008336,0.00016143372479132095,20,0.001952,0.0020800000000000003,0.0019825000000000003,0.001984,2.7445400343226973e-05,20,0.004704,0.004992,0.004812800000000001,0.0047995,8.244003881609963e-05,20,16,16,2048,10944,102400,True,False,False,368,4,2048,10944,generic,generic,2816,,KERNEL_ONLY,BF16,none
,,,,,,,,,,,,0.006304000000000001,0.007200000000000001,0.006744025000000001,0.0067525,0.00032868301503880595,40,0.031039000000000004,0.031423000000000006,0.03123525,0.0312625,0.00012742836222756697,20,0.004608,0.004928,0.0047247999999999995,0.004704,6.58442100719569e-05,20,,,,,,,0.015168,0.016832,0.0160624,0.0160475,0.0004574756168365704,20,0.003264,0.0034230000000000003,0.003315099999999999,0.003296,3.4038066925135506e-05,20,0.010624000000000001,0.011488,0.0109984,0.010944,0.00022593636272189542,20,0.009536,0.010144,0.009774449999999999,0.009776,0.00019950976793129744,20,0.001951,0.0020800000000000003,0.00197595,0.001984,2.838569181823835e-05,20,0.0050880000000000005,0.005248,0.005175850000000001,0.005183500000000001,3.787779692643158e-05,20,16,16,2048,10944,102400,True,False,False,360,4,2048,10944,generic,generic,2816,,KERNEL_ONLY,BF16,none
,,,,,,,,,,,,0.006623,0.007424000000000001,0.007018375,0.0069605000000000005,0.00020574883808906447,40,0.030815999999999996,0.031423,0.0310837,0.03104100000000001,0.00014679921661916293,20,0.004543,0.004736,0.004654449999999999,0.004672,5.32404686305446e-05,20,,,,,,,0.016032,0.017632000000000002,0.016929900000000005,0.017056,0.0004134071721680698,20,0.003232,0.0035510000000000003,0.0033535499999999994,0.0033435,5.76623577388231e-05,20,0.013856,0.014336,0.014136100000000002,0.01416,0.00016626271379957666,20,0.007457,0.00784,0.00764335,0.007632,8.946578955109051e-05,20,0.001952,0.0019850000000000002,0.00198245,0.001984,7.003392035292645e-06,20,0.004992,0.005312000000000001,0.0050960499999999995,0.0050880000000000005,8.278675920701346e-05,20,16,16,2048,10944,102400,True,False,False,352,4,2048,10944,generic,generic,2816,,KERNEL_ONLY,BF16,none
,,,,,,,,,,,,0.006592,0.007584,0.007075924999999999,0.007072,0.00018801467861579322,40,0.031168000000000005,0.03158400000000001,0.03135325,0.031359500000000005,0.00011065797531131646,20,0.004575,0.004801000000000001,0.00468485,0.004672,5.9557766076306076e-05,20,,,,,,,0.015616,0.018305000000000002,0.017460899999999998,0.0177605,0.0007454964050885824,20,0.003264,0.003615,0.0033584500000000002,0.0033595,8.55163580842871e-05,20,0.012928,0.013312,0.0130688,0.013056,9.143992563426514e-05,20,0.007423,0.007776,0.007619150000000001,0.0076159999999999995,9.058050286899506e-05,20,0.001952,0.0019850000000000002,0.00197435,0.001984,1.4530227114536138e-05,20,0.004575999999999999,0.004928,0.00474725,0.004751999999999999,8.110171083275627e-05,20,16,16,2048,10944,102400,True,False,False,344,4,2048,10944,generic,generic,2816,,KERNEL_ONLY,BF16,none
,,,,,,,,,,,,0.006176,0.007456000000000001,0.006833625000000001,0.006848000000000001,0.0004910445340037908,40,0.031133000000000004,0.031583,0.031327850000000004,0.031313499999999994,0.00012275067209591872,20,0.004543999999999999,0.004896,0.0047039,0.004704,8.706888077838148e-05,20,,,,,,,0.015904,0.017632000000000002,0.017068900000000005,0.017105,0.0004143313770401662,20,0.003295,0.003425,0.0033553,0.00336,3.9725432659695495e-05,20,0.01312,0.013377000000000002,0.013261,0.013248,8.05828765929834e-05,20,0.007584,0.007968,0.00774735,0.0077435,9.55757683725327e-05,20,0.001952,0.002016,0.00198245,0.001984,1.592945385127816e-05,20,0.004671000000000001,0.005023,0.004748799999999999,0.004704,9.497557580767798e-05,20,16,16,2048,10944,102400,True,False,False,336,4,2048,10944,generic,generic,2816,,KERNEL_ONLY,BF16,none
,,,,,,,,,,,,0.006272000000000001,0.007456000000000001,0.0069056000000000005,0.006928500000000001,0.0004843197187808897,40,0.030848000000000007,0.03126400000000001,0.031131050000000004,0.031165000000000005,0.00010685853966810472,20,0.0047350000000000005,0.005024,0.0048832,0.0048955000000000005,7.329638463116714e-05,20,,,,,,,0.014528000000000001,0.017504000000000002,0.0159407,0.0158555,0.0008708601552488206,20,0.003264,0.0035510000000000003,0.0033264999999999996,0.003328,6.080501624043866e-05,20,0.010400000000000001,0.011007999999999999,0.0106096,0.010592,0.0001434574501376624,20,0.007872,0.00816,0.0079904,0.007968,8.932155394976078e-05,20,0.001951,0.002113,0.00197925,0.001952,4.5746994436793354e-05,20,0.0048,0.004992,0.00491195,0.004928,5.9371268303784854e-05,20,16,16,2048,10944,102400,True,False,False,328,4,2048,10944,generic,generic,2816,,KERNEL_ONLY,BF16,none
,,,,,,,,,,,,0.006272000000000001,0.0066879999999999995,0.006464025000000001,0.006464,9.984049466524075e-05,40,0.030721000000000005,0.031296000000000004,0.0310061,0.031010000000000003,0.00013350014981264975,20,0.0044480000000000006,0.004736,0.004576,0.004575999999999999,8.226846297336535e-05,20,,,,,,,0.019424,0.027168,0.0215152,0.020048000000000003,0.0026242913443442206,20,0.003232,0.00352,0.00330885,0.003296,5.934077434614416e-05,20,0.013536,0.013952,0.0137761,0.013792,9.137226056085094e-05,20,0.007168,0.007647999999999999,0.007409649999999999,0.007424000000000001,0.00013023950053651145,20,0.001951,0.002016,0.0019903499999999997,0.001984,2.1795125601840415e-05,20,0.004928,0.005311,0.0050399500000000005,0.0050235,9.344167967240317e-05,20,16,16,2048,10944,102400,True,False,False,320,4,2048,10944,generic,generic,2816,,KERNEL_ONLY,BF16,none
,,,,,,,,,,,,0.006176,0.006752,0.0064376749999999995,0.006432,0.00010709210696872103,40,0.031200000000000006,0.03203000000000001,0.03181780000000001,0.03187150000000001,0.0001678370042630647,20,0.0044800000000000005,0.004704,0.004601699999999999,0.004608,5.1089235656838646e-05,20,,,,,,,0.014464000000000001,0.016992,0.0157424,0.015695999999999998,0.0008577892165328261,20,0.0031360000000000003,0.0032,0.0031696500000000004,0.0031680000000000002,1.8863390469372102e-05,20,0.012064,0.012672000000000001,0.01238705,0.012368,0.00017227114529136912,20,0.007168,0.007584,0.007340750000000002,0.007312000000000001,0.00011282946202122907,20,0.001952,0.002112,0.0019887,0.001984,3.390147489416947e-05,20,0.004513,0.0048,0.004644749999999999,0.00464,7.572573868903507e-05,20,16,16,2048,10944,102400,True,False,False,312,4,2048,10944,generic,generic,2816,,KERNEL_ONLY,BF16,none
,,,,,,,,,,,,0.006271,0.006625,0.0064632,0.0064475,9.183196611202428e-05,40,0.031104000000000003,0.031649000000000004,0.031431600000000004,0.0314885,0.00015831879231474665,20,0.004384000000000001,0.004672,0.004551899999999999,0.004543999999999999,5.888369893272659e-05,20,,,,,,,0.01616,0.01712,0.01668315,0.016656,0.0002489478409225513,20,0.003232,0.0033929999999999997,0.00327685,0.003264,3.842821229253314e-05,20,0.012544000000000001,0.013023999999999999,0.0127808,0.0127835,0.00010643101051855105,20,0.007135,0.007647999999999999,0.007337400000000001,0.007328,0.00013166563712677646,20,0.001952,0.002112,0.00198085,0.0019835,4.1567144477339384e-05,20,0.0045119999999999995,0.004992,0.0046992499999999994,0.004672,0.00011051826772077104,20,16,16,2048,10944,102400,True,False,False,304,4,2048,10944,generic,generic,2816,,KERNEL_ONLY,BF16,none
,,,,,,,,,,,,0.006304000000000001,0.00672,0.006481724999999999,0.006464,0.00011617723260174494,40,0.03087900000000001,0.03136100000000001,0.031128499999999996,0.031135500000000003,0.00011233320969330345,20,0.004384000000000001,0.004768,0.0045598999999999995,0.004575999999999999,8.554875802722073e-05,20,,,,,,,0.014304,0.016800000000000002,0.015616,0.015488,0.0006345846673218636,20,0.003072,0.0032,0.0031439999999999997,0.0031360000000000003,2.83989436423259e-05,20,0.013056,0.013473,0.013246300000000003,0.013232,0.0001015426511373424,20,0.007168,0.00752,0.007342400000000001,0.007328,8.849316357775899e-05,20,0.00192,0.002112,0.0019760500000000005,0.001952,5.4208371124762744e-05,20,0.004543999999999999,0.004864,0.004643049999999999,0.004624,7.822306245603042e-05,20,16,16,2048,10944,102400,True,False,False,296,4,2048,10944,generic,generic,2816,,KERNEL_ONLY,BF16,none
,,,,,,,,,,,,0.00608,0.006528,0.006278475,0.006272000000000001,0.00010529102229060182,40,0.030816,0.031264000000000014,0.031052850000000003,0.03107200000000001,0.00010862931234248206,20,0.004383,0.004575999999999999,0.00447845,0.0044805,5.775246747975319e-05,20,,,,,,,0.013952,0.016416,0.015006450000000001,0.015071999999999999,0.0006696990723451838,20,0.003072,0.003137,0.00311045,0.003104,2.3871478797929604e-05,20,0.009984,0.010656,0.0103553,0.0102725,0.0002019002476471984,20,0.006976,0.0076159999999999995,0.007224000000000001,0.007168,0.00016779064336249502,20,0.00192,0.002016,0.0019345499999999997,0.00192,2.3724407263407004e-05,20,0.0048,0.00512,0.0049473,0.004928,9.922353551451389e-05,20,16,16,2048,10944,102400,True,False,False,288,4,2048,10944,generic,generic,2816,,KERNEL_ONLY,BF16,none
,,,,,,,,,,,,0.00608,0.007136,0.006467900000000001,0.006368,0.00033249028557237576,40,0.031969000000000004,0.032350000000000004,0.03212675,0.032112,0.00010869262854490063,20,0.00432,0.004543999999999999,0.004425500000000001,0.004416000000000001,6.43960402509345e-05,20,,,,,,,0.013664,0.01632,0.015145599999999999,0.015040000000000001,0.0007336598939563211,20,0.00304,0.003359,0.0031103500000000004,0.003104,6.889940130363977e-05,20,0.011968,0.012321,0.01217445,0.01216,9.787822791612055e-05,20,0.00688,0.007521,0.007117,0.0071045,0.00018843566541395504,20,0.001888,0.001952,0.0019247499999999998,0.00192,1.824246419758032e-05,20,0.00432,0.004736,0.004476750000000001,0.004479500000000001,0.00010382768176165717,20,16,16,2048,10944,102400,True,False,False,280,4,2048,10944,generic,generic,2816,,KERNEL_ONLY,BF16,none
,,,,,,,,,,,,0.006143,0.0066879999999999995,0.006318325,0.006304000000000001,0.000124276181849138,40,0.031298000000000006,0.031714000000000006,0.031528400000000005,0.03152200000000001,9.332705931293431e-05,20,0.004352000000000001,0.004543999999999999,0.0044256,0.004416000000000001,5.364177476556836e-05,20,,,,,,,0.014112,0.016192,0.0148528,0.014512,0.0006274183293465373,20,0.0030080000000000003,0.0031360000000000003,0.003065600000000001,0.003072,3.446505476566077e-05,20,0.012480000000000002,0.0128,0.01264315,0.012639500000000001,9.05263911795892e-05,20,0.006881,0.007233,0.007094350000000001,0.0070885,9.435267616766362e-05,20,0.001888,0.002016,0.0019185499999999998,0.00192,3.4287716459396976e-05,20,0.004384000000000001,0.004768,0.004481499999999999,0.004479,9.337049855280816e-05,20,16,16,2048,10944,102400,True,False,False,272,4,2048,10944,generic,generic,2816,,KERNEL_ONLY,BF16,none
,,,,,,,,,,,,0.0060810000000000005,0.007296,0.006573699999999999,0.006432,0.00039269499614841036,40,0.031264,0.03190300000000001,0.03151835000000001,0.031519500000000006,0.00014638691027547672,20,0.004288,0.0044800000000000005,0.00436005,0.004352000000000001,5.712571662570211e-05,20,,,,,,,0.015264,0.016192,0.0155327,0.015472,0.00021115020719857282,20,0.0024,0.002816,0.00252145,0.0024630000000000003,0.0001455109875576411,20,0.009664,0.010336,0.00984635,0.009808,0.000175023791239934,20,0.0069429999999999995,0.00768,0.007116850000000001,0.00712,0.00015199416929606214,20,0.0018560000000000002,0.001984,0.0018976,0.001888,3.352521439155908e-05,20,0.00464,0.004992,0.0047872,0.004768,0.00010430464994428589,20,16,16,2048,10944,102400,True,False,False,264,4,2048,10944,generic,generic,2816,,KERNEL_ONLY,BF16,none
,,,,,,,,,,,,0.006144,0.006528,0.006294425000000001,0.0062725,9.248402226871413e-05,40,0.030524000000000003,0.030976000000000004,0.030761150000000004,0.030752500000000002,0.0001096071507703779,20,0.00432,0.004479,0.00439825,0.004399500000000001,4.0971789074923306e-05,20,,,,,,,0.013153000000000001,0.013472,0.013316900000000001,0.0132805,8.9969939424232e-05,20,0.002592,0.0027210000000000003,0.0026431999999999996,0.002624,3.4216370351046975e-05,20,0.012192,0.01264,0.01232635,0.012320000000000001,0.00010151515896653067,20,0.006752,0.007296,0.00695055,0.006944500000000001,0.00010970026207808268,20,0.0018560000000000002,0.002016,0.0018959999999999997,0.001888,3.631115531073061e-05,20,0.004768,0.0050880000000000005,0.00493615,0.004928,9.538620183234063e-05,20,16,16,2048,10944,102400,True,False,False,256,4,2048,10944,generic,generic,2816,,KERNEL_ONLY,BF16,none
,,,,,,,,,,,,0.006048,0.006432,0.006194425000000001,0.0061765,9.60327776074399e-05,40,0.030879999999999998,0.031200000000000002,0.031005500000000002,0.031008000000000004,8.695027314505769e-05,20,0.004352000000000001,0.004768,0.004417600000000001,0.0043845,8.958984317432393e-05,20,,,,,,,0.012896000000000001,0.013952,0.0132927,0.013216499999999999,0.0002538893656693799,20,0.00256,0.0026880000000000003,0.0026241,0.002624,3.356322392142929e-05,20,0.012257,0.012544000000000001,0.01242875,0.0124315,6.938074300553435e-05,20,0.006816,0.007104,0.006937550000000001,0.006928,7.479135979509947e-05,20,0.0018560000000000002,0.0020800000000000003,0.00189915,0.001888,5.1881860992065445e-05,20,0.004768,0.0050880000000000005,0.004952,0.0049759999999999995,8.586675724632902e-05,20,16,16,2048,10944,102400,True,False,False,248,4,2048,10944,generic,generic,2816,,KERNEL_ONLY,BF16,none
,,,,,,,,,,,,0.006048,0.006848,0.006390450000000001,0.006399500000000001,0.00018113019488754485,40,0.030689000000000008,0.031331000000000005,0.031046350000000007,0.031071500000000005,0.0001237025767718677,20,0.004384000000000001,0.004543999999999999,0.00447205,0.004479500000000001,5.047917887604703e-05,20,,,,,,,0.015167,0.015776000000000002,0.015328050000000001,0.015328,0.00013468833468418894,20,0.0027519999999999997,0.003072,0.00282725,0.0028155,7.65557803173608e-05,20,0.009568,0.010304,0.00983845,0.009808,0.00019128002378711702,20,0.007233,0.0076159999999999995,0.007406350000000002,0.0074080000000000005,0.00010336260203768086,20,0.0018560000000000002,0.0020800000000000003,0.0019039500000000002,0.001888,6.897062780633502e-05,20,0.004352000000000001,0.004608,0.00444955,0.0044480000000000006,5.683086749293888e-05,20,16,16,2048,10944,102400,True,False,False,240,4,2048,10944,generic,generic,2816,,KERNEL_ONLY,BF16,none
,,,,,,,,,,,,0.006079,0.006912,0.006392775000000001,0.0064,0.00017540103869418774,40,0.030784000000000006,0.031230000000000008,0.030950500000000002,0.030927500000000004,0.00011827150967160293,20,0.004383,0.004736,0.004468700000000001,0.0044480000000000006,7.990250308970268e-05,20,,,,,,,0.014976000000000001,0.015616,0.015193649999999998,0.0151525,0.00015331447257190033,20,0.0027519999999999997,0.002817,0.00277615,0.002784,2.2258200735908618e-05,20,0.009472,0.01024,0.009841650000000002,0.009856,0.00019638082263805722,20,0.007328,0.0076159999999999995,0.007460700000000002,0.007456000000000001,7.24459108576873e-05,20,0.001855,0.001984,0.0018703500000000004,0.0018560000000000002,2.9487751694559504e-05,20,0.004352000000000001,0.00464,0.0044480000000000006,0.004432,7.294998286497372e-05,20,16,16,2048,10944,102400,True,False,False,232,4,2048,10944,generic,generic,2816,,KERNEL_ONLY,BF16,none
,,,,,,,,,,,,0.005888,0.0064,0.00613525,0.006144,0.00013455830520633062,40,0.029951000000000005,0.030658000000000008,0.030155250000000005,0.030142000000000002,0.0001613074316328921,20,0.00432,0.004417,0.0043743,0.004384000000000001,3.508575209397692e-05,20,,,,,,,0.013888000000000001,0.01472,0.014128100000000001,0.0140955,0.00016672909164270052,20,0.002751,0.002816,0.0027824,0.002784,1.8953627621117878e-05,20,0.013344,0.013792,0.0136064,0.013615499999999999,0.00010302980151393109,20,0.0066890000000000005,0.007072,0.0068704000000000005,0.00688,9.550361249711966e-05,20,0.001887,0.002112,0.0019280000000000002,0.00192,5.889736836226219e-05,20,0.004575999999999999,0.00496,0.00472325,0.004672,0.0001186216148094437,20,16,16,2048,10944,102400,True,False,False,224,4,2048,10944,generic,generic,2816,,KERNEL_ONLY,BF16,none
,,,,,,,,,,,,0.006112,0.007136,0.006557675000000001,0.006464000000000001,0.0003629892138549023,40,0.030719000000000003,0.031267,0.030886300000000005,0.030864500000000003,0.00013172513048010176,20,0.0042569999999999995,0.004417,0.00434415,0.0043515,4.273906292842672e-05,20,,,,,,,0.014528000000000001,0.0152,0.014766350000000001,0.0147355,0.0001526794927290495,20,0.002527,0.0026560000000000004,0.0025679500000000003,0.00256,3.492917834704972e-05,20,0.009311999999999999,0.010272,0.009702449999999998,0.009680000000000001,0.00020773865191629613,20,0.006816,0.007072,0.0069248,0.0069125,7.03332069509134e-05,20,0.001855,0.002048,0.0018895000000000001,0.001872,5.304667755854265e-05,20,0.00464,0.004959,0.004745549999999999,0.004704,9.323544122274535e-05,20,16,16,2048,10944,102400,True,False,False,216,4,2048,10944,generic,generic,2816,,KERNEL_ONLY,BF16,none
,,,,,,,,,,,,0.006143,0.0064,0.006257650000000001,0.0062565,7.538021955393886e-05,40,0.030656000000000006,0.030974000000000005,0.030826,0.030848500000000004,9.670935838893651e-05,20,0.00432,0.0045119999999999995,0.0043953,0.0043845,5.181901195507294e-05,20,,,,,,,0.01456,0.01488,0.014785650000000003,0.014800500000000001,7.677908243786237e-05,20,0.0027519999999999997,0.002912,0.0027986,0.002784,4.223553006652104e-05,20,0.012064,0.012511,0.0122417,0.012224,0.0001288119171505494,20,0.00672,0.007008,0.006854400000000001,0.006864,7.468828556072227e-05,20,0.001855,0.001984,0.0018752000000000005,0.0018565,2.9330189225437947e-05,20,0.00432,0.004736,0.004505650000000001,0.0044800000000000005,0.00010791768854085018,20,16,16,2048,10944,102400,True,False,False,208,4,2048,10944,generic,generic,2816,,KERNEL_ONLY,BF16,none
,,,,,,,,,,,,0.006528,0.00752,0.0070496249999999995,0.007072,0.0003753401582231778,40,0.029920000000000006,0.030591,0.030114500000000006,0.0301125,0.0001401133469730842,20,0.004608,0.005056,0.00473765,0.0047045,0.00010530302702201865,20,,,,,,,0.014656,0.015169,0.014957000000000002,0.014960500000000002,0.0001138595626199221,20,0.002528,0.00272,0.0025504000000000004,0.002528,4.85050512833458e-05,20,0.011231999999999999,0.011649,0.011385699999999999,0.011392,0.00010889494937782933,20,0.008896000000000001,0.009087999999999999,0.008963299999999999,0.008960000000000001,5.4365522162487814e-05,20,0.001824,0.001889,0.0018689000000000004,0.001857,1.859542954599319e-05,20,0.004864,0.005343,0.00499355,0.004992,0.00010957804296482019,20,16,16,2048,10944,102400,True,False,False,200,4,2048,10944,generic,generic,2816,,KERNEL_ONLY,BF16,none
,,,,,,,,,,,,0.005823000000000001,0.0066879999999999995,0.0061512,0.006128,0.00019152300122961724,40,0.029918000000000007,0.030274,0.030109000000000004,0.030129000000000003,9.506103302615609e-05,20,0.004128000000000001,0.0044800000000000005,0.004297549999999999,0.0043040000000000005,6.873825354196901e-05,20,,,,,,,0.013056,0.013632,0.013327999999999998,0.013375999999999999,0.00016175073415598446,20,0.0024950000000000003,0.0026560000000000004,0.00254555,0.002528,4.344361287922551e-05,20,0.011488,0.011840999999999999,0.011612899999999999,0.0116,8.881491991777053e-05,20,0.0066879999999999995,0.007136,0.006894449999999999,0.006895999999999999,9.893557247016876e-05,20,0.001855,0.002049,0.0018751000000000006,0.0018560000000000002,4.9188311619733365e-05,20,0.004703000000000001,0.00512,0.00489765,0.004912,0.00011440553963860324,20,16,16,2048,10944,102400,True,False,False,192,4,2048,10944,generic,generic,2816,,KERNEL_ONLY,BF16,none
,,,,,,,,,,,,0.005855000000000001,0.006528,0.0061016,0.00608,0.00013667201615546613,40,0.030655,0.031582000000000006,0.03081915,0.030751000000000004,0.0002009311511438686,20,0.004192,0.0044480000000000006,0.00434875,0.004352000000000001,5.439933363562473e-05,20,,,,,,,0.013056,0.014271,0.01342075,0.013392,0.000245759206338237,20,0.002496,0.002592,0.0025248999999999996,0.002528,2.227307791931777e-05,20,0.0112,0.011713,0.011336100000000002,0.011312,0.00012763146163857894,20,0.006752,0.00704,0.006892850000000001,0.00688,7.326545911956067e-05,20,0.001791,0.0020800000000000003,0.0018640500000000001,0.001824,8.589905412750483e-05,20,0.004256,0.004768,0.004531149999999999,0.004527999999999999,0.00011902868351788135,20,16,16,2048,10944,102400,True,False,False,184,4,2048,10944,generic,generic,2816,,KERNEL_ONLY,BF16,none
,,,,,,,,,,,,0.005728,0.006593,0.0059808,0.00592,0.0001994981453547877,40,0.030464,0.031168000000000005,0.030667900000000005,0.030607500000000003,0.00016437788780733226,20,0.004288,0.004481,0.0043746,0.004353,5.268624108816272e-05,20,,,,,,,0.012960000000000001,0.013664,0.013196949999999999,0.013168,0.00016551147241203586,20,0.002464,0.00256,0.0025088999999999997,0.002512,2.567664308277075e-05,20,0.011328,0.011616,0.01152325,0.011519999999999999,7.210469818257355e-05,20,0.006783000000000001,0.00704,0.006902349999999999,0.006911499999999999,6.5015594283218e-05,20,0.001823,0.002048,0.0018448499999999999,0.001824,5.4735979940072295e-05,20,0.00432,0.0048,0.004515150000000001,0.004511,0.00013159911663837237,20,16,16,2048,10944,102400,True,False,False,176,4,2048,10944,generic,generic,2816,,KERNEL_ONLY,BF16,none
,,,,,,,,,,,,0.005632,0.0064,0.0059057250000000006,0.0059045,0.00022777807044357907,40,0.030338000000000007,0.030912000000000002,0.030534950000000005,0.030480000000000007,0.00014451867526378605,20,0.004031,0.004672,0.0041776999999999995,0.0041605,0.00012464593856199244,20,,,,,,,0.013696,0.014400000000000001,0.01391525,0.013888000000000001,0.00015254601764713518,20,0.00272,0.002944,0.00276315,0.0027519999999999997,5.1851976818632446e-05,20,0.008960000000000001,0.009664,0.00928315,0.009264,0.00020287465958073727,20,0.006751,0.006912,0.006822249999999999,0.0068000000000000005,5.425391690928848e-05,20,0.001824,0.0020800000000000003,0.00186895,0.0018560000000000002,5.099556353252704e-05,20,0.0041600000000000005,0.004831,0.0043327999999999995,0.0043040000000000005,0.00014728292501169307,20,16,16,2048,10944,102400,True,False,False,168,4,2048,10944,generic,generic,2816,,KERNEL_ONLY,BF16,none
,,,,,,,,,,,,0.0056,0.006368,0.00589365,0.005888,0.00023560014325123006,40,0.03004800000000001,0.03069,0.030293350000000007,0.030288500000000006,0.00012576258386340255,20,0.004095,0.00432,0.004188750000000001,0.0041605,7.572045628494323e-05,20,,,,,,,0.011904,0.013056,0.012268850000000001,0.012095999999999999,0.0003420383421489471,20,0.0026560000000000004,0.002944,0.0026865000000000005,0.0026725000000000004,6.189870757939934e-05,20,0.010816000000000001,0.011456,0.01114565,0.011136,0.0001702131825094634,20,0.006592,0.006976,0.00682875,0.006848,0.00010586353243681236,20,0.001792,0.001984,0.0018478499999999998,0.001824,5.441532412841074e-05,20,0.0045119999999999995,0.004928,0.0046815500000000005,0.004656,0.00010914278491957235,20,16,16,2048,10944,102400,True,False,False,160,4,2048,10944,generic,generic,2816,,KERNEL_ONLY,BF16,none
,,,,,,,,,,,,0.0056,0.006272000000000001,0.005941575,0.0060155,0.0002043494418269844,40,0.030720000000000008,0.031200000000000002,0.030952200000000003,0.030943000000000005,0.0001259172744304775,20,0.004064,0.004575999999999999,0.00420155,0.004192,0.00010521666930672143,20,,,,,,,0.01168,0.012576,0.012009600000000002,0.011968,0.00022899572048403025,20,0.002432,0.0026560000000000004,0.0024928000000000003,0.002496,4.3993863208406735e-05,20,0.010304,0.010848000000000002,0.010479900000000002,0.010496,0.00011523927281964276,20,0.006624,0.0069440000000000005,0.006808150000000001,0.0068165,0.00010519043445104724,20,0.001792,0.002017,0.00182575,0.001824,4.599551608580997e-05,20,0.004096,0.0045119999999999995,0.0042512,0.0042404999999999995,0.00010244784038719401,20,16,16,2048,10944,102400,True,False,False,152,4,2048,10944,generic,generic,2816,,KERNEL_ONLY,BF16,none
,,,,,,,,,,,,0.005791,0.006176,0.006012875,0.006032000000000001,9.443733041017213e-05,40,0.030657,0.031298000000000006,0.031109000000000005,0.031152,0.0001397365378131304,20,0.003871,0.004064,0.003953550000000001,0.003968,6.211720776081295e-05,20,,,,,,,0.012319000000000002,0.013151,0.012639899999999999,0.0125605,0.0002177197510562601,20,0.002433,0.0026560000000000004,0.0025023999999999997,0.002496,4.7033392393064766e-05,20,0.0096,0.01072,0.00995035,0.00992,0.0002510470623209921,20,0.00656,0.0069440000000000005,0.006801550000000001,0.006848,0.00011006610513686769,20,0.00176,0.001983,0.0018080000000000001,0.001792,5.571445054920671e-05,20,0.004191,0.0044800000000000005,0.004267100000000001,0.004240000000000001,8.338039337877941e-05,20,16,16,2048,10944,102400,True,False,False,144,4,2048,10944,generic,generic,2816,,KERNEL_ONLY,BF16,none
,,,,,,,,,,,,0.005888,0.006529,0.0060679,0.006048,0.00014654193938937768,40,0.030304000000000005,0.030751,0.03054375,0.030544500000000006,0.00011820358497101417,20,0.003904,0.004288,0.0040672,0.0040475,7.570112284504115e-05,20,,,,,,,0.011264,0.012352,0.01159535,0.011504,0.00030085117167795786,20,0.002368,0.002433,0.0024096,0.0024,2.057036703610328e-05,20,0.008865,0.009984,0.009288099999999999,0.0092005,0.0002538631324158749,20,0.00672,0.006976,0.006801649999999999,0.0068000000000000005,6.188236824815282e-05,20,0.001728,0.001952,0.00178395,0.00176,5.891729372603597e-05,20,0.004097000000000001,0.0044480000000000006,0.0042129,0.004208,7.514379548572182e-05,20,16,16,2048,10944,102400,True,False,False,136,4,2048,10944,generic,generic,2816,,KERNEL_ONLY,BF16,none
,,,,,,,,,,,,0.005632,0.006176,0.0058607,0.0058725,0.0001300665598837765,40,0.030114000000000002,0.030656,0.030371199999999998,0.03039850000000001,0.0001493976572774812,20,0.003968,0.00464,0.0040896000000000005,0.004063499999999999,0.00013636729813265352,20,,,,,,,0.011199,0.012321,0.01162555,0.011584,0.00027385588819669375,20,0.0020800000000000003,0.002368,0.0021745000000000002,0.002144,7.596479447744192e-05,20,0.008608000000000001,0.00928,0.008968100000000001,0.009023999999999999,0.00021968361340800958,20,0.006496000000000001,0.00688,0.00673285,0.006767500000000001,0.0001005023755938137,20,0.001759,0.001952,0.0018046,0.001792,5.572737208948578e-05,20,0.004128000000000001,0.004384000000000001,0.00422875,0.004224,6.951249887610133e-05,20,16,16,2048,10944,102400,True,False,False,128,4,2048,10944,generic,generic,2816,,KERNEL_ONLY,BF16,none
,,,,,,,,,,,,0.005728,0.006304000000000001,0.006011175,0.006048,0.00014379758125573612,40,0.030718000000000006,0.031295,0.031006050000000007,0.03100700000000001,0.00015955264805072824,20,0.003904,0.004128000000000001,0.0040177,0.004032,5.11048921337283e-05,20,,,,,,,0.0112,0.012001,0.01146085,0.011439999999999999,0.00016833961951958897,20,0.002112,0.002496,0.0021984000000000005,0.0021925,9.713053073055864e-05,20,0.008544000000000001,0.009311999999999999,0.00883515,0.008784,0.00017730348981337,20,0.0066879999999999995,0.006976,0.006772750000000001,0.006752,6.883086153754011e-05,20,0.001728,0.00192,0.0017743,0.00176,4.465433909487408e-05,20,0.004096,0.004416000000000001,0.0042305,0.0042085000000000004,7.46803186924106e-05,20,16,16,2048,10944,102400,True,False,False,120,4,2048,10944,generic,generic,2816,,KERNEL_ONLY,BF16,none
,,,,,,,,,,,,0.005728,0.006368,0.0059720500000000004,0.0059995,0.00014652712206277726,40,0.03062500000000001,0.030946000000000005,0.030784650000000007,0.030785500000000007,8.382557783874755e-05,20,0.003871,0.004416000000000001,0.00399835,0.003968,0.00012414438166908734,20,,,,,,,0.010976000000000001,0.011936,0.01127195,0.011216,0.0002674998084111467,20,0.0021760000000000004,0.002432,0.0022287500000000003,0.0022080000000000003,5.2808024958333665e-05,20,0.008704000000000002,0.009536,0.008928,0.008912,0.00017589115952770288,20,0.006623,0.006976,0.006740649999999999,0.00672,9.136808797386539e-05,20,0.001728,0.0017929999999999999,0.00175845,0.00176,1.602646249176656e-05,20,0.004224,0.004575999999999999,0.004363299999999999,0.004352000000000001,8.892530573464442e-05,20,16,16,2048,10944,102400,True,False,False,112,4,2048,10944,generic,generic,2816,,KERNEL_ONLY,BF16,none
,,,,,,,,,,,,0.005823000000000001,0.006432,0.006131125,0.006224,0.0002184655793826571,40,0.030206999999999998,0.030626999999999998,0.0303616,0.030337999999999997,0.00012006639829694208,20,0.0038079999999999998,0.004031,0.003921600000000001,0.003936,6.665238180290342e-05,20,,,,,,,0.010784,0.011616,0.011067200000000001,0.01104,0.00023658795404669233,20,0.0022400000000000002,0.002464,0.0023024499999999997,0.0022719999999999997,6.435563300908482e-05,20,0.008448,0.00912,0.008686500000000002,0.00864,0.0001565255570186541,20,0.00656,0.006784,0.0066706000000000005,0.0066565,7.267351649672679e-05,20,0.001728,0.00176,0.00173925,0.001728,1.5227852770499252e-05,20,0.004097000000000001,0.004288,0.0042289,0.004224,3.933687837131957e-05,20,16,16,2048,10944,102400,True,False,False,104,4,2048,10944,generic,generic,2816,,KERNEL_ONLY,BF16,none
,,,,,,,,,,,,0.005632,0.006112,0.0058303999999999995,0.005856,0.00010398817240436537,40,0.02979200000000001,0.030144000000000004,0.0299569,0.0299195,9.548869042980872e-05,20,0.00384,0.004128000000000001,0.003935849999999999,0.00392,7.640044175264964e-05,20,,,,,,,0.010464000000000001,0.011488,0.010708699999999998,0.010607499999999999,0.00026171857022381877,20,0.002175,0.002304,0.0022190500000000006,0.0022080000000000003,2.7357768549353562e-05,20,0.009888000000000001,0.010688000000000001,0.010088,0.010016,0.00019275710103651184,20,0.006272000000000001,0.00656,0.0063871,0.006384000000000001,6.893540454657522e-05,20,0.001696,0.001888,0.0017424000000000003,0.001728,5.006335985528737e-05,20,0.004032,0.004416000000000001,0.0041649,0.0041285,9.61753086815947e-05,20,16,16,2048,10944,102400,True,False,False,96,4,2048,10944,generic,generic,2816,,KERNEL_ONLY,BF16,none
,,,,,,,,,,,,0.005439,0.006144999999999999,0.005652025,0.0056485,0.00011370498834703767,40,0.03039900000000001,0.030690000000000005,0.0305168,0.0305285,8.764622068292354e-05,20,0.003776,0.004096,0.0039295499999999995,0.0039195,7.47706326039843e-05,20,,,,,,,0.010528000000000001,0.011488,0.010848050000000001,0.010784,0.0002198473277072065,20,0.0022080000000000003,0.002368,0.0022544,0.0022400000000000002,3.984896485481136e-05,20,0.009856,0.010592,0.0101376,0.010112,0.00016092961194261315,20,0.006208,0.006528,0.00636,0.006368,8.928213707119695e-05,20,0.001696,0.00176,0.001728,0.001728,2.0161845153655955e-05,20,0.004032,0.00432,0.004177650000000001,0.0041755,6.897410746069854e-05,20,16,16,2048,10944,102400,True,False,False,88,4,2048,10944,generic,generic,2816,,KERNEL_ONLY,BF16,none
,,,,,,,,,,,,0.005472,0.006112,0.005636049999999999,0.005648,0.00011093668239135329,40,0.029853000000000005,0.030367,0.030068400000000006,0.030047000000000004,0.00011250395548601814,20,0.0036160000000000003,0.003776,0.0036895499999999998,0.00368,4.310043503260725e-05,20,,,,,,,0.010463,0.011328,0.01066395,0.01056,0.0002472651360382207,20,0.0020800000000000003,0.002177,0.0021216500000000005,0.002112,2.5296788333699548e-05,20,0.009984,0.010719,0.010254349999999999,0.010208,0.00015576080219361992,20,0.006176,0.00656,0.0063472,0.006368,0.0001053122025218351,20,0.0016950000000000001,0.001792,0.0017136000000000002,0.0016965,2.5753446371311125e-05,20,0.004192,0.004352000000000001,0.004254450000000002,0.004255500000000001,4.103836619554927e-05,20,16,16,2048,10944,102400,True,False,False,80,4,2048,10944,generic,generic,2816,,KERNEL_ONLY,BF16,none
,,,,,,,,,,,,0.005568,0.005952,0.00566635,0.005664,6.529492706175567e-05,40,0.030370000000000005,0.030817000000000008,0.030519050000000002,0.030497500000000004,9.843905474962756e-05,20,0.003585,0.003776,0.0036928000000000004,0.0036955,5.17190487151494e-05,20,,,,,,,0.009984,0.010464000000000001,0.01021935,0.010225,0.00013659622066514176,20,0.0020800000000000003,0.002144,0.0021120500000000003,0.002112,1.4315987566353875e-05,20,0.008032000000000001,0.008480000000000001,0.008190399999999999,0.008144,0.00012120990058571975,20,0.006239,0.006528,0.006396700000000001,0.0063835,7.366213409887063e-05,20,0.001728,0.001824,0.00175035,0.00176,2.2832597311738375e-05,20,0.004127,0.004225,0.004175950000000001,0.004176000000000001,3.2962819964317325e-05,20,16,16,2048,10944,102400,True,False,False,72,4,2048,10944,generic,generic,2816,,KERNEL_ONLY,BF16,none
,,,,,,,,,,,,0.0054080000000000005,0.0060160000000000005,0.00568965,0.005664,0.00013924305189128835,40,0.029534000000000005,0.029921000000000014,0.029724850000000004,0.029699500000000004,9.386281212493223e-05,20,0.003648,0.004064,0.0037439500000000007,0.0037120000000000005,9.276231724143152e-05,20,,,,,,,0.010272,0.011167999999999999,0.0104512,0.010400000000000001,0.0002279709630632811,20,0.00192,0.0021110000000000005,0.00195045,0.001952,4.09212353185972e-05,20,0.008544000000000001,0.008961,0.008783999999999998,0.008784,8.734414691323032e-05,20,0.005825,0.006240000000000001,0.00596645,0.0059365,0.00010376583011762607,20,0.001727,0.001888,0.0017584000000000002,0.001728,5.502672078181656e-05,20,0.004064,0.004384000000000001,0.00419685,0.004192,8.713511060416462e-05,20,16,16,2048,10944,102400,True,False,False,64,4,2048,10944,generic,generic,2816,,KERNEL_ONLY,BF16,none
,,,,,,,,,,,,0.005313,0.006240000000000001,0.005608800000000001,0.0056159999999999995,0.00022728893505844042,40,0.029634,0.030017,0.029784250000000005,0.029760000000000005,9.80101397815542e-05,20,0.003488,0.0038079999999999998,0.00365605,0.003648,6.934657525790291e-05,20,,,,,,,0.010593,0.011521000000000002,0.010984100000000002,0.010976000000000001,0.00020952944900419127,20,0.00192,0.0020800000000000003,0.0019584999999999997,0.001952,3.595066063370747e-05,20,0.009216000000000002,0.009888000000000001,0.00934435,0.009312,0.00015240087762214482,20,0.005792,0.006176,0.005912200000000001,0.0059039999999999995,9.140820532096664e-05,20,0.001727,0.001792,0.0017391,0.001728,2.0825225088819604e-05,20,0.003904,0.004097000000000001,0.00398565,0.003968,5.864322211475082e-05,20,16,16,2048,10944,102400,True,False,False,56,4,2048,10944,generic,generic,2816,,KERNEL_ONLY,BF16,none
,,,,,,,,,,,,0.005216,0.005824,0.00558805,0.0056159999999999995,0.0001832322228757811,40,0.029442000000000003,0.029922,0.02964165000000001,0.029617500000000005,0.0001337898632184064,20,0.0035510000000000003,0.003936,0.0036142499999999994,0.0035845,8.00224187337524e-05,20,,,,,,,0.010208,0.011072,0.010478449999999999,0.0104635,0.0002044373926169085,20,0.0022080000000000003,0.0024,0.0022288000000000004,0.0022080000000000003,4.985739664282507e-05,20,0.009311999999999999,0.009824,0.009524799999999998,0.009504,0.00012973611679096937,20,0.005824,0.006176,0.0059633,0.005967999999999999,9.825889272732527e-05,20,0.001727,0.001857,0.0017536,0.0017439999999999999,3.749053213812793e-05,20,0.003968,0.004384000000000001,0.00409605,0.004096,8.708643694628934e-05,20,16,16,2048,10944,102400,True,False,False,48,4,2048,10944,generic,generic,2816,,KERNEL_ONLY,BF16,none
,,,,,,,,,,,,0.005344000000000001,0.005856,0.0055911749999999994,0.0056159999999999995,0.00018972992482737115,40,0.029728000000000008,0.030209000000000007,0.029948700000000005,0.029950000000000004,9.406173504672412e-05,20,0.003488,0.0038079999999999998,0.0035903,0.0035675000000000004,7.125524542095123e-05,20,,,,,,,0.010400000000000001,0.011680999999999999,0.0106497,0.010623500000000001,0.0002696052855564961,20,0.0021760000000000004,0.0024,0.0021985499999999996,0.0021765000000000005,4.86009001974242e-05,20,0.007488000000000001,0.008353,0.007748949999999999,0.0077285,0.00016893444734570847,20,0.005824,0.00608,0.00593125,0.0059205,5.644100902712489e-05,20,0.0016950000000000001,0.0018560000000000002,0.00171515,0.0016965,3.56192012824544e-05,20,0.00384,0.004256,0.0040511,0.004063499999999999,8.244325321092079e-05,20,16,16,2048,10944,102400,True,False,False,40,4,2048,10944,generic,generic,2816,,KERNEL_ONLY,BF16,none
,,,,,,,,,,,,0.005312000000000001,0.005601,0.00545205,0.00544,8.063155399717884e-05,40,0.029153,0.02950400000000001,0.029328000000000003,0.029330000000000002,0.00011188520903140117,20,0.003488,0.0036160000000000003,0.0035424,0.0035355000000000004,3.5246843830334655e-05,20,,,,,,,0.010624000000000001,0.010976000000000001,0.010833600000000002,0.010864000000000002,9.971629756464094e-05,20,0.001888,0.001984,0.0019361000000000003,0.00192,2.3801050396988792e-05,20,0.0088,0.009856,0.00898405,0.008944500000000001,0.00022096707333899303,20,0.005695,0.005856,0.0057648000000000005,0.0057599999999999995,4.102145779954698e-05,20,0.0016950000000000001,0.0018560000000000002,0.0017056000000000003,0.001696,3.520284079445865e-05,20,0.0039030000000000002,0.004128000000000001,0.004041399999999999,0.004063,5.086393614340122e-05,20,16,16,2048,10944,102400,True,False,False,32,4,2048,10944,generic,generic,2816,,KERNEL_ONLY,BF16,none
,,,,,,,,,,,,0.005343,0.0056,0.005443975000000001,0.00544,5.409874651967442e-05,40,0.029217,0.029630000000000004,0.029429300000000002,0.029408000000000004,0.0001123592897805972,20,0.0035830000000000002,0.00384,0.0036927500000000003,0.0037120000000000005,6.824139139847598e-05,20,,,,,,,0.010336,0.011328,0.010651049999999999,0.010576,0.00022317985460161942,20,0.00192,0.0020800000000000003,0.00195525,0.001952,4.742032791957481e-05,20,0.008928,0.009247,0.00905925,0.009056000000000002,9.098124806793969e-05,20,0.00592,0.006208,0.0060640500000000005,0.006047500000000001,9.235663213868285e-05,20,0.0016950000000000001,0.0018560000000000002,0.0017152,0.001696,3.9714732782684066e-05,20,0.004065000000000001,0.004352000000000001,0.00419365,0.0041755,7.663307053746442e-05,20,16,16,2048,10944,102400,True,False,False,24,4,2048,10944,generic,generic,2816,,KERNEL_ONLY,BF16,none
,,,,,,,,,,,,0.00528,0.0056,0.005442425000000001,0.00544,6.725878660071098e-05,40,0.03721300000000001,0.037921,0.03757760000000001,0.037472500000000006,0.00020406209839164084,20,0.00336,0.0038079999999999998,0.0034880000000000006,0.003488,8.282994627548659e-05,20,,,,,,,0.010048,0.010816000000000001,0.0102864,0.01024,0.00018479134178851577,20,0.001824,0.001984,0.0018992000000000002,0.00192,3.823297006511521e-05,20,0.008575,0.009152,0.0087357,0.0086725,0.00014290944685359328,20,0.005568,0.005919,0.0056546,0.005632,7.823068451701023e-05,20,0.001664,0.001728,0.0016865,0.001696,1.778341924377878e-05,20,0.003904,0.004096,0.0040032,0.004,5.248390229394146e-05,20,16,16,2048,10944,102400,True,False,False,16,4,2048,10944,generic,generic,2816,,KERNEL_ONLY,BF16,none
,,,,,,,,,,,,0.005184,0.0056,0.005379975,0.005376000000000001,8.038080849929274e-05,40,0.029761000000000006,0.030240000000000006,0.030011550000000005,0.030018500000000007,0.00010712911602360945,20,0.00336,0.004097000000000001,0.0034800500000000006,0.0034720000000000003,0.00014992580665115676,20,,,,,,,0.009696,0.010497,0.0098977,0.00984,0.00022113640586750974,20,0.0018560000000000002,0.001952,0.0019039500000000002,0.001888,2.3699103358566126e-05,20,0.008384,0.008671,0.0084755,0.008464000000000001,7.654181863530546e-05,20,0.005472,0.005696,0.005575999999999999,0.005568,6.387566046625263e-05,20,0.0016950000000000001,0.0018560000000000002,0.0017120500000000003,0.001696,3.5756782573380414e-05,20,0.0038079999999999998,0.004032,0.0039279499999999995,0.003936,5.712484135645376e-05,20,16,16,2048,10944,102400,True,False,False,8,4,2048,10944,generic,generic,2816,,KERNEL_ONLY,BF16,none
,,,,,,,,,,,,0.00528,0.005664,0.005420075,0.0054080000000000005,7.649293676542941e-05,40,0.027198000000000007,0.027682000000000012,0.027437050000000008,0.027409500000000003,0.0001213290876088663,20,0.00336,0.003552,0.00345775,0.003456,4.4618241785171236e-05,20,,,,,,,0.009536,0.010305,0.009755199999999999,0.009712,0.00018903401810256278,20,0.001855,0.001952,0.0018866,0.001888,2.5829053408903686e-05,20,0.008320000000000001,0.00928,0.0085071,0.008463499999999999,0.0002042006121440384,20,0.005472,0.0057599999999999995,0.00558085,0.005568,6.598126628066481e-05,20,0.001664,0.0018560000000000002,0.00170245,0.001696,4.3636538588664485e-05,20,0.003776,0.004064,0.00391685,0.0039045,7.389673538120615e-05,20,16,16,2048,10944,102400,True,False,False,4,4,2048,10944,generic,generic,2816,,KERNEL_ONLY,BF16,none
,,,,,,,,,,,,0.005248,0.005601,0.00541605,0.00544,8.030502786251913e-05,40,0.023520000000000003,0.023809,0.023665600000000002,0.023649,7.860941419448443e-05,20,0.0034230000000000003,0.00352,0.00346245,0.003456,2.7888124712859473e-05,20,,,,,,,0.009536,0.00992,0.009684849999999998,0.009632,0.00011193090502627081,20,0.001792,0.00192,0.0018543000000000008,0.0018560000000000002,2.9400850327839133e-05,20,0.008320000000000001,0.008992000000000002,0.008459350000000001,0.0084315,0.00015345464313600986,20,0.0054080000000000005,0.005792,0.005571149999999999,0.005568,8.823450288860925e-05,20,0.001631,0.0016970000000000002,0.00166245,0.001664,1.2559757163257581e-05,20,0.003776,0.004064,0.0039121,0.0039205,6.85754329187939e-05,20,16,16,2048,10944,102400,True,False,False,2,4,2048,10944,generic,generic,2816,,KERNEL_ONLY,BF16,none
,,,,,,,,,,,,0.005248,0.0056,0.0054080249999999995,0.0053925,8.585670838670658e-05,40,0.022239,0.022657000000000004,0.0223717,0.022338499999999997,9.12617663646722e-05,20,0.0034230000000000003,0.0037120000000000005,0.0034687000000000003,0.0034555000000000002,6.908914531241512e-05,20,,,,,,,0.009504,0.010303000000000001,0.0096895,0.009663999999999999,0.00017868729669453306,20,0.001792,0.001984,0.0018719500000000003,0.0018560000000000002,4.11247796346679e-05,20,0.008192,0.008704000000000002,0.008404700000000003,0.008416,0.00013543599964558936,20,0.0054080000000000005,0.00592,0.005553799999999999,0.0055205,0.0001185114340475214,20,0.001632,0.001728,0.0016672000000000002,0.001664,2.2406695427929562e-05,20,0.003776,0.004001,0.0038992000000000007,0.003904,6.351897354334384e-05,20,16,16,2048,10944,102400,True,False,False,1,4,2048,10944,generic,generic,2816,,KERNEL_ONLY,BF16,none
